s,delta,Q,is_degenerate
0.0,-3.0,1.0,0
0.01010101,-3.0,0.9999968222666666,0
0.02020202,-3.0,0.9999935463999999,0
0.03030303,-3.0,0.9999901683333333,0
0.04040404,-3.0,0.9999866838666667,0
0.05050505,-3.0,0.9999830872666666,0
0.06060606,-3.0,0.9999793701999999,0
0.07070707,-3.0,0.9999755202666667,0
0.08080808,-3.0,0.9999715182666666,0
0.09090909,-3.0,0.9999673349333333,0
0.1010101,-3.0,0.9999629242666667,0
0.11111111,-3.0,0.9999582187333335,0
0.12121212,-3.0,0.9999531186666666,0
0.13131313,-3.0,0.99994748,0
0.14141414,-3.0,0.9999410987999999,0
0.15151515,-3.0,0.9999336899333333,0
0.16161616,-3.0,0.9999248603333333,0
0.17171717,-3.0,0.9999140756,0
0.18181818,-3.0,0.9999006157333333,0
0.19191919,-3.0,0.9998835208666667,0
0.2020202,-3.0,0.9998615230666666,0
0.21212121,-3.0,0.9998329596,0
0.22222222,-3.0,0.9997956668666668,0
0.23232323,-3.0,0.9997468481333334,0
0.24242424,-3.0,0.9996829092666667,0
0.25252525,-3.0,0.9995992585333333,0
0.26262626,-3.0,0.9994900602,0
0.27272727,-3.0,0.9993479336,0
0.28282828,-3.0,0.9991635879999999,0
0.29292929,-3.0,0.9989253810666666,0
0.3030303,-3.0,0.9986187846,0
0.31313131,-3.0,0.9982257462,0
0.32323232,-3.0,0.9977239274,0
0.33333333,-3.0,0.9970857978666666,0
0.34343434,-3.0,0.9962775709333334,0
0.35353535,-3.0,0.9952579584666666,0
0.36363636,-3.0,0.9939767262,0
0.37373737,-3.0,0.9923730391333334,0
0.38383838,-3.0,0.9903735864,0
0.39393939,-3.0,0.9878904908666667,0
0.4040404,-3.0,0.9848190201333333,0
0.41414141,-3.0,0.9810351446666666,0
0.42424242,-3.0,0.9763930133333333,0
0.43434343,-3.0,0.9707224616,0
0.44444444,-3.0,0.9638267223333333,0
0.45454545,-3.0,0.9554805660000001,0
0.46464646,-3.0,0.9454291696,0
0.47474747,-3.0,0.9333880988,0
0.48484848,-3.0,0.9190448403333333,0
0.49494949,-3.0,0.9020623876666667,0
0.50505051,-3.0,0.8820853900666666,0
0.51515152,-3.0,0.8587493216000001,0
0.52525253,-3.0,0.8316929972666667,0
0.53535354,-3.0,0.8005745022666666,0
0.54545455,-3.0,0.7650902430666666,0
0.55555556,-3.0,0.7249963380000001,0
0.56565657,-3.0,0.6801310298,0
0.57575758,-3.0,0.6304362673333334,0
0.58585859,-3.0,0.575976212,0
0.5959596,-3.0,0.5169502739333334,0
0.60606061,-3.0,0.45369850953333335,0
0.61616162,-3.0,0.38669782693333327,0
0.62626263,-3.0,0.3165484340666667,0
0.63636364,-3.0,0.2439511654666667,0
0.64646465,-3.0,0.16967751573333337,0
0.65656566,-3.0,0.09453515493333327,0
0.66666667,-3.0,0.01933222006666672,0
0.67676768,-3.0,-0.05515634793333324,0
0.68686869,-3.0,-0.1282176498666666,0
0.6969697,-3.0,-0.19922294513333338,0
0.70707071,-3.0,-0.2676421282666668,0
0.71717172,-3.0,-0.33305061119999996,0
0.72727273,-3.0,-0.39512942406666673,0
0.73737374,-3.0,-0.4536598362,0
0.74747475,-3.0,-0.5085140196666665,0
0.75757576,-3.0,-0.5596432603333334,0
0.76767677,-3.0,-0.6070650472666667,0
0.77777778,-3.0,-0.6508501026000001,0
0.78787879,-3.0,-0.6911101236000001,0
0.7979798,-3.0,-0.7279867377999999,0
0.80808081,-3.0,-0.7616419271333333,0
0.81818182,-3.0,-0.7922500158666667,0
0.82828283,-3.0,-0.8199911761333333,0
0.83838384,-3.0,-0.8450463310666668,0
0.84848485,-3.0,-0.8675932885999998,0
0.85858586,-3.0,-0.8878039266666667,0
0.86868687,-3.0,-0.905842246,0
0.87878788,-3.0,-0.9218631206666668,0
0.88888889,-3.0,-0.9360116023999999,0
0.8989899,-3.0,-0.9484226424000001,0
0.90909091,-3.0,-0.9592211301999999,0
0.91919192,-3.0,-0.9685221585333333,0
0.92929293,-3.0,-0.9764314446666665,0
0.93939394,-3.0,-0.9830458544666667,0
0.94949495,-3.0,-0.9884539877333333,0
0.95959596,-3.0,-0.9927367906666666,0
0.96969697,-3.0,-0.9959681748000001,0
0.97979798,-3.0,-0.9982156245333332,0
0.98989899,-3.0,-0.9995407817333333,0
1.0,-3.0,-0.9166667188,1
0.0,-2.93939394,1.0,0
0.01010101,-2.93939394,0.9999964128,0
0.02020202,-2.93939394,0.9999927148,0
0.03030303,-2.93939394,0.9999889015333333,0
0.04040404,-2.93939394,0.9999849681333334,0
0.05050505,-2.93939394,0.9999809086,0
0.06060606,-2.93939394,0.9999767139333333,0
0.07070707,-2.93939394,0.9999723711999999,0
0.08080808,-2.93939394,0.9999678606666667,0
0.09090909,-2.93939394,0.9999631521333333,0
0.1010101,-2.93939394,0.9999581996666667,0
0.11111111,-2.93939394,0.9999529348,0
0.12121212,-2.93939394,0.9999472570000001,0
0.13131313,-2.93939394,0.999941022,0
0.14141414,-2.93939394,0.9999340251333334,0
0.15151515,-2.93939394,0.9999259806666666,0
0.16161616,-2.93939394,0.9999164956666666,0
0.17171717,-2.93939394,0.9999050349333334,0
0.18181818,-2.93939394,0.9998908785333334,0
0.19191919,-2.93939394,0.9998730670666667,0
0.2020202,-2.93939394,0.9998503325333333,0
0.21212121,-2.93939394,0.9998210129333334,0
0.22222222,-2.93939394,0.9997829464,0
0.23232323,-2.93939394,0.9997333374,0
0.24242424,-2.93939394,0.9996685949999999,0
0.25252525,-2.93939394,0.9995841303333334,0
0.26262626,-2.93939394,0.9994741122666667,0
0.27272727,-2.93939394,0.9993311659333333,0
0.28282828,-2.93939394,0.9991460079333334,0
0.29292929,-2.93939394,0.9989070038666666,0
0.3030303,-2.93939394,0.9985996370666667,0
0.31313131,-2.93939394,0.9982058682,0
0.32323232,-2.93939394,0.9977033733999999,0
0.33333333,-2.93939394,0.9970646405333333,0
0.34343434,-2.93939394,0.9962559037333334,0
0.35353535,-2.93939394,0.9952358976,0
0.36363636,-2.93939394,0.9939544144666667,0
0.37373737,-2.93939394,0.9923506469333333,0
0.38383838,-2.93939394,0.9903513140000001,0
0.39393939,-2.93939394,0.9878685682,0
0.4040404,-2.93939394,0.9847977068666667,0
0.41414141,-2.93939394,0.9810147261333333,0
0.42424242,-2.93939394,0.9763737935333333,0
0.43434343,-2.93939394,0.9707047557333334,0
0.44444444,-2.93939394,0.9638108408666667,0
0.45454545,-2.93939394,0.9554667960000001,0
0.46464646,-2.93939394,0.9454177509999999,0
0.47474747,-2.93939394,0.9333791933333333,0
0.48484848,-2.93939394,0.9190384976,0
0.49494949,-2.93939394,0.9020585078666667,0
0.50505051,-2.93939394,0.8820836855333334,0
0.51515152,-2.93939394,0.8587492838666666,0
0.52525253,-2.93939394,0.8316938728666666,0
0.53535354,-2.93939394,0.8005752844,0
0.54545455,-2.93939394,0.7650896863333333,0
0.55555556,-2.93939394,0.7249930013333333,0
0.56565657,-2.93939394,0.6801233495333333,0
0.57575758,-2.93939394,0.6304226617333334,0
0.58585859,-2.93939394,0.5759552082,0
0.5959596,-2.93939394,0.5169206491333334,0
0.60606061,-2.93939394,0.4536594262666667,0
0.61616162,-2.93939394,0.3866489460666666,0
0.62626263,-2.93939394,0.31648998953333335,0
0.63636364,-2.93939394,0.24388398546666668,0
0.64646465,-2.93939394,0.16960298600000004,0
0.65656566,-2.93939394,0.09445512966666665,0
0.66666667,-2.93939394,0.019248890666666685,0
0.67676768,-2.93939394,-0.05524060960000007,0
0.68686869,-2.93939394,-0.1283004523333334,0
0.6969697,-2.93939394,-0.1993020263333333,0
0.70707071,-2.93939394,-0.26771547739999996,0
0.71717172,-2.93939394,-0.3331165568,0
0.72727273,-2.93939394,-0.3951866853333333,0
0.73737374,-2.93939394,-0.45370753953333337,0
0.74747475,-2.93939394,-0.5085516869333334,0
0.75757576,-2.93939394,-0.5596707753333334,0
0.76767677,-2.93939394,-0.6070826078666666,0
0.77777778,-2.93939394,-0.650858166,0
0.78787879,-2.93939394,-0.6911093512,0
0.7979798,-2.93939394,-0.7279779397333334,0
0.80808081,-2.93939394,-0.7616260147333334,0
0.81818182,-2.93939394,-0.7922279597333333,0
0.82828283,-2.93939394,-0.8199639715999999,0
0.83838384,-2.93939394,-0.8450149700666667,0
0.84848485,-2.93939394,-0.8675587398666667,0
0.85858586,-2.93939394,-0.8877671202666666,0
0.86868687,-2.93939394,-0.9058040626666667,0
0.87878788,-2.93939394,-0.9218243869999999,0
0.88888889,-2.93939394,-0.9359730866666668,0
0.8989899,-2.93939394,-0.9483850552666667,0
0.90909091,-2.93939394,-0.9591851253333334,0
0.91919192,-2.93939394,-0.9684883353333332,0
0.92929293,-2.93939394,-0.976400352,0
0.93939394,-2.93939394,-0.9830179950666668,0
0.94949495,-2.93939394,-0.9884298211333334,0
0.95959596,-2.93939394,-0.9927167386000001,0
0.96969697,-2.93939394,-0.9959526248000001,0
0.97979798,-2.93939394,-0.9982049344,0
0.98989899,-2.93939394,-0.9995352826666667,0
1.0,-2.93939394,-0.9166713492,1
0.0,-2.87878788,1.0,0
0.01010101,-2.87878788,0.9999959505333333,0
0.02020202,-2.87878788,0.999991776,0
0.03030303,-2.87878788,0.9999874715333333,0
0.04040404,-2.87878788,0.9999830314666667,0
0.05050505,-2.87878788,0.9999784492666666,0
0.06060606,-2.87878788,0.9999737154,0
0.07070707,-2.87878788,0.9999688164,0
0.08080808,-2.87878788,0.9999637319333333,0
0.09090909,-2.87878788,0.9999584308666667,0
0.1010101,-2.87878788,0.9999528665333334,0
0.11111111,-2.87878788,0.9999469702,0
0.12121212,-2.87878788,0.9999406403333334,0
0.13131313,-2.87878788,0.9999337320666667,0
0.14141414,-2.87878788,0.9999260402666666,0
0.15151515,-2.87878788,0.9999172787333332,0
0.16161616,-2.87878788,0.9999070538,0
0.17171717,-2.87878788,0.99989483,0
0.18181818,-2.87878788,0.9998798877333334,0
0.19191919,-2.87878788,0.9998612669333333,0
0.2020202,-2.87878788,0.9998377006000001,0
0.21212121,-2.87878788,0.9998075278,0
0.22222222,-2.87878788,0.9997685874666666,0
0.23232323,-2.87878788,0.9997180867333333,0
0.24242424,-2.87878788,0.9996524369333333,0
0.25252525,-2.87878788,0.9995670536,0
0.26262626,-2.87878788,0.9994561101333334,0
0.27272727,-2.87878788,0.9993122384666667,0
0.28282828,-2.87878788,0.9991261624666666,0
0.29292929,-2.87878788,0.9988862589333333,0
0.3030303,-2.87878788,0.9985780222666667,0
0.31313131,-2.87878788,0.9981834278666666,0
0.32323232,-2.87878788,0.9976801692666667,0
0.33333333,-2.87878788,0.9970407545333333,0
0.34343434,-2.87878788,0.9962314409333333,0
0.35353535,-2.87878788,0.9952109895333333,0
0.36363636,-2.87878788,0.9939292213333333,0
0.37373737,-2.87878788,0.9923253612666666,0
0.38383838,-2.87878788,0.9903261615333333,0
0.39393939,-2.87878788,0.9878438089333333,0
0.4040404,-2.87878788,0.9847736333333333,0
0.41414141,-2.87878788,0.9809916593333334,0
0.42424242,-2.87878788,0.9763520779333333,0
0.43434343,-2.87878788,0.9706847462,0
0.44444444,-2.87878788,0.9637928882666666,0
0.45454545,-2.87878788,0.9554512245333333,0
0.46464646,-2.87878788,0.9454048313333333,0
0.47474747,-2.87878788,0.9333691088666667,0
0.48484848,-2.87878788,0.9190313053333333,0
0.49494949,-2.87878788,0.9020540952666667,0
0.50505051,-2.87878788,0.8820817291333333,0
0.51515152,-2.87878788,0.8587492112,0
0.52525253,-2.87878788,0.8316948338666666,0
0.53535354,-2.87878788,0.800576144,0
0.54545455,-2.87878788,0.7650890398666668,0
0.55555556,-2.87878788,0.7249892230666667,0
0.56565657,-2.87878788,0.6801146753333334,0
0.57575758,-2.87878788,0.6304073070666666,0
0.58585859,-2.87878788,0.5759315116,0
0.5959596,-2.87878788,0.5168872310666667,0
0.60606061,-2.87878788,0.4536153422,0
0.61616162,-2.87878788,0.3865938148,0
0.62626263,-2.87878788,0.31642407613333334,0
0.63636364,-2.87878788,0.24380822533333332,0
0.64646465,-2.87878788,0.16951894420000002,0
0.65656566,-2.87878788,0.09436489973333333,0
0.66666667,-2.87878788,0.01915494546666663,0
0.67676768,-2.87878788,-0.05533559359999988,0
0.68686869,-2.87878788,-0.1283937776,0
0.6969697,-2.87878788,-0.19939114166666663,0
0.70707071,-2.87878788,-0.2677981156666667,0
0.71717172,-2.87878788,-0.3331908342,0
0.72727273,-2.87878788,-0.3952511588666668,0
0.73737374,-2.87878788,-0.45376122613333325,0
0.74747475,-2.87878788,-0.5085940495333333,0
0.75757576,-2.87878788,-0.5597016843999999,0
0.76767677,-2.87878788,-0.6071022887333334,0
0.77777778,-2.87878788,-0.6508671363333333,0
0.78787879,-2.87878788,-0.6911083579999999,0
0.7979798,-2.87878788,-0.7279678979333334,0
0.80808081,-2.87878788,-0.7616079532000001,0
0.81818182,-2.87878788,-0.792202974,0
0.82828283,-2.87878788,-0.8199331846,0
0.83838384,-2.87878788,-0.8449795010666666,0
0.84848485,-2.87878788,-0.8675196816,0
0.85858586,-2.87878788,-0.8877255216,0
0.86868687,-2.87878788,-0.9057609176,0
0.87878788,-2.87878788,-0.9217806272666667,0
0.88888889,-2.87878788,-0.9359295794666668,0
0.8989899,-2.87878788,-0.9483426016666666,0
0.90909091,-2.87878788,-0.9591444625333333,0
0.91919192,-2.87878788,-0.9684501397999999,0
0.92929293,-2.87878788,-0.9763652425333332,0
0.93939394,-2.87878788,-0.9829865381333333,0
0.94949495,-2.87878788,-0.9884025352,0
0.95959596,-2.87878788,-0.9926940994,0
0.96969697,-2.87878788,-0.9959350695333334,0
0.97979798,-2.87878788,-0.998192866,0
0.98989899,-2.87878788,-0.9995290746666667,0
1.0,-2.87878788,-0.9166706937333333,1
0.0,-2.81818182,1.0,0
0.01010101,-2.81818182,0.9999954288,0
0.02020202,-2.81818182,0.9999907162666667,0
0.03030303,-2.81818182,0.9999858571333333,0
0.04040404,-2.81818182,0.9999808452000001,0
0.05050505,-2.81818182,0.9999756731333334,0
0.06060606,-2.81818182,0.9999703307333334,0
0.07070707,-2.81818182,0.9999648037333333,0
0.08080808,-2.81818182,0.9999590711333333,0
0.09090909,-2.81818182,0.9999531011333334,0
0.1010101,-2.81818182,0.9999468465333333,0
0.11111111,-2.81818182,0.9999402372,0
0.12121212,-2.81818182,0.9999331712666667,0
0.13131313,-2.81818182,0.9999255032666666,0
0.14141414,-2.81818182,0.9999170270666667,0
0.15151515,-2.81818182,0.9999074562,0
0.16161616,-2.81818182,0.9998963960666667,0
0.17171717,-2.81818182,0.9998833112,0
0.18181818,-2.81818182,0.9998674813999999,0
0.19191919,-2.81818182,0.9998479473333334,0
0.2020202,-2.81818182,0.9998234421333333,0
0.21212121,-2.81818182,0.9997923059333333,0
0.22222222,-2.81818182,0.9997523796000001,0
0.23232323,-2.81818182,0.9997008718666667,0
0.24242424,-2.81818182,0.9996341978666666,0
0.25252525,-2.81818182,0.9995477774,0
0.26262626,-2.81818182,0.9994357892,0
0.27272727,-2.81818182,0.9992908724666667,0
0.28282828,-2.81818182,0.9991037604666666,0
0.29292929,-2.81818182,0.9988628407333333,0
0.3030303,-2.81818182,0.9985536215333333,0
0.31313131,-2.81818182,0.9981580945999999,0
0.32323232,-2.81818182,0.9976539729333334,0
0.33333333,-2.81818182,0.9970137874666667,0
0.34343434,-2.81818182,0.9962038214,0
0.35353535,-2.81818182,0.9951828658666667,0
0.36363636,-2.81818182,0.9939007744,0
0.37373737,-2.81818182,0.9922968078666666,0
0.38383838,-2.81818182,0.990297756,0
0.39393939,-2.81818182,0.9878158443333334,0
0.4040404,-2.81818182,0.9847464393333333,0
0.41414141,-2.81818182,0.9809655992666666,0
0.42424242,-2.81818182,0.9763275395333333,0
0.43434343,-2.81818182,0.9706621302666667,0
0.44444444,-2.81818182,0.9637725906,0
0.45454545,-2.81818182,0.9554336116666666,0
0.46464646,-2.81818182,0.9453902092666667,0
0.47474747,-2.81818182,0.9333576851333334,0
0.48484848,-2.81818182,0.9190231447333334,0
0.49494949,-2.81818182,0.9020490725333333,0
0.50505051,-2.81818182,0.8820794802666666,0
0.51515152,-2.81818182,0.8587490903333334,0
0.52525253,-2.81818182,0.8316958839333334,0
0.53535354,-2.81818182,0.8005770848,0
0.54545455,-2.81818182,0.7650882873999999,0
0.55555556,-2.81818182,0.7249849429999999,0
0.56565657,-2.81818182,0.6801048781333333,0
0.57575758,-2.81818182,0.6303899789999999,0
0.58585859,-2.81818182,0.5759047792,0
0.5959596,-2.81818182,0.5168495378666667,0
0.60606061,-2.81818182,0.45356562326666666,0
0.61616162,-2.81818182,0.3865316412666666,0
0.62626263,-2.81818182,0.3163497483333334,0
0.63636364,-2.81818182,0.24372280066666674,0
0.64646465,-2.81818182,0.16942419006666665,0
0.65656566,-2.81818182,0.09426317933333332,0
0.66666667,-2.81818182,0.019049049799999957,0
0.67676768,-2.81818182,-0.055442644799999975,0
0.68686869,-2.81818182,-0.1284989415999999,0
0.6969697,-2.81818182,-0.19949154119999987,0
0.70707071,-2.81818182,-0.2678911952666667,0
0.71717172,-2.81818182,-0.3332744712,0
0.72727273,-2.81818182,-0.39532372880000005,0
0.73737374,-2.81818182,-0.45382162239999996,0
0.74747475,-2.81818182,-0.5086416688666665,0
0.75757576,-2.81818182,-0.5597363838666668,0
0.76767677,-2.81818182,-0.6071243243333334,0
0.77777778,-2.81818182,-0.6508770944,0
0.78787879,-2.81818182,-0.6911070820666666,0
0.7979798,-2.81818182,-0.7279564219333333,0
0.80808081,-2.81818182,-0.7615874386,0
0.81818182,-2.81818182,-0.7921746570000001,0
0.82828283,-2.81818182,-0.819898332,0
0.83838384,-2.81818182,-0.8449393761333334,0
0.84848485,-2.81818182,-0.8674755167999999,0
0.85858586,-2.81818182,-0.8876785,0
0.86868687,-2.81818182,-0.90571216,0
0.87878788,-2.81818182,-0.9217311849333333,0
0.88888889,-2.81818182,-0.9358804298,0
0.8989899,-2.81818182,-0.9482946484666667,0
0.90909091,-2.81818182,-0.959098537,0
0.91919192,-2.81818182,-0.9684070043333334,0
0.92929293,-2.81818182,-0.9763255956,0
0.93939394,-2.81818182,-0.9829510179333333,0
0.94949495,-2.81818182,-0.9883717268666666,0
0.95959596,-2.81818182,-0.9926685385999999,0
0.96969697,-2.81818182,-0.9959152494666667,0
0.97979798,-2.81818182,-0.9981792412666667,0
0.98989899,-2.81818182,-0.9995220663333333,0
1.0,-2.81818182,-0.9984779276,1
0.0,-2.75757576,1.0,0
0.01010101,-2.75757576,0.9999948397333334,0
0.02020202,-2.75757576,0.99998952,0
0.03030303,-2.75757576,0.9999840348666666,0
0.04040404,-2.75757576,0.9999783772,0
0.05050505,-2.75757576,0.9999725392666666,0
0.06060606,-2.75757576,0.9999665099333334,0
0.07070707,-2.75757576,0.9999602741333333,0
0.08080808,-2.75757576,0.9999538100666666,0
0.09090909,-2.75757576,0.9999470852,0
0.1010101,-2.75757576,0.9999400509999999,0
0.11111111,-2.75757576,0.9999326372,0
0.12121212,-2.75757576,0.9999247406,0
0.13131313,-2.75757576,0.9999162148666667,0
0.14141414,-2.75757576,0.9999068534,0
0.15151515,-2.75757576,0.9998963686,0
0.16161616,-2.75757576,0.9998843658666667,0
0.17171717,-2.75757576,0.9998703087333334,0
0.18181818,-2.75757576,0.9998534773333333,0
0.19191919,-2.75757576,0.9998329124,0
0.2020202,-2.75757576,0.9998073477333334,0
0.21212121,-2.75757576,0.9997751240666667,0
0.22222222,-2.75757576,0.9997340844,0
0.23232323,-2.75757576,0.9996814404666666,0
0.24242424,-2.75757576,0.9996136102000001,0
0.25252525,-2.75757576,0.9995260184666668,0
0.26262626,-2.75757576,0.9994128509333334,0
0.27272727,-2.75757576,0.9992667542666667,0
0.28282828,-2.75757576,0.9990784724,0
0.29292929,-2.75757576,0.9988364050666667,0
0.3030303,-2.75757576,0.998526076,0
0.31313131,-2.75757576,0.9981294955333333,0
0.32323232,-2.75757576,0.9976243988666667,0
0.33333333,-2.75757576,0.9969833417333334,0
0.34343434,-2.75757576,0.9961726376,0
0.35353535,-2.75757576,0.9951511108,0
0.36363636,-2.75757576,0.9938686518666667,0
0.37373737,-2.75757576,0.9922645623333334,0
0.38383838,-2.75757576,0.9902656746666667,0
0.39393939,-2.75757576,0.9877842571333333,0
0.4040404,-2.75757576,0.9847157184666667,0
0.41414141,-2.75757576,0.9809361538666667,0
0.42424242,-2.75757576,0.9762998077333334,0
0.43434343,-2.75757576,0.9706365641333333,0
0.44444444,-2.75757576,0.9637496372666667,0
0.45454545,-2.75757576,0.9554136848666666,0
0.46464646,-2.75757576,0.9453736551333334,0
0.47474747,-2.75757576,0.9333447387333333,0
0.48484848,-2.75757576,0.9190138803333333,0
0.49494949,-2.75757576,0.9020433497333333,0
0.50505051,-2.75757576,0.8820768892666667,0
0.51515152,-2.75757576,0.8587489048666667,0
0.52525253,-2.75757576,0.8316970248,0
0.53535354,-2.75757576,0.8005781089333334,0
0.54545455,-2.75757576,0.7650874085333333,0
0.55555556,-2.75757576,0.7249800927333333,0
0.56565657,-2.75757576,0.6800938116666666,0
0.57575758,-2.75757576,0.6303704253333333,0
0.58585859,-2.75757576,0.5758746242666667,0
0.5959596,-2.75757576,0.5168070268666667,0
0.60606061,-2.75757576,0.4535095557333333,0
0.61616162,-2.75757576,0.38646153460000005,0
0.62626263,-2.75757576,0.31626594393333335,0
0.63636364,-2.75757576,0.24362649286666668,0
0.64646465,-2.75757576,0.16931737519999993,0
0.65656566,-2.75757576,0.09414852539999996,0
0.66666667,-2.75757576,0.018929706466666658,0
0.67676768,-2.75757576,-0.055563270800000085,0
0.68686869,-2.75757576,-0.12861741813333327,0
0.6969697,-2.75757576,-0.19960462453333339,0
0.70707071,-2.75757576,-0.2679960051333334,0
0.71717172,-2.75757576,-0.3333686166,0
0.72727273,-2.75757576,-0.39540538006666676,0
0.73737374,-2.75757576,-0.4538895357333333,0
0.74747475,-2.75757576,-0.5086951671333334,0
0.75757576,-2.75757576,-0.5597753092666666,0
0.76767677,-2.75757576,-0.6071489689333334,0
0.77777778,-2.75757576,-0.6508881212000001,0
0.78787879,-2.75757576,-0.6911054453333333,0
0.7979798,-2.75757576,-0.7279432888666667,0
0.80808081,-2.75757576,-0.7615641206666667,0
0.81818182,-2.75757576,-0.7921425491333335,0
0.82828283,-2.75757576,-0.8198588638666667,0
0.83838384,-2.75757576,-0.8448939721333334,0
0.84848485,-2.75757576,-0.8674255674666665,0
0.85858586,-2.75757576,-0.8876253395999999,0
0.86868687,-2.75757576,-0.9056570526,0
0.87878788,-2.75757576,-0.9216753159333333,0
0.88888889,-2.75757576,-0.9358249012666667,0
0.8989899,-2.75757576,-0.9482404791333333,0
0.90909091,-2.75757576,-0.9590466644666668,0
0.91919192,-2.75757576,-0.9683582881333335,0
0.92929293,-2.75757576,-0.9762808226,0
0.93939394,-2.75757576,-0.9829109084000001,0
0.94949495,-2.75757576,-0.98833694,0
0.95959596,-2.75757576,-0.992639679,0
0.96969697,-2.75757576,-0.9958928725333334,0
0.97979798,-2.75757576,-0.9981638597333333,0
0.98989899,-2.75757576,-0.9995141547333334,0
1.0,-2.75757576,-0.9170491821333333,1
0.0,-2.6969697,1.0,0
0.01010101,-2.6969697,0.9999941748,0
0.02020202,-2.6969697,0.9999881696,0
0.03030303,-2.6969697,0.9999819776666666,0
0.04040404,-2.6969697,0.9999755913333334,0
0.05050505,-2.6969697,0.9999690016666667,0
0.06060606,-2.6969697,0.999962197,0
0.07070707,-2.6969697,0.9999551610666666,0
0.08080808,-2.6969697,0.9999478712666666,0
0.09090909,-2.6969697,0.9999402942,0
0.1010101,-2.6969697,0.9999323803333333,0
0.11111111,-2.6969697,0.9999240582666666,0
0.12121212,-2.6969697,0.9999152240666667,0
0.13131313,-2.6969697,0.9999057303333334,0
0.14141414,-2.6969697,0.9998953695333334,0
0.15151515,-2.6969697,0.9998838533333333,0
0.16161616,-2.6969697,0.9998707864666666,0
0.17171717,-2.6969697,0.9998556323333334,0
0.18181818,-2.6969697,0.9998376704666667,0
0.19191919,-2.6969697,0.9998159419333333,0
0.2020202,-2.6969697,0.9997891808666667,0
0.21212121,-2.6969697,0.9997557299333334,0
0.22222222,-2.6969697,0.9997134337333333,0
0.23232323,-2.6969697,0.9996595067999999,0
0.24242424,-2.6969697,0.9995903714,0
0.25252525,-2.6969697,0.9995014578,0
0.26262626,-2.6969697,0.9993869584666667,0
0.27272727,-2.6969697,0.9992395296,0
0.28282828,-2.6969697,0.9990499263333333,0
0.29292929,-2.6969697,0.9988065629333334,0
0.3030303,-2.6969697,0.9984949803333333,0
0.31313131,-2.6969697,0.9980972096666667,0
0.32323232,-2.6969697,0.9975910103333333,0
0.33333333,-2.6969697,0.9969489678666666,0
0.34343434,-2.6969697,0.9961374285333333,0
0.35353535,-2.6969697,0.9951152539999999,0
0.36363636,-2.6969697,0.9938323776,0
0.37373737,-2.6969697,0.9922281459333333,0
0.38383838,-2.6969697,0.9902294392000001,0
0.39393939,-2.6969697,0.9877485752666667,0
0.4040404,-2.6969697,0.9846810097333334,0
0.41414141,-2.6969697,0.98090288,0
0.42424242,-2.6969697,0.9762684622666666,0
0.43434343,-2.6969697,0.9706076579999999,0
0.44444444,-2.6969697,0.9637236749333333,0
0.45454545,-2.6969697,0.9553911340666666,0
0.46464646,-2.6969697,0.9453549069333333,0
0.47474747,-2.6969697,0.9333300595333334,0
0.48484848,-2.6969697,0.9190033550666666,0
0.49494949,-2.6969697,0.9020368216666667,0
0.50505051,-2.6969697,0.8820738984666666,0
0.51515152,-2.6969697,0.8587486329999999,0
0.52525253,-2.6969697,0.8316982559333332,0
0.53535354,-2.6969697,0.800579217,0
0.54545455,-2.6969697,0.7650863793333332,0
0.55555556,-2.6969697,0.7249745932,0
0.56565657,-2.6969697,0.6800813104666666,0
0.57575758,-2.6969697,0.6303483606666666,0
0.58585859,-2.6969697,0.5758406119333334,0
0.5959596,-2.6969697,0.5167590880666666,0
0.60606061,-2.6969697,0.4534463376,0
0.61616162,-2.6969697,0.3863824947333333,0
0.62626263,-2.6969697,0.316171469,0
0.63636364,-2.6969697,0.24351793399999996,0
0.64646465,-2.6969697,0.16919698666666663,0
0.65656566,-2.6969697,0.09401931906666668,0
0.66666667,-2.6969697,0.018795236666666604,0
0.67676768,-2.6969697,-0.05569916053333338,0
0.68686869,-2.6969697,-0.12875085726666655,0
0.6969697,-2.6969697,-0.19973195679999992,0
0.70707071,-2.6969697,-0.2681139846000001,0
0.71717172,-2.6969697,-0.3334745505333334,0
0.72727273,-2.6969697,-0.3954972096666667,0
0.73737374,-2.6969697,-0.4539658623333333,0
0.74747475,-2.6969697,-0.5087552321333334,0
0.75757576,-2.6969697,-0.5598189382666667,0
0.76767677,-2.6969697,-0.6071764951333333,0
0.77777778,-2.6969697,-0.6509002961333333,0
0.78787879,-2.6969697,-0.6911033474,0
0.7979798,-2.6969697,-0.7279282368000001,0
0.80808081,-2.6969697,-0.7615375945333335,0
0.81818182,-2.6969697,-0.7921061233333334,0
0.82828283,-2.6969697,-0.8198141508666665,0
0.83838384,-2.6969697,-0.8448425796666666,0
0.84848485,-2.6969697,-0.8673690628666667,0
0.85858586,-2.6969697,-0.8875652276666668,0
0.86868687,-2.6969697,-0.9055947588666666,0
0.87878788,-2.6969697,-0.9216121763999999,0
0.88888889,-2.6969697,-0.935762159,0
0.8989899,-2.6969697,-0.9481792827333334,0
0.90909091,-2.6969697,-0.9589880704000001,0
0.91919192,-2.6969697,-0.9683032656,0
0.92929293,-2.6969697,-0.9762302586666668,0
0.93939394,-2.6969697,-0.9828656148666667,0
0.94949495,-2.6969697,-0.9882976600666666,0
0.95959596,-2.6969697,-0.9926070937333334,0
0.96969697,-2.6969697,-0.9958676084666666,0
0.97979798,-2.6969697,-0.9981464944,0
0.98989899,-2.6969697,-0.9995052232,0
1.0,-2.6969697,-0.9999862338666666,1
0.0,-2.63636364,1.0,0
0.01010101,-2.63636364,0.9999934241333334,0
0.02020202,-2.63636364,0.9999866452,0
0.03030303,-2.63636364,0.9999796555333333,0
0.04040404,-2.63636364,0.9999724465333333,0
0.05050505,-2.63636364,0.9999650084666666,0
0.06060606,-2.63636364,0.9999573284666667,0
0.07070707,-2.63636364,0.9999493894666667,0
0.08080808,-2.63636364,0.9999411676666666,0
0.09090909,-2.63636364,0.9999326285999999,0
0.1010101,-2.63636364,0.9999237218,0
0.11111111,-2.63636364,0.9999143745333333,0
0.12121212,-2.63636364,0.9999044822,0
0.13131313,-2.63636364,0.9998938959333333,0
0.14141414,-2.63636364,0.9998824071333333,0
0.15151515,-2.63636364,0.9998697269333333,0
0.16161616,-2.63636364,0.999855459,0
0.17171717,-2.63636364,0.9998390664,0
0.18181818,-2.63636364,0.9998198285333333,0
0.19191919,-2.63636364,0.9997967865333333,0
0.2020202,-2.63636364,0.9997686755333334,0
0.21212121,-2.63636364,0.9997338393333333,0
0.22222222,-2.63636364,0.9996901244,0
0.23232323,-2.63636364,0.9996347492666667,0
0.24242424,-2.63636364,0.9995641404666666,0
0.25252525,-2.63636364,0.9994737341333333,0
0.26262626,-2.63636364,0.9993577316,0
0.27272727,-2.63636364,0.9992087983333333,0
0.28282828,-2.63636364,0.9990177030666667,0
0.29292929,-2.63636364,0.9987728756666666,0
0.3030303,-2.63636364,0.9984598768666666,0
0.31313131,-2.63636364,0.9980607610666666,0
0.32323232,-2.63636364,0.9975533156666667,0
0.33333333,-2.63636364,0.9969101584666666,0
0.34343434,-2.63636364,0.9960976733333333,0
0.35353535,-2.63636364,0.9950747649333334,0
0.36363636,-2.63636364,0.9937914134,0
0.37373737,-2.63636364,0.9921870167333334,0
0.38383838,-2.63636364,0.9901885095333333,0
0.39393939,-2.63636364,0.9877082648666666,0
0.4040404,-2.63636364,0.9846417914666667,0
0.41414141,-2.63636364,0.9808652746000001,0
0.42424242,-2.63636364,0.9762330272,0
0.43434343,-2.63636364,0.9705749691333333,0
0.44444444,-2.63636364,0.9636943020666666,0
0.45454545,-2.63636364,0.9553656056000001,0
0.46464646,-2.63636364,0.9453336654,0
0.47474747,-2.63636364,0.9333134062666667,0
0.48484848,-2.63636364,0.9189913883333334,0
0.49494949,-2.63636364,0.9020293664666666,0
0.50505051,-2.63636364,0.8820704381333333,0
0.51515152,-2.63636364,0.8587482464666666,0
0.52525253,-2.63636364,0.8316995739333334,0
0.53535354,-2.63636364,0.8005804066666667,0
0.54545455,-2.63636364,0.7650851697333333,0
0.55555556,-2.63636364,0.7249683546000001,0
0.56565657,-2.63636364,0.6800671875333333,0
0.57575758,-2.63636364,0.6303234643333333,0
0.58585859,-2.63636364,0.5758022532666667,0
0.5959596,-2.63636364,0.5167050358000002,0
0.60606061,-2.63636364,0.45337506759999996,0
0.61616162,-2.63636364,0.38629339740000007,0
0.62626263,-2.63636364,0.3160649843333333,0
0.63636364,-2.63636364,0.2433955887333333,0
0.64646465,-2.63636364,0.16906132746666672,0
0.65656566,-2.63636364,0.09387374579999996,0
0.66666667,-2.63636364,0.018643760599999986,0
0.67676768,-2.63636364,-0.0558522039333332,0
0.68686869,-2.63636364,-0.12890110413333344,0
0.6969697,-2.63636364,-0.19987528546666664,0
0.70707071,-2.63636364,-0.2682467391333334,0
0.71717172,-2.63636364,-0.3335936986000001,0
0.72727273,-2.63636364,-0.3956004351333334,0
0.73737374,-2.63636364,-0.4540515941999999,0
0.74747475,-2.63636364,-0.5088226204666666,0
0.75757576,-2.63636364,-0.5598677922666667,0
0.76767677,-2.63636364,-0.6072071948666667,0
0.77777778,-2.63636364,-0.6509136932666667,0
0.78787879,-2.63636364,-0.6911006610666667,0
0.7979798,-2.63636364,-0.7279109566,0
0.80808081,-2.63636364,-0.7615073914666667,0
0.81818182,-2.63636364,-0.7920647738666666,0
0.82828283,-2.63636364,-0.8197634746666668,0
0.83838384,-2.63636364,-0.8447843889333334,0
0.84848485,-2.63636364,-0.8673051259333334,0
0.85858586,-2.63636364,-0.8874972410666667,0
0.86868687,-2.63636364,-0.9055243296666666,0
0.87878788,-2.63636364,-0.921540811,0
0.88888889,-2.63636364,-0.9356912579333333,0
0.8989899,-2.63636364,-0.9481101406666667,0
0.90909091,-2.63636364,-0.9589218786666668,0
0.91919192,-2.63636364,-0.9682411163999999,0
0.92929293,-2.63636364,-0.9761731518666666,0
0.93939394,-2.63636364,-0.9828144651333333,0
0.94949495,-2.63636364,-0.9882533048666666,0
0.95959596,-2.63636364,-0.9925703012666667,0
0.96969697,-2.63636364,-0.9958390840666667,0
0.97979798,-2.63636364,-0.9981268891333334,0
0.98989899,-2.63636364,-0.9994951400666667,0
1.0,-2.63636364,-0.9166700561333333,1
0.0,-2.57575758,1.0,0
0.01010101,-2.57575758,0.9999925768,0
0.02020202,-2.57575758,0.9999849244,0
0.03030303,-2.57575758,0.9999770342,0
0.04040404,-2.57575758,0.9999688966666667,0
0.05050505,-2.57575758,0.9999605008666665,0
0.06060606,-2.57575758,0.9999518328666667,0
0.07070707,-2.57575758,0.9999428745333333,0
0.08080808,-2.57575758,0.9999336009333333,0
0.09090909,-2.57575758,0.9999239758666666,0
0.1010101,-2.57575758,0.9999139485333333,0
0.11111111,-2.57575758,0.9999034442666667,0
0.12121212,-2.57575758,0.9998923571333334,0
0.13131313,-2.57575758,0.9998805376666666,0
0.14141414,-2.57575758,0.9998677758666668,0
0.15151515,-2.57575758,0.9998537817333333,0
0.16161616,-2.57575758,0.9998381581999999,0
0.17171717,-2.57575758,0.9998203680000001,0
0.18181818,-2.57575758,0.9997996898666666,0
0.19191919,-2.57575758,0.9997751656,0
0.2020202,-2.57575758,0.9997455306,0
0.21212121,-2.57575758,0.9997091305333333,0
0.22222222,-2.57575758,0.9996638146666667,0
0.23232323,-2.57575758,0.9996068046000001,0
0.24242424,-2.57575758,0.9995345323333333,0
0.25252525,-2.57575758,0.9994424411333334,0
0.26262626,-2.57575758,0.9993247409333335,0
0.27272727,-2.57575758,0.9991741091333334,0
0.28282828,-2.57575758,0.9989813288666667,0
0.29292929,-2.57575758,0.9987348478666667,0
0.3030303,-2.57575758,0.9984202489999999,0
0.31313131,-2.57575758,0.9980196128,0
0.32323232,-2.57575758,0.9975107584666667,0
0.33333333,-2.57575758,0.9968663402,0
0.34343434,-2.57575758,0.9960527845333333,0
0.35353535,-2.57575758,0.9950290433333333,0
0.36363636,-2.57575758,0.9937451505333333,0
0.37373737,-2.57575758,0.9921405617333334,0
0.38383838,-2.57575758,0.9901422737333334,0
0.39393939,-2.57575758,0.9876627206666667,0
0.4040404,-2.57575758,0.9845974726000001,0
0.41414141,-2.57575758,0.9808227679333333,0
0.42424242,-2.57575758,0.9761929612666667,0
0.43434343,-2.57575758,0.9705379943333333,0
0.44444444,-2.57575758,0.9636610614,0
0.45454545,-2.57575758,0.9553366962666666,0
0.46464646,-2.57575758,0.9453095876666666,0
0.47474747,-2.57575758,0.9332945026,0
0.48484848,-2.57575758,0.9189777712,0
0.49494949,-2.57575758,0.9020208413333334,0
0.50505051,-2.57575758,0.8820664243999999,0
0.51515152,-2.57575758,0.8587477085333334,0
0.52525253,-2.57575758,0.83170097,0
0.53535354,-2.57575758,0.8005816710666667,0
0.54545455,-2.57575758,0.7650837440666666,0
0.55555556,-2.57575758,0.7249612728666667,0
0.56565657,-2.57575758,0.6800512306,0
0.57575758,-2.57575758,0.6302953738666667,0
0.58585859,-2.57575758,0.5757589977333334,0
0.5959596,-2.57575758,0.5166440999333334,0
0.60606061,-2.57575758,0.45329473426666667,0
0.61616162,-2.57575758,0.3861929823333334,0
0.62626263,-2.57575758,0.31594498713333335,0
0.63636364,-2.57575758,0.24325773640000004,0
0.64646465,-2.57575758,0.16890849633333338,0
0.65656566,-2.57575758,0.09370977446666666,0
0.66666667,-2.57575758,0.01847317480000003,0
0.67676768,-2.57575758,-0.056024514199999986,0
0.68686869,-2.57575758,-0.12907021859999998,0
0.6969697,-2.57575758,-0.2000365600000001,0
0.70707071,-2.57575758,-0.26839605539999994,0
0.71717172,-2.57575758,-0.33372764426666673,0
0.72727273,-2.57575758,-0.3957164059333333,0
0.73737374,-2.57575758,-0.45414782606666665,0
0.74747475,-2.57575758,-0.5088981624,0
0.75757576,-2.57575758,-0.5599224358000001,0
0.76767677,-2.57575758,-0.6072413752666667,0
0.77777778,-2.57575758,-0.6509283754,0
0.78787879,-2.57575758,-0.6910972242000001,0
0.7979798,-2.57575758,-0.7278910829999999,0
0.80808081,-2.57575758,-0.7614729675999999,0
0.81818182,-2.57575758,-0.7920178044666667,0
0.82828283,-2.57575758,-0.8197060119333333,0
0.83838384,-2.57575758,-0.8447184769333332,0
0.84848485,-2.57575758,-0.8672327580666667,0
0.85858586,-2.57575758,-0.8874203303333333,0
0.86868687,-2.57575758,-0.9054446870666667,0
0.87878788,-2.57575758,-0.9214601345333332,0
0.88888889,-2.57575758,-0.9356111266666666,0
0.8989899,-2.57575758,-0.9480320134,0
0.90909091,-2.57575758,-0.9588470974666667,0
0.91919192,-2.57575758,-0.9681709122000001,0
0.92929293,-2.57575758,-0.9761086514,0
0.93939394,-2.57575758,-0.9827566992666668,0
0.94949495,-2.57575758,-0.9882032170666667,0
0.95959596,-2.57575758,-0.9925287566666666,0
0.96969697,-2.57575758,-0.9958068780666668,0
0.97979798,-2.57575758,-0.9981047550000001,0
0.98989899,-2.57575758,-0.9994837572666667,0
1.0,-2.57575758,-0.9998428121333334,1
0.0,-2.51515152,1.0,0
0.01010101,-2.51515152,0.9999916202666667,0
0.02020202,-2.51515152,0.999982982,0
0.03030303,-2.51515152,0.9999740752666667,0
0.04040404,-2.51515152,0.9999648894666666,0
0.05050505,-2.51515152,0.9999554126,0
0.06060606,-2.51515152,0.9999456294,0
0.07070707,-2.51515152,0.9999355204,0
0.08080808,-2.51515152,0.9999250594666667,0
0.09090909,-2.51515152,0.9999142089999999,0
0.1010101,-2.51515152,0.9999029167333333,0
0.11111111,-2.51515152,0.9998911065333334,0
0.12121212,-2.51515152,0.9998786711333333,0
0.13131313,-2.51515152,0.9998654596666666,0
0.14141414,-2.51515152,0.9998512612,0
0.15151515,-2.51515152,0.9998357840666666,0
0.16161616,-2.51515152,0.9998186306666667,0
0.17171717,-2.51515152,0.9997992628,0
0.18181818,-2.51515152,0.9997769594,0
0.19191919,-2.51515152,0.9997507616666667,0
0.2020202,-2.51515152,0.9997194066666667,0
0.21212121,-2.51515152,0.9996812418000001,0
0.22222222,-2.51515152,0.9996341184666667,0
0.23232323,-2.51515152,0.9995752631333333,0
0.24242424,-2.51515152,0.999501113,0
0.25252525,-2.51515152,0.9994071195333334,0
0.26262626,-2.51515152,0.9992875024666666,0
0.27272727,-2.51515152,0.9991349527333333,0
0.28282828,-2.51515152,0.9989402692666666,0
0.29292929,-2.51515152,0.9986919202666666,0
0.3030303,-2.51515152,0.9983755132,0
0.31313131,-2.51515152,0.9979731588,0
0.32323232,-2.51515152,0.9974627110666667,0
0.33333333,-2.51515152,0.9968168658000001,0
0.34343434,-2.51515152,0.9960020968000001,0
0.35353535,-2.51515152,0.9949774106000001,0
0.36363636,-2.51515152,0.9936929005333334,0
0.37373737,-2.51515152,0.9920880882666667,0
0.38383838,-2.51515152,0.990090039,0
0.39393939,-2.51515152,0.9876112581333333,0
0.4040404,-2.51515152,0.9845473828666668,0
0.41414141,-2.51515152,0.9807747132666667,0
0.42424242,-2.51515152,0.9761476503333334,0
0.43434343,-2.51515152,0.9704961613333334,0
0.44444444,-2.51515152,0.9636234322666666,0
0.45454545,-2.51515152,0.9553039458666667,0
0.46464646,-2.51515152,0.9452822819333333,0
0.47474747,-2.51515152,0.9332730300000001,0
0.48484848,-2.51515152,0.9189622615999999,0
0.49494949,-2.51515152,0.9020110783333334,0
0.50505051,-2.51515152,0.8820617572,0
0.51515152,-2.51515152,0.8587469720666666,0
0.52525253,-2.51515152,0.8317024288,0
0.53535354,-2.51515152,0.8005829993333334,0
0.54545455,-2.51515152,0.7650820574,0
0.55555556,-2.51515152,0.7249532288666666,0
0.56565657,-2.51515152,0.6800331994666666,0
0.57575758,-2.51515152,0.6302636820666666,0
0.58585859,-2.51515152,0.5757102274,0
0.5959596,-2.51515152,0.5165754158666667,0
0.60606061,-2.51515152,0.45320420273333334,0
0.61616162,-2.51515152,0.38607983520000005,0
0.62626263,-2.51515152,0.31580979366666656,0
0.63636364,-2.51515152,0.24310244913333334,0
0.64646465,-2.51515152,0.16873636513333337,0
0.65656566,-2.51515152,0.09352513206666672,0
0.66666667,-2.51515152,0.018281128666666608,0
0.67676768,-2.51515152,-0.05621844986666676,0
0.68686869,-2.51515152,-0.12926049733333325,0
0.6969697,-2.51515152,-0.2002179494666667,0
0.70707071,-2.51515152,-0.26856391926666673,0
0.71717172,-2.51515152,-0.3338781433333334,0
0.72727273,-2.51515152,-0.39584661306666663,0
0.73737374,-2.51515152,-0.45425576206666657,0
0.74747475,-2.51515152,-0.5089827645999999,0
0.75757576,-2.51515152,-0.5599834782666665,0
0.76767677,-2.51515152,-0.6072793556666666,0
0.77777778,-2.51515152,-0.6509443885333334,0
0.78787879,-2.51515152,-0.6910928298000001,0
0.7979798,-2.51515152,-0.7278681823333334,0
0.80808081,-2.51515152,-0.7614336897333335,0
0.81818182,-2.51515152,-0.7919644113333334,0
0.82828283,-2.51515152,-0.8196408184666666,0
0.83838384,-2.51515152,-0.8446437880000001,0
0.84848485,-2.51515152,-0.8671508211333332,0
0.85858586,-2.51515152,-0.8873333010666667,0
0.86868687,-2.51515152,-0.9053546068666667,0
0.87878788,-2.51515152,-0.9213689167333334,0
0.88888889,-2.51515152,-0.9355205501999999,0
0.8989899,-2.51515152,-0.9479437224,0
0.90909091,-2.51515152,-0.9587626039333335,0
0.91919192,-2.51515152,-0.9680916027333333,0
0.92929293,-2.51515152,-0.9760357954666666,0
0.93939394,-2.51515152,-0.9826914579999999,0
0.94949495,-2.51515152,-0.9881466532666666,0
0.95959596,-2.51515152,-0.992481845,0
0.96969697,-2.51515152,-0.9957705143333334,0
0.97979798,-2.51515152,-0.9980797654666668,0
0.98989899,-2.51515152,-0.9994709064,0
1.0,-2.51515152,-0.9999902582666667,1
0.0,-2.45454545,1.0,0
0.01010101,-2.45454545,0.9999905404,0
0.02020202,-2.45454545,0.9999807892,0
0.03030303,-2.45454545,0.999970735,0
0.04040404,-2.45454545,0.9999603661333334,0
0.05050505,-2.45454545,0.9999496688666666,0
0.06060606,-2.45454545,0.999938627,0
0.07070707,-2.45454545,0.9999272193333333,0
0.08080808,-2.45454545,0.9999154181333333,0
0.09090909,-2.45454545,0.9999031847333333,0
0.1010101,-2.45454545,0.9998904645333333,0
0.11111111,-2.45454545,0.9998771804666667,0
0.12121212,-2.45454545,0.9998632235333333,0
0.13131313,-2.45454545,0.9998484411333334,0
0.14141414,-2.45454545,0.9998326208666667,0
0.15151515,-2.45454545,0.9998154702666667,0
0.16161616,-2.45454545,0.9997965902,0
0.17171717,-2.45454545,0.9997754419333333,0
0.18181818,-2.45454545,0.9997513036666666,0
0.19191919,-2.45454545,0.9997232174666667,0
0.2020202,-2.45454545,0.9996899212,0
0.21212121,-2.45454545,0.9996497638666666,0
0.22222222,-2.45454545,0.9996006006666667,0
0.23232323,-2.45454545,0.9995396620666667,0
0.24242424,-2.45454545,0.9994633923333334,0
0.25252525,-2.45454545,0.999367251,0
0.26262626,-2.45454545,0.9992454699333333,0
0.27272727,-2.45454545,0.9990907537333333,0
0.28282828,-2.45454545,0.9988939207333334,0
0.29292929,-2.45454545,0.9986434615333333,0
0.3030303,-2.45454545,0.9983250112666666,0
0.31313131,-2.45454545,0.9979207143333333,0
0.32323232,-2.45454545,0.9974084642,0
0.33333333,-2.45454545,0.9967610034000001,0
0.34343434,-2.45454545,0.9959448595333333,0
0.35353535,-2.45454545,0.9949190996666667,0
0.36363636,-2.45454545,0.9936338856,0
0.37373737,-2.45454545,0.9920288118,0
0.38383838,-2.45454545,0.9900310220666667,0
0.39393939,-2.45454545,0.9875531007333332,0
0.4040404,-2.45454545,0.9844907627333334,0
0.41414141,-2.45454545,0.9807203764,0
0.42424242,-2.45454545,0.9760963967333334,0
0.43434343,-2.45454545,0.9704488185333334,0
0.44444444,-2.45454545,0.9635808206,0
0.45454545,-2.45454545,0.9552668274666667,0
0.46464646,-2.45454545,0.9452512978666666,0
0.47474747,-2.45454545,0.9332486207999999,0
0.48484848,-2.45454545,0.9189445777333333,0
0.49494949,-2.45454545,0.9019998798,0
0.50505051,-2.45454545,0.8820563144000001,0
0.51515152,-2.45454545,0.858745976,0
0.52525253,-2.45454545,0.8317039267999999,0
0.53535354,-2.45454545,0.8005843718,0
0.54545455,-2.45454545,0.7650800552666667,0
0.55555556,-2.45454545,0.7249440844666666,0
0.56565657,-2.45454545,0.6800128216,0
0.57575758,-2.45454545,0.6302279298,0
0.58585859,-2.45454545,0.5756552473333334,0
0.5959596,-2.45454545,0.5164980132666667,0
0.60606061,-2.45454545,0.4531022006,0
0.61616162,-2.45454545,0.38595237286666667,0
0.62626263,-2.45454545,0.31565751866666664,0
0.63636364,-2.45454545,0.24292757086666664,0
0.64646465,-2.45454545,0.16854255453333325,0
0.65656566,-2.45454545,0.09331728126666672,0
0.66666667,-2.45454545,0.018064999333333387,0
0.67676768,-2.45454545,-0.05643663906666663,0
0.68686869,-2.45454545,-0.12947449606666658,0
0.6969697,-2.45454545,-0.20042186433333323,0
0.70707071,-2.45454545,-0.26875253186666676,0
0.71717172,-2.45454545,-0.33404713606666664,0
0.72727273,-2.45454545,-0.39599269839999995,0
0.73737374,-2.45454545,-0.454376721,0
0.74747475,-2.45454545,-0.5090774116666666,0
0.75757576,-2.45454545,-0.5600515692666667,0
0.76767677,-2.45454545,-0.6073214620000001,0
0.77777778,-2.45454545,-0.6509617519333333,0
0.78787879,-2.45454545,-0.6910872156666666,0
0.7979798,-2.45454545,-0.7278417379333333,0
0.80808081,-2.45454545,-0.7613888193333332,0
0.81818182,-2.45454545,-0.7919036666,0
0.82828283,-2.45454545,-0.8195668099333332,0
0.83838384,-2.45454545,-0.8445591143333333,0
0.84848485,-2.45454545,-0.8670580154,0
0.85858586,-2.45454545,-0.8872347930666666,0
0.86868687,-2.45454545,-0.9052526965333334,0
0.87878788,-2.45454545,-0.9212657598,0
0.88888889,-2.45454545,-0.9354181508,0
0.8989899,-2.45454545,-0.9478439320000001,0
0.90909091,-2.45454545,-0.9586671259333333,0
0.91919192,-2.45454545,-0.9680019987333334,0
0.92929293,-2.45454545,-0.9759534951999999,0
0.93939394,-2.45454545,-0.9826177694666668,0
0.94949495,-2.45454545,-0.9880827732666667,0
0.95959596,-2.45454545,-0.9924288710666667,0
0.96969697,-2.45454545,-0.9957294552666666,0
0.97979798,-2.45454545,-0.9980515514666667,0
0.98989899,-2.45454545,-0.9994563989999999,0
1.0,-2.45454545,-0.9166668218666667,1
0.0,-2.39393939,1.0,0
0.01010101,-2.39393939,0.9999893216,0
0.02020202,-2.39393939,0.9999783138666667,0
0.03030303,-2.39393939,0.9999669644666667,0
0.04040404,-2.39393939,0.99995526,0
0.05050505,-2.39393939,0.9999431855333333,0
0.06060606,-2.39393939,0.9999307228666667,0
0.07070707,-2.39393939,0.9999178493333333,0
0.08080808,-2.39393939,0.9999045355333334,0
0.09090909,-2.39393939,0.9998907409333333,0
0.1010101,-2.39393939,0.9998764094,0
0.11111111,-2.39393939,0.9998614617333335,0
0.12121212,-2.39393939,0.9998457874666666,0
0.13131313,-2.39393939,0.9998292320666667,0
0.14141414,-2.39393939,0.9998115816666667,0
0.15151515,-2.39393939,0.9997925420666667,0
0.16161616,-2.39393939,0.9997717133999999,0
0.17171717,-2.39393939,0.9997485556666666,0
0.18181818,-2.39393939,0.9997223468666667,0
0.19191919,-2.39393939,0.9996921295333334,0
0.2020202,-2.39393939,0.9996566420666667,0
0.21212121,-2.39393939,0.9996142360666667,0
0.22222222,-2.39393939,0.9995627703333333,0
0.23232323,-2.39393939,0.9994994799333333,0
0.24242424,-2.39393939,0.9994208172666667,0
0.25252525,-2.39393939,0.9993222513333333,0
0.26262626,-2.39393939,0.9991980262666668,0
0.27272727,-2.39393939,0.999040864,0
0.28282828,-2.39393939,0.9988416027333333,0
0.29292929,-2.39393939,0.9985887591999999,0
0.3030303,-2.39393939,0.9982679996,0
0.31313131,-2.39393939,0.9978615058,0
0.32323232,-2.39393939,0.9973472167333334,0
0.33333333,-2.39393939,0.9966979267333334,0
0.34343434,-2.39393939,0.9958802236666667,0
0.35353535,-2.39393939,0.9948532439333333,0
0.36363636,-2.39393939,0.9935672247333334,0
0.37373737,-2.39393939,0.9919618445333334,0
0.38383838,-2.39393939,0.9899643345333333,0
0.39393939,-2.39393939,0.9874873692666667,0
0.4040404,-2.39393939,0.9844267501333334,0
0.41414141,-2.39393939,0.9806589240666667,0
0.42424242,-2.39393939,0.976038406,0
0.43434343,-2.39393939,0.9703952238,0
0.44444444,-2.39393939,0.9635325478666666,0
0.45454545,-2.39393939,0.9552247383333333,0
0.46464646,-2.39393939,0.9452161177333332,0
0.47474747,-2.39393939,0.9332208510666666,0
0.48484848,-2.39393939,0.9189243917333334,0
0.49494949,-2.39393939,0.9019870124666667,0
0.50505051,-2.39393939,0.8820499488,0
0.51515152,-2.39393939,0.8587446421999999,0
0.52525253,-2.39393939,0.8317054281333333,0
0.53535354,-2.39393939,0.8005857594666667,0
0.54545455,-2.39393939,0.7650776698,0
0.55555556,-2.39393939,0.724933681,0
0.56565657,-2.39393939,0.6799897887999999,0
0.57575758,-2.39393939,0.6301875998666666,0
0.58585859,-2.39393939,0.5755932779999999,0
0.5959596,-2.39393939,0.5164108051999999,0
0.60606061,-2.39393939,0.4529873035333333,0
0.61616162,-2.39393939,0.3858088226666667,0
0.62626263,-2.39393939,0.3154860540666667,0
0.63636364,-2.39393939,0.24273069153333335,0
0.64646465,-2.39393939,0.16832440826666664,0
0.65656566,-2.39393939,0.09308339066666667,0
0.66666667,-2.39393939,0.017821864866666665,0
0.67676768,-2.39393939,-0.0566820060666667,0
0.68686869,-2.39393939,-0.1297150534,0
0.6969697,-2.39393939,-0.20065097586666666,0
0.70707071,-2.39393939,-0.26896432639999995,0
0.71717172,-2.39393939,-0.3342367608000001,0
0.72727273,-2.39393939,-0.39615646313333336,0
0.73737374,-2.39393939,-0.45451214066666673,0
0.74747475,-2.39393939,-0.5091831652,0
0.75757576,-2.39393939,-0.5601273956666667,0
0.76767677,-2.39393939,-0.6073680176666667,0
0.77777778,-2.39393939,-0.6509804470000001,0
0.78787879,-2.39393939,-0.6910800474666667,0
0.7979798,-2.39393939,-0.7278111328666667,0
0.80808081,-2.39393939,-0.7613374917333333,0
0.81818182,-2.39393939,-0.7918344954000001,0
0.82828283,-2.39393939,-0.8194827388666667,0
0.83838384,-2.39393939,-0.8444630723333333,0
0.84848485,-2.39393939,-0.8669528574666666,0
0.85858586,-2.39393939,-0.8871232559333334,0
0.86868687,-2.39393939,-0.9051373718666667,0
0.87878788,-2.39393939,-0.9211490752666668,0
0.88888889,-2.39393939,-0.9353023636000001,0
0.8989899,-2.39393939,-0.9477311272666668,0
0.90909091,-2.39393939,-0.9585592217333333,0
0.91919192,-2.39393939,-0.9679007537333334,0
0.92929293,-2.39393939,-0.9758605188000001,0
0.93939394,-2.39393939,-0.9825345341333332,0
0.94949495,-2.39393939,-0.9880106268,0
0.95959596,-2.39393939,-0.9923690489333332,0
0.96969697,-2.39393939,-0.995683093,0
0.97979798,-2.39393939,-0.9980196963333333,0
0.98989899,-2.39393939,-0.9994400204666668,0
1.0,-2.39393939,-0.9166688497333333,1
0.0,-2.33333333,1.0,0
0.01010101,-2.33333333,0.9999879455999999,0
0.02020202,-2.33333333,0.9999755197333333,0
0.03030303,-2.33333333,0.9999627083333333,0
0.04040404,-2.33333333,0.9999494964,0
0.05050505,-2.33333333,0.9999358671333333,0
0.06060606,-2.33333333,0.9999218008666667,0
0.07070707,-2.33333333,0.9999072728,0
0.08080808,-2.33333333,0.9998922518,0
0.09090909,-2.33333333,0.9998766954666666,0
0.1010101,-2.33333333,0.9998605451333333,0
0.11111111,-2.33333333,0.9998437202,0
0.12121212,-2.33333333,0.9998261075333333,0
0.13131313,-2.33333333,0.9998075514,0
0.14141414,-2.33333333,0.9997878354666666,0
0.15151515,-2.33333333,0.9997666642,0
0.16161616,-2.33333333,0.9997436363333334,0
0.17171717,-2.33333333,0.9997182106,0
0.18181818,-2.33333333,0.9996896652,0
0.19191919,-2.33333333,0.9996570422666666,0
0.2020202,-2.33333333,0.9996190819333333,0
0.21212121,-2.33333333,0.9995741380666666,0
0.22222222,-2.33333333,0.999520073,0
0.23232323,-2.33333333,0.9994541283333334,0
0.24242424,-2.33333333,0.9993727641333334,0
0.25252525,-2.33333333,0.9992714604666667,0
0.26262626,-2.33333333,0.9991444756666666,0
0.27272727,-2.33333333,0.9989845507333334,0
0.28282828,-2.33333333,0.9987825466666667,0
0.29292929,-2.33333333,0.9985270088,0
0.3030303,-2.33333333,0.9982036388666666,0
0.31313131,-2.33333333,0.9977946609333334,0
0.32323232,-2.33333333,0.997278064,0
0.33333333,-2.33333333,0.9966267018,0
0.34343434,-2.33333333,0.9958072300666666,0
0.35353535,-2.33333333,0.9947788624,0
0.36363636,-2.33333333,0.9934919221333334,0
0.37373737,-2.33333333,0.9918861812666667,0
0.38383838,-2.33333333,0.9898889706666667,0
0.39393939,-2.33333333,0.9874130654666667,0
0.4040404,-2.33333333,0.9843543663333333,0
0.41414141,-2.33333333,0.9805894079999999,0
0.42424242,-2.33333333,0.9759727743333333,0
0.43434343,-2.33333333,0.9703345304,0
0.44444444,-2.33333333,0.9634778383333333,0
0.45454545,-2.33333333,0.955176987,0
0.46464646,-2.33333333,0.9451761462666667,0
0.47474747,-2.33333333,0.9331892287333333,0
0.48484848,-2.33333333,0.9189013205333333,0
0.49494949,-2.33333333,0.9019721999333333,0
0.50505051,-2.33333333,0.8820424812666666,0
0.51515152,-2.33333333,0.8587428695333333,0
0.52525253,-2.33333333,0.8317068810666667,0
0.53535354,-2.33333333,0.8005871200666667,0
0.54545455,-2.33333333,0.7650748172666667,0
0.55555556,-2.33333333,0.7249218336,0
0.56565657,-2.33333333,0.6799637505333334,0
0.57575758,-2.33333333,0.6301421106666667,0
0.58585859,-2.33333333,0.5755234444666666,0
0.5959596,-2.33333333,0.5163125741333333,0
0.60606061,-2.33333333,0.45285791813333337,0
0.61616162,-2.33333333,0.38564720406666664,0
0.62626263,-2.33333333,0.3152930452,0
0.63636364,-2.33333333,0.2425091222,0
0.64646465,-2.33333333,0.16807896526666666,0
0.65656566,-2.33333333,0.0928203085333333,0
0.66666667,-2.33333333,0.017548476400000013,0
0.67676768,-2.33333333,-0.0569577975333333,0
0.68686869,-2.33333333,-0.12998531406666677,0
0.6969697,-2.33333333,-0.20090823680000006,0
0.70707071,-2.33333333,-0.26920198493333336,0
0.71717172,-2.33333333,-0.33444936553333343,0
0.72727273,-2.33333333,-0.39633987486666666,0
0.73737374,-2.33333333,-0.454663579,0
0.74747475,-2.33333333,-0.5093011611333333,0
0.75757576,-2.33333333,-0.5602116732666665,0
0.76767677,-2.33333333,-0.6074193321333333,0
0.77777778,-2.33333333,-0.6510003998666666,0
0.78787879,-2.33333333,-0.6910709002666665,0
0.7979798,-2.33333333,-0.7277756283333334,0
0.80808081,-2.33333333,-0.7612786930666665,0
0.81818182,-2.33333333,-0.7917556504666667,0
0.82828283,-2.33333333,-0.8193871662000001,0
0.83838384,-2.33333333,-0.8443540735333332,0
0.84848485,-2.33333333,-0.8668336488666667,0
0.85858586,-2.33333333,-0.8869969208,0
0.86868687,-2.33333333,-0.9050068280666668,0
0.87878788,-2.33333333,-0.9210170569999999,0
0.88888889,-2.33333333,-0.9351714117333333,0
0.8989899,-2.33333333,-0.9476035897333334,0
0.90909091,-2.33333333,-0.9584372574666667,0
0.91919192,-2.33333333,-0.967786342,0
0.92929293,-2.33333333,-0.9757554714,0
0.93939394,-2.33333333,-0.9824405081333333,0
0.94949495,-2.33333333,-0.9879291393333334,0
0.95959596,-2.33333333,-0.9923014903333333,0
0.96969697,-2.33333333,-0.9956307410666667,0
0.97979798,-2.33333333,-0.9979837296000001,0
0.98989899,-2.33333333,-0.9994215296000001,0
1.0,-2.33333333,-0.9167330726666667,1
0.0,-2.27272727,1.0,0
0.01010101,-2.27272727,0.9999863922666666,0
0.02020202,-2.27272727,0.9999723654666667,0
0.03030303,-2.27272727,0.9999579038,0
0.04040404,-2.27272727,0.9999429904,0
0.05050505,-2.27272727,0.9999276063333333,0
0.06060606,-2.27272727,0.9999117300666667,0
0.07070707,-2.27272727,0.9998953346666666,0
0.08080808,-2.27272727,0.9998783870666667,0
0.09090909,-2.27272727,0.9998608419333334,0
0.1010101,-2.27272727,0.9998426391333334,0
0.11111111,-2.27272727,0.9998236953333334,0
0.12121212,-2.27272727,0.9998038956666667,0
0.13131313,-2.27272727,0.9997830811333334,0
0.14141414,-2.27272727,0.9997610344,0
0.15151515,-2.27272727,0.9997374576,0
0.16161616,-2.27272727,0.9997119477333333,0
0.17171717,-2.27272727,0.9996839628,0
0.18181818,-2.27272727,0.9996527801999999,0
0.19191919,-2.27272727,0.9996174424000001,0
0.2020202,-2.27272727,0.9995766911333334,0
0.21212121,-2.27272727,0.9995288827333333,0
0.22222222,-2.27272727,0.9994718840666666,0
0.23232323,-2.27272727,0.9994029431333332,0
0.24242424,-2.27272727,0.999318529,0
0.25252525,-2.27272727,0.9992141343333333,0
0.26262626,-2.27272727,0.9990840335333334,0
0.27272727,-2.27272727,0.9989209880666667,0
0.28282828,-2.27272727,0.9987158849333333,0
0.29292929,-2.27272727,0.9984573024,0
0.3030303,-2.27272727,0.9981309812666667,0
0.31313131,-2.27272727,0.9977191933333333,0
0.32323232,-2.27272727,0.9971999838666666,0
0.33333333,-2.27272727,0.9965462731333333,0
0.34343434,-2.27272727,0.9957247938,0
0.35353535,-2.27272727,0.9946948458000001,0
0.36363636,-2.27272727,0.9934068499333334,0
0.37373737,-2.27272727,0.9918006836666666,0
0.38383838,-2.27272727,0.9898037895333334,0
0.39393939,-2.27272727,0.9873290579333334,0
0.4040404,-2.27272727,0.9842724998,0
0.41414141,-2.27272727,0.9805107501333333,0
0.42424242,-2.27272727,0.9758984716,0
0.43434343,-2.27272727,0.9702657720666666,0
0.44444444,-2.27272727,0.9634158048,0
0.45454545,-2.27272727,0.9551227794,0
0.46464646,-2.27272727,0.9451306955333333,0
0.47474747,-2.27272727,0.9331531832,0
0.48484848,-2.27272727,0.9188749148666667,0
0.49494949,-2.27272727,0.9019551136,0
0.50505051,-2.27272727,0.882033693,0
0.51515152,-2.27272727,0.8587405288666667,0
0.52525253,-2.27272727,0.8317082138666667,0
0.53535354,-2.27272727,0.8005883938666667,0
0.54545455,-2.27272727,0.7650713937333333,0
0.55555556,-2.27272727,0.7249083275333333,0
0.56565657,-2.27272727,0.6799343087333334,0
0.57575758,-2.27272727,0.6300908069333334,0
0.58585859,-2.27272727,0.5754447668666667,0
0.5959596,-2.27272727,0.5162019578666667,0
0.60606061,-2.27272727,0.45271226400000003,0
0.61616162,-2.27272727,0.3854653063333333,0
0.62626263,-2.27272727,0.3150758670666666,0
0.63636364,-2.27272727,0.24225986720000003,0
0.64646465,-2.27272727,0.16780293046666664,0
0.65656566,-2.27272727,0.09252453180000002,0
0.66666667,-2.27272727,0.017241228666666737,0
0.67676768,-2.27272727,-0.05726760793333341,0
0.68686869,-2.27272727,-0.13028875353333333,0
0.6969697,-2.27272727,-0.2011969011333333,0
0.70707071,-2.27272727,-0.2694684527999999,0
0.71717172,-2.27272727,-0.33468751666666674,0
0.72727273,-2.27272727,-0.3965450706666667,0
0.73737374,-2.27272727,-0.45483271313333323,0
0.74747475,-2.27272727,-0.5094326026666667,0
0.75757576,-2.27272727,-0.5603051343333333,0
0.76767677,-2.27272727,-0.6074756831333333,0
0.77777778,-2.27272727,-0.6510214626666666,0
0.78787879,-2.27272727,-0.6910592351999999,0
0.7979798,-2.27272727,-0.727734335,0
0.80808081,-2.27272727,-0.7612112296,0
0.81818182,-2.27272727,-0.7916656801333333,0
0.82828283,-2.27272727,-0.8192784307333333,0
0.83838384,-2.27272727,-0.8442302923999999,0
0.84848485,-2.27272727,-0.8666984450666667,0
0.85858586,-2.27272727,-0.8868537662666667,0
0.86868687,-2.27272727,-0.9048590081333333,0
0.87878788,-2.27272727,-0.9208676491333333,0
0.88888889,-2.27272727,-0.9350232760666667,0
0.8989899,-2.27272727,-0.9474593680666668,0
0.90909091,-2.27272727,-0.9582993790666666,0
0.91919192,-2.27272727,-0.9676570345333334,0
0.92929293,-2.27272727,-0.9756367732666665,0
0.93939394,-2.27272727,-0.9823342839999999,0
0.94949495,-2.27272727,-0.9878370953333334,0
0.95959596,-2.27272727,-0.9922251909999998,0
0.96969697,-2.27272727,-0.9955716236,0
0.97979798,-2.27272727,-0.9979431192666667,0
0.98989899,-2.27272727,-0.999400654,0
1.0,-2.27272727,-0.9167160788,1
0.0,-2.21212121,1.0,0
0.01010101,-2.21212121,0.9999846389333333,0
0.02020202,-2.21212121,0.9999688050666666,0
0.03030303,-2.21212121,0.9999524806,0
0.04040404,-2.21212121,0.9999356464,0
0.05050505,-2.21212121,0.9999182819333333,0
0.06060606,-2.21212121,0.9999003627333334,0
0.07070707,-2.21212121,0.9998818598666667,0
0.08080808,-2.21212121,0.9998627376666667,0
0.09090909,-2.21212121,0.9998429482,0
0.1010101,-2.21212121,0.9998224290666666,0
0.11111111,-2.21212121,0.9998010942,0
0.12121212,-2.21212121,0.999778826,0
0.13131313,-2.21212121,0.9997554632666666,0
0.14141414,-2.21212121,0.9997307860666667,0
0.15151515,-2.21212121,0.9997044946,0
0.16161616,-2.21212121,0.9996761838666667,0
0.17171717,-2.21212121,0.9996453110666667,0
0.18181818,-2.21212121,0.9996111524666667,0
0.19191919,-2.21212121,0.999572751,0
0.2020202,-2.21212121,0.9995288500666667,0
0.21212121,-2.21212121,0.9994778084,0
0.22222222,-2.21212121,0.9994174985333333,0
0.23232323,-2.21212121,0.9993451756,0
0.24242424,-2.21212121,0.9992573183333333,0
0.25252525,-2.21212121,0.9991494334666666,0
0.26262626,-2.21212121,0.9990158138666667,0
0.27272727,-2.21212121,0.9988492434666666,0
0.28282828,-2.21212121,0.9986406393333334,0
0.29292929,-2.21212121,0.9983786153333333,0
0.3030303,-2.21212121,0.9980489569333334,0
0.31313131,-2.21212121,0.9976339893333334,0
0.32323232,-2.21212121,0.9971118215333333,0
0.33333333,-2.21212121,0.9964554483333333,0
0.34343434,-2.21212121,0.9956316881333334,0
0.35353535,-2.21212121,0.9945999392666667,0
0.36363636,-2.21212121,0.9933107317333333,0
0.37373737,-2.21212121,0.9917040618,0
0.38383838,-2.21212121,0.9897074984666666,0
0.39393939,-2.21212121,0.9872340609333333,0
0.4040404,-2.21212121,0.9841798866,0
0.41414141,-2.21212121,0.9804217232666667,0
0.42424242,-2.21212121,0.9758143229333334,0
0.43434343,-2.21212121,0.9701878430666667,0
0.44444444,-2.21212121,0.9633454284,0
0.45454545,-2.21212121,0.9550612014,0
0.46464646,-2.21212121,0.9450789709333334,0
0.47474747,-2.21212121,0.9331120498666666,0
0.48484848,-2.21212121,0.9188446469333333,0
0.49494949,-2.21212121,0.9019353604666667,0
0.50505051,-2.21212121,0.882023316,0
0.51515152,-2.21212121,0.8587374542666667,0
0.52525253,-2.21212121,0.8317093264666666,0
0.53535354,-2.21212121,0.8005894979333332,0
0.54545455,-2.21212121,0.7650672698,0
0.55555556,-2.21212121,0.7248929131333334,0
0.56565657,-2.21212121,0.6799010118666666,0
0.57575758,-2.21212121,0.6300329526,0
0.58585859,-2.21212121,0.5753561474000001,0
0.5959596,-2.21212121,0.5160774356666666,0
0.60606061,-2.21212121,0.4525483552666666,0
0.61616162,-2.21212121,0.385260666,0
0.62626263,-2.21212121,0.31483159666666666,0
0.63636364,-2.21212121,0.2419795959333333,0
0.64646465,-2.21212121,0.16749264486666668,0
0.65656566,-2.21212121,0.09219217666666675,0
0.66666667,-2.21212121,0.01689613259999993,0
0.67676768,-2.21212121,-0.05761540780000004,0
0.68686869,-2.21212121,-0.13062919906666667,0
0.6969697,-2.21212121,-0.20152054073333323,0
0.70707071,-2.21212121,-0.26976694939999996,0
0.71717172,-2.21212121,-0.33495400499999994,0
0.72727273,-2.21212121,-0.3967743574666666,0
0.73737374,-2.21212121,-0.4550213314666666,0
0.74747475,-2.21212121,-0.5095787475333334,0
0.75757576,-2.21212121,-0.5604085103333334,0
0.76767677,-2.21212121,-0.6075372957333335,0
0.77777778,-2.21212121,-0.6510433845999999,0
0.78787879,-2.21212121,-0.6910443673333334,0
0.7979798,-2.21212121,-0.7276861808,0
0.80808081,-2.21212121,-0.7611336930666667,0
0.81818182,-2.21212121,-0.7915628925333333,0
0.82828283,-2.21212121,-0.8191546087333333,0
0.83838384,-2.21212121,-0.8440896265333334,0
0.84848485,-2.21212121,-0.8665450147333332,0
0.85858586,-2.21212121,-0.8866914799333333,0
0.86868687,-2.21212121,-0.9046915634666667,0
0.87878788,-2.21212121,-0.9206985092000001,0
0.88888889,-2.21212121,-0.9348556587333333,0
0.8989899,-2.21212121,-0.9472962449333333,0
0.90909091,-2.21212121,-0.9581434834,0
0.91919192,-2.21212121,-0.9675108713333332,0
0.92929293,-2.21212121,-0.9755026347333334,0
0.93939394,-2.21212121,-0.9822142672666666,0
0.94949495,-2.21212121,-0.9877331196,0
0.95959596,-2.21212121,-0.9921390145999999,0
0.96969697,-2.21212121,-0.9955048633999999,0
0.97979798,-2.21212121,-0.9978972653333332,0
0.98989899,-2.21212121,-0.9993770856666666,0
1.0,-2.21212121,-0.9999773886666666,1
0.0,-2.15151515,1.0,0
0.01010101,-2.15151515,0.9999826596,0
0.02020202,-2.15151515,0.9999647858666666,0
0.03030303,-2.15151515,0.9999463587333334,0
0.04040404,-2.15151515,0.9999273568,0
0.05050505,-2.15151515,0.9999077568666666,0
0.06060606,-2.15151515,0.9998875317333333,0
0.07070707,-2.15151515,0.9998666507333334,0
0.08080808,-2.15151515,0.9998450740666667,0
0.09090909,-2.15151515,0.9998227522666667,0
0.1010101,-2.15151515,0.9997996190666667,0
0.11111111,-2.15151515,0.9997755856666667,0
0.12121212,-2.15151515,0.9997505318666666,0
0.13131313,-2.15151515,0.9997242937999999,0
0.14141414,-2.15151515,0.9996966484,0
0.15151515,-2.15151515,0.9996672933999999,0
0.16161616,-2.15151515,0.9996358222,0
0.17171717,-2.15151515,0.9996016904,0
0.18181818,-2.15151515,0.9995641732666667,0
0.19191919,-2.15151515,0.9995223146000001,0
0.2020202,-2.15151515,0.9994748588,0
0.21212121,-2.15151515,0.9994201688000001,0
0.22222222,-2.15151515,0.9993561213333334,0
0.23232323,-2.15151515,0.9992799804,0
0.24242424,-2.15151515,0.9991882363333333,0
0.25252525,-2.15151515,0.9990764109333333,0
0.26262626,-2.15151515,0.9989388170666668,0
0.27272727,-2.15151515,0.9987682652666667,0
0.28282828,-2.15151515,0.9985557049333333,0
0.29292929,-2.15151515,0.9982897907333333,0
0.3030303,-2.15151515,0.9979563578666666,0
0.31313131,-2.15151515,0.9975377915333333,0
0.32323232,-2.15151515,0.9970122722,0
0.33333333,-2.15151515,0.9963528784,0
0.34343434,-2.15151515,0.9955265259333332,0
0.35353535,-2.15151515,0.9944927227333334,0
0.36363636,-2.15151515,0.9932021217333332,0
0.37373737,-2.15151515,0.9915948536666667,0
0.38383838,-2.15151515,0.9895986295333333,0
0.39393939,-2.15151515,0.9871266149333334,0
0.4040404,-2.15151515,0.9840750890666666,0
0.41414141,-2.15151515,0.9803209285333333,0
0.42424242,-2.15151515,0.9757189866666667,0
0.43434343,-2.15151515,0.9700994784,0
0.44444444,-2.15151515,0.9632655408666667,0
0.45454545,-2.15151515,0.9549911994666667,0
0.46464646,-2.15151515,0.9450200507333334,0
0.47474747,-2.15151515,0.9330650530666666,0
0.48484848,-2.15151515,0.9188098947333333,0
0.49494949,-2.15151515,0.9019124709999999,0
0.50505051,-2.15151515,0.8820110212,0
0.51515152,-2.15151515,0.8587334332,0
0.52525253,-2.15151515,0.8317100836666667,0
0.53535354,-2.15151515,0.8005903184666667,0
0.54545455,-2.15151515,0.7650622840666667,0
0.55555556,-2.15151515,0.7248752978666666,0
0.56565657,-2.15151515,0.6798633457333334,0
0.57575758,-2.15151515,0.6299677196666666,0
0.58585859,-2.15151515,0.5752563583333333,0
0.5959596,-2.15151515,0.5159373098666667,0
0.60606061,-2.15151515,0.4523639799333334,0
0.61616162,-2.15151515,0.38503054246666674,0
0.62626263,-2.15151515,0.31455698726666664,0
0.63636364,-2.15151515,0.24166461266666664,0
0.64646465,-2.15151515,0.16714405480000002,0
0.65656566,-2.15151515,0.09181894859999995,0
0.66666667,-2.15151515,0.016508785733333326,0
0.67676768,-2.15151515,-0.05800556613333333,0
0.68686869,-2.15151515,-0.13101085006666668,0
0.6969697,-2.15151515,-0.2018830600666667,0
0.70707071,-2.15151515,-0.27010097726666665,0
0.71717172,-2.15151515,-0.3352518464666667,0
0.72727273,-2.15151515,-0.3970302046666668,0
0.73737374,-2.15151515,-0.45523132186666665,0
0.74747475,-2.15151515,-0.5097408890666667,0
0.75757576,-2.15151515,-0.5605225062,0
0.76767677,-2.15151515,-0.6076043106666666,0
0.77777778,-2.15151515,-0.6510657788666666,0
0.78787879,-2.15151515,-0.6910254282,0
0.7979798,-2.15151515,-0.727629869,0
0.80808081,-2.15151515,-0.7610444152666667,0
0.81818182,-2.15151515,-0.7914453076,0
0.82828283,-2.15151515,-0.8190134684666667,0
0.83838384,-2.15151515,-0.8439296498000001,0
0.84848485,-2.15151515,-0.8663707941333333,0
0.85858586,-2.15151515,-0.8865074139333332,0
0.86868687,-2.15151515,-0.9045018117333334,0
0.87878788,-2.15151515,-0.9205069669333333,0
0.88888889,-2.15151515,-0.9346659446000001,0
0.8989899,-2.15151515,-0.9471117008666666,0
0.90909091,-2.15151515,-0.9579671817333333,0
0.91919192,-2.15151515,-0.9673456284,0
0.92929293,-2.15151515,-0.9753510280000001,0
0.93939394,-2.15151515,-0.9820786533333333,0
0.94949495,-2.15151515,-0.9876156552666666,0
0.95959596,-2.15151515,-0.9920416771999999,0
0.96969697,-2.15151515,-0.9954294692,0
0.97979798,-2.15151515,-0.9978454888,0
0.98989899,-2.15151515,-0.9993504767333333,0
1.0,-2.15151515,-0.9988414916,1
0.0,-2.09090909,1.0,0
0.01010101,-2.09090909,0.9999804253333333,0
0.02020202,-2.09090909,0.9999602489333334,0
0.03030303,-2.09090909,0.9999394484666667,0
0.04040404,-2.09090909,0.9999179998666667,0
0.05050505,-2.09090909,0.9998958766666667,0
0.06060606,-2.09090909,0.9998730496,0
0.07070707,-2.09090909,0.9998494840666666,0
0.08080808,-2.09090909,0.9998251378666667,0
0.09090909,-2.09090909,0.9997999578666666,0
0.1010101,-2.09090909,0.9997738747999999,0
0.11111111,-2.09090909,0.9997467966,0
0.12121212,-2.09090909,0.9997185996,0
0.13131313,-2.09090909,0.9996891166666666,0
0.14141414,-2.09090909,0.9996581218666666,0
0.15151515,-2.09090909,0.9996253102666667,0
0.16161616,-2.09090909,0.9995902729999999,0
0.17171717,-2.09090909,0.9995524636,0
0.18181818,-2.09090909,0.9995111569333334,0
0.19191919,-2.09090909,0.9994653968666667,0
0.2020202,-2.09090909,0.9994139296666666,0
0.21212121,-2.09090909,0.9993551215333334,0
0.22222222,-2.09090909,0.9992868562,0
0.23232323,-2.09090909,0.9992064056666666,0
0.24242424,-2.09090909,0.9991102734,0
0.25252525,-2.09090909,0.9989939984,0
0.26262626,-2.09090909,0.9988519163333334,0
0.27272727,-2.09090909,0.9986768666,0
0.28282828,-2.09090909,0.9984598352,0
0.29292929,-2.09090909,0.9981895224666667,0
0.3030303,-2.09090909,0.9978518197333334,0
0.31313131,-2.09090909,0.997429179,0
0.32323232,-2.09090909,0.9968998615333333,0
0.33333333,-2.09090909,0.9962370396,0
0.34343434,-2.09090909,0.9954077379333334,0
0.35353535,-2.09090909,0.9943715881333334,0
0.36363636,-2.09090909,0.9930793818666667,0
0.37373737,-2.09090909,0.9914714008666666,0
0.38383838,-2.09090909,0.9894755167333333,0
0.39393939,-2.09090909,0.9870050598,0
0.4040404,-2.09090909,0.9839564702666667,0
0.41414141,-2.09090909,0.9802067704666667,0
0.42424242,-2.09090909,0.9756109289333333,0
0.43434343,-2.09090909,0.9699992277333334,0
0.44444444,-2.09090909,0.9631747970666668,0
0.45454545,-2.09090909,0.9549115562,0
0.46464646,-2.09090909,0.9449528650000001,0
0.47474747,-2.09090909,0.9330112853333333,0
0.48484848,-2.09090909,0.9187699216666667,0
0.49494949,-2.09090909,0.9018858805333333,0
0.50505051,-2.09090909,0.8819964037333333,0
0.51515152,-2.09090909,0.8587281938666667,0
0.52525253,-2.09090909,0.8317103036,0
0.53535354,-2.09090909,0.800590703,0
0.54545455,-2.09090909,0.7650562348666666,0
0.55555556,-2.09090909,0.7248551388666666,0
0.56565657,-2.09090909,0.679820725,0
0.57575758,-2.09090909,0.6298941768,0
0.58585859,-2.09090909,0.5751440281333333,0
0.5959596,-2.09090909,0.5157796906666666,0
0.60606061,-2.09090909,0.45215667973333334,0
0.61616162,-2.09090909,0.3847718943333333,0
0.62626263,-2.09090909,0.3142484406,0
0.63636364,-2.09090909,0.24131082780000002,0
0.64646465,-2.09090909,0.1667526826,0
0.65656566,-2.09090909,0.09140011313333334,0
0.66666667,-2.09090909,0.01607434699999999,0
0.67676768,-2.09090909,-0.058442873466666656,0
0.68686869,-2.09090909,-0.13143829393333326,0
0.6969697,-2.09090909,-0.2022887044,0
0.70707071,-2.09090909,-0.27047432199999993,0
0.71717172,-2.09090909,-0.33558427533333335,0
0.72727273,-2.09090909,-0.39731523040000005,0
0.73737374,-2.09090909,-0.4554646494666667,0
0.74747475,-2.09090909,-0.5099203262666666,0
0.75757576,-2.09090909,-0.5606477658666665,0
0.76767677,-2.09090909,-0.607676744,0
0.77777778,-2.09090909,-0.6510880762666666,0
0.78787879,-2.09090909,-0.6910013167333332,0
0.7979798,-2.09090909,-0.7275638265999999,0
0.80808081,-2.09090909,-0.7609414162666667,0
0.81818182,-2.09090909,-0.7913106048666667,0
0.82828283,-2.09090909,-0.8188524146666668,0
0.83838384,-2.09090909,-0.8437475583999999,0
0.84848485,-2.09090909,-0.8661728325999999,0
0.85858586,-2.09090909,-0.8862985302666666,0
0.86868687,-2.09090909,-0.9042866839333334,0
0.87878788,-2.09090909,-0.9202899737333334,0
0.88888889,-2.09090909,-0.9344511536666668,0
0.8989899,-2.09090909,-0.9469028682666666,0
0.90909091,-2.09090909,-0.9577677598666666,0
0.91919192,-2.09090909,-0.9671587822,0
0.92929293,-2.09090909,-0.9751796527333334,0
0.93939394,-2.09090909,-0.9819253970666667,0
0.94949495,-2.09090909,-0.9874829408666667,0
0.95959596,-2.09090909,-0.9919317252666667,0
0.96969697,-2.09090909,-0.9953443197333333,0
0.97979798,-2.09090909,-0.9977870227333333,0
0.98989899,-2.09090909,-0.9993204347333332,0
1.0,-2.09090909,-0.9999958729333334,1
0.0,-2.03030303,1.0,0
0.01010101,-2.03030303,0.9999779030666667,0
0.02020202,-2.03030303,0.9999551277333333,0
0.03030303,-2.03030303,0.9999316484666666,0
0.04040404,-2.03030303,0.9999074381333334,0
0.05050505,-2.03030303,0.9998824673333334,0
0.06060606,-2.03030303,0.9998567034666667,0
0.07070707,-2.03030303,0.9998301086,0
0.08080808,-2.03030303,0.9998026368666666,0
0.09090909,-2.03030303,0.9997742316666667,0
0.1010101,-2.03030303,0.9997448198,0
0.11111111,-2.03030303,0.9997143057333333,0
0.12121212,-2.03030303,0.9996825618666667,0
0.13131313,-2.03030303,0.9996494178,0
0.14141414,-2.03030303,0.9996146436000001,0
0.15151515,-2.03030303,0.9995779320666667,0
0.16161616,-2.03030303,0.999538871,0
0.17171717,-2.03030303,0.9994969121333332,0
0.18181818,-2.03030303,0.9994513294666667,0
0.19191919,-2.03030303,0.9994011669999999,0
0.2020202,-2.03030303,0.999345173,0
0.21212121,-2.03030303,0.9992817178666666,0
0.22222222,-2.03030303,0.9992086915333334,0
0.23232323,-2.03030303,0.9991233765333333,0
0.24242424,-2.03030303,0.9990222903333333,0
0.25252525,-2.03030303,0.9989009910666666,0
0.26262626,-2.03030303,0.9987538397333334,0
0.27272727,-2.03030303,0.9985737080666667,0
0.28282828,-2.03030303,0.9983516233333333,0
0.29292929,-2.03030303,0.9980763368666667,0
0.3030303,-2.03030303,0.9977338024,0
0.31313131,-2.03030303,0.9973065475999999,0
0.32323232,-2.03030303,0.9967729234,0
0.33333333,-2.03030303,0.9961062081333333,0
0.34343434,-2.03030303,0.9952735482,0
0.35353535,-2.03030303,0.9942347152666667,0
0.36363636,-2.03030303,0.9929406560666666,0
0.37373737,-2.03030303,0.9913318225333333,0
0.38383838,-2.03030303,0.9893362675333334,0
0.39393939,-2.03030303,0.9868675076,0
0.4040404,-2.03030303,0.9838221644,0
0.41414141,-2.03030303,0.9800774262666667,0
0.42424242,-2.03030303,0.9754883935333333,0
0.43434343,-2.03030303,0.9698854252666667,0
0.44444444,-2.03030303,0.9630716471999999,0
0.45454545,-2.03030303,0.9548208619999999,0
0.46464646,-2.03030303,0.9448761672,0
0.47474747,-2.03030303,0.9329496810666666,0
0.48484848,-2.03030303,0.9187238547333333,0
0.49494949,-2.03030303,0.9018549088,0
0.50505051,-2.03030303,0.8819789640666668,0
0.51515152,-2.03030303,0.8587213886666667,0
0.52525253,-2.03030303,0.8317097434,0
0.53535354,-2.03030303,0.8005904468666667,0
0.54545455,-2.03030303,0.7650488692666666,0
0.55555556,-2.03030303,0.7248320331333333,0
0.56565657,-2.03030303,0.6797724830666667,0
0.57575758,-2.03030303,0.6298112795333333,0
0.58585859,-2.03030303,0.5750176267333332,0
0.5959596,-2.03030303,0.515602477,0
0.60606061,-2.03030303,0.45192372779999995,0
0.61616162,-2.03030303,0.3844813543333333,0
0.62626263,-2.03030303,0.3139019781333333,0
0.63636364,-2.03030303,0.2409137291333333,0
0.64646465,-2.03030303,0.1663135976,0
0.65656566,-2.03030303,0.09093047033333335,0
0.66666667,-2.03030303,0.015587515666666607,0
0.67676768,-2.03030303,-0.0589325570666667,0
0.68686869,-2.03030303,-0.13191651440000007,0
0.6969697,-2.03030303,-0.20274206053333343,0
0.70707071,-2.03030303,-0.2708910447333333,0
0.71717172,-2.03030303,-0.3359547269333334,0
0.72727273,-2.03030303,-0.3976321762666668,0
0.73737374,-2.03030303,-0.4557233223999999,0
0.74747475,-2.03030303,-0.5101183240666666,0
0.75757576,-2.03030303,-0.5607848243333332,0
0.76767677,-2.03030303,-0.6077544344666668,0
0.77777778,-2.03030303,-0.6511094682666666,0
0.78787879,-2.03030303,-0.690970638,0
0.7979798,-2.03030303,-0.7274861408000001,0
0.80808081,-2.03030303,-0.7608223380000001,0
0.81818182,-2.03030303,-0.7911560550666666,0
0.82828283,-2.03030303,-0.8186684226,0
0.83838384,-2.03030303,-0.8435401036,0
0.84848485,-2.03030303,-0.8659477284666667,0
0.85858586,-2.03030303,-0.8860613394,0
0.86868687,-2.03030303,-0.9040426643333334,0
0.87878788,-2.03030303,-0.9200440459999999,0
0.88888889,-2.03030303,-0.9342078876666666,0
0.8989899,-2.03030303,-0.9466664827333333,0
0.90909091,-2.03030303,-0.9575421324666668,0
0.91919192,-2.03030303,-0.9669474667333334,0
0.92929293,-2.03030303,-0.9749859002000001,0
0.93939394,-2.03030303,-0.9817521804666666,0
0.94949495,-2.03030303,-0.9873329808666667,0
0.95959596,-2.03030303,-0.9918075141999999,0
0.96969697,-2.03030303,-0.9952481479333333,0
0.97979798,-2.03030303,-0.9977210009333334,0
0.98989899,-2.03030303,-0.9992865159333333,0
1.0,-2.03030303,-0.9999999905333333,1
0.0,-1.96969697,1.0,0
0.01010101,-1.96969697,0.999975056,0
0.02020202,-1.96969697,0.9999493469333333,0
0.03030303,-1.96969697,0.9999228439333333,0
0.04040404,-1.96969697,0.9998955166666667,0
0.05050505,-1.96969697,0.9998673321333335,0
0.06060606,-1.96969697,0.9998382538666667,0
0.07070707,-1.96969697,0.9998082403333333,0
0.08080808,-1.96969697,0.9997772416,0
0.09090909,-1.96969697,0.9997451969333333,0
0.1010101,-1.96969697,0.9997120291333333,0
0.11111111,-1.96969697,0.9996776383999999,0
0.12121212,-1.96969697,0.9996418927333333,0
0.13131313,-1.96969697,0.9996046175333333,0
0.14141414,-1.96969697,0.9995655795333334,0
0.15151515,-1.96969697,0.9995244674666667,0
0.16161616,-1.96969697,0.9994808662,0
0.17171717,-1.96969697,0.9994342258666667,0
0.18181818,-1.96969697,0.9993838185999999,0
0.19191919,-1.96969697,0.9993286888,0
0.2020202,-1.96969697,0.9992675867999999,0
0.21212121,-1.96969697,0.9991988873333333,0
0.22222222,-1.96969697,0.9991204878666667,0
0.23232323,-1.96969697,0.9990296819333333,0
0.24242424,-1.96969697,0.9989230028666667,0
0.25252525,-1.96969697,0.9987960300666666,0
0.26262626,-1.96969697,0.9986431529333334,0
0.27272727,-1.96969697,0.9984572791333334,0
0.28282828,-1.96969697,0.9982294819333333,0
0.29292929,-1.96969697,0.9979485699999999,0
0.3030303,-1.96969697,0.9976005666666667,0
0.31313131,-1.96969697,0.9971680843333333,0
0.32323232,-1.96969697,0.9966295747333334,0
0.33333333,-1.96969697,0.9959584344666667,0
0.34343434,-1.96969697,0.9951219473999999,0
0.35353535,-1.96969697,0.9940800418,0
0.36363636,-1.96969697,0.9927838389333333,0
0.37373737,-1.96969697,0.9911739829999999,0
0.38383838,-1.96969697,0.9891787306000001,0
0.39393939,-1.96969697,0.986711808,0
0.4040404,-1.96969697,0.9836700436,0
0.41414141,-1.96969697,0.9799308128666667,0
0.42424242,-1.96969697,0.9753493675333333,0
0.43434343,-1.96969697,0.9697561558666666,0
0.44444444,-1.96969697,0.9629543022666667,0
0.45454545,-1.96969697,0.9547174822,0
0.46464646,-1.96969697,0.9447885019333333,0
0.47474747,-1.96969697,0.9328789858666667,0
0.48484848,-1.96969697,0.9186706537333333,0
0.49494949,-1.96969697,0.9018187324,0
0.50505051,-1.96969697,0.8819580838,0
0.51515152,-1.96969697,0.8587125736000001,0
0.52525253,-1.96969697,0.8317080823333333,0
0.53535354,-1.96969697,0.8005892786666666,0
0.54545455,-1.96969697,0.7650398700666666,0
0.55555556,-1.96969697,0.7248055043333334,0
0.56565657,-1.96969697,0.6797178588,0
0.57575758,-1.96969697,0.6297178538,0
0.58585859,-1.96969697,0.5748754497999999,0
0.5959596,-1.96969697,0.5154033387999999,0
0.60606061,-1.96969697,0.45166210726666667,0
0.61616162,-1.96969697,0.3841552047333333,0
0.62626263,-1.96969697,0.31351321726666664,0
0.63636364,-1.96969697,0.24046835486666665,0
0.64646465,-1.96969697,0.1658213923333334,0
0.65656566,-1.96969697,0.09040433333333338,0
0.66666667,-1.96969697,0.015042514133333351,0
0.67676768,-1.96969697,-0.0594802892666666,0
0.68686869,-1.96969697,-0.13245089073333335,0
0.6969697,-1.96969697,-0.20324804653333342,0
0.70707071,-1.96969697,-0.2713554618,0
0.71717172,-1.96969697,-0.33636680820000003,0
0.72727273,-1.96969697,-0.39798386613333325,0
0.73737374,-1.96969697,-0.4560093439999999,0
0.74747475,-1.96969697,-0.5103360559333333,0
0.75757576,-1.96969697,-0.5609340437999999,0
0.76767677,-1.96969697,-0.607836974,0
0.77777778,-1.96969697,-0.6511288341333333,0
0.78787879,-1.96969697,-0.6909316267333333,0
0.7979798,-1.96969697,-0.7273944797333335,0
0.80808081,-1.96969697,-0.7606843640666667,0
0.81818182,-1.96969697,-0.790978442,0
0.82828283,-1.96969697,-0.8184579582666667,0
0.83838384,-1.96969697,-0.8433035150666666,0
0.84848485,-1.96969697,-0.8656915515333333,0
0.85858586,-1.96969697,-0.8857918262000001,0
0.86868687,-1.96969697,-0.9037657206666666,0
0.87878788,-1.96969697,-0.9197651985333334,0
0.88888889,-1.96969697,-0.9339322669333333,0
0.8989899,-1.96969697,-0.9463988242,0
0.90909091,-1.96969697,-0.9572867886666667,0
0.91919192,-1.96969697,-0.9667084249999999,0
0.92929293,-1.96969697,-0.9747668095333334,0
0.93939394,-1.96969697,-0.9815563764666666,0
0.94949495,-1.96969697,-0.9871635150666668,0
0.95959596,-1.96969697,-0.9916671830000001,0
0.96969697,-1.96969697,-0.9951395200666667,0
0.97979798,-1.96969697,-0.9976464436,0
0.98989899,-1.96969697,-0.9992482195999999,0
1.0,-1.96969697,-0.9999324685333333,1
0.0,-1.90909091,1.0,0
0.01010101,-1.90909091,0.999971842,0
0.02020202,-1.90909091,0.9999428214666667,0
0.03030303,-1.90909091,0.9999129056666667,0
0.04040404,-1.90909091,0.9998820605333334,0
0.05050505,-1.90909091,0.9998502490666666,0
0.06060606,-1.90909091,0.9998174306666667,0
0.07070707,-1.90909091,0.9997835592666666,0
0.08080808,-1.90909091,0.9997485806,0
0.09090909,-1.90909091,0.9997124294666667,0
0.1010101,-1.90909091,0.9996750236,0
0.11111111,-1.90909091,0.9996362586,0
0.12121212,-1.90909091,0.9995959979333334,0
0.13131313,-1.90909091,0.9995540621333334,0
0.14141414,-1.90909091,0.9995102137333334,0
0.15151515,-1.90909091,0.9994641370666667,0
0.16161616,-1.90909091,0.9994154139333333,0
0.17171717,-1.90909091,0.9993634914666667,0
0.18181818,-1.90909091,0.9993076408666667,0
0.19191919,-1.90909091,0.9992469064666667,0
0.2020202,-1.90909091,0.9991800408666667,0
0.21212121,-1.90909091,0.9991054233333333,0
0.22222222,-1.90909091,0.9990209598666667,0
0.23232323,-1.90909091,0.9989239562000001,0
0.24242424,-1.90909091,0.9988109629333333,0
0.25252525,-1.90909091,0.9986775833333332,0
0.26262626,-1.90909091,0.9985182380666667,0
0.27272727,-1.90909091,0.9983258754666666,0
0.28282828,-1.90909091,0.9980916200666666,0
0.29292929,-1.90909091,0.9978043438666666,0
0.3030303,-1.90909091,0.9974501486666667,0
0.31313131,-1.90909091,0.9970117413333334,0
0.32323232,-1.90909091,0.9964676865333333,0
0.33333333,-1.90909091,0.9957915134666666,0
0.34343434,-1.90909091,0.9949506603999999,0
0.35353535,-1.90909091,0.9939052307999999,0
0.36363636,-1.90909091,0.992606543,0
0.37373737,-1.90909091,0.9909954564666666,0
0.38383838,-1.90909091,0.9890004579333334,0
0.39393939,-1.90909091,0.9865355112666666,0
0.4040404,-1.90909091,0.9834976774,0
0.41414141,-1.90909091,0.9797645455333334,0
0.42424242,-1.90909091,0.9751915398000001,0
0.43434343,-1.90909091,0.9696092126666667,0
0.44444444,-1.90909091,0.9628206917333334,0
0.45454545,-1.90909091,0.9545995144666666,0
0.46464646,-1.90909091,0.9446881652,0
0.47474747,-1.90909091,0.9327977186666667,0
0.48484848,-1.90909091,0.9186090765333333,0
0.49494949,-1.90909091,0.9017763532666666,0
0.50505051,-1.90909091,0.8819329960000001,0
0.51515152,-1.90909091,0.8587011818666667,0
0.52525253,-1.90909091,0.8317048983333334,0
0.53535354,-1.90909091,0.8005868404,0
0.54545455,-1.90909091,0.7650288390000001,0
0.55555556,-1.90909091,0.7247749873333333,0
0.56565657,-1.90909091,0.6796559825333333,0
0.57575758,-1.90909091,0.6296125834666667,0
0.58585859,-1.90909091,0.5747156030666667,0
0.5959596,-1.90909091,0.5151796978000001,0
0.60606061,-1.90909091,0.4513684918,0
0.61616162,-1.90909091,0.3837893552,0
0.62626263,-1.90909091,0.3130773470666667,0
0.63636364,-1.90909091,0.2399692726666666,0
0.64646465,-1.90909091,0.16527016246666662,0
0.65656566,-1.90909091,0.08981551453333336,0
0.66666667,-1.90909091,0.014433083133333285,0
0.67676768,-1.90909091,-0.060092184000000014,0
0.68686869,-1.90909091,-0.1330471844,0
0.6969697,-1.90909091,-0.20381188633333328,0
0.70707071,-1.90909091,-0.27187210706666654,0
0.71717172,-1.90909091,-0.3368242476666667,0
0.72727273,-1.90909091,-0.3983731478666667,0
0.73737374,-1.90909091,-0.45632464199999995,0
0.74747475,-1.90909091,-0.5105745270666667,0
0.75757576,-1.90909091,-0.5610955309333333,0
0.76767677,-1.90909091,-0.6079236184666668,0
0.77777778,-1.90909091,-0.6511446456666665,0
0.78787879,-1.90909091,-0.690882051,0
0.7979798,-1.90909091,-0.7272859952,0
0.80808081,-1.90909091,-0.7605241225333333,0
0.81818182,-1.90909091,-0.7907739634,0
0.82828283,-1.90909091,-0.8182168819333334,0
0.83838384,-1.90909091,-0.8430334062666668,0
0.84848485,-1.90909091,-0.8653997546666666,0
0.85858586,-1.90909091,-0.8854853626,0
0.86868687,-1.90909091,-0.9034512216666666,0
0.87878788,-1.90909091,-0.9194488656666667,0
0.88888889,-1.90909091,-0.9336198567999999,0
0.8989899,-1.90909091,-0.9460956492000001,0
0.90909091,-1.90909091,-0.9569977298666668,0
0.91919192,-1.90909091,-0.9664379548666667,0
0.92929293,-1.90909091,-0.9745190180666666,0
0.93939394,-1.90909091,-0.9813350038666666,0
0.94949495,-1.90909091,-0.9869719821333335,0
0.95959596,-1.90909091,-0.9915086241333334,0
0.96969697,-1.90909091,-0.9950168143333334,0
0.97979798,-1.90909091,-0.9975622436666667,0
0.98989899,-1.90909091,-0.9992049794000001,0
1.0,-1.90909091,-0.916673806,1
0.0,-1.84848485,1.0,0
0.01010101,-1.84848485,0.9999682141333334,0
0.02020202,-1.84848485,0.9999354556,0
0.03030303,-1.84848485,0.9999016880666667,0
0.04040404,-1.84848485,0.9998668725333333,0
0.05050505,-1.84848485,0.999830968,0
0.06060606,-1.84848485,0.9997939288,0
0.07070707,-1.84848485,0.9997557042666667,0
0.08080808,-1.84848485,0.9997162350000001,0
0.09090909,-1.84848485,0.9996754501333334,0
0.1010101,-1.84848485,0.9996332628,0
0.11111111,-1.84848485,0.9995895628666667,0
0.12121212,-1.84848485,0.9995442083999999,0
0.13131313,-1.84848485,0.9994970148,0
0.14141414,-1.84848485,0.9994477394000001,0
0.15151515,-1.84848485,0.9993960620666666,0
0.16161616,-1.84848485,0.9993415608666667,0
0.17171717,-1.84848485,0.9992836796,0
0.18181818,-1.84848485,0.999221688,0
0.19191919,-1.84848485,0.9991546304,0
0.2020202,-1.84848485,0.9990812614666666,0
0.21212121,-1.84848485,0.9989999662000001,0
0.22222222,-1.84848485,0.998908659,0
0.23232323,-1.84848485,0.9988046595333334,0
0.24242424,-1.84848485,0.9986845375333333,0
0.25252525,-1.84848485,0.9985439227333334,0
0.26262626,-1.84848485,0.9983772705999999,0
0.27272727,-1.84848485,0.9981775746666667,0
0.28282828,-1.84848485,0.9979360161333333,0
0.29292929,-1.84848485,0.9976415383333334,0
0.3030303,-1.84848485,0.9972803302000001,0
0.31313131,-1.84848485,0.9968352046,0
0.32323232,-1.84848485,0.9962848517999999,0
0.33333333,-1.84848485,0.9956029504,0
0.34343434,-1.84848485,0.9947571107333333,0
0.35353535,-1.84848485,0.9937076334,0
0.36363636,-1.84848485,0.9924060577333333,0
0.37373737,-1.84848485,0.9907934858666667,0
0.38383838,-1.84848485,0.9887986636666667,0
0.39393939,-1.84848485,0.9863358225333334,0
0.4040404,-1.84848485,0.9833022874,0
0.41414141,-1.84848485,0.9795758901333333,0
0.42424242,-1.84848485,0.9750122522666667,0
0.43434343,-1.84848485,0.9694420486666666,0
0.44444444,-1.84848485,0.9626684156,0
0.45454545,-1.84848485,0.9544647419333334,0
0.46464646,-1.84848485,0.9445731573333334,0
0.47474747,-1.84848485,0.9327041253333334,0
0.48484848,-1.84848485,0.9185376356,0
0.49494949,-1.84848485,0.9017265565333333,0
0.50505051,-1.84848485,0.8819027486666666,0
0.51515152,-1.84848485,0.8586864904666667,0
0.52525253,-1.84848485,0.8316996386000001,0
0.53535354,-1.84848485,0.8005826624,0
0.54545455,-1.84848485,0.7650152746,0
0.55555556,-1.84848485,0.7247398108666666,0
0.56565657,-1.84848485,0.6795858585333334,0
0.57575758,-1.84848485,0.6294939915333333,0
0.58585859,-1.84848485,0.5745359842666667,0
0.5959596,-1.84848485,0.5149287106666667,0
0.60606061,-1.84848485,0.45103922500000004,0
0.61616162,-1.84848485,0.38337932346666664,0
0.62626263,-1.84848485,0.31258910953333335,0
0.63636364,-1.84848485,0.2394105634,0
0.64646465,-1.84848485,0.1646534978666666,0
0.65656566,-1.84848485,0.08915732486666665,0
0.66666667,-1.84848485,0.013752489466666667,0
0.67676768,-1.84848485,-0.060774777,0
0.68686869,-1.84848485,-0.13371150519999989,0
0.6969697,-1.84848485,-0.20443906266666664,0
0.70707071,-1.84848485,-0.27244567160000005,0
0.71717172,-1.84848485,-0.33733082353333327,0
0.72727273,-1.84848485,-0.39880280799999995,0
0.73737374,-1.84848485,-0.4566709759333334,0
0.74747475,-1.84848485,-0.5108344694666668,0
0.75757576,-1.84848485,-0.5612690246666666,0
0.76767677,-1.84848485,-0.6080131724,0
0.77777778,-1.84848485,-0.6511548499333333,0
0.78787879,-1.84848485,-0.6908190921333334,0
0.7979798,-1.84848485,-0.7271572019333333,0
0.80808081,-1.84848485,-0.7603375652666666,0
0.81818182,-1.84848485,-0.7905381135333333,0
0.82828283,-1.84848485,-0.8179403341333334,0
0.83838384,-1.84848485,-0.8427246629333333,0
0.84848485,-1.84848485,-0.8650670643333335,0
0.85858586,-1.84848485,-0.8851366063333332,0
0.86868687,-1.84848485,-0.9030938384666668,0
0.87878788,-1.84848485,-0.9190898108666666,0
0.88888889,-1.84848485,-0.933265584,0
0.8989899,-1.84848485,-0.9457521129333333,0
0.90909091,-1.84848485,-0.9566703998666666,0
0.91919192,-1.84848485,-0.9661318418666666,0
0.92929293,-1.84848485,-0.974238705,0
0.93939394,-1.84848485,-0.9810846796666667,0
0.94949495,-1.84848485,-0.9867554786,0
0.95959596,-1.84848485,-0.9913294514666666,0
0.96969697,-1.84848485,-0.9948781960666667,0
0.97979798,-1.84848485,-0.9974671495999999,0
0.98989899,-1.84848485,-0.9991561564,0
1.0,-1.84848485,-0.9987453012,1
0.0,-1.78787879,1.0,0
0.01010101,-1.78787879,0.9999641188,0
0.02020202,-1.78787879,0.9999271413333334,0
0.03030303,-1.78787879,0.9998890262,0
0.04040404,-1.78787879,0.99984973,0
0.05050505,-1.78787879,0.9998092062666667,0
0.06060606,-1.78787879,0.9997674042666667,0
0.07070707,-1.78787879,0.9997242677333333,0
0.08080808,-1.78787879,0.9996797314666667,0
0.09090909,-1.78787879,0.9996337190666666,0
0.1010101,-1.78787879,0.9995861372666667,0
0.11111111,-1.78787879,0.9995368699333333,0
0.12121212,-1.78787879,0.9994857692,0
0.13131313,-1.78787879,0.9994326443333332,0
0.14141414,-1.78787879,0.9993772470666666,0
0.15151515,-1.78787879,0.9993192522,0
0.16161616,-1.78787879,0.9992582330666666,0
0.17171717,-1.78787879,0.9991936299333334,0
0.18181818,-1.78787879,0.9991247106666667,0
0.19191919,-1.78787879,0.9990505194666667,0
0.2020202,-1.78787879,0.9989698134666667,0
0.21212121,-1.78787879,0.9988809830666666,0
0.22222222,-1.78787879,0.9987819526666666,0
0.23232323,-1.78787879,0.9986700566000001,0
0.24242424,-1.78787879,0.9985418863333333,0
0.25252525,-1.78787879,0.9983931006666668,0
0.26262626,-1.78787879,0.9982181933333334,0
0.27272727,-1.78787879,0.9980102080666667,0
0.28282828,-1.78787879,0.9977603897333334,0
0.29292929,-1.78787879,0.9974577605999999,0
0.3030303,-1.78787879,0.9970886066666667,0
0.31313131,-1.78787879,0.9966358591333333,0
0.32323232,-1.78787879,0.9960783493333333,0
0.33333333,-1.78787879,0.9953899215333333,0
0.34343434,-1.78787879,0.9945383796666667,0
0.35353535,-1.78787879,0.9934842453333332,0
0.36363636,-1.78787879,0.9921793056666667,0
0.37373737,-1.78787879,0.9905649354666667,0
0.38383838,-1.78787879,0.9885701728,0
0.39393939,-1.78787879,0.9861095508666666,0
0.4040404,-1.78787879,0.9830806934666666,0
0.41414141,-1.78787879,0.9793617088,0
0.42424242,-1.78787879,0.9748084445999999,0
0.43434343,-1.78787879,0.9692517188666667,0
0.44444444,-1.78787879,0.9624946848666666,0
0.45454545,-1.78787879,0.9543105728666667,0
0.46464646,-1.78787879,0.9444411231333333,0
0.47474747,-1.78787879,0.9325961220000001,0
0.48484848,-1.78787879,0.9184545423333333,0
0.49494949,-1.78787879,0.9016678600666667,0
0.50505051,-1.78787879,0.8818661566,0
0.51515152,-1.78787879,0.8586675777999999,0
0.52525253,-1.78787879,0.8316915821333333,0
0.53535354,-1.78787879,0.8005761305333333,0
0.54545455,-1.78787879,0.7649985444,0
0.55555556,-1.78787879,0.7246991725999999,0
0.56565657,-1.78787879,0.6795063452,0
0.57575758,-1.78787879,0.6293604239999999,0
0.58585859,-1.78787879,0.5743342667999999,0
0.5959596,-1.78787879,0.5146472512666668,0
0.60606061,-1.78787879,0.45067030560000004,0
0.61616162,-1.78787879,0.3829202210666666,0
0.62626263,-1.78787879,0.3120427892666666,0
0.63636364,-1.78787879,0.23878581606666668,0
0.64646465,-1.78787879,0.16396448480000003,0
0.65656566,-1.78787879,0.0884225848666667,0
0.66666667,-1.78787879,0.012993552466666669,0
0.67676768,-1.78787879,-0.06153498439999994,0
0.68686869,-1.78787879,-0.13445025366666666,0
0.6969697,-1.78787879,-0.2051352429333333,0
0.70707071,-1.78787879,-0.27308091360000003,0
0.71717172,-1.78787879,-0.33789025739999995,0
0.72727273,-1.78787879,-0.39927545439999995,0
0.73737374,-1.78787879,-0.4570498067999999,0
0.74747475,-1.78787879,-0.5111162077333334,0
0.75757576,-1.78787879,-0.5614537550666666,0
0.76767677,-1.78787879,-0.6081038419999999,0
0.77777778,-1.78787879,-0.6511567201999999,0
0.78787879,-1.78787879,-0.6907391941333334,0
0.7979798,-1.78787879,-0.7270038283999999,0
0.80808081,-1.78787879,-0.7601198221333334,0
0.81818182,-1.78787879,-0.79026554,0
0.82828283,-1.78787879,-0.8176225954,0
0.83838384,-1.78787879,-0.8423713095333334,0
0.84848485,-1.78787879,-0.8646873541333333,0
0.85858586,-1.78787879,-0.8847393784666667,0
0.86868687,-1.78787879,-0.9026874324666666,0
0.87878788,-1.78787879,-0.9186820198,0
0.88888889,-1.78787879,-0.9328636374,0
0.8989899,-1.78787879,-0.9453626781333334,0
0.90909091,-1.78787879,-0.9562996013333332,0
0.91919192,-1.78787879,-0.9657852888666666,0
0.92929293,-1.78787879,-0.9739215264666667,0
0.93939394,-1.78787879,-0.9808015633999999,0
0.94949495,-1.78787879,-0.9865107117333334,0
0.95959596,-1.78787879,-0.9911269614,0
0.96969697,-1.78787879,-0.9947215884,0
0.97979798,-1.78787879,-0.9973597458,0
0.98989899,-1.78787879,-0.9991010282666666,0
1.0,-1.78787879,-0.9992001056,1
0.0,-1.72727273,1.0,0
0.01010101,-1.72727273,0.999959496,0
0.02020202,-1.72727273,0.9999177564,0
0.03030303,-1.72727273,0.9998747346,0
0.04040404,-1.72727273,0.9998303816,0
0.05050505,-1.72727273,0.9997846453333333,0
0.06060606,-1.72727273,0.9997374690666667,0
0.07070707,-1.72727273,0.9996887902666667,0
0.08080808,-1.72727273,0.9996385374666666,0
0.09090909,-1.72727273,0.9995866273333334,0
0.1010101,-1.72727273,0.99953296,0
0.11111111,-1.72727273,0.9994774122666666,0
0.12121212,-1.72727273,0.9994198296,0
0.13131313,-1.72727273,0.9993600144666668,0
0.14141414,-1.72727273,0.9992977117999999,0
0.15151515,-1.72727273,0.999232591,0
0.16161616,-1.72727273,0.9991642197999999,0
0.17171717,-1.72727273,0.9990920348666666,0
0.18181818,-1.72727273,0.9990153011333333,0
0.19191919,-1.72727273,0.9989330628,0
0.2020202,-1.72727273,0.9988440791333334,0
0.21212121,-1.72727273,0.9987467468666666,0
0.22222222,-1.72727273,0.9986390008,0
0.23232323,-1.72727273,0.998518192,0
0.24242424,-1.72727273,0.9983809346666667,0
0.25252525,-1.72727273,0.9982229206,0
0.26262626,-1.72727273,0.9980386858666667,0
0.27272727,-1.72727273,0.9978213298666666,0
0.28282828,-1.72727273,0.9975621673999999,0
0.29292929,-1.72727273,0.9972503091333333,0
0.3030303,-1.72727273,0.9968721492,0
0.31313131,-1.72727273,0.9964107500666667,0
0.32323232,-1.72727273,0.9958451006,0
0.33333333,-1.72727273,0.9951492306,0
0.34343434,-1.72727273,0.9942911602000001,0
0.35353535,-1.72727273,0.9932316579333333,0
0.36363636,-1.72727273,0.9919227898666667,0
0.37373737,-1.72727273,0.9903062365333334,0
0.38383838,-1.72727273,0.9883113648,0
0.39393939,-1.72727273,0.9858530488666667,0
0.4040404,-1.72727273,0.9828292514,0
0.41414141,-1.72727273,0.9791183942,0
0.42424242,-1.72727273,0.9745765853333334,0
0.43434343,-1.72727273,0.9690348106,0
0.44444444,-1.72727273,0.9622962515333334,0
0.45454545,-1.72727273,0.9541339712,0
0.46464646,-1.72727273,0.9442892833333334,0
0.47474747,-1.72727273,0.9324712262,0
0.48484848,-1.72727273,0.9183576414666667,0
0.49494949,-1.72727273,0.9015984504,0
0.50505051,-1.72727273,0.8818217426,0
0.51515152,-1.72727273,0.8586432700000001,0
0.52525253,-1.72727273,0.8316797930666667,0
0.53535354,-1.72727273,0.8005664458666667,0
0.54545455,-1.72727273,0.7649778504,0
0.55555556,-1.72727273,0.7246521102,0
0.56565657,-1.72727273,0.6794161303333334,0
0.57575758,-1.72727273,0.6292100282666667,0
0.58585859,-1.72727273,0.5741078826,0
0.5959596,-1.72727273,0.5143318978,0
0.60606061,-1.72727273,0.4502573762,0
0.61616162,-1.72727273,0.38240674680000003,0
0.62626263,-1.72727273,0.3114322136,0
0.63636364,-1.72727273,0.23808813673333332,0
0.64646465,-1.72727273,0.16319572626666667,0
0.65656566,-1.72727273,0.08760366333333329,0
0.66666667,-1.72727273,0.012148697999999996,0
0.67676768,-1.72727273,-0.06238002880000012,0
0.68686869,-1.72727273,-0.1352700296,0
0.6969697,-1.72727273,-0.2059061674666666,0
0.70707071,-1.72727273,-0.27378252966666666,0
0.71717172,-1.72727273,-0.33850607106666675,0
0.72727273,-1.72727273,-0.39979335680000005,0
0.73737374,-1.72727273,-0.45746212853333335,0
0.74747475,-1.72727273,-0.5114194788,0
0.75757576,-1.72727273,-0.5616482584666666,0
0.76767677,-1.72727273,-0.6081930478666667,0
0.77777778,-1.72727273,-0.651146667,0
0.78787879,-1.72727273,-0.6906378774,0
0.7979798,-1.72727273,-0.7268206325333333,0
0.80808081,-1.72727273,-0.7598650196666668,0
0.81818182,-1.72727273,-0.7899498696000001,0
0.82828283,-1.72727273,-0.8172569197333334,0
0.83838384,-1.72727273,-0.8419663496666666,0
0.84848485,-1.72727273,-0.8642534927333333,0
0.85858586,-1.72727273,-0.8842865213333334,0
0.86868687,-1.72727273,-0.9022249194666667,0
0.87878788,-1.72727273,-0.9182185754,0
0.88888889,-1.72727273,-0.9324073514,0
0.8989899,-1.72727273,-0.9449210102,0
0.90909091,-1.72727273,-0.9558794008,0
0.91919192,-1.72727273,-0.9653928276666667,0
0.92929293,-1.72727273,-0.9735625394666666,0
0.93939394,-1.72727273,-0.9804812909333335,0
0.94949495,-1.72727273,-0.9862339457333332,0
0.95959596,-1.72727273,-0.9908980900666667,0
0.96969697,-1.72727273,-0.9945446406666667,0
0.97979798,-1.72727273,-0.9972384323999999,0
0.98989899,-1.72727273,-0.9990387789999999,0
1.0,-1.72727273,-0.91667195,1
0.0,-1.66666667,1.0,0
0.01010101,-1.66666667,0.9999542777333333,0
0.02020202,-1.66666667,0.9999071630666666,0
0.03030303,-1.66666667,0.9998586035333333,0
0.04040404,-1.66666667,0.999808544,0
0.05050505,-1.66666667,0.9997569258666666,0
0.06060606,-1.66666667,0.9997036856,0
0.07070707,-1.66666667,0.9996487538000001,0
0.08080808,-1.66666667,0.9995920514666666,0
0.09090909,-1.66666667,0.9995334879333333,0
0.1010101,-1.66666667,0.999472956,0
0.11111111,-1.66666667,0.9994103241333333,0
0.12121212,-1.66666667,0.9993454302,0
0.13131313,-1.66666667,0.9992780689999999,0
0.14141414,-1.66666667,0.9992079785333333,0
0.15151515,-1.66666667,0.9991348205333332,0
0.16161616,-1.66666667,0.9990581574666666,0
0.17171717,-1.66666667,0.9989774208666666,0
0.18181818,-1.66666667,0.9988918733333334,0
0.19191919,-1.66666667,0.9988005574000001,0
0.2020202,-1.66666667,0.9987022357333333,0
0.21212121,-1.66666667,0.9985953111333333,0
0.22222222,-1.66666667,0.9984777300666667,0
0.23232323,-1.66666667,0.9983468608666667,0
0.24242424,-1.66666667,0.9981993442666667,0
0.25252525,-1.66666667,0.9980309068666666,0
0.26262626,-1.66666667,0.9978361322666668,0
0.27272727,-1.66666667,0.9976081808,0
0.28282828,-1.66666667,0.9973384455333333,0
0.29292929,-1.66666667,0.9970161344666666,0
0.3030303,-1.66666667,0.9966277621333333,0
0.31313131,-1.66666667,0.9961565372666666,0
0.32323232,-1.66666667,0.9955816234,0
0.33333333,-1.66666667,0.9948772582,0
0.34343434,-1.66666667,0.9940117024666667,0
0.35353535,-1.66666667,0.9929460018666666,0
0.36363636,-1.66666667,0.9916325342666668,0
0.37373737,-1.66666667,0.9900133237333334,0
0.38383838,-1.66666667,0.988018107,0
0.39393939,-1.66666667,0.9855621437333333,0
0.4040404,-1.66666667,0.9825437792,0
0.41414141,-1.66666667,0.9788417932666666,0
0.42424242,-1.66666667,0.9743125932666667,0
0.43434343,-1.66666667,0.9687873620666666,0
0.44444444,-1.66666667,0.9620693252000001,0
0.45454545,-1.66666667,0.9539313702,0
0.46464646,-1.66666667,0.9441143479333334,0
0.47474747,-1.66666667,0.9323264714,0
0.48484848,-1.66666667,0.9182443276666666,0
0.49494949,-1.66666667,0.9015161047333334,0
0.50505051,-1.66666667,0.8817676640666667,0
0.51515152,-1.66666667,0.8586120731333334,0
0.52525253,-1.66666667,0.8316630586,0
0.53535354,-1.66666667,0.8005525706666666,0
0.54545455,-1.66666667,0.7649521848666667,0
0.55555556,-1.66666667,0.7245974651333332,0
0.56565657,-1.66666667,0.6793137018,0
0.57575758,-1.66666667,0.629040731,0
0.58585859,-1.66666667,0.5738540056,0
0.5959596,-1.66666667,0.5139789212666667,0
0.60606061,-1.66666667,0.4497957196666667,0
0.61616162,-1.66666667,0.3818331916,0
0.62626263,-1.66666667,0.3107507668,0
0.63636364,-1.66666667,0.23731017773333338,0
0.64646465,-1.66666667,0.16233938979999998,0
0.65656566,-1.66666667,0.08669254166666662,0
0.66666667,-1.66666667,0.011210046533333351,0
0.67676768,-1.66666667,-0.06331732926666667,0
0.68686869,-1.66666667,-0.13617749466666665,0
0.6969697,-1.66666667,-0.2067574915333333,0
0.70707071,-1.66666667,-0.2745549748666667,0
0.71717172,-1.66666667,-0.3391813873333332,0
0.72727273,-1.66666667,-0.4003582361333334,0
0.73737374,-1.66666667,-0.4579082447333333,0
0.74747475,-1.66666667,-0.5117432018,0
0.75757576,-1.66666667,-0.5618501429999999,0
0.76767677,-1.66666667,-0.6082771890666667,0
0.77777778,-1.66666667,-0.6511200040666666,0
0.78787879,-1.66666667,-0.6905095077333334,0
0.7979798,-1.66666667,-0.7266011771333334,0
0.80808081,-1.66666667,-0.7595660647333334,0
0.81818182,-1.66666667,-0.7895834984666666,0
0.82828283,-1.66666667,-0.8168353333333332,0
0.83838384,-1.66666667,-0.8415015741999999,0
0.84848485,-1.66666667,-0.8637571625333332,0
0.85858586,-1.66666667,-0.8837697269999999,0
0.86868687,-1.66666667,-0.9016981114666666,0
0.87878788,-1.66666667,-0.9176915105333333,0
0.88888889,-1.66666667,-0.9318890726666668,0
0.8989899,-1.66666667,-0.9444198529333333,0
0.90909091,-1.66666667,-0.9554030171333333,0
0.91919192,-1.66666667,-0.9649482232,0
0.92929293,-1.66666667,-0.9731561174000001,0
0.93939394,-1.66666667,-0.9801189022,0
0.94949495,-1.66666667,-0.9859209395999999,0
0.95959596,-1.66666667,-0.9906393646,0
0.96969697,-1.66666667,-0.9943446912666667,0
0.97979798,-1.66666667,-0.9971013984,0
0.98989899,-1.66666667,-0.9989684864666667,0
1.0,-1.66666667,-0.9998488557333334,1
0.0,-1.60606061,1.0,0
0.01010101,-1.60606061,0.9999483873333334,0
0.02020202,-1.60606061,0.9998952058666667,0
0.03030303,-1.60606061,0.9998403964666667,0
0.04040404,-1.60606061,0.9997838973333333,0
0.05050505,-1.60606061,0.9997256421333334,0
0.06060606,-1.60606061,0.9996655601333333,0
0.07070707,-1.60606061,0.9996035735333333,0
0.08080808,-1.60606061,0.9995395957333333,0
0.09090909,-1.60606061,0.9994735273333334,0
0.1010101,-1.60606061,0.9994052521333333,0
0.11111111,-1.60606061,0.9993346301333333,0
0.12121212,-1.60606061,0.9992614903999999,0
0.13131313,-1.60606061,0.9991856189333334,0
0.14141414,-1.60606061,0.9991067450666666,0
0.15151515,-1.60606061,0.9990245234,0
0.16161616,-1.60606061,0.9989385091333333,0
0.17171717,-1.60606061,0.9988481283333334,0
0.18181818,-1.60606061,0.9987526398,0
0.19191919,-1.60606061,0.9986510858000001,0
0.2020202,-1.60606061,0.9985422304,0
0.21212121,-1.60606061,0.9984244836666667,0
0.22222222,-1.60606061,0.9982958044,0
0.23232323,-1.60606061,0.9981535802,0
0.24242424,-1.60606061,0.9979944798,0
0.25252525,-1.60606061,0.9978142689333334,0
0.26262626,-1.60606061,0.9976075826666667,0
0.27272727,-1.60606061,0.9973676492666667,0
0.28282828,-1.60606061,0.9970859476666666,0
0.29292929,-1.60606061,0.9967517938666667,0
0.3030303,-1.60606061,0.996351836,0
0.31313131,-1.60606061,0.9958694444,0
0.32323232,-1.60606061,0.9952839780666666,0
0.33333333,-1.60606061,0.9945699046666667,0
0.34343434,-1.60606061,0.9936957548666667,0
0.35353535,-1.60606061,0.9926228828666667,0
0.36363636,-1.60606061,0.9913040157999999,0
0.37373737,-1.60606061,0.9896815634,0
0.38383838,-1.60606061,0.9876856786,0
0.39393939,-1.60606061,0.9852320548,0
0.4040404,-1.60606061,0.9822194721999999,0
0.41414141,-1.60606061,0.9785271177333333,0
0.42424242,-1.60606061,0.9740117432,0
0.43434343,-1.60606061,0.9685047649999999,0
0.44444444,-1.60606061,0.9618094714000001,0
0.45454545,-1.60606061,0.9536985704666666,0
0.46464646,-1.60606061,0.9439124123333333,0
0.47474747,-1.60606061,0.9321583036666666,0
0.48484848,-1.60606061,0.9181114432666667,0
0.49494949,-1.60606061,0.9014180906000001,0
0.50505051,-1.60606061,0.8817016186,0
0.51515152,-1.60606061,0.8585720858666667,0
0.52525253,-1.60606061,0.831639812,0
0.53535354,-1.60606061,0.8005331618666667,0
0.54545455,-1.60606061,0.7649202722666667,0
0.55555556,-1.60606061,0.7245338358000001,0
0.56565657,-1.60606061,0.6791973126666666,0
0.57575758,-1.60606061,0.6288502128666668,0
0.58585859,-1.60606061,0.5735695372,0
0.5959596,-1.60606061,0.5135842824666667,0
0.60606061,-1.60606061,0.4492802667333334,0
0.61616162,-1.60606061,0.3811934587333333,0
0.62626263,-1.60606061,0.3099914286666666,0
0.63636364,-1.60606061,0.2364441944,0
0.64646465,-1.60606061,0.16138728686666667,0
0.65656566,-1.60606061,0.08568092153333333,0
0.66666667,-1.60606061,0.010169548733333311,0
0.67676768,-1.60606061,-0.06435433426666659,0
0.68686869,-1.60606061,-0.13717917980000002,0
0.6969697,-1.60606061,-0.20769456466666658,0
0.70707071,-1.60606061,-0.27540221839999984,0
0.71717172,-1.60606061,-0.33991866766666673,0
0.72727273,-1.60606061,-0.40097098459999997,0
0.73737374,-1.60606061,-0.45838747833333343,0
0.74747475,-1.60606061,-0.5120851826666666,0
0.75757576,-1.60606061,-0.5620557900666667,0
0.76767677,-1.60606061,-0.6083513456666666,0
0.77777778,-1.60606061,-0.6510706552666667,0
0.78787879,-1.60606061,-0.6903470104,0
0.7979798,-1.60606061,-0.726337552,0
0.80808081,-1.60606061,-0.7592143764,0
0.81818182,-1.60606061,-0.789157336,0
0.82828283,-1.60606061,-0.8163483921333333,0
0.83838384,-1.60606061,-0.840967333,0
0.84848485,-1.60606061,-0.8631886452,0
0.85858586,-1.60606061,-0.8831793385333334,0
0.86868687,-1.60606061,-0.9010975313999999,0
0.87878788,-1.60606061,-0.9170916368666667,0
0.88888889,-1.60606061,-0.9313000016666666,0
0.8989899,-1.60606061,-0.9438508875999999,0
0.90909091,-1.60606061,-0.9548626948,0
0.91919192,-1.60606061,-0.9644443576,0
0.92929293,-1.60606061,-0.9726958498,0
0.93939394,-1.60606061,-0.9797087562666666,0
0.94949495,-1.60606061,-0.9855668779333332,0
0.95959596,-1.60606061,-0.9903468462666667,0
0.96969697,-1.60606061,-0.9941187256,0
0.97979798,-1.60606061,-0.9969465964666665,0
0.98989899,-1.60606061,-0.9988891087333334,0
1.0,-1.60606061,-0.9999948992,1
0.0,-1.54545455,1.0,0
0.01010101,-1.54545455,0.9999417381333333,0
0.02020202,-1.54545455,0.9998817093333333,0
0.03030303,-1.54545455,0.9998198468666667,0
0.04040404,-1.54545455,0.9997560808,0
0.05050505,-1.54545455,0.9996903369333333,0
0.06060606,-1.54545455,0.9996225357333333,0
0.07070707,-1.54545455,0.9995525908,0
0.08080808,-1.54545455,0.9994804058,0
0.09090909,-1.54545455,0.9994058720666668,0
0.1010101,-1.54545455,0.9993288635333334,0
0.11111111,-1.54545455,0.9992492304666667,0
0.12121212,-1.54545455,0.9991667916,0
0.13131313,-1.54545455,0.9990813231333333,0
0.14141414,-1.54545455,0.9989925450666667,0
0.15151515,-1.54545455,0.9989001026000001,0
0.16161616,-1.54545455,0.9988035432666666,0
0.17171717,-1.54545455,0.9987022871333334,0
0.18181818,-1.54545455,0.9985955879333334,0
0.19191919,-1.54545455,0.9984824868000001,0
0.2020202,-1.54545455,0.9983617500666667,0
0.21212121,-1.54545455,0.9982317945333333,0
0.22222222,-1.54545455,0.9980905920666666,0
0.23232323,-1.54545455,0.9979355514666666,0
0.24242424,-1.54545455,0.9977633718666666,0
0.25252525,-1.54545455,0.9975698613333334,0
0.26262626,-1.54545455,0.9973497118,0
0.27272727,-1.54545455,0.9970962257999999,0
0.28282828,-1.54545455,0.9968009771333334,0
0.29292929,-1.54545455,0.9964534006666667,0
0.3030303,-1.54545455,0.9960402924666666,0
0.31313131,-1.54545455,0.9955452020666666,0
0.32323232,-1.54545455,0.9949477048,0
0.33333333,-1.54545455,0.994222525,0
0.34343434,-1.54545455,0.9933384924666666,0
0.35353535,-1.54545455,0.9922573066666666,0
0.36363636,-1.54545455,0.9909320848000001,0
0.37373737,-1.54545455,0.9893056691333334,0
0.38383838,-1.54545455,0.9873086796666667,0
0.39393939,-1.54545455,0.9848573000666666,0
0.4040404,-1.54545455,0.9818508019333333,0
0.41414141,-1.54545455,0.9781688374666666,0
0.42424242,-1.54545455,0.9736685548,0
0.43434343,-1.54545455,0.9681816475333334,0
0.44444444,-1.54545455,0.9615114912,0
0.45454545,-1.54545455,0.9534306146666666,0
0.46464646,-1.54545455,0.9436788304,0
0.47474747,-1.54545455,0.9319624541999999,0
0.48484848,-1.54545455,0.9179551528666666,0
0.49494949,-1.54545455,0.9013010444,0
0.50505051,-1.54545455,0.8816207269333333,0
0.51515152,-1.54545455,0.8585208921999999,0
0.52525253,-1.54545455,0.831608035,0
0.53535354,-1.54545455,0.8005064839333332,0
0.54545455,-1.54545455,0.7648804972000001,0
0.55555556,-1.54545455,0.7244595206,0
0.56565657,-1.54545455,0.6790649380666667,0
0.57575758,-1.54545455,0.6286358816666666,0
0.58585859,-1.54545455,0.573251093,0
0.5959596,-1.54545455,0.5131436339333334,0
0.60606061,-1.54545455,0.4487056164666667,0
0.61616162,-1.54545455,0.3804811058666667,0
0.62626263,-1.54545455,0.309146839,0
0.63636364,-1.54545455,0.2354821386666667,0
0.64646465,-1.54545455,0.1603309976666667,0
0.65656566,-1.54545455,0.08456038526666665,0
0.66666667,-1.54545455,0.00901918206666667,0
0.67676768,-1.54545455,-0.06549829086666666,0
0.68686869,-1.54545455,-0.13828121793333334,0
0.6969697,-1.54545455,-0.20872213166666653,0
0.70707071,-1.54545455,-0.2763274193333332,0
0.71717172,-1.54545455,-0.34071936480000015,0
0.72727273,-1.54545455,-0.40163130399999997,0
0.73737374,-1.54545455,-0.45889780113333334,0
0.74747475,-1.54545455,-0.5124417385333333,0
0.75757576,-1.54545455,-0.5622599791999999,0
0.76767677,-1.54545455,-0.6084089094,0
0.77777778,-1.54545455,-0.6509907928,0
0.78787879,-1.54545455,-0.6901415183333334,0
0.7979798,-1.54545455,-0.7260200358000001,0
0.80808081,-1.54545455,-0.758799563,0
0.81818182,-1.54545455,-0.7886604989333333,0
0.82828283,-1.54545455,-0.8157848917333334,0
0.83838384,-1.54545455,-0.8403522612,0
0.84848485,-1.54545455,-0.8625365670666666,0
0.85858586,-1.54545455,-0.8825041112666666,0
0.86868687,-1.54545455,-0.9004121925999999,0
0.87878788,-1.54545455,-0.9164083432666666,0
0.88888889,-1.54545455,-0.9306300099999999,0
0.8989899,-1.54545455,-0.9432045653333333,0
0.90909091,-1.54545455,-0.9542495535333332,0
0.91919192,-1.54545455,-0.9638731006000001,0
0.92929293,-1.54545455,-0.9721744285999999,0
0.93939394,-1.54545455,-0.9792444328000001,0
0.94949495,-1.54545455,-0.9851662896000001,0
0.95959596,-1.54545455,-0.9900160670666666,0
0.96969697,-1.54545455,-0.9938633280666668,0
0.97979798,-1.54545455,-0.9967717091333335,0
0.98989899,-1.54545455,-0.9987994684,0
1.0,-1.54545455,-0.9166699262666667,1
0.0,-1.48484848,1.0,0
0.01010101,-1.48484848,0.9999342326666667,0
0.02020202,-1.48484848,0.9998664754666667,0
0.03030303,-1.48484848,0.9997966532666667,0
0.04040404,-1.48484848,0.9997246874666667,0
0.05050505,-1.48484848,0.9996504942666667,0
0.06060606,-1.48484848,0.9995739845333333,0
0.07070707,-1.48484848,0.9994950620666666,0
0.08080808,-1.48484848,0.9994136198666667,0
0.09090909,-1.48484848,0.9993295386666667,0
0.1010101,-1.48484848,0.9992426808666667,0
0.11111111,-1.48484848,0.9991528858,0
0.12121212,-1.48484848,0.9990599609333334,0
0.13131313,-1.48484848,0.9989636708666667,0
0.14141414,-1.48484848,0.9988637250666667,0
0.15151515,-1.48484848,0.9987597586,0
0.16161616,-1.48484848,0.9986513096666666,0
0.17171717,-1.48484848,0.9985377905999999,0
0.18181818,-1.48484848,0.9984184502666666,0
0.19191919,-1.48484848,0.9982923269333334,0
0.2020202,-1.48484848,0.9981581893999999,0
0.21212121,-1.48484848,0.9980144613333334,0
0.22222222,-1.48484848,0.9978591284666667,0
0.23232323,-1.48484848,0.9976896218666667,0
0.24242424,-1.48484848,0.9975026741333334,0
0.25252525,-1.48484848,0.9972941386,0
0.26262626,-1.48484848,0.9970587702,0
0.27272727,-1.48484848,0.9967899518000001,0
0.28282828,-1.48484848,0.9964793616,0
0.29292929,-1.48484848,0.9961165663333335,0
0.3030303,-1.48484848,0.9956885233333334,0
0.31313131,-1.48484848,0.9951789817333333,0
0.32323232,-1.48484848,0.9945677556666667,0
0.33333333,-1.48484848,0.9938298537333334,0
0.34343434,-1.48484848,0.9929344391333333,0
0.35353535,-1.48484848,0.9918435954,0
0.36363636,-1.48484848,0.9905108752,0
0.37373737,-1.48484848,0.9888796048666667,0
0.38383838,-1.48484848,0.9868809296666666,0
0.39393939,-1.48484848,0.9844315848,0
0.4040404,-1.48484848,0.9814313996666667,0
0.41414141,-1.48484848,0.9777605561333333,0
0.42424242,-1.48484848,0.9732766612666667,0
0.43434343,-1.48484848,0.9678117355333333,0
0.44444444,-1.48484848,0.961169276,0
0.45454545,-1.48484848,0.9531216377333334,0
0.46464646,-1.48484848,0.9434080606,0
0.47474747,-1.48484848,0.9317337829333333,0
0.48484848,-1.48484848,0.9177707864666668,0
0.49494949,-1.48484848,0.9011608179333334,0
0.50505051,-1.48484848,0.8815213872,0
0.51515152,-1.48484848,0.858455423,0
0.52525253,-1.48484848,0.8315651304,0
0.53535354,-1.48484848,0.8004702993333334,0
0.54545455,-1.48484848,0.7648308125333333,0
0.55555556,-1.48484848,0.7243724442666666,0
0.56565657,-1.48484848,0.6789142219333333,0
0.57575758,-1.48484848,0.6283948395333333,0
0.58585859,-1.48484848,0.5728949952000001,0
0.5959596,-1.48484848,0.5126523359999999,0
0.60606061,-1.48484848,0.4480660783333334,0
0.61616162,-1.48484848,0.37968941626666664,0
0.62626263,-1.48484848,0.30820940293333327,0
0.63636364,-1.48484848,0.23441580213333335,0
0.64646465,-1.48484848,0.15916205740000003,0
0.65656566,-1.48484848,0.08332262459999999,0
0.66666667,-1.48484848,0.007751226599999977,0
0.67676768,-1.48484848,-0.06675592200000009,0
0.68686869,-1.48484848,-0.13948898119999997,0
0.6969697,-1.48484848,-0.20984393459999992,0
0.70707071,-1.48484848,-0.2773324979333334,0
0.71717172,-1.48484848,-0.34158347346666657,0
0.72727273,-1.48484848,-0.40233724099999996,0
0.73737374,-1.48484848,-0.4594353601999999,0
0.74747475,-1.48484848,-0.5128072226666666,0
0.75757576,-1.48484848,-0.5624554192000001,0
0.76767677,-1.48484848,-0.6084411225333334,0
0.77777778,-1.48484848,-0.6508703898666666,0
0.78787879,-1.48484848,-0.6898819423333332,0
0.7979798,-1.48484848,-0.7256366854666666,0
0.80808081,-1.48484848,-0.7583090314666666,0
0.81818182,-1.48484848,-0.7880799413999999,0
0.82828283,-1.48484848,-0.8151315195333333,0
0.83838384,-1.48484848,-0.8396429552666665,0
0.84848485,-1.48484848,-0.8617875948666668,0
0.85858586,-1.48484848,-0.8817309332666666,0
0.86868687,-1.48484848,-0.8996293411333334,0
0.87878788,-1.48484848,-0.9156293593333334,0
0.88888889,-1.48484848,-0.9298674250000001,0
0.8989899,-1.48484848,-0.9424699152666668,0
0.90909091,-1.48484848,-0.9535534180666666,0
0.91919192,-1.48484848,-0.9632251568,0
0.92929293,-1.48484848,-0.9715835157333333,0
0.93939394,-1.48484848,-0.9787186224000001,0
0.94949495,-1.48484848,-0.9847129551333332,0
0.95959596,-1.48484848,-0.9896419559999999,0
0.96969697,-1.48484848,-0.9935746290666667,0
0.97979798,-1.48484848,-0.9965741147333332,0
0.98989899,-1.48484848,-0.9986982345333334,0
1.0,-1.48484848,-0.9999892048,1
0.0,-1.42424242,1.0,0
0.01010101,-1.42424242,0.9999257605333333,0
0.02020202,-1.42424242,0.9998492808,0
0.03030303,-1.42424242,0.9997704762,0
0.04040404,-1.42424242,0.9996892580000001,0
0.05050505,-1.42424242,0.9996055321333334,0
0.06060606,-1.42424242,0.9995191984,0
0.07070707,-1.42424242,0.9994301493333333,0
0.08080808,-1.42424242,0.9993382661999999,0
0.09090909,-1.42424242,0.9992434174,0
0.1010101,-1.42424242,0.999145453,0
0.11111111,-1.42424242,0.9990441995999999,0
0.12121212,-1.42424242,0.9989394512,0
0.13131313,-1.42424242,0.9988309604,0
0.14141414,-1.42424242,0.9987184237333333,0
0.15151515,-1.42424242,0.9986014648,0
0.16161616,-1.42424242,0.998479611,0
0.17171717,-1.42424242,0.9983522662,0
0.18181818,-1.42424242,0.9982186724666666,0
0.19191919,-1.42424242,0.9980778650666667,0
0.2020202,-1.42424242,0.9979286142666667,0
0.21212121,-1.42424242,0.9977693504,0
0.22222222,-1.42424242,0.9975980740666667,0
0.23232323,-1.42424242,0.9974122398,0
0.24242424,-1.42424242,0.9972086156666666,0
0.25252525,-1.42424242,0.9969831049333333,0
0.26262626,-1.42424242,0.9967305297333333,0
0.27272727,-1.42424242,0.9964443618,0
0.28282828,-1.42424242,0.9961163933333333,0
0.29292929,-1.42424242,0.9957363342666666,0
0.3030303,-1.42424242,0.9952913208666666,0
0.31313131,-1.42424242,0.9947653212666667,0
0.32323232,-1.42424242,0.9941384132666666,0
0.33333333,-1.42424242,0.9933859206,0
0.34343434,-1.42424242,0.9924773754666667,0
0.35353535,-1.42424242,0.9913752888666667,0
0.36363636,-1.42424242,0.9900336990666667,0
0.37373737,-1.42424242,0.9883964732666667,0
0.38383838,-1.42424242,0.9863953458666666,0
0.39393939,-1.42424242,0.9839476736666667,0
0.4040404,-1.42424242,0.9809539174666667,0
0.41414141,-1.42424242,0.9772948645333334,0
0.42424242,-1.42424242,0.9728286513333333,0
0.43434343,-1.42424242,0.9673876874,0
0.44444444,-1.42424242,0.9607756340666667,0
0.45454545,-1.42424242,0.9527646851333333,0
0.46464646,-1.42424242,0.9430934783333333,0
0.47474747,-1.42424242,0.9314660868666667,0
0.48484848,-1.42424242,0.9175526472666666,0
0.49494949,-1.42424242,0.9009922884,0
0.50505051,-1.42424242,0.8813990901333334,0
0.51515152,-1.42424242,0.8583717824,0
0.52525253,-1.42424242,0.8315077661333333,0
0.53535354,-1.42424242,0.8004217282666667,0
0.54545455,-1.42424242,0.7647686202,0
0.55555556,-1.42424242,0.724270064,0
0.56565657,-1.42424242,0.6787424120666666,0
0.57575758,-1.42424242,0.6281238474666666,0
0.58585859,-1.42424242,0.5724972664666667,0
0.5959596,-1.42424242,0.5121054865333333,0
0.60606061,-1.42424242,0.4473557387333334,0
0.61616162,-1.42424242,0.37881150653333334,0
0.62626263,-1.42424242,0.30717144646666666,0
0.63636364,-1.42424242,0.23323702346666667,0
0.64646465,-1.42424242,0.15787221780000002,0
0.65656566,-1.42424242,0.08195976233333335,0
0.66666667,-1.42424242,0.006358642199999931,0
0.67676768,-1.42424242,-0.06813299653333342,0
0.68686869,-1.42424242,-0.14080660120000008,0
0.6969697,-1.42424242,-0.21106219193333323,0
0.70707071,-1.42424242,-0.2784175819333332,0
0.71717172,-1.42424242,-0.34250895240000007,0
0.72727273,-1.42424242,-0.40308459566666666,0
0.73737374,-1.42424242,-0.45999388280000003,0
0.74747475,-1.42424242,-0.5131734330000001,0
0.75757576,-1.42424242,-0.5626321650666666,0
0.76767677,-1.42424242,-0.6084365112,0
0.77777778,-1.42424242,-0.6506966739999999,0
0.78787879,-1.42424242,-0.6895544471999999,0
0.7979798,-1.42424242,-0.7251728368,0
0.80808081,-1.42424242,-0.7577275156000001,0
0.81818182,-1.42424242,-0.7874000108666666,0
0.82828283,-1.42424242,-0.8143724404,0
0.83838384,-1.42424242,-0.8388235859333334,0
0.84848485,-1.42424242,-0.8609260796666666,0
0.85858586,-1.42424242,-0.8808444954,0
0.86868687,-1.42424242,-0.898734154,0
0.87878788,-1.42424242,-0.9147404806666667,0
0.88888889,-1.42424242,-0.9289987809333332,0
0.8989899,-1.42424242,-0.9416343199333334,0
0.90909091,-1.42424242,-0.9527626176666667,0
0.91919192,-1.42424242,-0.9624898918666667,0
0.92929293,-1.42424242,-0.9709135942666667,0
0.93939394,-1.42424242,-0.9781229966,0
0.94949495,-1.42424242,-0.9841998028,0
0.95959596,-1.42424242,-0.9892187569333334,0
0.96969697,-1.42424242,-0.9932482413333333,0
0.97979798,-1.42424242,-0.9963508449333334,0
0.98989899,-1.42424242,-0.9985839031333333,0
1.0,-1.42424242,-0.9999898553333333,1
0.0,-1.36363636,1.0,0
0.01010101,-1.36363636,0.9999161974666667,0
0.02020202,-1.36363636,0.9998298733333334,0
0.03030303,-1.36363636,0.9997409323333334,0
0.04040404,-1.36363636,0.9996492743333334,0
0.05050505,-1.36363636,0.9995547938,0
0.06060606,-1.36363636,0.9994573785333334,0
0.07070707,-1.36363636,0.9993569076666666,0
0.08080808,-1.36363636,0.9992532492666667,0
0.09090909,-1.36363636,0.9991462582666667,0
0.1010101,-1.36363636,0.9990357702666667,0
0.11111111,-1.36363636,0.9989215971333334,0
0.12121212,-1.36363636,0.9988035190666668,0
0.13131313,-1.36363636,0.9986812735333334,0
0.14141414,-1.36363636,0.9985545432666666,0
0.15151515,-1.36363636,0.9984229378,0
0.16161616,-1.36363636,0.9982859727333334,0
0.17171717,-1.36363636,0.9981430414666667,0
0.18181818,-1.36363636,0.9979933780666667,0
0.19191919,-1.36363636,0.9978360141333333,0
0.2020202,-1.36363636,0.9976697195333333,0
0.21212121,-1.36363636,0.9974929318000001,0
0.22222222,-1.36363636,0.9973036665333334,0
0.23232323,-1.36363636,0.9970994031333333,0
0.24242424,-1.36363636,0.9968769473333334,0
0.25252525,-1.36363636,0.9966322562,0
0.26262626,-1.36363636,0.9963602241999999,0
0.27272727,-1.36363636,0.9960544192666666,0
0.28282828,-1.36363636,0.9957067579333333,0
0.29292929,-1.36363636,0.9953071067333333,0
0.3030303,-1.36363636,0.9948427982666667,0
0.31313131,-1.36363636,0.99429804,0
0.32323232,-1.36363636,0.9936532013333333,0
0.33333333,-1.36363636,0.9928839526666666,0
0.34343434,-1.36363636,0.9919602349333333,0
0.35353535,-1.36363636,0.9908450336000001,0
0.36363636,-1.36363636,0.9894929264000001,0
0.37373737,-1.36363636,0.9878483852666667,0
0.38383838,-1.36363636,0.9858438039333333,0
0.39393939,-1.36363636,0.9833972398666667,0
0.4040404,-1.36363636,0.9804098680666666,0
0.41414141,-1.36363636,0.9767631668,0
0.42424242,-1.36363636,0.9723158861333333,0
0.43434343,-1.36363636,0.9669008976,0
0.44444444,-1.36363636,0.9603220814666668,0
0.45454545,-1.36363636,0.9523514936666667,0
0.46464646,-1.36363636,0.9427271482,0
0.47474747,-1.36363636,0.9311518668666666,0
0.48484848,-1.36363636,0.9172937753333333,0
0.49494949,-1.36363636,0.9007891225333333,0
0.50505051,-1.36363636,0.8812481888666667,0
0.51515152,-1.36363636,0.8582650290666666,0
0.52525253,-1.36363636,0.8314316698,0
0.53535354,-1.36363636,0.8003570691333334,0
0.54545455,-1.36363636,0.7646906204666667,0
0.55555556,-1.36363636,0.7241492518666667,0
0.56565657,-1.36363636,0.6785462780666667,0
0.57575758,-1.36363636,0.6278192844666667,0
0.58585859,-1.36363636,0.5720536327333333,0
0.5959596,-1.36363636,0.5114979690666667,0
0.60606061,-1.36363636,0.4465685624,0
0.61616162,-1.36363636,0.377840487,0
0.62626263,-1.36363636,0.30602543740000004,0
0.63636364,-1.36363636,0.23193797700000005,0
0.64646465,-1.36363636,0.15645380926666672,0
0.65656566,-1.36363636,0.08046478553333336,0
0.66666667,-1.36363636,0.004835574533333387,0
0.67676768,-1.36363636,-0.06963375753333345,0
0.68686869,-1.36363636,-0.14223633933333332,0
0.6969697,-1.36363636,-0.2123769208,0
0.70707071,-1.36363636,-0.2795802947333334,0
0.71717172,-1.36363636,-0.3434909904000001,0
0.72727273,-1.36363636,-0.40386617760000004,0
0.73737374,-1.36363636,-0.46056393106666654,0
0.74747475,-1.36363636,-0.5135288763333334,0
0.75757576,-1.36363636,-0.5627768996666666,0
0.76767677,-1.36363636,-0.6083801915333333,0
0.77777778,-1.36363636,-0.6504534619333333,0
0.78787879,-1.36363636,-0.6891418182,0
0.7979798,-1.36363636,-0.7246105050666666,0
0.80808081,-1.36363636,-0.7570365119333334,0
0.81818182,-1.36363636,-0.7866019209333334,0
0.82828283,-1.36363636,-0.8134888043999999,0
0.83838384,-1.36363636,-0.8378754415333333,0
0.84848485,-1.36363636,-0.8599336345333334,0
0.85858586,-1.36363636,-0.8798269042,0
0.86868687,-1.36363636,-0.8977093840000001,0
0.87878788,-1.36363636,-0.9137252463333334,0
0.88888889,-1.36363636,-0.9280085292666667,0
0.8989899,-1.36363636,-0.9406832559333332,0
0.90909091,-1.36363636,-0.9518637564666667,0
0.91919192,-1.36363636,-0.9616551305333334,0
0.92929293,-1.36363636,-0.9701537919333333,0
0.93939394,-1.36363636,-0.9774480633333335,0
0.94949495,-1.36363636,-0.9836187865333333,0
0.95959596,-1.36363636,-0.9887399323333332,0
0.96969697,-1.36363636,-0.9928791914666667,0
0.97979798,-1.36363636,-0.9960985402666666,0
0.98989899,-1.36363636,-0.9984547733999999,0
1.0,-1.36363636,-0.9167261906666667,1
0.0,-1.3030303,1.0,0
0.01010101,-1.3030303,0.9999054028,0
0.02020202,-1.3030303,0.9998079682666666,0
0.03030303,-1.3030303,0.9997075891333334,0
0.04040404,-1.3030303,0.9996041523333333,0
0.05050505,-1.3030303,0.9994975395333333,0
0.06060606,-1.3030303,0.9993876243333333,0
0.07070707,-1.3030303,0.9992742713333334,0
0.08080808,-1.3030303,0.9991573341333333,0
0.09090909,-1.3030303,0.9990366511333333,0
0.1010101,-1.3030303,0.9989120431333334,0
0.11111111,-1.3030303,0.9987833049333333,0
0.12121212,-1.3030303,0.9986501999999999,0
0.13131313,-1.3030303,0.9985124496666666,0
0.14141414,-1.3030303,0.9983697198666667,0
0.15151515,-1.3030303,0.9982216053333334,0
0.16161616,-1.3030303,0.9980676072666667,0
0.17171717,-1.3030303,0.9979071061333333,0
0.18181818,-1.3030303,0.9977393274,0
0.19191919,-1.3030303,0.9975632962666667,0
0.2020202,-1.3030303,0.9973777823333334,0
0.21212121,-1.3030303,0.9971812296,0
0.22222222,-1.3030303,0.9969716678666667,0
0.23232323,-1.3030303,0.9967466029333333,0
0.24242424,-1.3030303,0.9965028804666666,0
0.25252525,-1.3030303,0.9962365141333333,0
0.26262626,-1.3030303,0.9959424771333333,0
0.27272727,-1.3030303,0.9956144408666667,0
0.28282828,-1.3030303,0.9952444556666666,0
0.29292929,-1.3030303,0.9948225597333334,0
0.3030303,-1.3030303,0.9943362982666667,0
0.31313131,-1.3030303,0.9937701422666666,0
0.32323232,-1.3030303,0.9931047793333334,0
0.33333333,-1.3030303,0.9923162627333333,0
0.34343434,-1.3030303,0.9913749839333333,0
0.35353535,-1.3030303,0.9902444522666666,0
0.36363636,-1.3030303,0.9888798463333334,0
0.37373737,-1.3030303,0.9872263104,0
0.38383838,-1.3030303,0.9852169766,0
0.39393939,-1.3030303,0.9827706900666666,0
0.4040404,-1.3030303,0.9797894346,0
0.41414141,-1.3030303,0.9761554774,0
0.42424242,-1.3030303,0.971728279,0
0.43434343,-1.3030303,0.9663412612,0
0.44444444,-1.3030303,0.9597985924666667,0
0.45454545,-1.3030303,0.9518722285333334,0
0.46464646,-1.3030303,0.9422995473333333,0
0.47474747,-1.3030303,0.9307820405333334,0
0.48484848,-1.3030303,0.9169856544666667,0
0.49494949,-1.3030303,0.9005434830666667,0
0.50505051,-1.3030303,0.8810616116666666,0
0.51515152,-1.3030303,0.8581289010666666,0
0.52525253,-1.3030303,0.8313313764666667,0
0.53535354,-1.3030303,0.8002715704666667,0
0.54545455,-1.3030303,0.7645926188666667,0
0.55555556,-1.3030303,0.7240061430666667,0
0.56565657,-1.3030303,0.6783220069333333,0
0.57575758,-1.3030303,0.6274770954666666,0
0.58585859,-1.3030303,0.5715595326,0
0.5959596,-1.3030303,0.5108245283333334,0
0.60606061,-1.3030303,0.445698538,0
0.61616162,-1.3030303,0.3767696828,0
0.62626263,-1.3030303,0.30476429353333334,0
0.63636364,-1.3030303,0.2305115706666667,0
0.64646465,-1.3030303,0.15490022939999995,0
0.65656566,-1.3030303,0.0788321268,0
0.66666667,-1.3030303,0.003178022066666694,0
0.67676768,-1.3030303,-0.07126017566666672,0
0.68686869,-1.3030303,-0.1437777755333333,0
0.6969697,-1.3030303,-0.21378507413333336,0
0.70707071,-1.3030303,-0.28081485553333335,0
0.71717172,-1.3030303,-0.3445210851333333,0
0.72727273,-1.3030303,-0.4046708766666667,0
0.73737374,-1.3030303,-0.46113198140000006,0
0.74747475,-1.3030303,-0.5138578649333334,0
0.75757576,-1.3030303,-0.5628720588666666,0
0.76767677,-1.3030303,-0.608253027,0
0.77777778,-1.3030303,-0.6501203544666667,0
0.78787879,-1.3030303,-0.6886226979333333,0
0.7979798,-1.3030303,-0.7239276680666668,0
0.80808081,-1.3030303,-0.7562136072666666,0
0.81818182,-1.3030303,-0.7856631239333333,0
0.82828283,-1.3030303,-0.8124581641333334,0
0.83838384,-1.3030303,-0.8367763913333334,0
0.84848485,-1.3030303,-0.8587886397333333,0
0.85858586,-1.3030303,-0.8786572283333333,0
0.86868687,-1.3030303,-0.8965349488666666,0
0.87878788,-1.3030303,-0.9125645661333334,0
0.88888889,-1.3030303,-0.9268787015333334,0
0.8989899,-1.3030303,-0.9395999934000001,0
0.90909091,-1.3030303,-0.9508414491333333,0
0.91919192,-1.3030303,-0.9607069250666667,0
0.92929293,-1.3030303,-0.9692916847333334,0
0.93939394,-1.3030303,-0.9766829974,0
0.94949495,-1.3030303,-0.9829607502000001,0
0.95959596,-1.3030303,-0.9881980558,0
0.96969697,-1.3030303,-0.9924618390000001,0
0.97979798,-1.3030303,-0.9958133966666668,0
0.98989899,-1.3030303,-0.9983089231999999,0
1.0,-1.3030303,-0.9999768130666666,1
0.0,-1.24242424,1.0,0
0.01010101,-1.24242424,0.9998932181333333,0
0.02020202,-1.24242424,0.9997832446666667,0
0.03030303,-1.24242424,0.9996699586,0
0.04040404,-1.24242424,0.9995532327333333,0
0.05050505,-1.24242424,0.9994329336666666,0
0.06060606,-1.24242424,0.9993089196666667,0
0.07070707,-1.24242424,0.9991810388000001,0
0.08080808,-1.24242424,0.9990491278,0
0.09090909,-1.24242424,0.9989130076666667,0
0.1010101,-1.24242424,0.9987724804666667,0
0.11111111,-1.24242424,0.9986273229333333,0
0.12121212,-1.24242424,0.9984772799333332,0
0.13131313,-1.24242424,0.9983220532666667,0
0.14141414,-1.24242424,0.9981612909333334,0
0.15151515,-1.24242424,0.9979945694,0
0.16161616,-1.24242424,0.9978213734,0
0.17171717,-1.24242424,0.9976410692000001,0
0.18181818,-1.24242424,0.9974528702666666,0
0.19191919,-1.24242424,0.9972557944,0
0.2020202,-1.24242424,0.9970486091333334,0
0.21212121,-1.24242424,0.9968297633333334,0
0.22222222,-1.24242424,0.9965973021333333,0
0.23232323,-1.24242424,0.9963487576666666,0
0.24242424,-1.24242424,0.9960810164666666,0
0.25252525,-1.24242424,0.9957901533333333,0
0.26262626,-1.24242424,0.9954712243333333,0
0.27272727,-1.24242424,0.9951180116666667,0
0.28282828,-1.24242424,0.9947227112,0
0.29292929,-1.24242424,0.9942755451333334,0
0.3030303,-1.24242424,0.9937642910000001,0
0.31313131,-1.24242424,0.9931737055333333,0
0.32323232,-1.24242424,0.9924848253333334,0
0.33333333,-1.24242424,0.9916741217333334,0
0.34343434,-1.24242424,0.9907124830666667,0
0.35353535,-1.24242424,0.9895639969333333,0
0.36363636,-1.24242424,0.9881845055999999,0
0.37373737,-1.24242424,0.9865199026,0
0.38383838,-1.24242424,0.9845041444666668,0
0.39393939,-1.24242424,0.9820569606666667,0
0.4040404,-1.24242424,0.9790812500666667,0
0.41414141,-1.24242424,0.9754601812666667,0
0.42424242,-1.24242424,0.9710540368,0
0.43434343,-1.24242424,0.9656968952,0
0.44444444,-1.24242424,0.9591933010666667,0
0.45454545,-1.24242424,0.9513151646666667,0
0.46464646,-1.24242424,0.9417992313333333,0
0.47474747,-1.24242424,0.9303455942666667,0
0.48484848,-1.24242424,0.9166178545333333,0
0.49494949,-1.24242424,0.9002456672666667,0
0.50505051,-1.24242424,0.8808305032666667,0
0.51515152,-1.24242424,0.8579554686666667,0
0.52525253,-1.24242424,0.8311999022,0
0.53535354,-1.24242424,0.8001591398,0
0.54545455,-1.24242424,0.7644692774,0
0.55555556,-1.24242424,0.7238359407333333,0
0.56565657,-1.24242424,0.6780650720666667,0
0.57575758,-1.24242424,0.6270927326666667,0
0.58585859,-1.24242424,0.5710101342,0
0.5959596,-1.24242424,0.5100798742666667,0
0.60606061,-1.24242424,0.4447398784,0
0.61616162,-1.24242424,0.3755929394,0
0.62626263,-1.24242424,0.3033817963333333,0
0.63636364,-1.24242424,0.22895197573333329,0
0.64646465,-1.24242424,0.1532065910000001,0
0.65656566,-1.24242424,0.07705842553333327,0
0.66666667,-1.24242424,0.0013847037333333638,0
0.67676768,-1.24242424,-0.07301098926666653,0
0.68686869,-1.24242424,-0.14542677093333323,0
0.6969697,-1.24242424,-0.21527944653333328,0
0.70707071,-1.24242424,-0.2821109488666667,0
0.71717172,-1.24242424,-0.3455858963333332,0
0.72727273,-1.24242424,-0.4054825186666668,0
0.73737374,-1.24242424,-0.4616792947333334,0
0.74747475,-1.24242424,-0.5141394176666666,0
0.75757576,-1.24242424,-0.5628947690666666,0
0.76767677,-1.24242424,-0.6080306139333335,0
0.77777778,-1.24242424,-0.6496717745333332,0
0.78787879,-1.24242424,-0.6879706806,0
0.7979798,-1.24242424,-0.7230974135333333,0
0.80808081,-1.24242424,-0.7552316844666667,0
0.81818182,-1.24242424,-0.7845565724,0
0.82828283,-1.24242424,-0.8112537929999999,0
0.83838384,-1.24242424,-0.8355002551333334,0
0.84848485,-1.24242424,-0.857465666,0
0.85858586,-1.24242424,-0.8773109726,0
0.86868687,-1.24242424,-0.8951874510000001,0
0.87878788,-1.24242424,-0.9112362876000001,0
0.88888889,-1.24242424,-0.925588522,0
0.8989899,-1.24242424,-0.9383652518,0
0.90909091,-1.24242424,-0.9496780149333334,0
0.91919192,-1.24242424,-0.9596292902666667,0
0.92929293,-1.24242424,-0.9683130673333333,0
0.93939394,-1.24242424,-0.9758154496666666,0
0.94949495,-1.24242424,-0.9822152692666667,0
0.95959596,-1.24242424,-0.9875846892000001,0
0.96969697,-1.24242424,-0.991989787,0
0.97979798,-1.24242424,-0.9954911071999999,0
0.98989899,-1.24242424,-0.9981441796666666,0
1.0,-1.24242424,-0.9620783061333333,1
0.0,-1.18181818,1.0,0
0.01010101,-1.18181818,0.9998794645333333,0
0.02020202,-1.18181818,0.99975534,0
0.03030303,-1.18181818,0.9996274900666666,0
0.04040404,-1.18181818,0.9994957716666666,0
0.05050505,-1.18181818,0.9993600343333334,0
0.06060606,-1.18181818,0.9992201186,0
0.07070707,-1.18181818,0.9990758547333334,0
0.08080808,-1.18181818,0.9989270597333334,0
0.09090909,-1.18181818,0.9987735352666667,0
0.1010101,-1.18181818,0.9986150626666667,0
0.11111111,-1.18181818,0.9984513976666667,0
0.12121212,-1.18181818,0.9982822634666666,0
0.13131313,-1.18181818,0.9981073405333333,0
0.14141414,-1.18181818,0.9979262556,0
0.15151515,-1.18181818,0.9977385645333333,0
0.16161616,-1.18181818,0.9975437326666666,0
0.17171717,-1.18181818,0.9973411095999999,0
0.18181818,-1.18181818,0.9971298938666667,0
0.19191919,-1.18181818,0.996909094,0
0.2020202,-1.18181818,0.9966774734666667,0
0.21212121,-1.18181818,0.9964334849333334,0
0.22222222,-1.18181818,0.9961751868666667,0
0.23232323,-1.18181818,0.995900138,0
0.24242424,-1.18181818,0.9956052682,0
0.25252525,-1.18181818,0.995286715,0
0.26262626,-1.18181818,0.994939622,0
0.27272727,-1.18181818,0.9945578902000001,0
0.28282828,-1.18181818,0.99413387,0
0.29292929,-1.18181818,0.9936579824,0
0.3030303,-1.18181818,0.9931182550000001,0
0.31313131,-1.18181818,0.9924997548,0
0.32323232,-1.18181818,0.9917838978,0
0.33333333,-1.18181818,0.9909476124666667,0
0.34343434,-1.18181818,0.9899623302666666,0
0.35353535,-1.18181818,0.9887927756666667,0
0.36363636,-1.18181818,0.9873955242,0
0.37373737,-1.18181818,0.9857172994666666,0
0.38383838,-1.18181818,0.9836929774,0
0.39393939,-1.18181818,0.9812432792,0
0.4040404,-1.18181818,0.9782721382666666,0
0.41414141,-1.18181818,0.9746637509999999,0
0.42424242,-1.18181818,0.9702793542,0
0.43434343,-1.18181818,0.9649538086666667,0
0.44444444,-1.18181818,0.9584921451333334,0
0.45454545,-1.18181818,0.9506663058666667,0
0.46464646,-1.18181818,0.9412124293999999,0
0.47474747,-1.18181818,0.9298291574666666,0
0.48484848,-1.18181818,0.9161775906666667,0
0.49494949,-1.18181818,0.8998836579999999,0
0.50505051,-1.18181818,0.8805437769333334,0
0.51515152,-1.18181818,0.8577347008,0
0.52525253,-1.18181818,0.8310283356666667,0
0.53535354,-1.18181818,0.8000119727333334,0
0.54545455,-1.18181818,0.7643137976666667,0
0.55555556,-1.18181818,0.7236326656000001,0
0.56565657,-1.18181818,0.6777700618,0
0.57575758,-1.18181818,0.6266610755333334,0
0.58585859,-1.18181818,0.5704003638666666,0
0.5959596,-1.18181818,0.5092588258,0
0.60606061,-1.18181818,0.44368729000000007,0
0.61616162,-1.18181818,0.37430502826666673,0
0.62626263,-1.18181818,0.30187314253333336,0
0.63636364,-1.18181818,0.22725532613333335,0
0.64646465,-1.18181818,0.15137056819999994,0
0.65656566,-1.18181818,0.07514351586666668,0
0.66666667,-1.18181818,-0.000541826533333345,0
0.67676768,-1.18181818,-0.07488048246666668,0
0.68686869,-1.18181818,-0.1471741620666666,0
0.6969697,-1.18181818,-0.21684731066666663,0
0.70707071,-1.18181818,-0.2834523262666668,0
0.71717172,-1.18181818,-0.3466658368000001,0
0.72727273,-1.18181818,-0.40627846686666663,0
0.73737374,-1.18181818,-0.46218054893333343,0
0.74747475,-1.18181818,-0.5143459338666666,0
0.75757576,-1.18181818,-0.5628155776,0
0.76767677,-1.18181818,-0.6076820717333333,0
0.77777778,-1.18181818,-0.6490758251333333,0
0.78787879,-1.18181818,-0.6871532373333333,0
0.7979798,-1.18181818,-0.722086938,0
0.80808081,-1.18181818,-0.7540579898,0
0.81818182,-1.18181818,-0.7832498564,0
0.82828283,-1.18181818,-0.8098438884000001,0
0.83838384,-1.18181818,-0.8340160727333334,0
0.84848485,-1.18181818,-0.8559348053333334,0
0.85858586,-1.18181818,-0.8757594673999999,0
0.86868687,-1.18181818,-0.8936396258,0
0.87878788,-1.18181818,-0.9097146982000001,0
0.88888889,-1.18181818,-0.9241139618000002,0
0.8989899,-1.18181818,-0.9369568021333334,0
0.90909091,-1.18181818,-0.9483531296,0
0.91919192,-1.18181818,-0.9584038995999999,0
0.92929293,-1.18181818,-0.9672016937333332,0
0.93939394,-1.18181818,-0.9748313296666667,0
0.94949495,-1.18181818,-0.9813704740666667,0
0.95959596,-1.18181818,-0.9868902425999999,0
0.96969697,-1.18181818,-0.9914557780000001,0
0.97979798,-1.18181818,-0.9951267939999999,0
0.98989899,-1.18181818,-0.9979580852000001,0
1.0,-1.18181818,-0.9169866256,1
0.0,-1.12121212,1.0,0
0.01010101,-1.12121212,0.9998639401333334,0
0.02020202,-1.12121212,0.9997238454666667,0
0.03030303,-1.12121212,0.9995795624666667,0
0.04040404,-1.12121212,0.9994309299333333,0
0.05050505,-1.12121212,0.9992777784666668,0
0.06060606,-1.12121212,0.9991199290666667,0
0.07070707,-1.12121212,0.9989571909333333,0
0.08080808,-1.12121212,0.9987893595333334,0
0.09090909,-1.12121212,0.9986162142666667,0
0.1010101,-1.12121212,0.9984375128666667,0
0.11111111,-1.12121212,0.9982529876666666,0
0.12121212,-1.12121212,0.9980623370666667,0
0.13131313,-1.12121212,0.9978652174,0
0.14141414,-1.12121212,0.9976612307333333,0
0.15151515,-1.12121212,0.9974499092666667,0
0.16161616,-1.12121212,0.9972306962666667,0
0.17171717,-1.12121212,0.9970029199333333,0
0.18181818,-1.12121212,0.9967657627333334,0
0.19191919,-1.12121212,0.9965182197333333,0
0.2020202,-1.12121212,0.9962590482,0
0.21212121,-1.12121212,0.9959867022666666,0
0.22222222,-1.12121212,0.9956992524,0
0.23232323,-1.12121212,0.9953942834666667,0
0.24242424,-1.12121212,0.9950687688000001,0
0.25252525,-1.12121212,0.9947189102666667,0
0.26262626,-1.12121212,0.9943399438666667,0
0.27272727,-1.12121212,0.9939258956,0
0.28282828,-1.12121212,0.9934692794666666,0
0.29292929,-1.12121212,0.9929607292,0
0.3030303,-1.12121212,0.9923885406666667,0
0.31313131,-1.12121212,0.9917381153333333,0
0.32323232,-1.12121212,0.9909912794000001,0
0.33333333,-1.12121212,0.9901254586666666,0
0.34343434,-1.12121212,0.9891126769333334,0
0.35353535,-1.12121212,0.9879183561333333,0
0.36363636,-1.12121212,0.9864998793333334,0
0.37373737,-1.12121212,0.9848048876666666,0
0.38383838,-1.12121212,0.9827692800000001,0
0.39393939,-1.12121212,0.9803148874666666,0
0.4040404,-1.12121212,0.9773468104666666,0
0.41414141,-1.12121212,0.9737504189333334,0
0.42424242,-1.12121212,0.9693880542,0
0.43434343,-1.12121212,0.9640955106666667,0
0.44444444,-1.12121212,0.9576784418,0
0.45454545,-1.12121212,0.9499089285333333,0
0.46464646,-1.12121212,0.9405225558666667,0
0.47474747,-1.12121212,0.9292164876,0
0.48484848,-1.12121212,0.9156491854666666,0
0.49494949,-1.12121212,0.8994425716000001,0
0.50505051,-1.12121212,0.88018756,0
0.51515152,-1.12121212,0.8574539189333333,0
0.52525253,-1.12121212,0.8308053188666668,0
0.53535354,-1.12121212,0.7998200788,0
0.54545455,-1.12121212,0.7641175107333332,0
0.55555556,-1.12121212,0.7233888305333334,0
0.56565657,-1.12121212,0.6774304584666667,0
0.57575758,-1.12121212,0.6261763318,0
0.58585859,-1.12121212,0.5697249402,0
0.5959596,-1.12121212,0.5083564986000001,0
0.60606061,-1.12121212,0.4425363285333333,0
0.61616162,-1.12121212,0.3729021794,0
0.62626263,-1.12121212,0.3002356620666667,0
0.63636364,-1.12121212,0.22542062473333327,0
0.64646465,-1.12121212,0.1493934866666667,0
0.65656566,-1.12121212,0.07309168593333334,0
0.66666667,-1.12121212,-0.0025937698666666682,0
0.67676768,-1.12121212,-0.0768569526666667,0
0.68686869,-1.12121212,-0.14900413553333336,0
0.6969697,-1.12121212,-0.21846873006666664,0
0.70707071,-1.12121212,-0.28481509279999995,0
0.71717172,-1.12121212,-0.3477333608666667,0
0.72727273,-1.12121212,-0.4070279369333332,0
0.73737374,-1.12121212,-0.46260219826666676,0
0.74747475,-1.12121212,-0.5144416158,0
0.75757576,-1.12121212,-0.5625969477333332,0
0.76767677,-1.12121212,-0.6071686211333334,0
0.77777778,-1.12121212,-0.6482929498,0
0.78787879,-1.12121212,-0.6861304648666667,0
0.7979798,-1.12121212,-0.7208563804,0
0.80808081,-1.12121212,-0.7526530530000001,0
0.81818182,-1.12121212,-0.7817042059333333,0
0.82828283,-1.12121212,-0.8081906536,0
0.83838384,-1.12121212,-0.8322872625333332,0
0.84848485,-1.12121212,-0.8541609028666667,0
0.85858586,-1.12121212,-0.8739691710666667,0
0.86868687,-1.12121212,-0.8918597085333332,0
0.87878788,-1.12121212,-0.9079699558666666,0
0.88888889,-1.12121212,-0.9224272282666667,0
0.8989899,-1.12121212,-0.9353490154,0
0.90909091,-1.12121212,-0.9468434275333334,0
0.91919192,-1.12121212,-0.9570097395999999,0
0.92929293,-1.12121212,-0.9659389821333333,0
0.93939394,-1.12121212,-0.9737145564000002,0
0.94949495,-1.12121212,-0.9804128467333333,0
0.95959596,-1.12121212,-0.9861038168666666,0
0.96969697,-1.12121212,-0.9908515794666667,0
0.97979798,-1.12121212,-0.9947149327999999,0
0.98989899,-1.12121212,-0.9977478618666668,0
1.0,-1.12121212,-0.9166932496,1
0.0,-1.06060606,1.0,0
0.01010101,-1.06060606,0.9998464169333333,0
0.02020202,-1.06060606,0.9996882993333334,0
0.03030303,-1.06060606,0.9995254743333334,0
0.04040404,-1.06060606,0.9993577604666667,0
0.05050505,-1.06060606,0.9991849668666667,0
0.06060606,-1.06060606,0.9990068922666667,0
0.07070707,-1.06060606,0.9988233226666667,0
0.08080808,-1.06060606,0.9986340289333334,0
0.09090909,-1.06060606,0.9984387650666667,0
0.1010101,-1.06060606,0.9982372628,0
0.11111111,-1.06060606,0.9980292267333333,0
0.12121212,-1.06060606,0.997814328,0
0.13131313,-1.06060606,0.9975921952,0
0.14141414,-1.06060606,0.9973624018,0
0.15151515,-1.06060606,0.9971244531333333,0
0.16161616,-1.06060606,0.9968777653333333,0
0.17171717,-1.06060606,0.9966216436666667,0
0.18181818,-1.06060606,0.9963552488666666,0
0.19191919,-1.06060606,0.9960775600666667,0
0.2020202,-1.06060606,0.9957873242666666,0
0.21212121,-1.06060606,0.9954829943333333,0
0.22222222,-1.06060606,0.9951626506666666,0
0.23232323,-1.06060606,0.9948239024666666,0
0.24242424,-1.06060606,0.9944637655999999,0
0.25252525,-1.06060606,0.9940785082,0
0.26262626,-1.06060606,0.9936634610666667,0
0.27272727,-1.06060606,0.9932127798666667,0
0.28282828,-1.06060606,0.9927191522666666,0
0.29292929,-1.06060606,0.9921734362666667,0
0.3030303,-1.06060606,0.9915642133333333,0
0.31313131,-1.06060606,0.9908772438666668,0
0.32323232,-1.06060606,0.9900947955333333,0
0.33333333,-1.06060606,0.9891948304,0
0.34343434,-1.06060606,0.9881500163333334,0
0.35353535,-1.06060606,0.9869265361999999,0
0.36363636,-1.06060606,0.9854826575333333,0
0.37373737,-1.06060606,0.9837670335333333,0
0.38383838,-1.06060606,0.981716697,0
0.39393939,-1.06060606,0.9792547186666667,0
0.4040404,-1.06060606,0.9762875132666666,0
0.41414141,-1.06060606,0.9727017881333334,0
0.42424242,-1.06060606,0.9683611644,0
0.43434343,-1.06060606,0.9631025477333333,0
0.44444444,-1.06060606,0.9567323843333333,0
0.45454545,-1.06060606,0.9490230357333334,0
0.46464646,-1.06060606,0.9397096243333334,0
0.47474747,-1.06060606,0.9284878452666666,0
0.48484848,-1.06060606,0.9150134127333334,0
0.49494949,-1.06060606,0.8989039788666666,0
0.50505051,-1.06060606,0.8797445036666667,0
0.51515152,-1.06060606,0.8570971150666666,0
0.52525253,-1.06060606,0.8305163935333334,0
0.53535354,-1.06060606,0.7995706810000001,0
0.54545455,-1.06060606,0.7638693536666666,0
0.55555556,-1.06060606,0.7230950201333334,0
0.56565657,-1.06060606,0.6770383451333333,0
0.57575758,-1.06060606,0.6256318983333334,0
0.58585859,-1.06060606,0.5689784166,0
0.5959596,-1.06060606,0.5073685454,0
0.60606061,-1.06060606,0.44128385406666665,0
0.61616162,-1.06060606,0.3713827674666667,0
0.62626263,-1.06060606,0.29846974100000007,0
0.63636364,-1.06060606,0.22345090300000003,0
0.64646465,-1.06060606,0.14728170926666664,0
0.65656566,-1.06060606,0.07091326879999997,0
0.66666667,-1.06060606,-0.0047563180666666885,0
0.67676768,-1.06060606,-0.07892080639999999,0
0.68686869,-1.06060606,-0.1508922282666667,0
0.6969697,-1.06060606,-0.22011450546666667,0
0.70707071,-1.06060606,-0.2861656363333334,0
0.71717172,-1.06060606,-0.3487509105333333,0
0.72727273,-1.06060606,-0.40768998893333325,0
0.73737374,-1.06060606,-0.4629005351333333,0
0.74747475,-1.06060606,-0.5143806146000001,0
0.75757576,-1.06060606,-0.562191499,0
0.76767677,-1.06060606,-0.6064419243333333,0
0.77777778,-1.06060606,-0.6472743807333333,0
0.78787879,-1.06060606,-0.6848536382666667,0
0.7979798,-1.06060606,-0.7193574794666666,0
0.80808081,-1.06060606,-0.7509694452666668,0
0.81818182,-1.06060606,-0.7798733464666666,0
0.82828283,-1.06060606,-0.8062492480666666,0
0.83838384,-1.06060606,-0.8302706602666666,0
0.84848485,-1.06060606,-0.85210268,0
0.85858586,-1.06060606,-0.8719008737333332,0
0.86868687,-1.06060606,-0.8898107164000001,0
0.87878788,-1.06060606,-0.9059674421333332,0
0.88888889,-1.06060606,-0.9204961893333333,0
0.8989899,-1.06060606,-0.9335123504666666,0
0.90909091,-1.06060606,-0.9451220524,0
0.91919192,-1.06060606,-0.9554227200000001,0
0.92929293,-1.06060606,-0.9645036802666667,0
0.93939394,-1.06060606,-0.9724467791333334,0
0.94949495,-1.06060606,-0.9793269942,0
0.95959596,-1.06060606,-0.9852130238666666,0
0.96969697,-1.06060606,-0.9901678506666666,0
0.97979798,-1.06060606,-0.9942492678,0
0.98989899,-1.06060606,-0.9975103685333334,0
1.0,-1.06060606,-0.9167369842666667,1
0.0,-1.0,1.0,0
0.01010101,-1.0,0.9998266374666667,0
0.02020202,-1.0,0.9996481805333334,0
0.03030303,-1.0,0.9994644343333333,0
0.04040404,-1.0,0.9992751944666667,0
0.05050505,-1.0,0.9990802465333334,0
0.06060606,-1.0,0.9988793631333334,0
0.07070707,-1.0,0.9986723044666667,0
0.08080808,-1.0,0.9984588140666666,0
0.09090909,-1.0,0.9982386167333334,0
0.1010101,-1.0,0.9980114144000001,0
0.11111111,-1.0,0.9977768814000001,0
0.12121212,-1.0,0.9975346570666666,0
0.13131313,-1.0,0.9972843376,0
0.14141414,-1.0,0.9970254648666667,0
0.15151515,-1.0,0.9967575121333333,0
0.16161616,-1.0,0.996479865,0
0.17171717,-1.0,0.9961918001333334,0
0.18181818,-1.0,0.9958924528666666,0
0.19191919,-1.0,0.9955807815333334,0
0.2020202,-1.0,0.9952555188666666,0
0.21212121,-1.0,0.9949151124666666,0
0.22222222,-1.0,0.9945576488,0
0.23232323,-1.0,0.9941807591333334,0
0.24242424,-1.0,0.9937815000666667,0
0.25252525,-1.0,0.9933562056,0
0.26262626,-1.0,0.9929003023999999,0
0.27272727,-1.0,0.9924080800666666,0
0.28282828,-1.0,0.9918724066666667,0
0.29292929,-1.0,0.9912843755333334,0
0.3030303,-1.0,0.9906328712666667,0
0.31313131,-1.0,0.9899040332666666,0
0.32323232,-1.0,0.9890806018,0
0.33333333,-1.0,0.9881411158666666,0
0.34343434,-1.0,0.9870589383333334,0
0.35353535,-1.0,0.9858010768666667,0
0.36363636,-1.0,0.9843267653333333,0
0.37373737,-1.0,0.9825857674,0
0.38383838,-1.0,0.9805163687333333,0
0.39393939,-1.0,0.978043021,0
0.4040404,-1.0,0.9750736158666666,0
0.41414141,-1.0,0.9714963813333334,0
0.42424242,-1.0,0.96717642,0
0.43434343,-1.0,0.9619519596666667,0
0.44444444,-1.0,0.9556304462,0
0.45454545,-1.0,0.9479847086666666,0
0.46464646,-1.0,0.9387495456,0
0.47474747,-1.0,0.9276192410666667,0
0.48484848,-1.0,0.9142466985333333,0
0.49494949,-1.0,0.8982450704666667,0
0.50505051,-1.0,0.8791929302666667,0
0.51515152,-1.0,0.8566440997333333,0
0.52525253,-1.0,0.8301431756666666,0
0.53535354,-1.0,0.7992474445333333,0
0.54545455,-1.0,0.7635551900666667,0
0.55555556,-1.0,0.7227393386,0
0.56565657,-1.0,0.6765840194,0
0.57575758,-1.0,0.6250201723333334,0
0.58585859,-1.0,0.5681552190000001,0
0.5959596,-1.0,0.5062914505999999,0
0.60606061,-1.0,0.4399286062,0
0.61616162,-1.0,0.3697481810666666,0
0.62626263,-1.0,0.29657999086666664,0
0.63636364,-1.0,0.2213546835333334,0
0.64646465,-1.0,0.14504837126666661,0
0.65656566,-1.0,0.06862662006666664,0
0.66666667,-1.0,-0.007005475733333322,0
0.67676768,-1.0,-0.08104223493333329,0
0.68686869,-1.0,-0.15280290659999993,0
0.6969697,-1.0,-0.22174370920000008,0
0.70707071,-1.0,-0.2874581619333334,0
0.71717172,-1.0,-0.34966849066666666,0
0.72727273,-1.0,-0.4082111748000001,0
0.73737374,-1.0,-0.4630194323333334,0
0.74747475,-1.0,-0.5141048842,0
0.75757576,-1.0,-0.5615399837333335,0
0.76767677,-1.0,-0.6054421892,0
0.77777778,-1.0,-0.6459603683333333,0
0.78787879,-1.0,-0.6832635680666667,0
0.7979798,-1.0,-0.7175320525333333,0
0.80808081,-1.0,-0.7489503763333333,0
0.81818182,-1.0,-0.7777022089333334,0
0.82828283,-1.0,-0.8039666042666667,0
0.83838384,-1.0,-0.8279154368666667,0
0.84848485,-1.0,-0.8497117502000001,0
0.85858586,-1.0,-0.8695088028666665,0
0.86868687,-1.0,-0.8874496387333334,0
0.87878788,-1.0,-0.9036670352666667,0
0.88888889,-1.0,-0.9182837218,0
0.8989899,-1.0,-0.9314127777333334,0
0.90909091,-1.0,-0.9431581496,0
0.91919192,-1.0,-0.9536152334000001,0
0.92929293,-1.0,-0.9628714894666667,0
0.93939394,-1.0,-0.9710070620666668,0
0.94949495,-1.0,-0.9780953891333334,0
0.95959596,-1.0,-0.9842037858,0
0.96969697,-1.0,-0.9893939968666667,0
0.97979798,-1.0,-0.9937227139333332,0
0.98989899,-1.0,-0.9972420543333333,0
1.0,-1.0,-0.9166666765333333,1
0.0,-0.93939394,1.0,0
0.01010101,-0.93939394,0.9998043116,0
0.02020202,-0.93939394,0.9996029010666666,0
0.03030303,-0.93939394,0.9993955492666666,0
0.04040404,-0.93939394,0.9991820257999999,0
0.05050505,-0.93939394,0.9989620892000001,0
0.06060606,-0.93939394,0.9987354837333333,0
0.07070707,-0.93939394,0.9985019397333333,0
0.08080808,-0.93939394,0.9982611698666667,0
0.09090909,-0.93939394,0.9980128660666667,0
0.1010101,-0.93939394,0.9977566967333333,0
0.11111111,-0.93939394,0.9974923010666666,0
0.12121212,-0.93939394,0.9972192824,0
0.13131313,-0.93939394,0.9969372007333334,0
0.14141414,-0.93939394,0.9966455603333334,0
0.15151515,-0.93939394,0.9963437979333334,0
0.16161616,-0.93939394,0.9960312639333333,0
0.17171717,-0.93939394,0.9957072,0
0.18181818,-0.93939394,0.9953707114,0
0.19191919,-0.93939394,0.9950207298,0
0.2020202,-0.93939394,0.9946559685333334,0
0.21212121,-0.93939394,0.9942748645333332,0
0.22222222,-0.93939394,0.9938755063333333,0
0.23232323,-0.93939394,0.9934555418666666,0
0.24242424,-0.93939394,0.9930120656,0
0.25252525,-0.93939394,0.9925414749333333,0
0.26262626,-0.93939394,0.9920392924,0
0.27272727,-0.93939394,0.9914999435333334,0
0.28282828,-0.93939394,0.9909164813333334,0
0.29292929,-0.93939394,0.9902802434,0
0.3030303,-0.93939394,0.9895804300666667,0
0.31313131,-0.93939394,0.9888035824,0
0.32323232,-0.93939394,0.9879329402000001,0
0.33333333,-0.93939394,0.9869476576,0
0.34343434,-0.93939394,0.9858218427333334,0
0.35353535,-0.93939394,0.984523394,0
0.36363636,-0.93939394,0.9830125932666667,0
0.37373737,-0.93939394,0.9812404182,0
0.38383838,-0.93939394,0.9791465325333334,0
0.39393939,-0.93939394,0.9766569202,0
0.4040404,-0.93939394,0.9736811288666666,0
0.41414141,-0.93939394,0.9701091118666667,0
0.42424242,-0.93939394,0.9658076829333334,0
0.43434343,-0.93939394,0.9606166381333334,0
0.44444444,-0.93939394,0.9543446768666667,0
0.45454545,-0.93939394,0.9467653352000001,0
0.46464646,-0.93939394,0.9376132874,0
0.47474747,-0.93939394,0.9265815288666667,0
0.48484848,-0.93939394,0.9133201518666666,0
0.49494949,-0.93939394,0.8974376383333333,0
0.50505051,-0.93939394,0.8785057793333334,0
0.51515152,-0.93939394,0.8560694387333333,0
0.52525253,-0.93939394,0.8296623144666667,0
0.53535354,-0.93939394,0.7988295002666667,0
0.54545455,-0.93939394,0.7631569383333333,0
0.55555556,-0.93939394,0.7223066911333335,0
0.56565657,-0.93939394,0.6760554743333334,0
0.57575758,-0.93939394,0.6243322810666666,0
0.58585859,-0.93939394,0.5672496682,0
0.5959596,-0.93939394,0.5051228812666667,0
0.60606061,-0.93939394,0.43847190966666666,0
0.61616162,-0.93939394,0.3680039007333333,0
0.62626263,-0.93939394,0.2945767011333333,0
0.63636364,-0.93939394,0.2191477932,0
0.64646465,-0.93939394,0.14271552333333334,0
0.65656566,-0.93939394,0.06626054073333332,0
0.66666667,-0.93939394,-0.009305417000000055,0
0.67676768,-0.93939394,-0.08317841459999993,0
0.68686869,-0.93939394,-0.15468667686666668,0
0.6969697,-0.93939394,-0.2233007678,0
0.70707071,-0.93939394,-0.2886318043333334,0
0.71717172,-0.93939394,-0.3504208544,0
0.72727273,-0.93939394,-0.4085228275999999,0
0.73737374,-0.93939394,-0.46288776000000004,0
0.74747475,-0.93939394,-0.5135417405333333,0
0.75757576,-0.93939394,-0.5605689971333333,0
0.76767677,-0.93939394,-0.6040960315333334,0
0.77777778,-0.93939394,-0.644278196,0
0.78787879,-0.93939394,-0.6812887598,0
0.7979798,-0.93939394,-0.715310298,0
0.80808081,-0.93939394,-0.7465281315333334,0
0.81818182,-0.93939394,-0.7751254942,0
0.82828283,-0.93939394,-0.8012801112666667,0
0.83838384,-0.93939394,-0.8251618974666667,0
0.84848485,-0.93939394,-0.8469315219333333,0
0.85858586,-0.93939394,-0.8667396284,0
0.86868687,-0.93939394,-0.8847265385333335,0
0.87878788,-0.93939394,-0.9010223024666667,0
0.88888889,-0.93939394,-0.9157469892000001,0
0.8989899,-0.93939394,-0.9290111368666666,0
0.90909091,-0.93939394,-0.9409163030666666,0
0.91919192,-0.93939394,-0.9515556648666667,0
0.92929293,-0.93939394,-0.9610146448,0
0.93939394,-0.93939394,-0.9693715316000001,0
0.94949495,-0.93939394,-0.9766980844,0
0.95959596,-0.93939394,-0.9830601089333333,0
0.96969697,-0.93939394,-0.9885180011333334,0
0.97979798,-0.93939394,-0.9931272496,0
0.98989899,-0.93939394,-0.9969389040666667,0
1.0,-0.93939394,-0.9166694809333333,1
0.0,-0.87878788,1.0,0
0.01010101,-0.87878788,0.9997791112,0
0.02020202,-0.87878788,0.9995517969333333,0
0.03030303,-0.87878788,0.9993178104666667,0
0.04040404,-0.87878788,0.9990768922,0
0.05050505,-0.87878788,0.9988287702666667,0
0.06060606,-0.87878788,0.9985731568666666,0
0.07070707,-0.87878788,0.9983097486666667,0
0.08080808,-0.87878788,0.9980382228,0
0.09090909,-0.87878788,0.9977582349333333,0
0.1010101,-0.87878788,0.9974694147333333,0
0.11111111,-0.87878788,0.997171362,0
0.12121212,-0.87878788,0.9968636389333333,0
0.13131313,-0.87878788,0.9965457632666667,0
0.14141414,-0.87878788,0.9962171970666667,0
0.15151515,-0.87878788,0.9958773342666667,0
0.16161616,-0.87878788,0.9955254832,0
0.17171717,-0.87878788,0.9951608458,0
0.18181818,-0.87878788,0.9947824895999999,0
0.19191919,-0.87878788,0.9943893132666666,0
0.2020202,-0.87878788,0.9939800041333334,0
0.21212121,-0.87878788,0.9935529816666667,0
0.22222222,-0.87878788,0.9931063295333333,0
0.23232323,-0.87878788,0.992637707,0
0.24242424,-0.87878788,0.9921442404666666,0
0.25252525,-0.87878788,0.9916223868666667,0
0.26262626,-0.87878788,0.9910677612666667,0
0.27272727,-0.87878788,0.9904749244,0
0.28282828,-0.87878788,0.9898371158,0
0.29292929,-0.87878788,0.9891459236,0
0.3030303,-0.87878788,0.9883908747333333,0
0.31313131,-0.87878788,0.9875589276666666,0
0.32323232,-0.87878788,0.9866338478666667,0
0.33333333,-0.87878788,0.9855954392666666,0
0.34343434,-0.87878788,0.9844186037333333,0
0.35353535,-0.87878788,0.9830721937333333,0
0.36363636,-0.87878788,0.9815176216666667,0
0.37373737,-0.87878788,0.9797071838,0
0.38383838,-0.87878788,0.9775820538666666,0
0.39393939,-0.87878788,0.9750699082,0
0.4040404,-0.87878788,0.9720821433333333,0
0.41414141,-0.87878788,0.9685106656666667,0
0.42424242,-0.87878788,0.9642242587333333,0
0.43434343,-0.87878788,0.9590645757333334,0
0.44444444,-0.87878788,0.9528418734,0
0.45454545,-0.87878788,0.9453306985333333,0
0.46464646,-0.87878788,0.9362658756666666,0
0.47474747,-0.87878788,0.9253393180666667,0
0.48484848,-0.87878788,0.9121983961333334,0
0.49494949,-0.87878788,0.8964468320666666,0
0.50505051,-0.87878788,0.8776493111333333,0
0.51515152,-0.87878788,0.8553411316,0
0.52525253,-0.87878788,0.8290441832000001,0
0.53535354,-0.87878788,0.7982901957333333,0
0.54545455,-0.87878788,0.7626514424,0
0.55555556,-0.87878788,0.721777836,0
0.56565657,-0.87878788,0.6754376993333333,0
0.57575758,-0.87878788,0.6235576930666665,0
0.58585859,-0.87878788,0.5662559591333333,0
0.5959596,-0.87878788,0.5038620830666667,0
0.60606061,-0.87878788,0.43691852319999996,0
0.61616162,-0.87878788,0.3661608141333334,0
0.62626263,-0.87878788,0.2924776182666667,0
0.63636364,-0.87878788,0.21685557733333338,0
0.64646465,-0.87878788,0.14031673200000003,0
0.65656566,-0.87878788,0.06385719726666665,0
0.66666667,-0.87878788,-0.011605326666666693,0
0.67676768,-0.87878788,-0.08527019446666664,0
0.68686869,-0.87878788,-0.15647670360000002,0
0.6969697,-0.87878788,-0.22471208506666654,0
0.70707071,-0.87878788,-0.28960731306666676,0
0.71717172,-0.87878788,-0.35092429760000005,0
0.72727273,-0.87878788,-0.40853800173333327,0
0.73737374,-0.87878788,-0.46241649339999996,0
0.74747475,-0.87878788,-0.5126011478666667,0
0.75757576,-0.87878788,-0.5591884427333335,0
0.76767677,-0.87878788,-0.6023141197333334,0
0.77777778,-0.87878788,-0.6421399995333333,0
0.78787879,-0.87878788,-0.6788434012666666,0
0.7979798,-0.87878788,-0.7126089392,0
0.80808081,-0.87878788,-0.7436223635333332,0
0.81818182,-0.87878788,-0.7720661043333334,0
0.82828283,-0.87878788,-0.7981161787999999,0
0.83838384,-0.87878788,-0.8219401666,0
0.84848485,-0.87878788,-0.8436960024666668,0
0.85858586,-0.87878788,-0.8635313748666668,0
0.86868687,-0.87878788,-0.8815835669333333,0
0.87878788,-0.87878788,-0.8979796095999999,0
0.88888889,-0.87878788,-0.9128366457999999,0
0.8989899,-0.87878788,-0.9262624298000001,0
0.90909091,-0.87878788,-0.9383559104000001,0
0.91919192,-0.87878788,-0.949207848,0
0.92929293,-0.87878788,-0.9589014485333333,0
0.93939394,-0.87878788,-0.9675129838,0
0.94949495,-0.87878788,-0.9751123894000001,0
0.95959596,-0.87878788,-0.9817638318666666,0
0.96969697,-0.87878788,-0.9875262396666665,0
0.97979798,-0.87878788,-0.9924537936,0
0.98989899,-0.87878788,-0.9965963793333333,0
1.0,-0.87878788,-0.9999917185333334,1
0.0,-0.81818182,1.0,0
0.01010101,-0.81818182,0.9997506660000001,0
0.02020202,-0.81818182,0.9994941184,0
0.03030303,-0.81818182,0.999230079,0
0.04040404,-0.81818182,0.9989582554,0
0.05050505,-0.81818182,0.9986783412000001,0
0.06060606,-0.81818182,0.998390013,0
0.07070707,-0.81818182,0.9980929284666666,0
0.08080808,-0.81818182,0.9977867254666667,0
0.09090909,-0.81818182,0.9974710179333333,0
0.1010101,-0.81818182,0.9971453922,0
0.11111111,-0.81818182,0.9968094020666667,0
0.12121212,-0.81818182,0.9964625634666667,0
0.13131313,-0.81818182,0.9961043459333333,0
0.14141414,-0.81818182,0.9957341628,0
0.15151515,-0.81818182,0.9953513579333334,0
0.16161616,-0.81818182,0.9949551913333333,0
0.17171717,-0.81818182,0.9945448164,0
0.18181818,-0.81818182,0.9941192557333333,0
0.19191919,-0.81818182,0.9936773675333334,0
0.2020202,-0.81818182,0.9932178038666667,0
0.21212121,-0.81818182,0.9927389588,0
0.22222222,-0.81818182,0.9922389022,0
0.23232323,-0.81818182,0.9917152966666667,0
0.24242424,-0.81818182,0.9911652928666667,0
0.25252525,-0.81818182,0.9905853995333334,0
0.26262626,-0.81818182,0.9899713186,0
0.27272727,-0.81818182,0.9893177414666667,0
0.28282828,-0.81818182,0.9886180928,0
0.29292929,-0.81818182,0.9878642126000001,0
0.3030303,-0.81818182,0.9870459602666667,0
0.31313131,-0.81818182,0.9861507241999999,0
0.32323232,-0.81818182,0.9851628155333333,0
0.33333333,-0.81818182,0.9840627190666666,0
0.34343434,-0.81818182,0.9828261732,0
0.35353535,-0.81818182,0.9814230448666666,0
0.36363636,-0.81818182,0.9798159572666666,0
0.37373737,-0.81818182,0.9779586296666667,0
0.38383838,-0.81818182,0.9757938794000001,0
0.39393939,-0.81818182,0.9732512435333333,0
0.4040404,-0.81818182,0.9702441741333334,0
0.41414141,-0.81818182,0.9666667783333334,0
0.42424242,-0.81818182,0.9623901010666667,0
0.43434343,-0.81818182,0.9572579839333333,0
0.44444444,-0.81818182,0.9510826043333334,0
0.45454545,-0.81818182,0.9436398986,0
0.46464646,-0.81818182,0.9346652078666666,0
0.47474747,-0.81818182,0.9238496763333334,0
0.48484848,-0.81818182,0.910838158,0
0.49494949,-0.81818182,0.8952296483333334,0
0.50505051,-0.81818182,0.8765815137333333,0
0.51515152,-0.81818182,0.8544189681333334,0
0.52525253,-0.81818182,0.8282512352,0
0.53535354,-0.81818182,0.7975955075333333,0
0.54545455,-0.81818182,0.762009013,0
0.55555556,-0.81818182,0.7211281388,0
0.56565657,-0.81818182,0.674711731,0
0.57575758,-0.81818182,0.622683653,0
0.58585859,-0.81818182,0.5651680564666667,0
0.5959596,-0.81818182,0.5025102972,0
0.60606061,-0.81818182,0.43527761773333323,0
0.61616162,-0.81818182,0.3642367766666666,0
0.62626263,-0.81818182,0.2903100716,0
0.63636364,-0.81818182,0.21451554660000002,0
0.64646465,-0.81818182,0.1379001734666667,0
0.65656566,-0.81818182,0.061475567799999964,0
0.66666667,-0.81818182,-0.013835708066666636,0
0.67676768,-0.81818182,-0.08723826553333332,0
0.68686869,-0.81818182,-0.15808493893333342,0
0.6969697,-0.81818182,-0.2258822144666667,0
0.70707071,-0.81818182,-0.2902833386666666,0
0.71717172,-0.81818182,-0.35107310526666663,0
0.72727273,-0.81818182,-0.4081481103333333,0
0.73737374,-0.81818182,-0.4614955556666666,0
0.74747475,-0.81818182,-0.5111727736666666,0
0.75757576,-0.81818182,-0.5572888007333334,0
0.76767677,-0.81818182,-0.5999886488,0
0.77777778,-0.81818182,-0.6394404322000001,0
0.78787879,-0.81818182,-0.6758252111333333,0
0.7979798,-0.81818182,-0.7093292436666666,0
0.80808081,-0.81818182,-0.7401382722,0
0.81818182,-0.81818182,-0.7684334709333335,0
0.82828283,-0.81818182,-0.7943887025999999,0
0.83838384,-0.81818182,-0.8181687837333333,0
0.84848485,-0.81818182,-0.8399285128,0
0.85858586,-0.81818182,-0.8598122501333333,0
0.86868687,-0.81818182,-0.8779538995333334,0
0.87878788,-0.81818182,-0.8944771622000001,0
0.88888889,-0.81818182,-0.9094959730666667,0
0.8989899,-0.81818182,-0.9231150493999999,0
0.90909091,-0.81818182,-0.9354305018666665,0
0.91919192,-0.81818182,-0.9465304695333333,0
0.92929293,-0.81818182,-0.9564957567333333,0
0.93939394,-0.81818182,-0.9654004516,0
0.94949495,-0.81818182,-0.9733125164666666,0
0.95959596,-0.81818182,-0.9802943444,0
0.96969697,-0.81818182,-0.9864032741333333,0
0.97979798,-0.81818182,-0.9916920685333334,0
0.98989899,-0.81818182,-0.9962093503333332,0
1.0,-0.81818182,-0.9999160048,1
0.0,-0.75757576,1.0,0
0.01010101,-0.75757576,0.9997185582666667,0
0.02020202,-0.75757576,0.9994290189333334,0
0.03030303,-0.75757576,0.9991310683333333,0
0.04040404,-0.75757576,0.9988243774,0
0.05050505,-0.75757576,0.9985086007333333,0
0.06060606,-0.75757576,0.9981833735333333,0
0.07070707,-0.75757576,0.9978483109333334,0
0.08080808,-0.75757576,0.9975030055333334,0
0.09090909,-0.75757576,0.9971470238666666,0
0.1010101,-0.75757576,0.9967799026666667,0
0.11111111,-0.75757576,0.9964011445333333,0
0.12121212,-0.75757576,0.9960102114666667,0
0.13131313,-0.75757576,0.9956065180666666,0
0.14141414,-0.75757576,0.9951894208666667,0
0.15151515,-0.75757576,0.9947582070000001,0
0.16161616,-0.75757576,0.9943120777333334,0
0.17171717,-0.75757576,0.9938501309333333,0
0.18181818,-0.75757576,0.9933713339333333,0
0.19191919,-0.75757576,0.9928744944,0
0.2020202,-0.75757576,0.9923582196666667,0
0.21212121,-0.75757576,0.9918208674,0
0.22222222,-0.75757576,0.9912604829999999,0
0.23232323,-0.75757576,0.9906747210666667,0
0.24242424,-0.75757576,0.9900607458,0
0.25252525,-0.75757576,0.9894151072,0
0.26262626,-0.75757576,0.9887335839999999,0
0.27272727,-0.75757576,0.9880109899333334,0
0.28282828,-0.75757576,0.9872409279333334,0
0.29292929,-0.75757576,0.9864154859333333,0
0.3030303,-0.75757576,0.9855248566,0
0.31313131,-0.75757576,0.9845568644666667,0
0.32323232,-0.75757576,0.9834963790666666,0
0.33333333,-0.75757576,0.9823245899333334,0
0.34343434,-0.75757576,0.9810181092666667,0
0.35353535,-0.75757576,0.9795478708666666,0
0.36363636,-0.75757576,0.977877784,0
0.37373737,-0.75757576,0.9759630919333333,0
0.38383838,-0.75757576,0.9737483896,0
0.39393939,-0.75757576,0.9711652464666667,0
0.4040404,-0.75757576,0.9681293867333333,0
0.41414141,-0.75757576,0.9645373867333333,0
0.42424242,-0.75757576,0.9602628750000001,0
0.43434343,-0.75757576,0.955152259,0
0.44444444,-0.75757576,0.9490200656666666,0
0.45454545,-0.75757576,0.9416440845333334,0
0.46464646,-0.75757576,0.9327606492,0
0.47474747,-0.75757576,0.9220605810666667,0
0.48484848,-0.75757576,0.9091865763333333,0
0.49494949,-0.75757576,0.8937331006666667,0
0.50505051,-0.75757576,0.8752501551333334,0
0.51515152,-0.75757576,0.8532524976666667,0
0.52525253,-0.75757576,0.8272359387333333,0
0.53535354,-0.75757576,0.7967020202666666,0
0.54545455,-0.75757576,0.7611915411333333,0
0.55555556,-0.75757576,0.7203259244,0
0.56565657,-0.75757576,0.6738533599333333,0
0.57575758,-0.75757576,0.6216943533333333,0
0.58585859,-0.75757576,0.5639794333333333,0
0.5959596,-0.75757576,0.5010711474666666,0
0.60606061,-0.75757576,0.4335638647999999,0
0.61616162,-0.75757576,0.36225840779999996,0
0.62626263,-0.75757576,0.28811344906666675,0
0.63636364,-0.75757576,0.21218046293333334,0
0.64646465,-0.75757576,0.13553222473333343,0
0.65656566,-0.75757576,0.059195410466666695,0
0.66666667,-0.75757576,-0.015904173399999978,0
0.67676768,-0.75757576,-0.08897884293333336,0
0.68686869,-0.75757576,-0.15939781173333337,0
0.6969697,-0.75757576,-0.22668965106666658,0
0.70707071,-0.75757576,-0.29053239246666657,0
0.71717172,-0.75757576,-0.3507357276666668,0
0.72727273,-0.75757576,-0.40721934013333344,0
0.73737374,-0.75757576,-0.4599904835333333,0
0.74747475,-0.75757576,-0.5091229011999999,0
0.75757576,-0.75757576,-0.5547382770666667,0
0.76767677,-0.75757576,-0.5969907108000001,0
0.77777778,-0.75757576,-0.6360542472,0
0.78787879,-0.75757576,-0.6721132112666668,0
0.7979798,-0.75757576,-0.7053549725333332,0
0.80808081,-0.75757576,-0.7359647151999998,0
0.81818182,-0.75757576,-0.7641218154666668,0
0.82828283,-0.75757576,-0.7899974640666667,0
0.83838384,-0.75757576,-0.8137532328666667,0
0.84848485,-0.75757576,-0.8355403391999999,0
0.85858586,-0.75757576,-0.8554994123999999,0
0.86868687,-0.75757576,-0.8737606122666667,0
0.87878788,-0.75757576,-0.8904439828,0
0.88888889,-0.75757576,-0.9056599571333334,0
0.8989899,-0.75757576,-0.9195099524666667,0
0.90909091,-0.75757576,-0.9320870061333334,0
0.91919192,-0.75757576,-0.9434764244666668,0
0.92929293,-0.75757576,-0.9537564208000001,0
0.93939394,-0.75757576,-0.9629987301333334,0
0.94949495,-0.75757576,-0.9712691884666668,0
0.95959596,-0.75757576,-0.9786282766666666,0
0.96969697,-0.75757576,-0.9851316195999998,0
0.97979798,-0.75757576,-0.9908304487999999,0
0.98989899,-0.75757576,-0.995772021,0
1.0,-0.75757576,-0.9999988808,1
0.0,-0.6969697,1.0,0
0.01010101,-0.6969697,0.999682316,0
0.02020202,-0.6969697,0.999355542,0
0.03030303,-0.6969697,0.9990193248666667,0
0.04040404,-0.6969697,0.9986732936666667,0
0.05050505,-0.6969697,0.9983170586,0
0.06060606,-0.6969697,0.9979502092666666,0
0.07070707,-0.6969697,0.9975723114666667,0
0.08080808,-0.6969697,0.9971829066666666,0
0.09090909,-0.6969697,0.9967815072,0
0.1010101,-0.6969697,0.9963675942666667,0
0.11111111,-0.6969697,0.995940611,0
0.12121212,-0.6969697,0.9954999585333334,0
0.13131313,-0.6969697,0.9950449878,0
0.14141414,-0.6969697,0.9945749898666666,0
0.15151515,-0.6969697,0.9940891850666667,0
0.16161616,-0.6969697,0.9935867080666666,0
0.17171717,-0.6969697,0.9930665884666666,0
0.18181818,-0.6969697,0.9925277285333334,0
0.19191919,-0.6969697,0.9919688730666667,0
0.2020202,-0.6969697,0.9913885718,0
0.21212121,-0.6969697,0.9907851333333334,0
0.22222222,-0.6969697,0.9901565649333334,0
0.23232323,-0.6969697,0.9895004989999999,0
0.24242424,-0.6969697,0.9888140984666667,0
0.25252525,-0.6969697,0.9880939395333334,0
0.26262626,-0.6969697,0.9873358641333333,0
0.27272727,-0.6969697,0.986534794,0
0.28282828,-0.6969697,0.9856844977333334,0
0.29292929,-0.6969697,0.9847773008,0
0.3030303,-0.6969697,0.9838037220666667,0
0.31313131,-0.6969697,0.9827520199333333,0
0.32323232,-0.6969697,0.9816076276,0
0.33333333,-0.6969697,0.9803524530000001,0
0.34343434,-0.6969697,0.9789640082000001,0
0.35353535,-0.6969697,0.9774143394000001,0
0.36363636,-0.6969697,0.9756687064666667,0
0.37373737,-0.6969697,0.9736839702,0
0.38383838,-0.6969697,0.9714066312,0
0.39393939,-0.6969697,0.9687704636000001,0
0.4040404,-0.6969697,0.9656936867333333,0
0.41414141,-0.6969697,0.9620756296666667,0
0.42424242,-0.6969697,0.9577928571333334,0
0.43434343,-0.6969697,0.9526947668,0
0.44444444,-0.6969697,0.9465987319333333,0
0.45454545,-0.6969697,0.9392849571999999,0
0.46464646,-0.6969697,0.9304913717333333,0
0.47474747,-0.6969697,0.9199090812,0
0.48484848,-0.6969697,0.907179176,0
0.49494949,-0.6969697,0.8918920099333333,0
0.50505051,-0.6969697,0.8735904049333334,0
0.51515152,-0.6969697,0.8517785185333333,0
0.52525253,-0.6969697,0.8259381983333333,0
0.53535354,-0.6969697,0.7955543602,0
0.54545455,-0.6969697,0.7601500584,0
0.55555556,-0.6969697,0.7193302994666666,0
0.56565657,-0.6969697,0.6728313606,0
0.57575758,-0.6969697,0.6205697215333333,0
0.58585859,-0.6969697,0.562682547,0
0.5959596,-0.6969697,0.49955091,0
0.60606061,-0.6969697,0.43179855406666673,0
0.61616162,-0.6969697,0.3602630647333333,0
0.62626263,-0.6969697,0.2859419766,0
0.63636364,-0.6969697,0.2099218186666667,0
0.64646465,-0.6969697,0.13330149833333332,0
0.65656566,-0.6969697,0.057121685200000015,0
0.66666667,-0.6969697,-0.017690806533333395,0
0.67676768,-0.6969697,-0.09035896880000001,0
0.68686869,-0.6969697,-0.16027160253333328,0
0.6969697,-0.6969697,-0.22698237719999997,0
0.70707071,-0.6969697,-0.2901966292666667,0
0.71717172,-0.6969697,-0.34975083433333326,0
0.72727273,-0.6969697,-0.4055889939333334,0
0.73737374,-0.6969697,-0.4577390534000001,0
0.74747475,-0.6969697,-0.5062913295333333,0
0.75757576,-0.6969697,-0.5513799565333333,0
0.76767677,-0.6969697,-0.5931676819333332,0
0.77777778,-0.6969697,-0.6318338920000001,0
0.78787879,-0.6969697,-0.6675655124666665,0
0.7979798,-0.6969697,-0.7005503381999999,0
0.80808081,-0.6969697,-0.7309723226666668,0
0.81818182,-0.6969697,-0.7590084069333333,0
0.82828283,-0.6969697,-0.7848265202666668,0
0.83838384,-0.6969697,-0.8085844526666667,0
0.84848485,-0.6969697,-0.8304293582,0
0.85858586,-0.6969697,-0.8504977028,0
0.86868687,-0.6969697,-0.8689155177333333,0
0.87878788,-0.6969697,-0.8857988477333334,0
0.88888889,-0.6969697,-0.9012543217333333,0
0.8989899,-0.6969697,-0.9153797868666665,0
0.90909091,-0.6969697,-0.9282649675999999,0
0.91919192,-0.6969697,-0.9399921234666667,0
0.92929293,-0.6969697,-0.9506366852666667,0
0.93939394,-0.6969697,-0.9602678629333333,0
0.94949495,-0.6969697,-0.9689492112666666,0
0.95959596,-0.6969697,-0.9767391588000001,0
0.96969697,-0.6969697,-0.9836914900666666,0
0.97979798,-0.6969697,-0.9898557892000001,0
0.98989899,-0.6969697,-0.9952778420666667,0
1.0,-0.6969697,-0.9166669034666667,1
0.0,-0.63636364,1.0,0
0.01010101,-0.63636364,0.999641406,0
0.02020202,-0.63636364,0.9992726072,0
0.03030303,-0.63636364,0.9988932056666666,0
0.04040404,-0.63636364,0.9985027829333333,0
0.05050505,-0.63636364,0.9981008993333333,0
0.06060606,-0.63636364,0.9976870916666667,0
0.07070707,-0.63636364,0.9972608708,0
0.08080808,-0.63636364,0.9968217196666667,0
0.09090909,-0.63636364,0.9963690897999999,0
0.1010101,-0.63636364,0.9959023973333333,0
0.11111111,-0.63636364,0.9954210185333333,0
0.12121212,-0.63636364,0.9949242845333334,0
0.13131313,-0.63636364,0.9944114726666666,0
0.14141414,-0.63636364,0.9938817992,0
0.15151515,-0.63636364,0.9933344061333333,0
0.16161616,-0.63636364,0.992768349,0
0.17171717,-0.63636364,0.9921825782666667,0
0.18181818,-0.63636364,0.9915759168666667,0
0.19191919,-0.63636364,0.9909470323333333,0
0.2020202,-0.63636364,0.9902944024,0
0.21212121,-0.63636364,0.9896162700666667,0
0.22222222,-0.63636364,0.988910587,0
0.23232323,-0.63636364,0.9881749454666667,0
0.24242424,-0.63636364,0.9874064887333333,0
0.25252525,-0.63636364,0.9866017996,0
0.26262626,-0.63636364,0.9857567625333333,0
0.27272727,-0.63636364,0.9848663872000001,0
0.28282828,-0.63636364,0.9839245881333334,0
0.29292929,-0.63636364,0.9829239106666667,0
0.3030303,-0.63636364,0.981855183,0
0.31313131,-0.63636364,0.9807070846666668,0
0.32323232,-0.63636364,0.9794656062666667,0
0.33333333,-0.63636364,0.9781133758,0
0.34343434,-0.63636364,0.9766288200666666,0
0.35353535,-0.63636364,0.9749851256666667,0
0.36363636,-0.63636364,0.9731489560666666,0
0.37373737,-0.63636364,0.9710788704,0
0.38383838,-0.63636364,0.9687233928666666,0
0.39393939,-0.63636364,0.9660186666666667,0
0.4040404,-0.63636364,0.9628856307333334,0
0.41414141,-0.63636364,0.9592266602666667,0
0.42424242,-0.63636364,0.9549216326000001,0
0.43434343,-0.63636364,0.9498234059333333,0
0.44444444,-0.63636364,0.9437527686,0
0.45454545,-0.63636364,0.9364930060666666,0
0.46464646,-0.63636364,0.9277843920000001,0
0.47474747,-0.63636364,0.9173191152666667,0
0.48484848,-0.63636364,0.9047374528666666,0
0.49494949,-0.63636364,0.8896263478666666,0
0.50505051,-0.63636364,0.8715219468,0
0.51515152,-0.63636364,0.8499179935333333,0
0.52525253,-0.63636364,0.8242821339333333,0
0.53535354,-0.63636364,0.7940819435333333,0
0.54545455,-0.63636364,0.7588215871999999,0
0.55555556,-0.63636364,0.7180882720666667,0
0.56565657,-0.63636364,0.6716050698666668,0
0.57575758,-0.63636364,0.6192836467333334,0
0.58585859,-0.63636364,0.5612678874666667,0
0.5959596,-0.63636364,0.4979585083333333,0
0.60606061,-0.63636364,0.43001060893333337,0
0.61616162,-0.63636364,0.35830087306666664,0
0.62626263,-0.63636364,0.2838676807333333,0
0.63636364,-0.63636364,0.20783358319999995,0
0.64646465,-0.63636364,0.1313231783333333,0
0.65656566,-0.63636364,0.055389267066666734,0
0.66666667,-0.63636364,-0.01904328059999997,0
0.67676768,-0.63636364,-0.09121164193333338,0
0.68686869,-0.63636364,-0.16052772473333327,0
0.6969697,-0.63636364,-0.22657338866666668,0
0.70707071,-0.63636364,-0.2890836774666666,0
0.71717172,-0.63636364,-0.3479234726666667,0
0.72727273,-0.63636364,-0.4030619733333333,0
0.73737374,-0.63636364,-0.45454807413333326,0
0.74747475,-0.63636364,-0.5024884460666668,0
0.75757576,-0.63636364,-0.5470291283333334,0
0.76767677,-0.63636364,-0.5883407708,0
0.77777778,-0.63636364,-0.6266072541333334,0
0.78787879,-0.63636364,-0.6620172326666666,0
0.7979798,-0.63636364,-0.6947580750666665,0
0.80808081,-0.63636364,-0.7250117031333334,0
0.81818182,-0.63636364,-0.7529518898666666,0
0.82828283,-0.63636364,-0.7787426430666666,0
0.83838384,-0.63636364,-0.8025373830666666,0
0.84848485,-0.63636364,-0.8244786811333333,0
0.85858586,-0.63636364,-0.8446983844666668,0
0.86868687,-0.63636364,-0.8633179948666666,0
0.87878788,-0.63636364,-0.880449207,0
0.88888889,-0.63636364,-0.8961945362666667,0
0.8989899,-0.63636364,-0.9106479872000001,0
0.90909091,-0.63636364,-0.9238957305333334,0
0.91919192,-0.63636364,-0.9360167640666666,0
0.92929293,-0.63636364,-0.9470835459333334,0
0.93939394,-0.63636364,-0.9571625881333332,0
0.94949495,-0.63636364,-0.9663150100666665,0
0.95959596,-0.63636364,-0.9745970472,0
0.96969697,-0.63636364,-0.9820605160666668,0
0.97979798,-0.63636364,-0.9887532372,0
0.98989899,-0.63636364,-0.9947194185333333,0
1.0,-0.63636364,-0.9909235017333333,1
0.0,-0.57575758,1.0,0
0.01010101,-0.57575758,0.9995952262666666,0
0.02020202,-0.57575758,0.9991789934666667,0
0.03030303,-0.57575758,0.9987508527333333,0
0.04040404,-0.57575758,0.9983103317333333,0
0.05050505,-0.57575758,0.9978569343333333,0
0.06060606,-0.57575758,0.9973901373333334,0
0.07070707,-0.57575758,0.9969093884666667,0
0.08080808,-0.57575758,0.9964141048,0
0.09090909,-0.57575758,0.9959036674,0
0.1010101,-0.57575758,0.9953774195333334,0
0.11111111,-0.57575758,0.9948346602,0
0.12121212,-0.57575758,0.9942746393999999,0
0.13131313,-0.57575758,0.9936965506666666,0
0.14141414,-0.57575758,0.9930995221333333,0
0.15151515,-0.57575758,0.9924826059333334,0
0.16161616,-0.57575758,0.9918447646666666,0
0.17171717,-0.57575758,0.9911848537333333,0
0.18181818,-0.57575758,0.9905016015333333,0
0.19191919,-0.57575758,0.9897935818666667,0
0.2020202,-0.57575758,0.9890591812,0
0.21212121,-0.57575758,0.9882965568,0
0.22222222,-0.57575758,0.9875035853333333,0
0.23232323,-0.57575758,0.9866777955333333,0
0.24242424,-0.57575758,0.9858162863333334,0
0.25252525,-0.57575758,0.9849156224,0
0.26262626,-0.57575758,0.9839717039999999,0
0.27272727,-0.57575758,0.9829796008666667,0
0.28282828,-0.57575758,0.9819333459333334,0
0.29292929,-0.57575758,0.980825675,0
0.3030303,-0.57575758,0.9796476986666667,0
0.31313131,-0.57575758,0.9783884934666666,0
0.32323232,-0.57575758,0.9770345858666667,0
0.33333333,-0.57575758,0.975569311,0
0.34343434,-0.57575758,0.973972006,0
0.35353535,-0.57575758,0.9722170108666666,0
0.36363636,-0.57575758,0.9702724246000001,0
0.37373737,-0.57575758,0.9680985672,0
0.38383838,-0.57575758,0.9656460862666667,0
0.39393939,-0.57575758,0.9628536454000001,0
0.4040404,-0.57575758,0.959645118,0
0.41414141,-0.57575758,0.9559262217333333,0
0.42424242,-0.57575758,0.9515805402,0
0.43434343,-0.57575758,0.9464649011333334,0
0.44444444,-0.57575758,0.9404041468,0
0.45454545,-0.57575758,0.9331854200666667,0
0.46464646,-0.57575758,0.9245522487333333,0
0.47474747,-0.57575758,0.9141989249999999,0
0.48484848,-0.57575758,0.9017659936666667,0
0.49494949,-0.57575758,0.8868380478666666,0
0.50505051,-0.57575758,0.8689454822,0
0.51515152,-0.57575758,0.847572272,0
0.52525253,-0.57575758,0.8221720877333334,0
0.53535354,-0.57575758,0.7921948720666667,0
0.54545455,-0.57575758,0.7571250866,0
0.55555556,-0.57575758,0.7165309505999999,0
0.56565657,-0.57575758,0.6701210738000001,0
0.57575758,-0.57575758,0.6178013972,0
0.58585859,-0.57575758,0.5597223442666666,0
0.5959596,-0.57575758,0.4963049973333333,0
0.60606061,-0.57575758,0.4282372628,0
0.61616162,-0.57575758,0.35643657346666663,0
0.62626263,-0.57575758,0.2819832869333333,0
0.63636364,-0.57575758,0.2060359538,0
0.64646465,-0.57575758,0.12974337440000003,0
0.65656566,-0.57575758,0.05416763866666667,0
0.66666667,-0.57575758,-0.019772065733333302,0
0.67676768,-0.57575758,-0.09133112153333323,0
0.68686869,-0.57575758,-0.1599482647333333,0
0.6969697,-0.57575758,-0.2252365591333334,0
0.70707071,-0.57575758,-0.28696286293333334,0
0.71717172,-0.57575758,-0.3450216507999999,0
0.72727273,-0.57575758,-0.39940770253333335,0
0.73737374,-0.57575758,-0.45019061413333333,0
0.74747475,-0.57575758,-0.4974927209999999,0
0.75757576,-0.57575758,-0.5414710073999999,0
0.76767677,-0.57575758,-0.5823029286666668,0
0.77777778,-0.57575758,-0.6201757314666668,0
0.78787879,-0.57575758,-0.6552787007333333,0
0.7979798,-0.57575758,-0.6877977557999999,0
0.80808081,-0.57575758,-0.7179118585333333,0
0.81818182,-0.57575758,-0.7457907867333333,0
0.82828283,-0.57575758,-0.7715939004666666,0
0.83838384,-0.57575758,-0.7954696176666666,0
0.84848485,-0.57575758,-0.8175553788666666,0
0.85858586,-0.57575758,-0.8379779368666666,0
0.86868687,-0.57575758,-0.8568538542666667,0
0.87878788,-0.57575758,-0.874290119,0
0.88888889,-0.57575758,-0.8903848224666665,0
0.8989899,-0.57575758,-0.9052278560666666,0
0.90909091,-0.57575758,-0.9189015971333333,0
0.91919192,-0.57575758,-0.9314815711333334,0
0.92929293,-0.57575758,-0.9430370733333334,0
0.93939394,-0.57575758,-0.9536317491333333,0
0.94949495,-0.57575758,-0.9633241292666667,0
0.95959596,-0.57575758,-0.9721681176666666,0
0.96969697,-0.57575758,-0.9802134351333333,0
0.97979798,-0.57575758,-0.9875060217999999,0
0.98989899,-0.57575758,-0.9940884002666666,0
1.0,-0.57575758,-0.9166671745333334,1
0.0,-0.51515152,1.0,0
0.01010101,-0.51515152,0.9995430966666666,0
0.02020202,-0.51515152,0.9990733205333333,0
0.03030303,-0.51515152,0.9985901644666667,0
0.04040404,-0.51515152,0.9980930952,0
0.05050505,-0.51515152,0.9975815518666666,0
0.06060606,-0.51515152,0.9970549431333333,0
0.07070707,-0.51515152,0.9965126451333334,0
0.08080808,-0.51515152,0.9959539986666667,0
0.09090909,-0.51515152,0.9953783053333334,0
0.1010101,-0.51515152,0.9947848237333333,0
0.11111111,-0.51515152,0.9941727643333333,0
0.12121212,-0.51515152,0.9935412844,0
0.13131313,-0.51515152,0.9928894797333334,0
0.14141414,-0.51515152,0.9922163773333333,0
0.15151515,-0.51515152,0.9915209231333333,0
0.16161616,-0.51515152,0.9908019705333334,0
0.17171717,-0.51515152,0.9900582634,0
0.18181818,-0.51515152,0.9892884155333332,0
0.19191919,-0.51515152,0.9884908865333334,0
0.2020202,-0.51515152,0.9876639500666667,0
0.21212121,-0.51515152,0.9868056546666667,0
0.22222222,-0.51515152,0.9859137739333332,0
0.23232323,-0.51515152,0.9849857463333334,0
0.24242424,-0.51515152,0.9840185969999999,0
0.25252525,-0.51515152,0.9830088398666667,0
0.26262626,-0.51515152,0.9819523561333333,0
0.27272727,-0.51515152,0.9808442398666667,0
0.28282828,-0.51515152,0.9796786030666667,0
0.29292929,-0.51515152,0.9784483323333333,0
0.3030303,-0.51515152,0.9771447813333333,0
0.31313131,-0.51515152,0.9757573822,0
0.32323232,-0.51515152,0.9742731612666667,0
0.33333333,-0.51515152,0.9726761263333333,0
0.34343434,-0.51515152,0.9709465017333333,0
0.35353535,-0.51515152,0.9690597688666667,0
0.36363636,-0.51515152,0.9669854702,0
0.37373737,-0.51515152,0.9646857213333334,0
0.38383838,-0.51515152,0.9621133696666667,0
0.39393939,-0.51515152,0.9592097251333334,0
0.4040404,-0.51515152,0.9559017923333334,0
0.41414141,-0.51515152,0.9520989183333333,0
0.42424242,-0.51515152,0.9476887929333333,0
0.43434343,-0.51515152,0.9425327518000001,0
0.44444444,-0.51515152,0.9364603929333334,0
0.45454545,-0.51515152,0.929263603,0
0.46464646,-0.51515152,0.9206902452,0
0.47474747,-0.51515152,0.9104379840666667,0
0.48484848,-0.51515152,0.8981490539333334,0
0.49494949,-0.51515152,0.8834071981333333,0
0.50505051,-0.51515152,0.8657385206666666,0
0.51515152,-0.51515152,0.8446184910666666,0
0.52525253,-0.51515152,0.8194876920666666,0
0.53535354,-0.51515152,0.7897787822666665,0
0.54545455,-0.51515152,0.7549562591333333,0
0.55555556,-0.51515152,0.7145685484666667,0
0.56565657,-0.51515152,0.6683086948666667,0
0.57575758,-0.51515152,0.6160758928,0
0.58585859,-0.51515152,0.5580265394,0
0.5959596,-0.51515152,0.4946021557333333,0
0.60606061,-0.51515152,0.42652400460000006,0
0.61616162,-0.51515152,0.35475078126666676,0
0.62626263,-0.51515152,0.2804046281333334,0
0.63636364,-0.51515152,0.20467865440000008,0
0.64646465,-0.51515152,0.12874300339999994,0
0.65656566,-0.51515152,0.053665051599999944,0
0.66666667,-0.51515152,-0.019646255000000057,0
0.67676768,-0.51515152,-0.09046893873333342,0
0.68686869,-0.51515152,-0.1582723061999999,0
0.6969697,-0.51515152,-0.2227033360666666,0
0.70707071,-0.51515152,-0.2835622869333334,0
0.71717172,-0.51515152,-0.34077377693333327,0
0.72727273,-0.51515152,-0.39435788153333334,0
0.73737374,-0.51515152,-0.44440401739999996,0
0.74747475,-0.51515152,-0.4910489337333333,0
0.75757576,-0.51515152,-0.5344591219333333,0
0.76767677,-0.51515152,-0.5748173624666667,0
0.77777778,-0.51515152,-0.6123128341333333,0
0.78787879,-0.51515152,-0.6471341250666666,0
0.7979798,-0.51515152,-0.6794645102666665,0
0.80808081,-0.51515152,-0.7094789403333333,0
0.81818182,-0.51515152,-0.7373422851333334,0
0.82828283,-0.51515152,-0.7632084727999999,0
0.83838384,-0.51515152,-0.7872202496666668,0
0.84848485,-0.51515152,-0.8095093554666666,0
0.85858586,-0.51515152,-0.8301969636000001,0
0.86868687,-0.51515152,-0.8493942825999999,0
0.87878788,-0.51515152,-0.8672032386666666,0
0.88888889,-0.51515152,-0.8837171934666667,0
0.8989899,-0.51515152,-0.8990216582666667,0
0.90909091,-0.51515152,-0.9131949847999999,0
0.91919192,-0.51515152,-0.9263090192,0
0.92929293,-0.51515152,-0.9384297108,0
0.93939394,-0.51515152,-0.9496176741333334,0
0.94949495,-0.51515152,-0.9599287012,0
0.95959596,-0.51515152,-0.9694142272666667,0
0.96969697,-0.51515152,-0.9781217526666667,0
0.97979798,-0.51515152,-0.986095222,0
0.98989899,-0.51515152,-0.9933753645333333,0
1.0,-0.51515152,-0.9999884316,1
0.0,-0.45454545,1.0,0
0.01010101,-0.45454545,0.9994842489333333,0
0.02020202,-0.45454545,0.9989540276000001,0
0.03030303,-0.45454545,0.9984087624666667,0
0.04040404,-0.45454545,0.9978478505333334,0
0.05050505,-0.45454545,0.9972706571333334,0
0.06060606,-0.45454545,0.9966765132000001,0
0.07070707,-0.45454545,0.9960647123999999,0
0.08080808,-0.45454545,0.9954345085333334,0
0.09090909,-0.45454545,0.9947851112,0
0.1010101,-0.45454545,0.9941156826,0
0.11111111,-0.45454545,0.9934253312666667,0
0.12121212,-0.45454545,0.9927131061333333,0
0.13131313,-0.45454545,0.9919779908,0
0.14141414,-0.45454545,0.9912188932,0
0.15151515,-0.45454545,0.9904346363333334,0
0.16161616,-0.45454545,0.9896239447333333,0
0.17171717,-0.45454545,0.9887854288000001,0
0.18181818,-0.45454545,0.9879175667333333,0
0.19191919,-0.45454545,0.9870186786666667,0
0.2020202,-0.45454545,0.9860868984666666,0
0.21212121,-0.45454545,0.9851201367333333,0
0.22222222,-0.45454545,0.9841160341333334,0
0.23232323,-0.45454545,0.9830719036666666,0
0.24242424,-0.45454545,0.9819846594,0
0.25252525,-0.45454545,0.9808507248,0
0.26262626,-0.45454545,0.9796659185333333,0
0.27272727,-0.45454545,0.9784253116666667,0
0.28282828,-0.45454545,0.9771230452666666,0
0.29292929,-0.45454545,0.9757521039333333,0
0.3030303,-0.45454545,0.9743040275333333,0
0.31313131,-0.45454545,0.9727685472666666,0
0.32323232,-0.45454545,0.9711331305333334,0
0.33333333,-0.45454545,0.9693824033333334,0
0.34343434,-0.45454545,0.9674974257333334,0
0.35353535,-0.45454545,0.9654547804666667,0
0.36363636,-0.45454545,0.9632254301333333,0
0.37373737,-0.45454545,0.9607732883333333,0
0.38383838,-0.45454545,0.9580534399333334,0
0.39393939,-0.45454545,0.9550099342666667,0
0.4040404,-0.45454545,0.9515730724666667,0
0.41414141,-0.45454545,0.9476560938666666,0
0.42424242,-0.45454545,0.9431511847333334,0
0.43434343,-0.45454545,0.9379247413999999,0
0.44444444,-0.45454545,0.9318118701333333,0
0.45454545,-0.45454545,0.9246101900666667,0
0.46464646,-0.45454545,0.9160731559333333,0
0.47474747,-0.45454545,0.9059033443333333,0
0.48484848,-0.45454545,0.8937464871333334,0
0.49494949,-0.45454545,0.8791875026,0
0.50505051,-0.45454545,0.8617503343999999,0
0.51515152,-0.45454545,0.8409040170666666,0
0.52525253,-0.45454545,0.8160778326,0
0.53535354,-0.45454545,0.7866884365333334,0
0.54545455,-0.45454545,0.7521809526000001,0
0.55555556,-0.45454545,0.7120838642666667,0
0.56565657,-0.45454545,0.6660738876666666,0
0.57575758,-0.45454545,0.6140423784,0
0.58585859,-0.45454545,0.5561506120666666,0
0.5959596,-0.45454545,0.49285963020000007,0
0.60606061,-0.45454545,0.424923186,0
0.61616162,-0.45454545,0.35334000079999994,0
0.62626263,-0.45454545,0.27927186,0
0.63636364,-0.45454545,0.20394303693333338,0
0.64646465,-0.45454545,0.1285404248,0
0.65656566,-0.45454545,0.054131360399999995,0
0.66666667,-0.45454545,-0.018390798600000036,0
0.67676768,-0.45454545,-0.08833138173333324,0
0.68686869,-0.45454545,-0.15519376093333342,0
0.6969697,-0.45454545,-0.21866094493333343,0
0.70707071,-0.45454545,-0.2785673778666667,0
0.71717172,-0.45454545,-0.3348675007333333,0
0.72727273,-0.45454545,-0.3876055533333334,0
0.73737374,-0.45454545,-0.4368891309333333,0
0.74747475,-0.45454545,-0.4828674973333334,0
0.75757576,-0.45454545,-0.5257146905333334,0
0.76767677,-0.45454545,-0.5656169223333334,0
0.77777778,-0.45454545,-0.6027635592000001,0
0.78787879,-0.45454545,-0.6373409357333332,0
0.7979798,-0.45454545,-0.6695283249333334,0
0.80808081,-0.45454545,-0.6994955026666668,0
0.81818182,-0.45454545,-0.7274014444666667,0
0.82828283,-0.45454545,-0.7533938172666665,0
0.83838384,-0.45454545,-0.7776090010000001,0
0.84848485,-0.45454545,-0.8001724525333335,0
0.85858586,-0.45454545,-0.8211992790000001,0
0.86868687,-0.45454545,-0.8407949240666667,0
0.87878788,-0.45454545,-0.8590559047333333,0
0.88888889,-0.45454545,-0.8760705552666668,0
0.8989899,-0.45454545,-0.8919197506,0
0.90909091,-0.45454545,-0.9066775927333334,0
0.91919192,-0.45454545,-0.9204120518,0
0.92929293,-0.45454545,-0.9331855551333333,0
0.93939394,-0.45454545,-0.9450555272000001,0
0.94949495,-0.45454545,-0.9560748767999999,0
0.95959596,-0.45454545,-0.9662924394,0
0.96969697,-0.45454545,-0.9757533721999999,0
0.97979798,-0.45454545,-0.9844995097333334,0
0.98989899,-0.45454545,-0.9925696822000001,0
1.0,-0.45454545,-0.9166676034666666,1
0.0,-0.39393939,1.0,0
0.01010101,-0.39393939,0.9994178148,0
0.02020202,-0.39393939,0.9988193490666667,0
0.03030303,-0.39393939,0.9982039535333332,0
0.04040404,-0.39393939,0.9975709451333333,0
0.05050505,-0.39393939,0.9969196042666667,0
0.06060606,-0.39393939,0.9962491726666667,0
0.07070707,-0.39393939,0.9955588492666667,0
0.08080808,-0.39393939,0.9948477877333333,0
0.09090909,-0.39393939,0.9941150921333334,0
0.1010101,-0.39393939,0.9933598124,0
0.11111111,-0.39393939,0.9925809390666667,0
0.12121212,-0.39393939,0.9917773965333334,0
0.13131313,-0.39393939,0.9909480366666666,0
0.14141414,-0.39393939,0.9900916294,0
0.15151515,-0.39393939,0.9892068526000001,0
0.16161616,-0.39393939,0.9882922787333333,0
0.17171717,-0.39393939,0.9873463607333333,0
0.18181818,-0.39393939,0.9863674128666666,0
0.19191919,-0.39393939,0.9853535868,0
0.2020202,-0.39393939,0.984302845,0
0.21212121,-0.39393939,0.9832129248666667,0
0.22222222,-0.39393939,0.9820812956666667,0
0.23232323,-0.39393939,0.980905104,0
0.24242424,-0.39393939,0.9796811073333334,0
0.25252525,-0.39393939,0.9784055882666666,0
0.26262626,-0.39393939,0.9770742496,0
0.27272727,-0.39393939,0.97568208,0
0.28282828,-0.39393939,0.9742231863333334,0
0.29292929,-0.39393939,0.9726905812666666,0
0.3030303,-0.39393939,0.9710759174,0
0.31313131,-0.39393939,0.9693691471333333,0
0.32323232,-0.39393939,0.9675580972666666,0
0.33333333,-0.39393939,0.9656279294666666,0
0.34343434,-0.39393939,0.9635604586,0
0.35353535,-0.39393939,0.961333294,0
0.36363636,-0.39393939,0.9589187558666666,0
0.37373737,-0.39393939,0.9562825146,0
0.38383838,-0.39393939,0.9533818865999999,0
0.39393939,-0.39393939,0.9501637056666666,0
0.4040404,-0.39393939,0.9465616876,0
0.41414141,-0.39393939,0.9424931862,0
0.42424242,-0.39393939,0.9378552464666667,0
0.43434343,-0.39393939,0.9325198716666667,0
0.44444444,-0.39393939,0.9263284584,0
0.45454545,-0.39393939,0.9190854343333333,0
0.46464646,-0.39393939,0.9105512704,0
0.47474747,-0.39393939,0.9004352728,0
0.48484848,-0.39393939,0.8883889066,0
0.49494949,-0.39393939,0.8740008944,0
0.50505051,-0.39393939,0.8567959607333334,0
0.51515152,-0.39393939,0.8362397894666668,0
0.52525253,-0.39393939,0.811753344,0
0.53535354,-0.39393939,0.7827398438666666,0
0.54545455,-0.39393939,0.7486268806666666,0
0.55555556,-0.39393939,0.7089238784,0
0.56565657,-0.39393939,0.6632910766666665,0
0.57575758,-0.39393939,0.6116109181333333,0
0.58585859,-0.39393939,0.5540477659333333,0
0.5959596,-0.39393939,0.4910798270666667,0
0.60606061,-0.39393939,0.423490386,0
0.61616162,-0.39393939,0.3523143952000001,0
0.62626263,-0.39393939,0.2787484002666667,0
0.63636364,-0.39393939,0.20404185120000004,0
0.64646465,-0.39393939,0.1293916658,0
0.65656566,-0.39393939,0.055858374933333343,0
0.66666667,-0.39393939,-0.015686264599999958,0
0.67676768,-0.39393939,-0.08457950579999998,0
0.68686869,-0.39393939,-0.15036167366666664,0
0.6969697,-0.39393939,-0.21275296273333325,0
0.70707071,-0.39393939,-0.27162167200000004,0
0.71717172,-0.39393939,-0.32695062106666667,0
0.72727273,-0.39393939,-0.37880605726666666,0
0.73737374,-0.39393939,-0.4273112313333332,0
0.74747475,-0.39393939,-0.47262530639999994,0
0.75757576,-0.39393939,-0.5149273447999999,0
0.76767677,-0.39393939,-0.5544046753333333,0
0.77777778,-0.39393939,-0.5912447993333333,0
0.78787879,-0.39393939,-0.6256300232,0
0.7979798,-0.39393939,-0.6577341150000001,0
0.80808081,-0.39393939,-0.6877204154666667,0
0.81818182,-0.39393939,-0.7157409625333332,0
0.82828283,-0.39393939,-0.7419363019999999,0
0.83838384,-0.39393939,-0.7664357397333335,0
0.84848485,-0.39393939,-0.7893578680666665,0
0.85858586,-0.39393939,-0.8108112470666667,0
0.86868687,-0.39393939,-0.8308951569999999,0
0.87878788,-0.39393939,-0.8497003708,0
0.88888889,-0.39393939,-0.8673099125333334,0
0.8989899,-0.39393939,-0.8837997777333334,0
0.90909091,-0.39393939,-0.8992396079999999,0
0.91919192,-0.39393939,-0.9136933107999999,0
0.92929293,-0.39393939,-0.9272196259333333,0
0.93939394,-0.39393939,-0.9398726368666667,0
0.94949495,-0.39393939,-0.9517022322666666,0
0.95959596,-0.39393939,-0.9627545190666665,0
0.96969697,-0.39393939,-0.9730721931333333,0
0.97979798,-0.39393939,-0.9826948677999999,0
0.98989899,-0.39393939,-0.9916593697333332,0
1.0,-0.39393939,-0.9999981381333334,1
0.0,-0.33333333,1.0,0
0.01010101,-0.33333333,0.9993428129333334,0
0.02020202,-0.33333333,0.9986672873333333,0
0.03030303,-0.33333333,0.9979726867333333,0
0.04040404,-0.33333333,0.9972582355333334,0
0.05050505,-0.33333333,0.9965231172,0
0.06060606,-0.33333333,0.9957664691333333,0
0.07070707,-0.33333333,0.9949873817333333,0
0.08080808,-0.33333333,0.9941848926666667,0
0.09090909,-0.33333333,0.9933579836666666,0
0.1010101,-0.33333333,0.9925055742666667,0
0.11111111,-0.33333333,0.991626518,0
0.12121212,-0.33333333,0.9907195942,0
0.13131313,-0.33333333,0.9897835006666666,0
0.14141414,-0.33333333,0.9888168456,0
0.15151515,-0.33333333,0.9878181354666666,0
0.16161616,-0.33333333,0.9867857643333333,0
0.17171717,-0.33333333,0.9857179962666667,0
0.18181818,-0.33333333,0.9846129489333333,0
0.19191919,-0.33333333,0.9834685709333334,0
0.2020202,-0.33333333,0.9822826140666666,0
0.21212121,-0.33333333,0.9810526006,0
0.22222222,-0.33333333,0.9797757817333332,0
0.23232323,-0.33333333,0.9784490877333334,0
0.24242424,-0.33333333,0.9770690638,0
0.25252525,-0.33333333,0.975631791,0
0.26262626,-0.33333333,0.9741327896,0
0.27272727,-0.33333333,0.9725668925333334,0
0.28282828,-0.33333333,0.9709280920666666,0
0.29292929,-0.33333333,0.9692093433333333,0
0.3030303,-0.33333333,0.9674023153333333,0
0.31313131,-0.33333333,0.9654970802666666,0
0.32323232,-0.33333333,0.9634817161333332,0
0.33333333,-0.33333333,0.9613418061333333,0
0.34343434,-0.33333333,0.9590598037333332,0
0.35353535,-0.33333333,0.9566142288666667,0
0.36363636,-0.33333333,0.9539786508666668,0
0.37373737,-0.33333333,0.9511204056666668,0
0.38383838,-0.33333333,0.9479989773999999,0
0.39393939,-0.33333333,0.9445639683333333,0
0.4040404,-0.33333333,0.9407525663333334,0
0.41414141,-0.33333333,0.9364864004666666,0
0.42424242,-0.33333333,0.9316676853333334,0
0.43434343,-0.33333333,0.9261745456666667,0
0.44444444,-0.33333333,0.9198554548,0
0.45454545,-0.33333333,0.9125227847333333,0
0.46464646,-0.33333333,0.9039455956666667,0
0.47474747,-0.33333333,0.8938420177333334,0
0.48484848,-0.33333333,0.881871934,0
0.49494949,-0.33333333,0.8676311762000001,0
0.50505051,-0.33333333,0.8506491344,0
0.51515152,-0.33333333,0.8303924659333334,0
0.52525253,-0.33333333,0.8062783158666667,0
0.53535354,-0.33333333,0.7777007514000001,0
0.54545455,-0.33333333,0.7440734222000001,0
0.55555556,-0.33333333,0.7048891072,0
0.56565657,-0.33333333,0.6597924289333333,0
0.57575758,-0.33333333,0.6086560245333333,0
0.58585859,-0.33333333,0.5516446852666667,0
0.5959596,-0.33333333,0.48924944986666663,0
0.60606061,-0.33333333,0.4222772311333333,0
0.61616162,-0.33333333,0.3517918458666667,0
0.62626263,-0.33333333,0.2790160058,0
0.63636364,-0.33333333,0.20521501459999997,0
0.64646465,-0.33333333,0.13158655906666666,0
0.65656566,-0.33333333,0.05917610420000005,0
0.66666667,-0.33333333,-0.011172648933333362,0
0.67676768,-0.33333333,-0.07883305380000001,0
0.68686869,-0.33333333,-0.14338422733333323,0
0.6969697,-0.33333333,-0.20458333426666675,0
0.70707071,-0.33333333,-0.26233074300000003,0
0.71717172,-0.33333333,-0.3166348388,0
0.72727273,-0.33333333,-0.3675805244666667,0
0.73737374,-0.33333333,-0.4153032057333333,0
0.74747475,-0.33333333,-0.4599685641333335,0
0.75757576,-0.33333333,-0.5017575879999999,0
0.76767677,-0.33333333,-0.5408559897999999,0
0.77777778,-0.33333333,-0.5774470610000001,0
0.78787879,-0.33333333,-0.6117071094666666,0
0.7979798,-0.33333333,-0.6438027670666666,0
0.80808081,-0.33333333,-0.6738896061333334,0
0.81818182,-0.33333333,-0.7021116444666666,0
0.82828283,-0.33333333,-0.7286014303333334,0
0.83838384,-0.33333333,-0.7534804890666666,0
0.84848485,-0.33333333,-0.7768599773333335,0
0.85858586,-0.33333333,-0.7988414431333334,0
0.86868687,-0.33333333,-0.8195176225999999,0
0.87878788,-0.33333333,-0.8389732295333333,0
0.88888889,-0.33333333,-0.8572857130000001,0
0.8989899,-0.33333333,-0.8745259633333333,0
0.90909091,-0.33333333,-0.8907589658666667,0
0.91919192,-0.33333333,-0.9060443925333334,0
0.92929293,-0.33333333,-0.9204371402000001,0
0.93939394,-0.33333333,-0.9339878103333333,0
0.94949495,-0.33333333,-0.9467431404666667,0
0.95959596,-0.33333333,-0.9587463881999999,0
0.96969697,-0.33333333,-0.9700376723333333,0
0.97979798,-0.33333333,-0.9806542772000001,0
0.98989899,-0.33333333,-0.9906309217333334,0
1.0,-0.33333333,-0.9999997196,1
0.0,-0.27272727,1.0,0
0.01010101,-0.27272727,0.9992581342666667,0
0.02020202,-0.27272727,0.9984955814666666,0
0.03030303,-0.27272727,0.9977115040666666,0
0.04040404,-0.27272727,0.9969050201333334,0
0.05050505,-0.27272727,0.9960751988666666,0
0.06060606,-0.27272727,0.9952210588666667,0
0.07070707,-0.27272727,0.994341563,0
0.08080808,-0.27272727,0.9934356144666667,0
0.09090909,-0.27272727,0.9925020518666667,0
0.1010101,-0.27272727,0.9915396437333333,0
0.11111111,-0.27272727,0.9905470825999999,0
0.12121212,-0.27272727,0.9895229778666668,0
0.13131313,-0.27272727,0.9884658471333333,0
0.14141414,-0.27272727,0.9873741072,0
0.15151515,-0.27272727,0.9862460633333333,0
0.16161616,-0.27272727,0.9850798956,0
0.17171717,-0.27272727,0.9838736443333334,0
0.18181818,-0.27272727,0.9826251913333334,0
0.19191919,-0.27272727,0.9813322377333333,0
0.2020202,-0.27272727,0.9799922783999999,0
0.21212121,-0.27272727,0.9786025694,0
0.22222222,-0.27272727,0.9771600886666667,0
0.23232323,-0.27272727,0.9756614876,0
0.24242424,-0.27272727,0.9741030316,0
0.25252525,-0.27272727,0.9724805274,0
0.26262626,-0.27272727,0.9707892294666666,0
0.27272727,-0.27272727,0.9690237267999999,0
0.28282828,-0.27272727,0.9671777978666667,0
0.29292929,-0.27272727,0.9652442304,0
0.3030303,-0.27272727,0.9632145934666666,0
0.31313131,-0.27272727,0.9610789486666667,0
0.32323232,-0.27272727,0.9588254856666667,0
0.33333333,-0.27272727,0.9564400596666667,0
0.34343434,-0.27272727,0.9539056052,0
0.35353535,-0.27272727,0.9512013906,0
0.36363636,-0.27272727,0.9483020735333334,0
0.37373737,-0.27272727,0.9451765022,0
0.38383838,-0.27272727,0.9417861986666667,0
0.39393939,-0.27272727,0.9380834450666667,0
0.4040404,-0.27272727,0.9340088776,0
0.41414141,-0.27272727,0.9294884832,0
0.42424242,-0.27272727,0.9244298808,0
0.43434343,-0.27272727,0.9187177702666666,0
0.44444444,-0.27272727,0.9122084591333334,0
0.45454545,-0.27272727,0.9047234264,0
0.46464646,-0.27272727,0.8960420106666667,0
0.47474747,-0.27272727,0.8858935157333333,0
0.48484848,-0.27272727,0.8739493798666667,0
0.49494949,-0.27272727,0.8598165682666667,0
0.50505051,-0.27272727,0.8430340814666667,0
0.51515152,-0.27272727,0.8230753304666667,0
0.52525253,-0.27272727,0.7993600006,0
0.53535354,-0.27272727,0.7712794831333333,0
0.54545455,-0.27272727,0.7382394118666666,0
0.55555556,-0.27272727,0.6997204915333334,0
0.56565657,-0.27272727,0.655354123,0
0.57575758,-0.27272727,0.6050026932666668,0
0.58585859,-0.27272727,0.5488277576666667,0
0.5959596,-0.27272727,0.48732627000000006,0
0.60606061,-0.27272727,0.4213189204,0
0.61616162,-0.27272727,0.3518862614666667,0
0.62626263,-0.27272727,0.2802637476666667,0
0.63636364,-0.27272727,0.20771906773333335,0
0.64646465,-0.27272727,0.13543850033333332,0
0.65656566,-0.27272727,0.06444271099999999,0
0.66666667,-0.27272727,-0.004459233933333362,0
0.67676768,-0.27272727,-0.07068006133333338,0
0.68686869,-0.27272727,-0.13383798480000003,0
0.6969697,-0.27272727,-0.19372512906666667,0
0.70707071,-0.27272727,-0.2502703688,0
0.71717172,-0.27272727,-0.30350324899999986,0
0.72727273,-0.27272727,-0.35352265133333327,0
0.73737374,-0.27272727,-0.4004715891999999,0
0.74747475,-0.27272727,-0.4445180892666667,0
0.75757576,-0.27272727,-0.4858413951333332,0
0.76767677,-0.27272727,-0.5246224685333334,0
0.77777778,-0.27272727,-0.5610377759333333,0
0.78787879,-0.27272727,-0.5952554836666666,0
0.7979798,-0.27272727,-0.6274333538,0
0.80808081,-0.27272727,-0.6577178012666668,0
0.81818182,-0.27272727,-0.6862437178,0
0.82828283,-0.27272727,-0.7131347781333334,0
0.83838384,-0.27272727,-0.7385040314666667,0
0.84848485,-0.27272727,-0.7624546456,0
0.85858586,-0.27272727,-0.7850807144666666,0
0.86868687,-0.27272727,-0.8064680730666666,0
0.87878788,-0.27272727,-0.8266950834666665,0
0.88888889,-0.27272727,-0.8458333755999999,0
0.8989899,-0.27272727,-0.8639485290666667,0
0.90909091,-0.27272727,-0.8811006924666667,0
0.91919192,-0.27272727,-0.8973451446666666,0
0.92929293,-0.27272727,-0.9127327955333334,0
0.93939394,-0.27272727,-0.9273106327333333,0
0.94949495,-0.27272727,-0.9411221198666667,0
0.95959596,-0.27272727,-0.9542075485333332,0
0.96969697,-0.27272727,-0.9666043502000001,0
0.97979798,-0.27272727,-0.978347373,0
0.98989899,-0.27272727,-0.9894691269333332,0
1.0,-0.27272727,-0.9168347809333334,1
0.0,-0.21212121,1.0,0
0.01010101,-0.21212121,0.9991625245333333,0
0.02020202,-0.21212121,0.9983016710666667,0
0.03030303,-0.21212121,0.9974164842,0
0.04040404,-0.21212121,0.9965059573333334,0
0.05050505,-0.21212121,0.9955690278666667,0
0.06060606,-0.21212121,0.9946045743333334,0
0.07070707,-0.21212121,0.9936114108666667,0
0.08080808,-0.21212121,0.9925882831333334,0
0.09090909,-0.21212121,0.991533862,0
0.1010101,-0.21212121,0.9904467387333333,0
0.11111111,-0.21212121,0.9893254168666668,0
0.12121212,-0.21212121,0.9881683050666666,0
0.13131313,-0.21212121,0.9869737082666666,0
0.14141414,-0.21212121,0.9857398170666667,0
0.15151515,-0.21212121,0.9844646968666666,0
0.16161616,-0.21212121,0.9831462738,0
0.17171717,-0.21212121,0.9817823189333333,0
0.18181818,-0.21212121,0.9803704300666666,0
0.19191919,-0.21212121,0.9789080094666667,0
0.2020202,-0.21212121,0.9773922375333334,0
0.21212121,-0.21212121,0.9758200418,0
0.22222222,-0.21212121,0.9741880578666666,0
0.23232323,-0.21212121,0.9724925844000001,0
0.24242424,-0.21212121,0.9707295252,0
0.25252525,-0.21212121,0.9688943213333333,0
0.26262626,-0.21212121,0.9669818630666667,0
0.27272727,-0.21212121,0.9649863848,0
0.28282828,-0.21212121,0.9629013311333333,0
0.29292929,-0.21212121,0.9607191894,0
0.3030303,-0.21212121,0.9584312816,0
0.31313131,-0.21212121,0.9560274980000001,0
0.32323232,-0.21212121,0.9534959653333334,0
0.33333333,-0.21212121,0.9508226206,0
0.34343434,-0.21212121,0.9479906759333333,0
0.35353535,-0.21212121,0.9449799333333333,0
0.36363636,-0.21212121,0.9417659174,0
0.37373737,-0.21212121,0.9383187688666667,0
0.38383838,-0.21212121,0.9346018411333333,0
0.39393939,-0.21212121,0.9305699202,0
0.4040404,-0.21212121,0.9261669765333334,0
0.41414141,-0.21212121,0.9213233376666666,0
0.42424242,-0.21212121,0.9159521635333333,0
0.43434343,-0.21212121,0.9099450952,0
0.44444444,-0.21212121,0.9031669672,0
0.45454545,-0.21212121,0.8954495159333333,0
0.46464646,-0.21212121,0.8865841240666666,0
0.47474747,-0.21212121,0.8763138352666666,0
0.48484848,-0.21212121,0.8643252094666667,0
0.49494949,-0.21212121,0.8502411050666666,0
0.50505051,-0.21212121,0.8336162138666666,0
0.51515152,-0.21212121,0.8139381110666667,0
0.52525253,-0.21212121,0.7906375546666667,0
0.53535354,-0.21212121,0.7631124060666667,0
0.54545455,-0.21212121,0.7307691780666667,0
0.55555556,-0.21212121,0.6930839403333333,0
0.56565657,-0.21212121,0.6496794639333334,0
0.57575758,-0.21212121,0.600408294,0
0.58585859,-0.21212121,0.5454240384666668,0
0.5959596,-0.21212121,0.4852194856666666,0
0.60606061,-0.21212121,0.42061426026666665,0
0.61616162,-0.21212121,0.3526874892666667,0
0.62626263,-0.21212121,0.2826679353333333,0
0.63636364,-0.21212121,0.21180722886666664,0
0.64646465,-0.21212121,0.141264785,0
0.65656566,-0.21212121,0.07202533233333339,0
0.66666667,-0.21212121,0.004856945933333343,0
0.67676768,-0.21212121,-0.0596943754,0
0.68686869,-0.21212121,-0.12128425760000001,0
0.6969697,-0.21212121,-0.17973561146666675,0
0.70707071,-0.21212121,-0.23500021659999995,0
0.71717172,-0.21212121,-0.28712262086666673,0
0.72727273,-0.21212121,-0.3362095964666666,0
0.73737374,-0.21212121,-0.38240613579999994,0
0.74747475,-0.21212121,-0.42587764886666674,0
0.75757576,-0.21212121,-0.4667974024000001,0
0.76767677,-0.21212121,-0.5053380930666665,0
0.77777778,-0.21212121,-0.5416665002,0
0.78787879,-0.21212121,-0.5759403527333332,0
0.7979798,-0.21212121,-0.6083067223333333,0
0.80808081,-0.21212121,-0.6389014358,0
0.81818182,-0.21212121,-0.6678491408666667,0
0.82828283,-0.21212121,-0.6952637672,0
0.83838384,-0.21212121,-0.7212492091333332,0
0.84848485,-0.21212121,-0.7459001160666666,0
0.85858586,-0.21212121,-0.7693027100666668,0
0.86868687,-0.21212121,-0.7915355922666667,0
0.87878788,-0.21212121,-0.8126705048666666,0
0.88888889,-0.21212121,-0.832773037,0
0.8989899,-0.21212121,-0.8519032688,0
0.90909091,-0.21212121,-0.8701163507999999,0
0.91919192,-0.21212121,-0.8874630227333333,0
0.92929293,-0.21212121,-0.9039900763333333,0
0.93939394,-0.21212121,-0.9197407625333333,0
0.94949495,-0.21212121,-0.9347551547333334,0
0.95959596,-0.21212121,-0.9490704663999999,0
0.96969697,-0.21212121,-0.9627213346,0
0.97979798,-0.21212121,-0.9757400667999999,0
0.98989899,-0.21212121,-0.9881568610000001,0
1.0,-0.21212121,-0.9993802034666667,1
0.0,-0.15151515,1.0,0
0.01010101,-0.15151515,0.999054566,0
0.02020202,-0.15151515,0.9980826563999999,0
0.03030303,-0.15151515,0.9970831778,0
0.04040404,-0.15151515,0.9960549773333334,0
0.05050505,-0.15151515,0.9949968373333333,0
0.06060606,-0.15151515,0.9939074711333333,0
0.07070707,-0.15151515,0.9927855184666666,0
0.08080808,-0.15151515,0.9916295386,0
0.09090909,-0.15151515,0.9904380056,0
0.1010101,-0.15151515,0.9892092998666666,0
0.11111111,-0.15151515,0.9879417016,0
0.12121212,-0.15151515,0.9866333816,0
0.13131313,-0.15151515,0.9852823916,0
0.14141414,-0.15151515,0.9838866531333333,0
0.15151515,-0.15151515,0.9824439446666666,0
0.16161616,-0.15151515,0.9809518881333333,0
0.17171717,-0.15151515,0.9794079307999999,0
0.18181818,-0.15151515,0.9778093273999999,0
0.19191919,-0.15151515,0.9761531165999999,0
0.2020202,-0.15151515,0.9744360942666668,0
0.21212121,-0.15151515,0.9726547827333334,0
0.22222222,-0.15151515,0.9708053925333333,0
0.23232323,-0.15151515,0.9688837775333333,0
0.24242424,-0.15151515,0.9668853802,0
0.25252525,-0.15151515,0.9648051648666667,0
0.26262626,-0.15151515,0.9626375370666668,0
0.27272727,-0.15151515,0.960376243,0
0.28282828,-0.15151515,0.9580142452666667,0
0.29292929,-0.15151515,0.9555435694666666,0
0.3030303,-0.15151515,0.9529551105333334,0
0.31313131,-0.15151515,0.9502383921333334,0
0.32323232,-0.15151515,0.9473812607333333,0
0.33333333,-0.15151515,0.9443695006,0
0.34343434,-0.15151515,0.9411863462,0
0.35353535,-0.15151515,0.9378118616666667,0
0.36363636,-0.15151515,0.9342221506666666,0
0.37373737,-0.15151515,0.9303883524666666,0
0.38383838,-0.15151515,0.926275362,0
0.39393939,-0.15151515,0.9218402012,0
0.4040404,-0.15151515,0.9170299559333334,0
0.41414141,-0.15151515,0.9117791672666666,0
0.42424242,-0.15151515,0.9060065588,0
0.43434343,-0.15151515,0.8996109682000001,0
0.44444444,-0.15151515,0.8924663601333332,0
0.45454545,-0.15151515,0.8844158303999999,0
0.46464646,-0.15151515,0.8752646037333334,0
0.47474747,-0.15151515,0.8647721994,0
0.48484848,-0.15151515,0.8526442539333334,0
0.49494949,-0.15151515,0.8385249834666667,0
0.50505051,-0.15151515,0.8219920062,0
0.51515152,-0.15151515,0.8025561994000001,0
0.52525253,-0.15151515,0.7796703212666667,0
0.53535354,-0.15151515,0.7527509090666666,0
0.54545455,-0.15151515,0.7212177870666667,0
0.55555556,-0.15151515,0.6845534144,0
0.56565657,-0.15151515,0.6423794442,0
0.57575758,-0.15151515,0.5945403863333334,0
0.58585859,-0.15151515,0.5411762891333333,0
0.5959596,-0.15151515,0.4827621496,0
0.60606061,-0.15151515,0.42009582980000004,0
0.61616162,-0.15151515,0.35422971480000004,0
0.62626263,-0.15151515,0.2863593727333334,0
0.63636364,-0.15151515,0.21769621306666664,0
0.64646465,-0.15151515,0.14935372653333334,0
0.65656566,-0.15151515,0.08226819513333336,0
0.66666667,-0.15151515,0.017160826466666668,0
0.67676768,-0.15151515,-0.04546386039999997,0
0.68686869,-0.15151515,-0.10529493960000005,0
0.6969697,-0.15151515,-0.16217955853333335,0
0.70707071,-0.15151515,-0.21608463253333335,0
0.71717172,-0.15151515,-0.2670617384666666,0
0.72727273,-0.15151515,-0.31521802019999995,0
0.73737374,-0.15151515,-0.3606937475999999,0
0.74747475,-0.15151515,-0.40364597073333336,0
0.75757576,-0.15151515,-0.44423720526666677,0
0.76767677,-0.15151515,-0.4826279991333332,0
0.77777778,-0.15151515,-0.5189723414666667,0
0.78787879,-0.15151515,-0.5534150780000001,0
0.7979798,-0.15151515,-0.5860906821999999,0
0.80808081,-0.15151515,-0.6171229174,0
0.81818182,-0.15151515,-0.6466250511999999,0
0.82828283,-0.15151515,-0.6747003982666667,0
0.83838384,-0.15151515,-0.7014430306666666,0
0.84848485,-0.15151515,-0.7269385654666666,0
0.85858586,-0.15151515,-0.7512649558000001,0
0.86868687,-0.15151515,-0.774493258,0
0.87878788,-0.15151515,-0.7966883441333332,0
0.88888889,-0.15151515,-0.8179095600666667,0
0.8989899,-0.15151515,-0.8382113150666666,0
0.90909091,-0.15151515,-0.8576436128666667,0
0.91919192,-0.15151515,-0.8762525224000001,0
0.92929293,-0.15151515,-0.8940805938666666,0
0.93939394,-0.15151515,-0.9111672267333333,0
0.94949495,-0.15151515,-0.9275489924666667,0
0.95959596,-0.15151515,-0.9432599198,0
0.96969697,-0.15151515,-0.9583317443333333,0
0.97979798,-0.15151515,-0.9727941283333335,0
0.98989899,-0.15151515,-0.9866748553333334,0
1.0,-0.15151515,-0.9999946305333334,1
0.0,-0.09090909,1.0,0
0.01010101,-0.09090909,0.9989326548,0
0.02020202,-0.09090909,0.9978352514666667,0
0.03030303,-0.09090909,0.9967065336666666,0
0.04040404,-0.09090909,0.9955451752666666,0
0.05050505,-0.09090909,0.9943497746000001,0
0.06060606,-0.09090909,0.9931188503333334,0
0.07070707,-0.09090909,0.9918508338666666,0
0.08080808,-0.09090909,0.9905440642000001,0
0.09090909,-0.09090909,0.9891967802666667,0
0.1010101,-0.09090909,0.9878071119333333,0
0.11111111,-0.09090909,0.9863730730666667,0
0.12121212,-0.09090909,0.9848925496666667,0
0.13131313,-0.09090909,0.9833632912000001,0
0.14141414,-0.09090909,0.9817828955333333,0
0.15151515,-0.09090909,0.9801487967333333,0
0.16161616,-0.09090909,0.9784582496666667,0
0.17171717,-0.09090909,0.9767083103333334,0
0.18181818,-0.09090909,0.9748958166666667,0
0.19191919,-0.09090909,0.9730173637333333,0
0.2020202,-0.09090909,0.9710692766666666,0
0.21212121,-0.09090909,0.9690475784666667,0
0.22222222,-0.09090909,0.9669479512666667,0
0.23232323,-0.09090909,0.9647656916666667,0
0.24242424,-0.09090909,0.9624956572000001,0
0.25252525,-0.09090909,0.9601322017333332,0
0.26262626,-0.09090909,0.9576690968666667,0
0.27272727,-0.09090909,0.9550994374666667,0
0.28282828,-0.09090909,0.9524155260666667,0
0.29292929,-0.09090909,0.9496087280000001,0
0.3030303,-0.09090909,0.9466692952,0
0.31313131,-0.09090909,0.9435861448,0
0.32323232,-0.09090909,0.9403465822666667,0
0.33333333,-0.09090909,0.9369359523999999,0
0.34343434,-0.09090909,0.9333372020666666,0
0.35353535,-0.09090909,0.9295303214666666,0
0.36363636,-0.09090909,0.9254916382666667,0
0.37373737,-0.09090909,0.9211929192666667,0
0.38383838,-0.09090909,0.9166002244666667,0
0.39393939,-0.09090909,0.9116724498666667,0
0.4040404,-0.09090909,0.9063594756000001,0
0.41414141,-0.09090909,0.9005998172666667,0
0.42424242,-0.09090909,0.8943176684,0
0.43434343,-0.09090909,0.8874192052000001,0
0.44444444,-0.09090909,0.8797880256666667,0
0.45454545,-0.09090909,0.8712796233333333,0
0.46464646,-0.09090909,0.8617148693333334,0
0.47474747,-0.09090909,0.8508726241333333,0
0.48484848,-0.09090909,0.8384818864666665,0
0.49494949,-0.09090909,0.82421434,0
0.50505051,-0.09090909,0.8076788569333333,0
0.51515152,-0.09090909,0.7884204512000001,0
0.52525253,-0.09090909,0.7659272434666666,0
0.53535354,-0.09090909,0.7396498721333333,0
0.54545455,-0.09090909,0.7090377742666667,0
0.55555556,-0.09090909,0.6735949128,0
0.56565657,-0.09090909,0.6329528931333334,0
0.57575758,-0.09090909,0.5869520203333334,0
0.58585859,-0.09090909,0.5357127084,0
0.5959596,-0.09090909,0.4796750898,0
0.60606061,-0.09090909,0.41958843553333336,0
0.61616162,-0.09090909,0.3564453862,0
0.62626263,-0.09090909,0.2913741437333333,0
0.63636364,-0.09090909,0.22551552999999996,0
0.64646465,-0.09090909,0.1599141404666667,0
0.65656566,-0.09090909,0.09544378280000004,0
0.66666667,-0.09090909,0.03277332973333333,0
0.67676768,-0.09090909,-0.02763274179999997,0
0.68686869,-0.09090909,-0.08549077920000003,0
0.6969697,-0.09090909,-0.14066332979999996,0
0.70707071,-0.09090909,-0.1931226020000001,0
0.71717172,-0.09090909,-0.24291749793333334,0
0.72727273,-0.09090909,-0.2901466486666666,0
0.73737374,-0.09090909,-0.33493786166666656,0
0.74747475,-0.09090909,-0.37743332313333333,0
0.75757576,-0.09090909,-0.4177794732666667,0
0.76767677,-0.09090909,-0.45612044133333335,0
0.77777778,-0.09090909,-0.4925940560666666,0
0.78787879,-0.09090909,-0.5273296509333333,0
0.7979798,-0.09090909,-0.5604470735333335,0
0.80808081,-0.09090909,-0.5920564688,0
0.81818182,-0.09090909,-0.6222585427999999,0
0.82828283,-0.09090909,-0.6511450966666665,0
0.83838384,-0.09090909,-0.6787997016666668,0
0.84848485,-0.09090909,-0.7052984256666667,0
0.85858586,-0.09090909,-0.7307105596,0
0.86868687,-0.09090909,-0.7550993086666665,0
0.87878788,-0.09090909,-0.7785224367333332,0
0.88888889,-0.09090909,-0.8010328514666666,0
0.8989899,-0.09090909,-0.8226791307333333,0
0.90909091,-0.09090909,-0.8435059921999999,0
0.91919192,-0.09090909,-0.8635547081333333,0
0.92929293,-0.09090909,-0.8828634725333334,0
0.93939394,-0.09090909,-0.9014677226666666,0
0.94949495,-0.09090909,-0.9194004210666666,0
0.95959596,-0.09090909,-0.9366923052000001,0
0.96969697,-0.09090909,-0.9533721034,0
0.97979798,-0.09090909,-0.9694667274000001,0
0.98989899,-0.09090909,-0.9850014394000001,0
1.0,-0.09090909,-0.9166941585333334,1
0.0,-0.03030303,1.0,0
0.01010101,-0.03030303,0.9987949769333333,0
0.02020202,-0.03030303,0.9975557318666667,0
0.03030303,-0.03030303,0.9962808139333333,0
0.04040404,-0.03030303,0.9949686907333333,0
0.05050505,-0.03030303,0.9936177414,0
0.06060606,-0.03030303,0.9922262507333334,0
0.07070707,-0.03030303,0.9907924023333333,0
0.08080808,-0.03030303,0.9893142704666666,0
0.09090909,-0.03030303,0.9877898116,0
0.1010101,-0.03030303,0.9862168560000001,0
0.11111111,-0.03030303,0.9845930959333333,0
0.12121212,-0.03030303,0.9829160761333333,0
0.13131313,-0.03030303,0.9811831793333333,0
0.14141414,-0.03030303,0.9793916138000001,0
0.15151515,-0.03030303,0.9775383966666666,0
0.16161616,-0.03030303,0.9756203361333333,0
0.17171717,-0.03030303,0.9736340129333334,0
0.18181818,-0.03030303,0.9715757558,0
0.19191919,-0.03030303,0.9694416174666667,0
0.2020202,-0.03030303,0.9672273438000001,0
0.21212121,-0.03030303,0.9649283406,0
0.22222222,-0.03030303,0.9625396342666667,0
0.23232323,-0.03030303,0.9600558250000001,0
0.24242424,-0.03030303,0.9574710331999999,0
0.25252525,-0.03030303,0.9547788356666667,0
0.26262626,-0.03030303,0.9519721887333333,0
0.27272727,-0.03030303,0.9490433374666666,0
0.28282828,-0.03030303,0.9459837048,0
0.29292929,-0.03030303,0.9427837581333333,0
0.3030303,-0.03030303,0.9394328436666667,0
0.31313131,-0.03030303,0.9359189853333334,0
0.32323232,-0.03030303,0.9322286332666666,0
0.33333333,-0.03030303,0.9283463522666666,0
0.34343434,-0.03030303,0.9242544293333333,0
0.35353535,-0.03030303,0.9199323826666667,0
0.36363636,-0.03030303,0.9153563394666667,0
0.37373737,-0.03030303,0.9104982488666667,0
0.38383838,-0.03030303,0.9053248822666666,0
0.39393939,-0.03030303,0.8997965637333333,0
0.4040404,-0.03030303,0.8938655577333333,0
0.41414141,-0.03030303,0.8874740259999999,0
0.42424242,-0.03030303,0.8805514486,0
0.43434343,-0.03030303,0.8730113974666667,0
0.44444444,-0.03030303,0.8647475377333333,0
0.45454545,-0.03030303,0.8556287624666666,0
0.46464646,-0.03030303,0.8454934157333334,0
0.47474747,-0.03030303,0.834142691,0
0.48484848,-0.03030303,0.8213335310666667,0
0.49494949,-0.03030303,0.8067717544666667,0
0.50505051,-0.03030303,0.7901067630666667,0
0.51515152,-0.03030303,0.7709300296666668,0
0.52525253,-0.03030303,0.7487805765333334,0
0.53535354,-0.03030303,0.7231615222666667,0
0.54545455,-0.03030303,0.6935718864666667,0
0.55555556,-0.03030303,0.6595563081333334,0
0.56565657,-0.03030303,0.6207711967333334,0
0.57575758,-0.03030303,0.5770590370666666,0
0.58585859,-0.03030303,0.5285148680666667,0
0.5959596,-0.03030303,0.47552438319999996,0
0.60606061,-0.03030303,0.4187562289333334,0
0.61616162,-0.03030303,0.3591033524666667,0
0.62626263,-0.03030303,0.2975851928666668,0
0.63636364,-0.03030303,0.23523549980000003,0
0.64646465,-0.03030303,0.1730028406,0
0.65656566,-0.03030303,0.11168247079999999,0
0.66666667,-0.03030303,0.051885172266666724,0
0.67676768,-0.03030303,-0.005962299400000065,0
0.68686869,-0.03030303,-0.061595892800000024,0
0.6969697,-0.03030303,-0.11488303353333332,0
0.70707071,-0.03030303,-0.16578976666666662,0
0.71717172,-0.03030303,-0.2143511981333334,0
0.72727273,-0.03030303,-0.2606473785333333,0
0.73737374,-0.03030303,-0.3047849599333333,0
0.74747475,-0.03030303,-0.34688400386666673,0
0.75757576,-0.03030303,-0.3870689607333333,0
0.76767677,-0.03030303,-0.42546281239999995,0
0.77777778,-0.03030303,-0.4621835011333334,0
0.78787879,-0.03030303,-0.4973419478666666,0
0.7979798,-0.03030303,-0.5310411364,0
0.80808081,-0.03030303,-0.5633758828,0
0.81818182,-0.03030303,-0.5944330281333333,0
0.82828283,-0.03030303,-0.6242918746666667,0
0.83838384,-0.03030303,-0.6530247479333334,0
0.84848485,-0.03030303,-0.6806976055333332,0
0.85858586,-0.03030303,-0.7073706485333333,0
0.86868687,-0.03030303,-0.7330989070666667,0
0.87878788,-0.03030303,-0.7579327824666667,0
0.88888889,-0.03030303,-0.7819185443333333,0
0.8989899,-0.03030303,-0.8050987742,0
0.90909091,-0.03030303,-0.827512764,0
0.91919192,-0.03030303,-0.849196866,0
0.92929293,-0.03030303,-0.8701848034666667,0
0.93939394,-0.03030303,-0.8905079425333332,0
0.94949495,-0.03030303,-0.9101955313333334,0
0.95959596,-0.03030303,-0.9292749094666667,0
0.96969697,-0.03030303,-0.9477716916,0
0.97979798,-0.03030303,-0.9657099294666667,0
0.98989899,-0.03030303,-0.983112254,0
1.0,-0.03030303,-0.9987871028,1
0.0,0.03030303,1.0,0
0.01010101,0.03030303,0.9986394798666667,0
0.02020202,0.03030303,0.9972398734666666,0
0.03030303,0.03030303,0.9957994966,0
0.04040404,0.03030303,0.9943165686666666,0
0.05050505,0.03030303,0.9927892044,0
0.06060606,0.03030303,0.9912154074666666,0
0.07070707,0.03030303,0.9895930618000001,0
0.08080808,0.03030303,0.987919922,0
0.09090909,0.03030303,0.9861936039333332,0
0.1010101,0.03030303,0.9844115732666666,0
0.11111111,0.03030303,0.9825711340000001,0
0.12121212,0.03030303,0.9806694143333333,0
0.13131313,0.03030303,0.9787033532,0
0.14141414,0.03030303,0.9766696830666667,0
0.15151515,0.03030303,0.9745649121333333,0
0.16161616,0.03030303,0.9723853038,0
0.17171717,0.03030303,0.9701268556,0
0.18181818,0.03030303,0.9677852723333332,0
0.19191919,0.03030303,0.9653559376666666,0
0.2020202,0.03030303,0.9628338834,0
0.21212121,0.03030303,0.9602137513333333,0
0.22222222,0.03030303,0.9574897512666667,0
0.23232323,0.03030303,0.9546556138,0
0.24242424,0.03030303,0.9517045334666667,0
0.25252525,0.03030303,0.9486291043333334,0
0.26262626,0.03030303,0.9454212443333333,0
0.27272727,0.03030303,0.9420721046666666,0
0.28282828,0.03030303,0.9385719643333333,0
0.29292929,0.03030303,0.9349101022666667,0
0.3030303,0.03030303,0.9310746452666666,0
0.31313131,0.03030303,0.9270523818666667,0
0.32323232,0.03030303,0.9228285367333333,0
0.33333333,0.03030303,0.9183864928,0
0.34343434,0.03030303,0.9137074473333333,0
0.35353535,0.03030303,0.9087699862666667,0
0.36363636,0.03030303,0.9035495513333333,0
0.37373737,0.03030303,0.8980177705333333,0
0.38383838,0.03030303,0.892141617,0
0.39393939,0.03030303,0.8858823466,0
0.4040404,0.03030303,0.8791941564,0
0.41414141,0.03030303,0.8720224923333333,0
0.42424242,0.03030303,0.8643019211333334,0
0.43434343,0.03030303,0.85595347,0
0.44444444,0.03030303,0.8468813372,0
0.45454545,0.03030303,0.8369688866666667,0
0.46464646,0.03030303,0.8260738879333334,0
0.47474747,0.03030303,0.8140230624666667,0
0.48484848,0.03030303,0.8006061942,0
0.49494949,0.03030303,0.7855703868666667,0
0.50505051,0.03030303,0.7686155650000001,0
0.51515152,0.03030303,0.7493930311333333,0
0.52525253,0.03030303,0.7275097314666668,0
0.53535354,0.03030303,0.7025416536666667,0
0.54545455,0.03030303,0.6740599347333334,0
0.55555556,0.03030303,0.6416720594,0
0.56565657,0.03030303,0.6050771866666668,0
0.57575758,0.03030303,0.5641289818,0
0.58585859,0.03030303,0.518892802,0
0.5959596,0.03030303,0.4696799802666667,0
0.60606061,0.03030303,0.4170441696000001,0
0.61616162,0.03030303,0.3617346795333333,0
0.62626263,0.03030303,0.30461589973333336,0
0.63636364,0.03030303,0.24657313686666676,0
0.64646465,0.03030303,0.1884276298666667,0
0.65656566,0.03030303,0.13087693100000003,0
0.66666667,0.03030303,0.07446603553333336,0
0.67676768,0.03030303,0.019585340266666584,0
0.68686869,0.03030303,-0.03351326373333324,0
0.6969697,0.03030303,-0.08469129193333327,0
0.70707071,0.03030303,-0.13389660080000002,0
0.71717172,0.03030303,-0.1811386509333334,0
0.72727273,0.03030303,-0.22646805800000003,0
0.73737374,0.03030303,-0.2699608396666667,0
0.74747475,0.03030303,-0.31170693019999984,0
0.75757576,0.03030303,-0.3518021970666666,0
0.76767677,0.03030303,-0.39034314373333323,0
0.77777778,0.03030303,-0.4274235758666667,0
0.78787879,0.03030303,-0.4631326535333333,0
0.7979798,0.03030303,-0.4975538834666665,0
0.80808081,0.03030303,-0.5307647274666667,0
0.81818182,0.03030303,-0.5628366062666665,0
0.82828283,0.03030303,-0.5938351326666668,0
0.83838384,0.03030303,-0.6238204798,0
0.84848485,0.03030303,-0.6528478057333332,0
0.85858586,0.03030303,-0.6809677004000001,0
0.86868687,0.03030303,-0.7082266193333334,0
0.87878788,0.03030303,-0.7346672968666667,0
0.88888889,0.03030303,-0.7603291253333333,0
0.8989899,0.03030303,-0.7852485006,0
0.90909091,0.03030303,-0.8094591318666666,0
0.91919192,0.03030303,-0.8329923178,0
0.92929293,0.03030303,-0.855877191,0
0.93939394,0.03030303,-0.8781409352666666,0
0.94949495,0.03030303,-0.8998089758666666,0
0.95959596,0.03030303,-0.9209051471333333,0
0.96969697,0.03030303,-0.9414518423999999,0
0.97979798,0.03030303,-0.9614701419999999,0
0.98989899,0.03030303,-0.9809799310666666,0
1.0,0.03030303,-0.9183474884,1
0.0,0.09090909,1.0,0
0.01010101,0.09090909,0.9984638408000001,0
0.02020202,0.09090909,0.9968828841333334,0
0.03030303,0.09090909,0.9952551633333333,0
0.04040404,0.09090909,0.993578596,0
0.05050505,0.09090909,0.9918509766,0
0.06060606,0.09090909,0.9900699670666667,0
0.07070707,0.09090909,0.9882330859333333,0
0.08080808,0.09090909,0.9863376984666667,0
0.09090909,0.09090909,0.9843810046666668,0
0.1010101,0.09090909,0.982360025,0
0.11111111,0.09090909,0.9802715882,0
0.12121212,0.09090909,0.9781123136000001,0
0.13131313,0.09090909,0.9758785943333333,0
0.14141414,0.09090909,0.9735665792666668,0
0.15151515,0.09090909,0.9711721506666667,0
0.16161616,0.09090909,0.9686909018,0
0.17171717,0.09090909,0.9661181099333334,0
0.18181818,0.09090909,0.9634487091333334,0
0.19191919,0.09090909,0.9606772562,0
0.2020202,0.09090909,0.9577978960666667,0
0.21212121,0.09090909,0.9548043203333333,0
0.22222222,0.09090909,0.9516897230000001,0
0.23232323,0.09090909,0.9484467465333333,0
0.24242424,0.09090909,0.9450674246,0
0.25252525,0.09090909,0.9415431143999999,0
0.26262626,0.09090909,0.9378644191333333,0
0.27272727,0.09090909,0.9340210982,0
0.28282828,0.09090909,0.9300019648666666,0
0.29292929,0.09090909,0.9257947626666666,0
0.3030303,0.09090909,0.9213860244666666,0
0.31313131,0.09090909,0.9167609018666667,0
0.32323232,0.09090909,0.9119029639999999,0
0.33333333,0.09090909,0.9067939542000001,0
0.34343434,0.09090909,0.9014134975333333,0
0.35353535,0.09090909,0.8957387429333333,0
0.36363636,0.09090909,0.8897439249333333,0
0.37373737,0.09090909,0.8833998264,0
0.38383838,0.09090909,0.8766731092666668,0
0.39393939,0.09090909,0.8695254868666666,0
0.4040404,0.09090909,0.8619126887333334,0
0.41414141,0.09090909,0.8537831745333333,0
0.42424242,0.09090909,0.8450765319333333,0
0.43434343,0.09090909,0.8357214924666667,0
0.44444444,0.09090909,0.8256334992666667,0
0.45454545,0.09090909,0.8147117670666666,0
0.46464646,0.09090909,0.8028358086,0
0.47474747,0.09090909,0.7898614844,0
0.48484848,0.09090909,0.7756167618666666,0
0.49494949,0.09090909,0.7598976185333334,0
0.50505051,0.09090909,0.7424648924666667,0
0.51515152,0.09090909,0.7230433940000001,0
0.52525253,0.09090909,0.7013252138666667,0
0.53535354,0.09090909,0.6769797134000001,0
0.54545455,0.09090909,0.6496728124,0
0.55555556,0.09090909,0.6190973764000001,0
0.56565657,0.09090909,0.5850141434,0
0.57575758,0.09090909,0.5472986314666667,0
0.58585859,0.09090909,0.5059847460000001,0
0.5959596,0.09090909,0.46129266086666676,0
0.60606061,0.09090909,0.41362971133333337,0
0.61616162,0.09090909,0.36355971546666666,0
0.62626263,0.09090909,0.3117461274666666,0
0.63636364,0.09090909,0.25888286106666664,0
0.64646465,0.09090909,0.20562923479999995,0
0.65656566,0.09090909,0.15256160740000002,0
0.66666667,0.09090909,0.10014689886666667,0
0.67676768,0.09090909,0.048736325133333425,0
0.68686869,0.09090909,-0.001426295466666616,0
0.6969697,0.09090909,-0.050188152199999975,0
0.70707071,0.09090909,-0.09746831573333337,0
0.71717172,0.09090909,-0.14323938446666673,0
0.72727273,0.09090909,-0.1875117137333333,0
0.73737374,0.09090909,-0.2303208245333333,0
0.74747475,0.09090909,-0.2717178842666666,0
0.75757576,0.09090909,-0.3117628173333334,0
0.76767677,0.09090909,-0.3505195095333334,0
0.77777778,0.09090909,-0.38805259393333336,0
0.78787879,0.09090909,-0.42442539193333323,0
0.7979798,0.09090909,-0.4596986648000001,0
0.80808081,0.09090909,-0.49392992973333333,0
0.81818182,0.09090909,-0.5271731458000001,0
0.82828283,0.09090909,-0.5594786440666667,0
0.83838384,0.09090909,-0.5908932084,0
0.84848485,0.09090909,-0.6214602456,0
0.85858586,0.09090909,-0.6512200016666666,0
0.86868687,0.09090909,-0.6802097988666668,0
0.87878788,0.09090909,-0.7084642761333334,0
0.88888889,0.09090909,-0.7360156207333333,0
0.8989899,0.09090909,-0.7628937881333334,0
0.90909091,0.09090909,-0.7891267044666667,0
0.91919192,0.09090909,-0.8147404516666666,0
0.92929293,0.09090909,-0.8397594347333334,0
0.93939394,0.09090909,-0.8642065339333334,0
0.94949495,0.09090909,-0.8881032393333333,0
0.95959596,0.09090909,-0.9114697731333334,0
0.96969697,0.09090909,-0.9343251971333333,0
0.97979798,0.09090909,-0.9566875107333334,0
0.98989899,0.09090909,-0.9785737368000001,0
1.0,0.09090909,-0.9999999756,1
0.0,0.15151515,1.0,0
0.01010101,0.15151515,0.9982654302666667,0
0.02020202,0.15151515,0.9964793238666666,0
0.03030303,0.15151515,0.9946393685333333,0
0.04040404,0.15151515,0.9927431134666667,0
0.05050505,0.15151515,0.9907879604000001,0
0.06060606,0.15151515,0.9887711513999999,0
0.07070707,0.15151515,0.9866897570666666,0
0.08080808,0.15151515,0.9845406641333333,0
0.09090909,0.15151515,0.9823205596666666,0
0.1010101,0.15151515,0.9800259167333334,0
0.11111111,0.15151515,0.9776529766666667,0
0.12121212,0.15151515,0.9751977298,0
0.13131313,0.15151515,0.9726558958,0
0.14141414,0.15151515,0.9700229003333334,0
0.15151515,0.15151515,0.9672938500666667,0
0.16161616,0.15151515,0.9644635062,0
0.17171717,0.15151515,0.9615262528666667,0
0.18181818,0.15151515,0.9584760646666667,0
0.19191919,0.15151515,0.9553064698666667,0
0.2020202,0.15151515,0.9520105083333332,0
0.21212121,0.15151515,0.9485806872666667,0
0.22222222,0.15151515,0.9450089301333333,0
0.23232323,0.15151515,0.9412865191333334,0
0.24242424,0.15151515,0.9374040337333333,0
0.25252525,0.15151515,0.9333512788666667,0
0.26262626,0.15151515,0.9291172040666666,0
0.27272727,0.15151515,0.9246898154666666,0
0.28282828,0.15151515,0.9200560728,0
0.29292929,0.15151515,0.9152017726666667,0
0.3030303,0.15151515,0.910111417,0
0.31313131,0.15151515,0.9047680606666667,0
0.32323232,0.15151515,0.8991531357333333,0
0.33333333,0.15151515,0.8932462484,0
0.34343434,0.15151515,0.8870249422666667,0
0.35353535,0.15151515,0.8804644184666667,0
0.36363636,0.15151515,0.8735372088,0
0.37373737,0.15151515,0.866212784,0
0.38383838,0.15151515,0.8584570892666668,0
0.39393939,0.15151515,0.8502319836666667,0
0.4040404,0.15151515,0.841494566,0
0.41414141,0.15151515,0.8321963595333333,0
0.42424242,0.15151515,0.8222823256666667,0
0.43434343,0.15151515,0.8116896760666666,0
0.44444444,0.15151515,0.8003464473333334,0
0.45454545,0.15151515,0.7881698190000002,0
0.46464646,0.15151515,0.7750641692666667,0
0.47474747,0.15151515,0.7609189102,0
0.48484848,0.15151515,0.7456062268,0
0.49494949,0.15151515,0.7289789756666667,0
0.50505051,0.15151515,0.7108692064,0
0.51515152,0.15151515,0.6910880595333334,0
0.52525253,0.15151515,0.6694281215333333,0
0.53535354,0.15151515,0.6456696358,0
0.54545455,0.15151515,0.619592046,0
0.55555556,0.15151515,0.5909919316666667,0
0.56565657,0.15151515,0.5597071672666667,0
0.57575758,0.15151515,0.5256450110666667,0
0.58585859,0.15151515,0.4888092340666666,0
0.5959596,0.15151515,0.44931946313333326,0
0.60606061,0.15151515,0.40741608773333327,0
0.61616162,0.15151515,0.3634471307333334,0
0.62626263,0.15151515,0.31783865959999996,0
0.63636364,0.15151515,0.27105526926666673,0
0.64646465,0.15151515,0.22355956100000002,0
0.65656566,0.15151515,0.17577849266666667,0
0.66666667,0.15151515,0.12808106093333338,0
0.67676768,0.15151515,0.08076792920000003,0
0.68686869,0.15151515,0.034070881733333336,0
0.6969697,0.15151515,-0.011841172399999933,0
0.70707071,0.15151515,-0.05685280979999996,0
0.71717172,0.15151515,-0.10089172666666663,0
0.72727273,0.15151515,-0.1439189113333333,0
0.73737374,0.15151515,-0.1859201252666666,0
0.74747475,0.15151515,-0.22689893880000006,0
0.75757576,0.15151515,-0.2668712804666667,0
0.76767677,0.15151515,-0.30586130359999997,0
0.77777778,0.15151515,-0.3438983338,0
0.78787879,0.15151515,-0.3810146619333333,0
0.7979798,0.15151515,-0.41724398539999996,0
0.80808081,0.15151515,-0.45262032586666656,0
0.81818182,0.15151515,-0.48717730013333327,0
0.82828283,0.15151515,-0.5209476441333333,0
0.83838384,0.15151515,-0.5539629142,0
0.84848485,0.15151515,-0.5862533178666666,0
0.85858586,0.15151515,-0.6178476295999998,0
0.86868687,0.15151515,-0.6487731658666666,0
0.87878788,0.15151515,-0.6790558017999999,0
0.88888889,0.15151515,-0.7087200109333334,0
0.8989899,0.15151515,-0.7377889226666667,0
0.90909091,0.15151515,-0.7662843869333333,0
0.91919192,0.15151515,-0.7942270454666668,0
0.92929293,0.15151515,-0.8216364015333332,0
0.93939394,0.15151515,-0.8485308913333333,0
0.94949495,0.15151515,-0.8749279512,0
0.95959596,0.15151515,-0.9008440832666665,0
0.96969697,0.15151515,-0.9262949158666666,0
0.97979798,0.15151515,-0.951295263,0
0.98989899,0.15151515,-0.9758591769999999,0
1.0,0.15151515,-0.9166850290666667,1
0.0,0.21212121,1.0,0
0.01010101,0.21212121,0.9980412709333334,0
0.02020202,0.21212121,0.9960230137333334,0
0.03030303,0.21212121,0.99394249,0
0.04040404,0.21212121,0.9917967948666667,0
0.05050505,0.21212121,0.9895828436666667,0
0.06060606,0.21212121,0.9872973600666667,0
0.07070707,0.21212121,0.9849368594666666,0
0.08080808,0.21212121,0.9824976343333333,0
0.09090909,0.21212121,0.9799757360666667,0
0.1010101,0.21212121,0.9773669560666667,0
0.11111111,0.21212121,0.9746668051333333,0
0.12121212,0.21212121,0.9718704906666666,0
0.13131313,0.21212121,0.9689728917333333,0
0.14141414,0.21212121,0.9659685321333333,0
0.15151515,0.21212121,0.9628515501333333,0
0.16161616,0.21212121,0.9596156672,0
0.17171717,0.21212121,0.9562541512,0
0.18181818,0.21212121,0.9527597774,0
0.19191919,0.21212121,0.9491247861333334,0
0.2020202,0.21212121,0.9453408360666666,0
0.21212121,0.21212121,0.9413989511333334,0
0.22222222,0.21212121,0.9372894657333334,0
0.23232323,0.21212121,0.9330019613333332,0
0.24242424,0.21212121,0.9285251980666667,0
0.25252525,0.21212121,0.9238470411333333,0
0.26262626,0.21212121,0.9189543763333333,0
0.27272727,0.21212121,0.9138330222666666,0
0.28282828,0.21212121,0.9084676291333333,0
0.29292929,0.21212121,0.9028415724666666,0
0.3030303,0.21212121,0.8969368326666667,0
0.31313131,0.21212121,0.8907338678666666,0
0.32323232,0.21212121,0.8842114710666666,0
0.33333333,0.21212121,0.8773466191333333,0
0.34343434,0.21212121,0.8701143052000001,0
0.35353535,0.21212121,0.8624873604000001,0
0.36363636,0.21212121,0.8544362619333333,0
0.37373737,0.21212121,0.8459289266666667,0
0.38383838,0.21212121,0.8369304923333334,0
0.39393939,0.21212121,0.8274030851333334,0
0.4040404,0.21212121,0.8173055774666667,0
0.41414141,0.21212121,0.8065933335333333,0
0.42424242,0.21212121,0.7952179462666668,0
0.43434343,0.21212121,0.7831269703333333,0
0.44444444,0.21212121,0.7702636466,0
0.45454545,0.21212121,0.7565666312666666,0
0.46464646,0.21212121,0.7419697275333333,0
0.47474747,0.21212121,0.7264016372000001,0
0.48484848,0.21212121,0.7097857526000001,0
0.49494949,0.21212121,0.6920400356666667,0
0.50505051,0.21212121,0.6730770661333334,0
0.51515152,0.21212121,0.6528044092666667,0
0.52525253,0.21212121,0.6311255434,0
0.53535354,0.21212121,0.6079417005333333,0
0.54545455,0.21212121,0.5831550814666667,0
0.55555556,0.21212121,0.5566739302,0
0.56565657,0.21212121,0.5284198001333333,0
0.57575758,0.21212121,0.4983369058,0
0.58585859,0.21212121,0.46640271973333336,0
0.5959596,0.21212121,0.43263810346666676,0
0.60606061,0.21212121,0.3971146658,0
0.61616162,0.21212121,0.35995710080000004,0
0.62626263,0.21212121,0.3213392325333334,0
0.63636364,0.21212121,0.28147406206666664,0
0.64646465,0.21212121,0.24059965053333332,0
0.65656566,0.21212121,0.1989635354,0
0.66666667,0.21212121,0.15680830659999995,0
0.67676768,0.21212121,0.11436018100000006,0
0.68686869,0.21212121,0.0718213690666667,0
0.6969697,0.21212121,0.029366116000000053,0
0.70707071,0.21212121,-0.01286023833333333,0
0.71717172,0.21212121,-0.054740059666666646,0
0.72727273,0.21212121,-0.09618090786666667,0
0.73737374,0.21212121,-0.13711238346666665,0
0.74747475,0.21212121,-0.17748280646666664,0
0.75757576,0.21212121,-0.21725602866666663,0
0.76767677,0.21212121,-0.2564085412,0
0.77777778,0.21212121,-0.2949269516666667,0
0.78787879,0.21212121,-0.33280584033333327,0
0.7979798,0.21212121,-0.37004597726666655,0
0.80808081,0.21212121,-0.40665285806666673,0
0.81818182,0.21212121,-0.44263551999999995,0
0.82828283,0.21212121,-0.4780055912666666,0
0.83838384,0.21212121,-0.5127765331999999,0
0.84848485,0.21212121,-0.5469630451333334,0
0.85858586,0.21212121,-0.5805805948666666,0
0.86868687,0.21212121,-0.6136450567333332,0
0.87878788,0.21212121,-0.6461724310666668,0
0.88888889,0.21212121,-0.6781786328666667,0
0.8989899,0.21212121,-0.7096793308,0
0.90909091,0.21212121,-0.7406898312000001,0
0.91919192,0.21212121,-0.7712249931333334,0
0.92929293,0.21212121,-0.8012991721333333,0
0.93939394,0.21212121,-0.8309261821999999,0
0.94949495,0.21212121,-0.8601192743333335,0
0.95959596,0.21212121,-0.8888911288,0
0.96969697,0.21212121,-0.9172538552666666,0
0.97979798,0.21212121,-0.9452189998666666,0
0.98989899,0.21212121,-0.9727975599333333,0
1.0,0.21212121,-0.9996064065333333,1
0.0,0.27272727,1.0,0
0.01010101,0.27272727,0.9977879902666666,0
0.02020202,0.27272727,0.9955069304,0
0.03030303,0.27272727,0.9931535526666667,0
0.04040404,0.27272727,0.9907243862,0
0.05050505,0.27272727,0.9882157417333334,0
0.06060606,0.27272727,0.9856236949333332,0
0.07070707,0.27272727,0.9829440674666667,0
0.08080808,0.27272727,0.9801724085333333,0
0.09090909,0.27272727,0.9773039735333333,0
0.1010101,0.27272727,0.9743336994666667,0
0.11111111,0.27272727,0.9712561806,0
0.12121212,0.27272727,0.9680656411333334,0
0.13131313,0.27272727,0.9647559041333333,0
0.14141414,0.27272727,0.9613203599333333,0
0.15151515,0.27272727,0.9577519297333333,0
0.16161616,0.27272727,0.9540430272000001,0
0.17171717,0.27272727,0.9501855166000001,0
0.18181818,0.27272727,0.9461706664666667,0
0.19191919,0.27272727,0.9419891001999999,0
0.2020202,0.27272727,0.9376307419333334,0
0.21212121,0.27272727,0.9330847584666666,0
0.22222222,0.27272727,0.9283394961333334,0
0.23232323,0.27272727,0.9233824123333334,0
0.24242424,0.27272727,0.9182000036666667,0
0.25252525,0.27272727,0.912777728,0
0.26262626,0.27272727,0.9070999217333333,0
0.27272727,0.27272727,0.9011497131333334,0
0.28282828,0.27272727,0.8949089322,0
0.29292929,0.27272727,0.8883580174666666,0
0.3030303,0.27272727,0.8814759224,0
0.31313131,0.27272727,0.8742400230666667,0
0.32323232,0.27272727,0.8666260308666667,0
0.33333333,0.27272727,0.8586079140666667,0
0.34343434,0.27272727,0.850157835,0
0.35353535,0.27272727,0.8412461107333333,0
0.36363636,0.27272727,0.8318412072000001,0
0.37373737,0.27272727,0.8219097782,0
0.38383838,0.27272727,0.8114167699333333,0
0.39393939,0.27272727,0.8003256051333333,0
0.4040404,0.27272727,0.7885984739333334,0
0.41414141,0.27272727,0.7761967551333333,0
0.42424242,0.27272727,0.7630815973333334,0
0.43434343,0.27272727,0.749214684,0
0.44444444,0.27272727,0.7345592014666666,0
0.45454545,0.27272727,0.7190810160666667,0
0.46464646,0.27272727,0.7027500358666667,0
0.47474747,0.27272727,0.6855416898666667,0
0.48484848,0.27272727,0.667438394,0
0.49494949,0.27272727,0.6484307960666666,0
0.50505051,0.27272727,0.6285184895333333,0
0.51515152,0.27272727,0.6077098127999999,0
0.52525253,0.27272727,0.5860203173999999,0
0.53535354,0.27272727,0.5634695654,0
0.54545455,0.27272727,0.5400761708666666,0
0.55555556,0.27272727,0.5158514582000001,0
0.56565657,0.27272727,0.4907927322000001,0
0.57575758,0.27272727,0.4648777700666666,0
0.58585859,0.27272727,0.4380624516000001,0
0.5959596,0.27272727,0.41028316366666673,0
0.60606061,0.27272727,0.3814645750000001,0
0.61616162,0.27272727,0.3515318514,0
0.62626263,0.27272727,0.32042491093333325,0
0.63636364,0.27272727,0.28811155813333333,0
0.64646465,0.27272727,0.2545966446666667,0
0.65656566,0.27272727,0.21992560760000002,0
0.66666667,0.27272727,0.1841822931999999,0
0.67676768,0.27272727,0.14748227466666658,0
0.68686869,0.27272727,0.10996353886666677,0
0.6969697,0.27272727,0.0717764554,0
0.70707071,0.27272727,0.033074514333333305,0
0.71717172,0.27272727,-0.005993253066666593,0
0.72727273,0.27272727,-0.04528782086666666,0
0.73737374,0.27272727,-0.08468372060000001,0
0.74747475,0.27272727,-0.12407087959999999,0
0.75757576,0.27272727,-0.1633551273333333,0
0.76767677,0.27272727,-0.20245774873333336,0
0.77777778,0.27272727,-0.24131442026666675,0
0.78787879,0.27272727,-0.27987379739999996,0
0.7979798,0.27272727,-0.31809594659999996,0
0.80808081,0.27272727,-0.3559507645333333,0
0.81818182,0.27272727,-0.3934164687333333,0
0.82828283,0.27272727,-0.4304782089333333,0
0.83838384,0.27272727,-0.46712682933333316,0
0.84848485,0.27272727,-0.5033577836666667,0
0.85858586,0.27272727,-0.5391702028666667,0
0.86868687,0.27272727,-0.5745661025333334,0
0.87878788,0.27272727,-0.6095497202,0
0.88888889,0.27272727,-0.6441269623333333,0
0.8989899,0.27272727,-0.6783049515333334,0
0.90909091,0.27272727,-0.7120916554666666,0
0.91919192,0.27272727,-0.7454955885333333,0
0.92929293,0.27272727,-0.7785255727999999,0
0.93939394,0.27272727,-0.8111905485333332,0
0.94949495,0.27272727,-0.8434994263333334,0
0.95959596,0.27272727,-0.8754609735333334,0
0.96969697,0.27272727,-0.9070837286,0
0.97979798,0.27272727,-0.9383759384000001,0
0.98989899,0.27272727,-0.9693455137333334,0
1.0,0.27272727,-0.9999649161333334,1
0.0,0.33333333,1.0,0
0.01010101,0.33333333,0.9975017666666667,0
0.02020202,0.33333333,0.9949230846666667,0
0.03030303,0.33333333,0.9922600232,0
0.04040404,0.33333333,0.9895084014,0
0.05050505,0.33333333,0.9866637697999999,0
0.06060606,0.33333333,0.9837213885333334,0
0.07070707,0.33333333,0.9806762058666667,0
0.08080808,0.33333333,0.9775228341333333,0
0.09090909,0.33333333,0.9742555223999999,0
0.1010101,0.33333333,0.9708681288666667,0
0.11111111,0.33333333,0.9673540893999999,0
0.12121212,0.33333333,0.9637063840666666,0
0.13131313,0.33333333,0.9599175007333334,0
0.14141414,0.33333333,0.9559793955999999,0
0.15151515,0.33333333,0.9518834505333333,0
0.16161616,0.33333333,0.9476204271333334,0
0.17171717,0.33333333,0.9431804172666667,0
0.18181818,0.33333333,0.9385527901333334,0
0.19191919,0.33333333,0.9337261339999999,0
0.2020202,0.33333333,0.9286881967999999,0
0.21212121,0.33333333,0.9234258206,0
0.22222222,0.33333333,0.9179248736,0
0.23232323,0.33333333,0.9121701788,0
0.24242424,0.33333333,0.9061454409333333,0
0.25252525,0.33333333,0.8998331700666666,0
0.26262626,0.33333333,0.8932146076666666,0
0.27272727,0.33333333,0.8862696522666667,0
0.28282828,0.33333333,0.8789767919333333,0
0.29292929,0.33333333,0.8713130444000001,0
0.3030303,0.33333333,0.8632539116000001,0
0.31313131,0.33333333,0.8547733532,0
0.32323232,0.33333333,0.8458437924000001,0
0.33333333,0.33333333,0.8364361582666667,0
0.34343434,0.33333333,0.8265199857333333,0
0.35353535,0.33333333,0.8160635866000001,0
0.36363636,0.33333333,0.8050343155999999,0
0.37373737,0.33333333,0.7933989563333333,0
0.38383838,0.33333333,0.7811242606666667,0
0.39393939,0.33333333,0.7681776737333333,0
0.4040404,0.33333333,0.7545282871333334,0
0.41414141,0.33333333,0.7401480541333334,0
0.42424242,0.33333333,0.7250133047333334,0
0.43434343,0.33333333,0.7091065770666667,0
0.44444444,0.33333333,0.6924187609333332,0
0.45454545,0.33333333,0.6749515041333334,0
0.46464646,0.33333333,0.6567197638000001,0
0.47474747,0.33333333,0.6377542932666667,0
0.48484848,0.33333333,0.6181037348,0
0.49494949,0.33333333,0.5978358515333334,0
0.50505051,0.33333333,0.5770373019333334,0
0.51515152,0.33333333,0.5558112778666667,0
0.52525253,0.33333333,0.5342723572666668,0
0.53535354,0.33333333,0.5125381394666666,0
0.54545455,0.33333333,0.49071768206666677,0
0.55555556,0.33333333,0.46889747006666677,0
0.56565657,0.33333333,0.4471265102,0
0.57575758,0.33333333,0.4254029465333334,0
0.58585859,0.33333333,0.4036650348666667,0
0.5959596,0.33333333,0.3817890913333334,0
0.60606061,0.33333333,0.35959599833333333,0
0.61616162,0.33333333,0.3368661817333334,0
0.62626263,0.33333333,0.3133610873333334,0
0.63636364,0.33333333,0.2888476925333333,0
0.64646465,0.33333333,0.26312196833333323,0
0.65656566,0.33333333,0.23602763786666664,0
0.66666667,0.33333333,0.20746784046666666,0
0.67676768,0.33333333,0.17740895353333336,0
0.68686869,0.33333333,0.14587732999999997,0
0.6969697,0.33333333,0.11295073046666676,0
0.70707071,0.33333333,0.0787466519333333,0
0.71717172,0.33333333,0.04340963173333334,0
0.72727273,0.33333333,0.0070991677999999725,0
0.73737374,0.33333333,-0.030020682399999887,0
0.74747475,0.33333333,-0.06778950579999998,0
0.75757576,0.33333333,-0.10605644993333335,0
0.76767677,0.33333333,-0.1446840424666666,0
0.77777778,0.33333333,-0.18355026006666658,0
0.78787879,0.33333333,-0.22254923459999998,0
0.7979798,0.33333333,-0.26159097759999994,0
0.80808081,0.33333333,-0.3006004493999999,0
0.81818182,0.33333333,-0.3395162356000001,0
0.82828283,0.33333333,-0.37828902873333325,0
0.83838384,0.33333333,-0.4168800587333332,0
0.84848485,0.33333333,-0.45525956480000007,0
0.85858586,0.33333333,-0.49340536900000004,0
0.86868687,0.33333333,-0.5313015822,0
0.87878788,0.33333333,-0.5689374573333333,0
0.88888889,0.33333333,-0.6063063915999999,0
0.8989899,0.33333333,-0.6434050685333333,0
0.90909091,0.33333333,-0.6802327321333332,0
0.91919192,0.33333333,-0.7167905774000001,0
0.92929293,0.33333333,-0.7530812438666665,0
0.93939394,0.33333333,-0.7891084005999999,0
0.94949495,0.33333333,-0.8248764066000001,0
0.95959596,0.33333333,-0.8603900386666666,0
0.96969697,0.33333333,-0.8956542722666668,0
0.97979798,0.33333333,-0.9306741114,0
0.98989899,0.33333333,-0.9654544557333332,0
1.0,0.33333333,-0.9649697534666667,1
0.0,0.39393939,1.0,0
0.01010101,0.39393939,0.9971782674666666,0
0.02020202,0.39393939,0.99426238,0
0.03030303,0.39393939,0.9912475695999999,0
0.04040404,0.39393939,0.9881287575333333,0
0.05050505,0.39393939,0.9849005306666666,0
0.06060606,0.39393939,0.9815571155333334,0
0.07070707,0.39393939,0.9780923514666666,0
0.08080808,0.39393939,0.974499659,0
0.09090909,0.39393939,0.9707720083333334,0
0.1010101,0.39393939,0.9669018843333334,0
0.11111111,0.39393939,0.9628812483333333,0
0.12121212,0.39393939,0.9587014972666668,0
0.13131313,0.39393939,0.9543534194,0
0.14141414,0.39393939,0.9498271479333333,0
0.15151515,0.39393939,0.9451121095999999,0
0.16161616,0.39393939,0.9401969718666667,0
0.17171717,0.39393939,0.9350695848,0
0.18181818,0.39393939,0.9297169210666667,0
0.19191919,0.39393939,0.9241250126666667,0
0.2020202,0.39393939,0.9182788849333332,0
0.21212121,0.39393939,0.9121624893333333,0
0.22222222,0.39393939,0.9057586342666667,0
0.23232323,0.39393939,0.8990489185999999,0
0.24242424,0.39393939,0.8920136652,0
0.25252525,0.39393939,0.8846318622666667,0
0.26262626,0.39393939,0.8768811127333332,0
0.27272727,0.39393939,0.8687375961333333,0
0.28282828,0.39393939,0.8601760524666666,0
0.29292929,0.39393939,0.8511697922666667,0
0.3030303,0.39393939,0.8416907444666667,0
0.31313131,0.39393939,0.8317095557999999,0
0.32323232,0.39393939,0.8211957566000001,0
0.33333333,0.39393939,0.8101180104,0
0.34343434,0.39393939,0.7984444761333334,0
0.35353535,0.39393939,0.7861433051333333,0
0.36363636,0.39393939,0.7731833088,0
0.37373737,0.39393939,0.7595348326666667,0
0.38383838,0.39393939,0.7451708736,0
0.39393939,0.39393939,0.7300684813333334,0
0.4040404,0.39393939,0.7142104730666666,0
0.41414141,0.39393939,0.6975874866,0
0.42424242,0.39393939,0.680200367,0
0.43434343,0.39393939,0.6620628484000001,0
0.44444444,0.39393939,0.6432044356000001,0
0.45454545,0.39393939,0.6236733170000001,0
0.46464646,0.39393939,0.6035390420000001,0
0.47474747,0.39393939,0.5828945894666666,0
0.48484848,0.39393939,0.5618573350666667,0
0.49494949,0.39393939,0.5405683499333334,0
0.50505051,0.39393939,0.5191894181333333,0
0.51515152,0.39393939,0.4978972388666667,0
0.52525253,0.39393939,0.47687447686666673,0
0.53535354,0.39393939,0.4562976918666666,0
0.54545455,0.39393939,0.4363226783333334,0
0.55555556,0.39393939,0.41706833740000016,0
0.56565657,0.39393939,0.39860075419999996,0
0.57575758,0.39393939,0.3809195394,0
0.58585859,0.39393939,0.36394857913333334,0
0.5959596,0.39393939,0.3475330312,0
0.60606061,0.39393939,0.33144373046666675,0
0.61616162,0.39393939,0.3153891914666668,0
0.62626263,0.39393939,0.29903430926666663,0
0.63636364,0.39393939,0.2820238384,0
0.64646465,0.39393939,0.2640079936666667,0
0.65656566,0.39393939,0.2446671952666668,0
0.66666667,0.39393939,0.22373315333333332,0
0.67676768,0.39393939,0.20100412393333345,0
0.68686869,0.39393939,0.17635312293333344,0
0.6969697,0.39393939,0.14972897326666673,0
0.70707071,0.39393939,0.12115103579999997,0
0.71717172,0.39393939,0.09069917440000008,0
0.72727273,0.39393939,0.058500827666666644,0
0.73737374,0.39393939,0.024717033866666682,0
0.74747475,0.39393939,-0.010471055466666601,0
0.75757576,0.39393939,-0.04687407746666661,0
0.76767677,0.39393939,-0.08430416153333337,0
0.77777778,0.39393939,-0.1225822247333333,0
0.78787879,0.39393939,-0.16154296339999996,0
0.7979798,0.39393939,-0.20103782786666663,0
0.80808081,0.39393939,-0.24093636726666667,0
0.81818182,0.39393939,-0.28112633759999994,0
0.82828283,0.39393939,-0.32151294520000007,0
0.83838384,0.39393939,-0.3620175281333332,0
0.84848485,0.39393939,-0.4025759265333333,0
0.85858586,0.39393939,-0.4431367208666666,0
0.86868687,0.39393939,-0.48365946793333325,0
0.87878788,0.39393939,-0.5241130190000001,0
0.88888889,0.39393939,-0.5644739696666666,0
0.8989899,0.39393939,-0.6047252679333334,0
0.90909091,0.39393939,-0.644854991,0
0.91919192,0.39393939,-0.6848552837333333,0
0.92929293,0.39393939,-0.7247214542666668,0
0.93939394,0.39393939,-0.7644512104666666,0
0.94949495,0.39393939,-0.8040440226666666,0
0.95959596,0.39393939,-0.8435005965333334,0
0.96969697,0.39393939,-0.8828224436,0
0.97979798,0.39393939,-0.9220115333333333,0
0.98989899,0.39393939,-0.9610700151333333,0
1.0,0.39393939,-0.9999434914666666,1
0.0,0.45454545,1.0,0
0.01010101,0.45454545,0.9968125782666667,0
0.02020202,0.45454545,0.9935144488,0
0.03030303,0.45454545,0.9900997778666667,0
0.04040404,0.45454545,0.9865623420666666,0
0.05050505,0.45454545,0.9828954990666666,0
0.06060606,0.45454545,0.9790921544666666,0
0.07070707,0.45454545,0.9751447277333334,0
0.08080808,0.45454545,0.9710451150666667,0
0.09090909,0.45454545,0.9667846488,0
0.1010101,0.45454545,0.9623540552,0
0.11111111,0.45454545,0.9577434072666666,0
0.12121212,0.45454545,0.9529420762666667,0
0.13131313,0.45454545,0.9479386792000001,0
0.14141414,0.45454545,0.9427210234,0
0.15151515,0.45454545,0.9372760486666666,0
0.16161616,0.45454545,0.9315897655333333,0
0.17171717,0.45454545,0.9256471923333334,0
0.18181818,0.45454545,0.9194322911333334,0
0.19191919,0.45454545,0.9129279027333334,0
0.2020202,0.45454545,0.9061156814666668,0
0.21212121,0.45454545,0.8989760350666667,0
0.22222222,0.45454545,0.8914880681333333,0
0.23232323,0.45454545,0.8836295347333333,0
0.24242424,0.45454545,0.8753768039333333,0
0.25252525,0.45454545,0.8667048447333333,0
0.26262626,0.45454545,0.857587235,0
0.27272727,0.45454545,0.8479962066666666,0
0.28282828,0.45454545,0.8379027364,0
0.29292929,0.45454545,0.8272766947333333,0
0.3030303,0.45454545,0.8160870739999999,0
0.31313131,0.45454545,0.8043023111333334,0
0.32323232,0.45454545,0.7918907319333333,0
0.33333333,0.45454545,0.7788211436000001,0
0.34343434,0.45454545,0.7650636062666667,0
0.35353535,0.45454545,0.7505904151333334,0
0.36363636,0.45454545,0.7353773296000001,0
0.37373737,0.45454545,0.7194050761999999,0
0.38383838,0.45454545,0.7026611531333333,0
0.39393939,0.45454545,0.6851419395333334,0
0.4040404,0.45454545,0.6668550998,0
0.41414141,0.45454545,0.6478222314,0
0.42424242,0.45454545,0.6280816577333335,0
0.43434343,0.45454545,0.6076912106666666,0
0.44444444,0.45454545,0.5867307720666668,0
0.45454545,0.45454545,0.5653042701333334,0
0.46464646,0.45454545,0.5435407569999999,0
0.47474747,0.45454545,0.5215941528666667,0
0.48484848,0.45454545,0.4996412351999999,0
0.49494949,0.45454545,0.47787752346666656,0
0.50505051,0.45454545,0.4565108380666666,0
0.51515152,0.45454545,0.43575253673333336,0
0.52525253,0.45454545,0.41580669933333336,0
0.53535354,0.45454545,0.3968578229333334,0
0.54545455,0.45454545,0.3790578510666668,0
0.55555556,0.45454545,0.36251352980000007,0
0.56565657,0.45454545,0.34727514700000006,0
0.57575758,0.45454545,0.3333276386666667,0
0.58585859,0.45454545,0.32058489013333336,0
0.5959596,0.45454545,0.30888783033333334,0
0.60606061,0.45454545,0.29800669479999997,0
0.61616162,0.45454545,0.28764759800000006,0
0.62626263,0.45454545,0.2774633398666668,0
0.63636364,0.45454545,0.26706811460000013,0
0.64646465,0.45454545,0.2560554845333334,0
0.65656566,0.45454545,0.24401861793333324,0
0.66666667,0.45454545,0.2305713892000001,0
0.67676768,0.45454545,0.21536863653333327,0
0.68686869,0.45454545,0.19812372700000003,0
0.6969697,0.45454545,0.17862172826666667,0
0.70707071,0.45454545,0.1567269411333334,0
0.71717172,0.45454545,0.13238425373333323,0
0.72727273,0.45454545,0.10561458666666668,0
0.73737374,0.45454545,0.07650543519999997,0
0.74747475,0.45454545,0.04519802773333337,0
0.75757576,0.45454545,0.011872813133333271,0
0.76767677,0.45454545,-0.023265107333333312,0
0.77777778,0.45454545,-0.059999318399999946,0
0.78787879,0.45454545,-0.09811334346666667,0
0.7979798,0.45454545,-0.13739940146666674,0
0.80808081,0.45454545,-0.1776646208,0
0.81818182,0.45454545,-0.2187349334,0
0.82828283,0.45454545,-0.26045701220000006,0
0.83838384,0.45454545,-0.30269868459999993,0
0.84848485,0.45454545,-0.34534823993333325,0
0.85858586,0.45454545,-0.3883129957333334,0
0.86868687,0.45454545,-0.4315174344666666,0
0.87878788,0.45454545,-0.47490113293333325,0
0.88888889,0.45454545,-0.5184166594,0
0.8989899,0.45454545,-0.5620275457333334,0
0.90909091,0.45454545,-0.6057064067333333,0
0.91919192,0.45454545,-0.6494332435333333,0
0.92929293,0.45454545,-0.6931939454,0
0.93939394,0.45454545,-0.7369789908666665,0
0.94949495,0.45454545,-0.7807823379333333,0
0.95959596,0.45454545,-0.8246004866000001,0
0.96969697,0.45454545,-0.8684316972,0
0.97979798,0.45454545,-0.9122753462000001,0
0.98989899,0.45454545,-0.9561314015333334,0
1.0,0.45454545,-0.9172081514666667,1
0.0,0.51515152,1.0,0
0.01010101,0.51515152,0.9963991212,0
0.02020202,0.51515152,0.9926674594666667,0
0.03030303,0.51515152,0.9887978149333333,0
0.04040404,0.51515152,0.9847824945333333,0
0.05050505,0.51515152,0.9806132743999999,0
0.06060606,0.51515152,0.9762813606666667,0
0.07070707,0.51515152,0.9717773446666667,0
0.08080808,0.51515152,0.9670911584666666,0
0.09090909,0.51515152,0.9622120246,0
0.1010101,0.51515152,0.9571284043999999,0
0.11111111,0.51515152,0.9518279430666666,0
0.12121212,0.51515152,0.9462974115333334,0
0.13131313,0.51515152,0.9405226462,0
0.14141414,0.51515152,0.9344884858666667,0
0.15151515,0.51515152,0.9281787097333334,0
0.16161616,0.51515152,0.9215759716,0
0.17171717,0.51515152,0.9146617377333334,0
0.18181818,0.51515152,0.9074162269999999,0
0.19191919,0.51515152,0.8998183558666667,0
0.2020202,0.51515152,0.891845692,0
0.21212121,0.51515152,0.8834744214,0
0.22222222,0.51515152,0.8746793317999999,0
0.23232323,0.51515152,0.8654338224666667,0
0.24242424,0.51515152,0.8557099454666668,0
0.25252525,0.51515152,0.8454784907999999,0
0.26262626,0.51515152,0.8347091266666666,0
0.27272727,0.51515152,0.8233706117333334,0
0.28282828,0.51515152,0.8114310949333333,0
0.29292929,0.51515152,0.7988585258,0
0.3030303,0.51515152,0.7856211998,0
0.31313131,0.51515152,0.7716884614,0
0.32323232,0.51515152,0.7570315982,0
0.33333333,0.51515152,0.7416249502666667,0
0.34343434,0.51515152,0.7254472612666667,0
0.35353535,0.51515152,0.7084832912666666,0
0.36363636,0.51515152,0.6907256969333333,0
0.37373737,0.51515152,0.6721771705333334,0
0.38383838,0.51515152,0.6528527968666666,0
0.39393939,0.51515152,0.6327825558,0
0.4040404,0.51515152,0.612013855,0
0.41414141,0.51515152,0.5906139204666666,0
0.42424242,0.51515152,0.5686718246666667,0
0.43434343,0.51515152,0.5462998890666667,0
0.44444444,0.51515152,0.5236341606666668,0
0.45454545,0.51515152,0.5008336735333334,0
0.46464646,0.51515152,0.4780782422666666,0
0.47474747,0.51515152,0.45556462900000005,0
0.48484848,0.51515152,0.4335010656000001,0
0.49494949,0.51515152,0.41210027746666666,0
0.50505051,0.51515152,0.39157134426666673,0
0.51515152,0.51515152,0.37211086920000014,0
0.52525253,0.51515152,0.35389403640000006,0
0.53535354,0.51515152,0.33706612626666665,0
0.54545455,0.51515152,0.3217349953333335,0
0.55555556,0.51515152,0.30796486786666666,0
0.56565657,0.51515152,0.29577161279999997,0
0.57575758,0.51515152,0.2851195089333335,0
0.58585859,0.51515152,0.27591938960000006,0
0.5959596,0.51515152,0.2680280250000001,0
0.60606061,0.51515152,0.26124865519999996,0
0.61616162,0.51515152,0.25533271786666667,0
0.62626263,0.51515152,0.24998298340000003,0
0.63636364,0.51515152,0.24485847373333336,0
0.64646465,0.51515152,0.2395816276,0
0.65656566,0.51515152,0.23374815506666669,0
0.66666667,0.51515152,0.2269398155333333,0
0.67676768,0.51515152,0.21873997666666678,0
0.68686869,0.51515152,0.2087512846666667,0
0.6969697,0.51515152,0.19661419746666686,0
0.70707071,0.51515152,0.18202465486666675,0
0.71717172,0.51515152,0.16474893240000016,0
0.72727273,0.51515152,0.14463386973333342,0
0.73737374,0.51515152,0.12161119793333319,0
0.74747475,0.51515152,0.09569552013333338,0
0.75757576,0.51515152,0.06697641993333336,0
0.76767677,0.51515152,0.03560597206666671,0
0.77777778,0.51515152,0.0017834263333333933,0
0.78787879,0.51515152,-0.0342610414666667,0
0.7979798,0.51515152,-0.07228183386666664,0
0.80808081,0.51515152,-0.1120314482,0
0.81818182,0.51515152,-0.15327128086666666,0
0.82828283,0.51515152,-0.19577948453333333,0
0.83838384,0.51515152,-0.2393560142000001,0
0.84848485,0.51515152,-0.2838252408666666,0
0.85858586,0.51515152,-0.3290366276000001,0
0.86868687,0.51515152,-0.37486397699999996,0
0.87878788,0.51515152,-0.4212037168666666,0
0.88888889,0.51515152,-0.46797261400000006,0
0.8989899,0.51515152,-0.5151052138,0
0.90909091,0.51515152,-0.5625512264666667,0
0.91919192,0.51515152,-0.610273006,0
0.92929293,0.51515152,-0.6582432131333333,0
0.93939394,0.51515152,-0.7064427098666667,0
0.94949495,0.51515152,-0.7548587061333335,0
0.95959596,0.51515152,-0.8034831548,0
0.96969697,0.51515152,-0.8523113883333333,0
0.97979798,0.51515152,-0.9013409671333333,0
0.98989899,0.51515152,-0.9505707278666667,0
1.0,0.51515152,-0.9976046282666666,1
0.0,0.57575758,1.0,0
0.01010101,0.57575758,0.9959315612,0
0.02020202,0.57575758,0.9917078925333334,0
0.03030303,0.57575758,0.9873200298666667,0
0.04040404,0.57575758,0.9827583792,0
0.05050505,0.57575758,0.9780126703333333,0
0.06060606,0.57575758,0.9730719066,0
0.07070707,0.57575758,0.9679243106666666,0
0.08080808,0.57575758,0.9625572701333333,0
0.09090909,0.57575758,0.9569572761333334,0
0.1010101,0.57575758,0.9511098636666667,0
0.11111111,0.57575758,0.944999547,0
0.12121212,0.57575758,0.9386097553333334,0
0.13131313,0.57575758,0.931922767,0
0.14141414,0.57575758,0.9249196462000001,0
0.15151515,0.57575758,0.9175801809333334,0
0.16161616,0.57575758,0.9098828282666667,0
0.17171717,0.57575758,0.901804666,0
0.18181818,0.57575758,0.8933213582666666,0
0.19191919,0.57575758,0.8844071397333334,0
0.2020202,0.57575758,0.8750348210666666,0
0.21212121,0.57575758,0.8651758312,0
0.22222222,0.57575758,0.8548002970666667,0
0.23232323,0.57575758,0.8438771815333332,0
0.24242424,0.57575758,0.8323744886,0
0.25252525,0.57575758,0.8202595545333334,0
0.26262626,0.57575758,0.8074994448666667,0
0.27272727,0.57575758,0.7940614792,0
0.28282828,0.57575758,0.779913907,0
0.29292929,0.57575758,0.7650267618000001,0
0.3030303,0.57575758,0.7493729159333334,0
0.31313131,0.57575758,0.7329293585333333,0
0.32323232,0.57575758,0.7156787132666667,0
0.33333333,0.57575758,0.6976109954666666,0
0.34343434,0.57575758,0.6787255995333333,0
0.35353535,0.57575758,0.6590334764666667,0
0.36363636,0.57575758,0.6385594324666667,0
0.37373737,0.57575758,0.6173444428666667,0
0.38383838,0.57575758,0.5954478320000001,0
0.39393939,0.57575758,0.5729491289333334,0
0.4040404,0.57575758,0.5499493748666666,0
0.41414141,0.57575758,0.5265716426,0
0.42424242,0.57575758,0.5029605334,0
0.43434343,0.57575758,0.4792804664666668,0
0.44444444,0.57575758,0.4557126526666666,0
0.45454545,0.57575758,0.43245076886666667,0
0.46464646,0.57575758,0.4096954842,0
0.47474747,0.57575758,0.3876481402666667,0
0.48484848,0.57575758,0.36650399646666665,0
0.49494949,0.57575758,0.34644552500000003,0
0.50505051,0.57575758,0.3276362342,0
0.51515152,0.57575758,0.3102154204666666,0
0.52525253,0.57575758,0.2942941210000001,0
0.53535354,0.57575758,0.27995235526666673,0
0.54545455,0.57575758,0.2672375818666667,0
0.55555556,0.57575758,0.2561641322,0
0.56565657,0.57575758,0.24671329953333343,0
0.57575758,0.57575758,0.23883370179999996,0
0.58585859,0.57575758,0.23244157160000012,0
0.5959596,0.57575758,0.22742068613333333,0
0.60606061,0.57575758,0.2236217746,0
0.61616162,0.57575758,0.22086138993333337,0
0.62626263,0.57575758,0.21892040366666676,0
0.63636364,0.57575758,0.21754248640000007,0
0.64646465,0.57575758,0.21643312866666664,0
0.65656566,0.57575758,0.21525993259999998,0
0.66666667,0.57575758,0.21365502960000005,0
0.67676768,0.57575758,0.21122048046666675,0
0.68686869,0.57575758,0.20753736113333343,0
0.6969697,0.57575758,0.2021788618,0
0.70707071,0.57575758,0.19472713513333328,0
0.71717172,0.57575758,0.18479287759999996,0
0.72727273,0.57575758,0.1720358594,0
0.73737374,0.57575758,0.15618404379999995,0
0.74747475,0.57575758,0.13704876206666666,0
0.75757576,0.57575758,0.1145337622,0
0.76767677,0.57575758,0.0886368253333335,0
0.77777778,0.57575758,0.05944381786666675,0
0.78787879,0.57575758,0.02711624286666664,0
0.7979798,0.57575758,-0.008125736266666683,0
0.80808081,0.57575758,-0.046022406800000026,0
0.81818182,0.57575758,-0.08629344053333338,0
0.82828283,0.57575758,-0.1286548148666667,0
0.83838384,0.57575758,-0.17283254820000005,0
0.84848485,0.57575758,-0.21857276846666657,0
0.85858586,0.57575758,-0.2656481769333334,0
0.86868687,0.57575758,-0.31386135140000004,0
0.87878788,0.57575758,-0.3630455201999999,0
0.88888889,0.57575758,-0.41306347560000006,0
0.8989899,0.57575758,-0.46380525593333327,0
0.90909091,0.57575758,-0.5151851053333333,0
0.91919192,0.57575758,-0.5671381161999999,0
0.92929293,0.57575758,-0.6196168316,0
0.93939394,0.57575758,-0.6725880008666666,0
0.94949495,0.57575758,-0.7260295947333334,0
0.95959596,0.57575758,-0.7799281375333335,0
0.96969697,0.57575758,-0.8342763732666667,0
0.97979798,0.57575758,-0.8890712623999999,0
0.98989899,0.57575758,-0.9443122806666666,0
1.0,0.57575758,-0.9997114465333333,1
0.0,0.63636364,1.0,0
0.01010101,0.63636364,0.9954026974666667,0
0.02020202,0.63636364,0.9906202756,0
0.03030303,0.63636364,0.9856414754666667,0
0.04040404,0.63636364,0.9804542288,0
0.05050505,0.63636364,0.9750455986,0
0.06060606,0.63636364,0.9694017175999999,0
0.07070707,0.63636364,0.9635077230666667,0
0.08080808,0.63636364,0.9573476903333333,0
0.09090909,0.63636364,0.9509045643333334,0
0.1010101,0.63636364,0.9441600901333334,0
0.11111111,0.63636364,0.9370947449333333,0
0.12121212,0.63636364,0.9296876738000001,0
0.13131313,0.63636364,0.9219166279333333,0
0.14141414,0.63636364,0.9137579143333334,0
0.15151515,0.63636364,0.9051863562,0
0.16161616,0.63636364,0.896175272,0
0.17171717,0.63636364,0.8866964788,0
0.18181818,0.63636364,0.8767203277333333,0
0.19191919,0.63636364,0.8662157838,0
0.2020202,0.63636364,0.8551505594666666,0
0.21212121,0.63636364,0.8434913173333334,0
0.22222222,0.63636364,0.8312039615333333,0
0.23232323,0.63636364,0.8182540327333334,0
0.24242424,0.63636364,0.8046072336666668,0
0.25252525,0.63636364,0.7902301056,0
0.26262626,0.63636364,0.7750908812666666,0
0.27272727,0.63636364,0.7591605368000001,0
0.28282828,0.63636364,0.7424140650666667,0
0.29292929,0.63636364,0.7248319782666667,0
0.3030303,0.63636364,0.7064020478666666,0
0.31313131,0.63636364,0.6871212545333334,0
0.32323232,0.63636364,0.6669979173333334,0
0.33333333,0.63636364,0.6460539225333334,0
0.34343434,0.63636364,0.6243269462000001,0
0.35353535,0.63636364,0.6018725232,0
0.36363636,0.63636364,0.5787657746666666,0
0.37373737,0.63636364,0.5551025850666668,0
0.38383838,0.63636364,0.5310000000666667,0
0.39393939,0.63636364,0.5065956403999999,0
0.4040404,0.63636364,0.4820459736,0
0.41414141,0.63636364,0.45752336706666674,0
0.42424242,0.63636364,0.43321196893333336,0
0.43434343,0.63636364,0.4093025914666668,0
0.44444444,0.63636364,0.38598690440000005,0
0.45454545,0.63636364,0.3634513518000001,0
0.46464646,0.63636364,0.3418712518000001,0
0.47474747,0.63636364,0.32140553773333336,0
0.48484848,0.63636364,0.30219251446666684,0
0.49494949,0.63636364,0.28434688499999994,0
0.50505051,0.63636364,0.26795813553333336,0
0.51515152,0.63636364,0.25309022059999997,0
0.52525253,0.63636364,0.2397823460666667,0
0.53535354,0.63636364,0.22805055773333327,0
0.54545455,0.63636364,0.21788979106666673,0
0.55555556,0.63636364,0.20927603420000007,0
0.56565657,0.63636364,0.20216827613333332,0
0.57575758,0.63636364,0.1965099637333334,0
0.58585859,0.63636364,0.19222974780000002,0
0.5959596,0.63636364,0.18924135306666667,0
0.60606061,0.63636364,0.18744247386666668,0
0.61616162,0.63636364,0.18671265606666665,0
0.62626263,0.63636364,0.18691019926666674,0
0.63636364,0.63636364,0.18786820486666667,0
0.64646465,0.63636364,0.1893900104666667,0
0.65656566,0.63636364,0.19124440826666678,0
0.66666667,0.63636364,0.19316123406666663,0
0.67676768,0.63636364,0.19482812039999997,0
0.68686869,0.63636364,0.19588941959999995,0
0.6969697,0.63636364,0.19594841786666672,0
0.70707071,0.63636364,0.1945739528,0
0.71717172,0.63636364,0.19131225893333348,0
0.72727273,0.63636364,0.1857042855333333,0
0.73737374,0.63636364,0.17730781600000012,0
0.74747475,0.63636364,0.16572261399999988,0
0.75757576,0.63636364,0.15061578773333328,0
0.76767677,0.63636364,0.13174390993333324,0
0.77777778,0.63636364,0.10896849806666675,0
0.78787879,0.63636364,0.0822623363333333,0
0.7979798,0.63636364,0.051705664199999946,0
0.80808081,0.63636364,0.01747304173333325,0
0.81818182,0.63636364,-0.020186757599999994,0
0.82828283,0.63636364,-0.0609745964666667,0
0.83838384,0.63636364,-0.10456523686666674,0
0.84848485,0.63636364,-0.1506292662,0
0.85858586,0.63636364,-0.19885088173333332,0
0.86868687,0.63636364,-0.24894074800000002,0
0.87878788,0.63636364,-0.30064398133333325,0
0.88888889,0.63636364,-0.3537438883333333,0
0.8989899,0.63636364,-0.40806235593333323,0
0.90909091,0.63636364,-0.46345785219999996,0
0.91919192,0.63636364,-0.5198219026,0
0.92929293,0.63636364,-0.5770747440666667,0
0.93939394,0.63636364,-0.6351606802666666,0
0.94949495,0.63636364,-0.6940434964000001,0
0.95959596,0.63636364,-0.7537021539333334,0
0.96969697,0.63636364,-0.814126893,0
0.97979798,0.63636364,-0.8753157855999999,0
0.98989899,0.63636364,-0.9372717495333334,0
1.0,0.63636364,-0.9555453866666667,1
0.0,0.6969697,1.0,0
0.01010101,0.6969697,0.9948043383999999,0
0.02020202,0.6969697,0.9893868705333334,0
0.03030303,0.6969697,0.9837333341333333,0
0.04040404,0.6969697,0.9778284186666667,0
0.05050505,0.6969697,0.9716556920666667,0
0.06060606,0.6969697,0.9651975265333333,0
0.07070707,0.6969697,0.9584350221333333,0
0.08080808,0.6969697,0.9513479309333333,0
0.09090909,0.6969697,0.9439145852666667,0
0.1010101,0.6969697,0.9361118265333332,0
0.11111111,0.6969697,0.9279149466666667,0
0.12121212,0.6969697,0.9192976383333333,0
0.13131313,0.6969697,0.9102319643333334,0
0.14141414,0.6969697,0.9006883512666667,0
0.15151515,0.6969697,0.8906356168666667,0
0.16161616,0.6969697,0.8800410401333334,0
0.17171717,0.6969697,0.8688704886,0
0.18181818,0.6969697,0.8570886175333333,0
0.19191919,0.6969697,0.8446591586000001,0
0.2020202,0.6969697,0.8315453200666667,0
0.21212121,0.6969697,0.8177103208666667,0
0.22222222,0.6969697,0.8031180823333333,0
0.23232323,0.6969697,0.7877341071333335,0
0.24242424,0.6969697,0.7715265652000001,0
0.25252525,0.6969697,0.7544676121333334,0
0.26262626,0.6969697,0.7365349474,0
0.27272727,0.6969697,0.7177136170666667,0
0.28282828,0.6969697,0.6979980373333333,0
0.29292929,0.6969697,0.6773941958666667,0
0.3030303,0.6969697,0.6559219477333333,0
0.31313131,0.6969697,0.6336172934,0
0.32323232,0.6969697,0.6105344746,0
0.33333333,0.6969697,0.5867476963333333,0
0.34343434,0.6969697,0.5623522479999999,0
0.35353535,0.6969697,0.5374647946666667,0
0.36363636,0.6969697,0.5122226323333334,0
0.37373737,0.6969697,0.4867817546666666,0
0.38383838,0.6969697,0.4613136784666668,0
0.39393939,0.6969697,0.4360010968000001,0
0.4040404,0.6969697,0.4110325716000002,0
0.41414141,0.6969697,0.38659660546666674,0
0.42424242,0.6969697,0.3628755306000001,0
0.43434343,0.6969697,0.340039702,0
0.44444444,0.6969697,0.31824244646666666,0
0.45454545,0.6969697,0.2976161437333332,0
0.46464646,0.6969697,0.2782696698666667,0
0.47474747,0.6969697,0.2602872802,0
0.48484848,0.6969697,0.24372885466666672,0
0.49494949,0.6969697,0.22863130180000002,0
0.50505051,0.6969697,0.2150108382,0
0.51515152,0.6969697,0.20286582613333337,0
0.52525253,0.6969697,0.19217985273333338,0
0.53535354,0.6969697,0.18292477446666666,0
0.54545455,0.6969697,0.17506349733333337,0
0.55555556,0.6969697,0.1685523185333334,0
0.56565657,0.6969697,0.1633427058,0
0.57575758,0.6969697,0.15938242633333344,0
0.58585859,0.6969697,0.15661596433333347,0
0.5959596,0.6969697,0.1549841812666667,0
0.60606061,0.6969697,0.15442317053333332,0
0.61616162,0.6969697,0.1548622640666667,0
0.62626263,0.6969697,0.15622114073333326,0
0.63636364,0.6969697,0.1584059963333334,0
0.64646465,0.6969697,0.16130475826666668,0
0.65656566,0.6969697,0.16478138080000004,0
0.66666667,0.6969697,0.1686693555333333,0
0.67676768,0.6969697,0.17276472526666664,0
0.68686869,0.6969697,0.17681911186666666,0
0.6969697,0.6969697,0.18053355673333338,0
0.70707071,0.6969697,0.18355430753333335,0
0.71717172,0.6969697,0.18547198646666663,0
0.72727273,0.6969697,0.18582576793333327,0
0.73737374,0.6969697,0.18411408853333333,0
0.74747475,0.6969697,0.179812886,0
0.75757576,0.6969697,0.17240128806666666,0
0.76767677,0.6969697,0.16139312560000008,0
0.77777778,0.6969697,0.14637091320000006,0
0.78787879,0.6969697,0.12701755393333347,0
0.7979798,0.6969697,0.10314054593333333,0
0.80808081,0.6969697,0.07468433860000001,0
0.81818182,0.6969697,0.041728568400000055,0
0.82828283,0.6969697,0.004472695999999998,0
0.83838384,0.6969697,-0.036789867266666665,0
0.84848485,0.6969697,-0.08170342979999995,0
0.85858586,0.6969697,-0.12988247619999999,0
0.86868687,0.6969697,-0.18094074106666663,0
0.87878788,0.6969697,-0.23451423800000004,0
0.88888889,0.6969697,-0.2902771900666666,0
0.8989899,0.6969697,-0.3479511059333334,0
0.90909091,0.6969697,-0.4073080723333332,0
0.91919192,0.6969697,-0.46816967953333327,0
0.92929293,0.6969697,-0.5304030030666668,0
0.93939394,0.6969697,-0.5939148667333333,0
0.94949495,0.6969697,-0.6586453244666667,0
0.95959596,0.6969697,-0.7245610209333332,0
0.96969697,0.6969697,-0.7916488474666665,0
0.97979798,0.6969697,-0.8599101243999999,0
0.98989899,0.6969697,-0.9293554163333334,0
1.0,0.6969697,-0.9996608654666667,1
0.0,0.75757576,1.0,0
0.01010101,0.75757576,0.9941271553333334,0
0.02020202,0.75757576,0.9879873022666666,0
0.03030303,0.75757576,0.9815622227999999,0
0.04040404,0.75757576,0.9748323332000001,0
0.05050505,0.75757576,0.9677765960666667,0
0.06060606,0.75757576,0.9603724356666666,0
0.07070707,0.75757576,0.9525956534,0
0.08080808,0.75757576,0.9444203528666666,0
0.09090909,0.75757576,0.9358188740666666,0
0.1010101,0.75757576,0.9267617453333333,0
0.11111111,0.75757576,0.9172176579333333,0
0.12121212,0.75757576,0.9071534744,0
0.13131313,0.75757576,0.8965342806000001,0
0.14141414,0.75757576,0.8853234956,0
0.15151515,0.75757576,0.8734830559333333,0
0.16161616,0.75757576,0.8609736948666666,0
0.17171717,0.75757576,0.8477553375333333,0
0.18181818,0.75757576,0.8337876418000001,0
0.19191919,0.75757576,0.8190307077333333,0
0.2020202,0.75757576,0.8034459908,0
0.21212121,0.75757576,0.7869974442000001,0
0.22222222,0.75757576,0.7696529143999999,0
0.23232323,0.75757576,0.7513858089333333,0
0.24242424,0.75757576,0.7321770349333334,0
0.25252525,0.75757576,0.7120171906,0
0.26262626,0.75757576,0.6909089588,0
0.27272727,0.75757576,0.6688696154666667,0
0.28282828,0.75757576,0.6459335211999999,0
0.29292929,0.75757576,0.6221544170666667,0
0.3030303,0.75757576,0.5976073013333333,0
0.31313131,0.75757576,0.5723896376666667,0
0.32323232,0.75757576,0.5466216313333333,0
0.33333333,0.75757576,0.5204453482666667,0
0.34343434,0.75757576,0.4940225118666668,0
0.35353535,0.75757576,0.4675309314666667,0
0.36363636,0.75757576,0.4411596594666666,0
0.37373737,0.75757576,0.41510313193333337,0
0.38383838,0.75757576,0.38955469406666665,0
0.39393939,0.75757576,0.3647000137333333,0
0.4040404,0.75757576,0.3407109224,0
0.41414141,0.75757576,0.3177401756666667,0
0.42424242,0.75757576,0.2959175239333335,0
0.43434343,0.75757576,0.2753473119333334,0
0.44444444,0.75757576,0.25610765533333335,0
0.45454545,0.75757576,0.23825107346666663,0
0.46464646,0.75757576,0.22180633780000003,0
0.47474747,0.75757576,0.20678121306666675,0
0.48484848,0.75757576,0.19316575559999993,0
0.49494949,0.75757576,0.1809358477333335,0
0.50505051,0.75757576,0.1700567001333333,0
0.51515152,0.75757576,0.16048611693333348,0
0.52525253,0.75757576,0.15217738693333338,0
0.53535354,0.75757576,0.14508171513333334,0
0.54545455,0.75757576,0.1391501629333335,0
0.55555556,0.75757576,0.13433508800000005,0
0.56565657,0.75757576,0.13059109646666667,0
0.57575758,0.75757576,0.12787552486666676,0
0.58585859,0.75757576,0.1261484593333334,0
0.5959596,0.75757576,0.12537229386666682,0
0.60606061,0.75757576,0.1255108054666666,0
0.61616162,0.75757576,0.12652769900000005,0
0.62626263,0.75757576,0.12838455793333337,0
0.63636364,0.75757576,0.13103809980000014,0
0.64646465,0.75757576,0.13443662226666675,0
0.65656566,0.75757576,0.13851550506666677,0
0.66666667,0.75757576,0.1431916441333333,0
0.67676768,0.75757576,0.14835672200000005,0
0.68686869,0.75757576,0.15386931246666657,0
0.6969697,0.75757576,0.15954596993333336,0
0.70707071,0.75757576,0.1651517179333334,0
0.71717172,0.75757576,0.1703907216666667,0
0.72727273,0.75757576,0.17489842826666657,0
0.73737374,0.75757576,0.17823700026666678,0
0.74747475,0.75757576,0.17989636453333346,0
0.75757576,0.75757576,0.17930339353333336,0
0.76767677,0.75757576,0.17584136140000006,0
0.77777778,0.75757576,0.16888056993333345,0
0.78787879,0.75757576,0.1578188666,0
0.7979798,0.75757576,0.14212795060000005,0
0.80808081,0.75757576,0.12139871893333337,0
0.81818182,0.75757576,0.09537750666666667,0
0.82828283,0.75757576,0.06398589440000002,0
0.83838384,0.75757576,0.02731987866666674,0
0.84848485,0.75757576,-0.014371232199999973,0
0.85858586,0.75757576,-0.06072143679999997,0
0.86868687,0.75757576,-0.11129268386666663,0
0.87878788,0.75757576,-0.1656196690666667,0
0.88888889,0.75757576,-0.22324851200000012,0
0.8989899,0.75757576,-0.28376570213333335,0
0.90909091,0.75757576,-0.34681632373333315,0
0.91919192,0.75757576,-0.4121125335333333,0
0.92929293,0.75757576,-0.4794343298666668,0
0.93939394,0.75757576,-0.5486249343999999,0
0.94949495,0.75757576,-0.6195829098666666,0
0.95959596,0.75757576,-0.6922526769999999,0
0.96969697,0.75757576,-0.7666146055333334,0
0.97979798,0.75757576,-0.8426754188666665,0
0.98989899,0.75757576,-0.9204593168,0
1.0,0.75757576,-0.9999462117333333,1
0.0,0.81818182,1.0,0
0.01010101,0.81818182,0.9933605130666666,0
0.02020202,0.81818182,0.9863981164,0
0.03030303,0.81818182,0.97908935,0
0.04040404,0.81818182,0.9714089670666667,0
0.05050505,0.81818182,0.9633298354666667,0
0.06060606,0.81818182,0.9548228475333334,0
0.07070707,0.81818182,0.9458568431333333,0
0.08080808,0.81818182,0.9363985548,0
0.09090909,0.81818182,0.9264125824666667,0
0.1010101,0.81818182,0.9158614104666667,0
0.11111111,0.81818182,0.9047054836,0
0.12121212,0.81818182,0.8929033568666667,0
0.13131313,0.81818182,0.880411942,0
0.14141414,0.81818182,0.8671868808000001,0
0.15151515,0.81818182,0.853183068,0
0.16161616,0.81818182,0.8383553652,0
0.17171717,0.81818182,0.8226595352666667,0
0.18181818,0.81818182,0.8060534378666666,0
0.19191919,0.81818182,0.7884985170000001,0
0.2020202,0.81818182,0.7699616056,0
0.21212121,0.81818182,0.7504170580666667,0
0.22222222,0.81818182,0.7298491930000001,0
0.23232323,0.81818182,0.7082550005999999,0
0.24242424,0.81818182,0.6856470194,0
0.25252525,0.81818182,0.6620562339333333,0
0.26262626,0.81818182,0.6375347873333334,0
0.27272727,0.81818182,0.6121582469333333,0
0.28282828,0.81818182,0.5860271189333333,0
0.29292929,0.81818182,0.5592672958,0
0.3030303,0.81818182,0.5320291546666668,0
0.31313131,0.81818182,0.5044851029333333,0
0.32323232,0.81818182,0.4768255106000001,0
0.33333333,0.81818182,0.44925314633333335,0
0.34343434,0.81818182,0.4219764299333333,0
0.35353535,0.81818182,0.3952019970666667,0
0.36363636,0.81818182,0.3691271824000001,0
0.37373737,0.81818182,0.3439330722666667,0
0.38383838,0.81818182,0.31977870426666677,0
0.39393939,0.81818182,0.2967968471999999,0
0.4040404,0.81818182,0.2750915927333334,0
0.41414141,0.81818182,0.2547377645333333,0
0.42424242,0.81818182,0.23578196679999996,0
0.43434343,0.81818182,0.21824495553333334,0
0.44444444,0.81818182,0.2021249379333333,0
0.45454545,0.81818182,0.18740140846666675,0
0.46464646,0.81818182,0.1740391599333333,0
0.47474747,0.81818182,0.16199218519999992,0
0.48484848,0.81818182,0.15120726513333338,0
0.49494949,0.81818182,0.14162711493333346,0
0.50505051,0.81818182,0.13319303253333326,0
0.51515152,0.81818182,0.1258470417333335,0
0.52525253,0.81818182,0.11953355526666676,0
0.53535354,0.81818182,0.11420060779999996,0
0.54545455,0.81818182,0.1098007119333333,0
0.55555556,0.81818182,0.10629139320000003,0
0.56565657,0.81818182,0.10363544933333335,0
0.57575758,0.81818182,0.10180097239999997,0
0.58585859,0.81818182,0.10076115200000013,0
0.5959596,0.81818182,0.10049386820000006,0
0.60606061,0.81818182,0.10098105619999997,0
0.61616162,0.81818182,0.10220781153333336,0
0.62626263,0.81818182,0.10416117453333329,0
0.63636364,0.81818182,0.10682850733333338,0
0.64646465,0.81818182,0.11019534766666672,0
0.65656566,0.81818182,0.11424258526666664,0
0.66666667,0.81818182,0.11894277460000013,0
0.67676768,0.81818182,0.12425536366666678,0
0.68686869,0.81818182,0.13012059906666662,0
0.6969697,0.81818182,0.13645187653333335,0
0.70707071,0.81818182,0.14312636546666668,0
0.71717172,0.81818182,0.14997389000000005,0
0.72727273,0.81818182,0.15676433099999998,0
0.73737374,0.81818182,0.16319429546666664,0
0.74747475,0.81818182,0.16887448553333329,0
0.75757576,0.81818182,0.17332010426666666,0
0.76767677,0.81818182,0.17594758766666663,0
0.77777778,0.81818182,0.1760816645333333,0
0.78787879,0.81818182,0.17297668393333332,0
0.7979798,0.81818182,0.1658547334,0
0.80808081,0.81818182,0.15395986493333336,0
0.81818182,0.81818182,0.13662307360000003,0
0.82828283,0.81818182,0.1133277646000001,0
0.83838384,0.81818182,0.08376249666666669,0
0.84848485,0.81818182,0.047848736200000075,0
0.85858586,0.81818182,0.005736746266666648,0
0.86868687,0.81818182,-0.04222918959999994,0
0.87878788,0.81818182,-0.09556744880000001,0
0.88888889,0.81818182,-0.15372478366666667,0
0.8989899,0.81818182,-0.21613849806666657,0
0.90909091,0.81818182,-0.2822862010666666,0
0.91919192,0.81818182,-0.3517191348666666,0
0.92929293,0.81818182,-0.4240793122666666,0
0.93939394,0.81818182,-0.4991033049999999,0
0.94949495,0.81818182,-0.5766165347333333,0
0.95959596,0.81818182,-0.6565217372,0
0.96969697,0.81818182,-0.7387845312666667,0
0.97979798,0.81818182,-0.8234181229333333,0
0.98989899,0.81818182,-0.9104683914666668,1
1.0,0.81818182,-0.9999978326666666,1
0.0,0.87878788,1.0,0
0.01010101,0.87878788,0.992492272,0
0.02020202,0.87878788,0.9845922482666667,0
0.03030303,0.87878788,0.9762694830666666,0
0.04040404,0.87878788,0.9674911888000001,0
0.05050505,0.87878788,0.9582221373333334,0
0.06060606,0.87878788,0.9484245851333334,0
0.07070707,0.87878788,0.9380582358666666,0
0.08080808,0.87878788,0.9270802552,0
0.09090909,0.87878788,0.9154453576666666,0
0.1010101,0.87878788,0.9031059910666667,0
0.11111111,0.87878788,0.8900126428666667,0
0.12121212,0.87878788,0.8761143121333332,0
0.13131313,0.87878788,0.8613591777333334,0
0.14141414,0.87878788,0.8456955174,0
0.15151515,0.87878788,0.8290729163333335,0
0.16161616,0.87878788,0.8114438215333333,0
0.17171717,0.87878788,0.7927654754666666,0
0.18181818,0.87878788,0.7730022601333333,0
0.19191919,0.87878788,0.7521284493333334,0
0.2020202,0.87878788,0.7301313363999999,0
0.21212121,0.87878788,0.7070146404000001,0
0.22222222,0.87878788,0.6828020377333333,0
0.23232323,0.87878788,0.6575405789333333,0
0.24242424,0.87878788,0.6313036778,0
0.25252525,0.87878788,0.6041932884000001,0
0.26262626,0.87878788,0.5763408691333334,0
0.27272727,0.87878788,0.5479067344,0
0.28282828,0.87878788,0.5190775140666667,0
0.29292929,0.87878788,0.49006159046666664,0
0.3030303,0.87878788,0.4610826329333334,0
0.31313131,0.87878788,0.4323716025333334,0
0.32323232,0.87878788,0.4041578463333334,0
0.33333333,0.87878788,0.37666006400000007,0
0.34343434,0.87878788,0.3500779775333335,0
0.35353535,0.87878788,0.32458544513333343,0
0.36363636,0.87878788,0.30032556246666675,0
0.37373737,0.87878788,0.2774080114666667,0
0.38383838,0.87878788,0.2559086360666666,0
0.39393939,0.87878788,0.2358709792,0
0.4040404,0.87878788,0.217309348,0
0.41414141,0.87878788,0.2002129014666667,0
0.42424242,0.87878788,0.18455026660000007,0
0.43434343,0.87878788,0.17027424866666663,0
0.44444444,0.87878788,0.15732631286666665,0
0.45454545,0.87878788,0.14564061066666656,0
0.46464646,0.87878788,0.13514743806666674,0
0.47474747,0.87878788,0.12577607673333335,0
0.48484848,0.87878788,0.11745704173333327,0
0.49494949,0.87878788,0.1101237868666668,0
0.50505051,0.87878788,0.10371394226666675,0
0.51515152,0.87878788,0.09817016620000008,0
0.52525253,0.87878788,0.09344068553333329,0
0.53535354,0.87878788,0.08947959680000006,0
0.54545455,0.87878788,0.0862469862666666,0
0.55555556,0.87878788,0.08370891899999999,0
0.56565657,0.87878788,0.08183732553333334,0
0.57575758,0.87878788,0.08060982020000007,0
0.58585859,0.87878788,0.08000945346666666,0
0.5959596,0.87878788,0.08002440700000002,0
0.60606061,0.87878788,0.08064761746666671,0
0.61616162,0.87878788,0.08187630720000005,0
0.62626263,0.87878788,0.0837113788666668,0
0.63636364,0.87878788,0.08615662039999994,0
0.64646465,0.87878788,0.08921763393333337,0
0.65656566,0.87878788,0.09290037800000006,0
0.66666667,0.87878788,0.0972091699333335,0
0.67676768,0.87878788,0.10214395306666679,0
0.68686869,0.87878788,0.10769657226666673,0
0.6969697,0.87878788,0.11384574906666678,0
0.70707071,0.87878788,0.12055038100000004,0
0.71717172,0.87878788,0.1277407624000001,0
0.72727273,0.87878788,0.13530733480000012,0
0.73737374,0.87878788,0.14308669453333345,0
0.74747475,0.87878788,0.15084490100000003,0
0.75757576,0.87878788,0.15825870386666663,0
0.76767677,0.87878788,0.16489630766666674,0
0.77777778,0.87878788,0.17020069866666676,0
0.78787879,0.87878788,0.17348030280000004,0
0.7979798,0.87878788,0.17391334393333335,0
0.80808081,0.87878788,0.17057284493333347,0
0.81818182,0.87878788,0.16247750240000003,0
0.82828283,0.87878788,0.14866860866666665,0
0.83838384,0.87878788,0.12830493326666675,0
0.84848485,0.87878788,0.10075841699999999,0
0.85858586,0.87878788,0.06568805733333327,0
0.86868687,0.87878788,0.02307170500000011,0
0.87878788,0.87878788,-0.02681360553333334,0
0.88888889,0.87878788,-0.08345695126666663,0
0.8989899,0.87878788,-0.14620613353333334,0
0.90909091,0.87878788,-0.21436476586666675,0
0.91919192,0.87878788,-0.28727482673333327,0
0.92929293,0.87878788,-0.36437418753333334,0
0.93939394,0.87878788,-0.4452272890000001,0
0.94949495,0.87878788,-0.5295330023999999,0
0.95959596,0.87878788,-0.6171161994666667,0
0.96969697,0.87878788,-0.7079094767333334,0
0.97979798,0.87878788,-0.8019301114,0
0.98989899,0.87878788,-0.8992556387999999,1
1.0,0.87878788,-0.99995561,1
0.0,0.93939394,1.0,0
0.01010101,0.93939394,0.9915085554666666,0
0.02020202,0.93939394,0.9825383829333333,0
0.03030303,0.93939394,0.9730496786666667,0
0.04040404,0.93939394,0.9629995724,0
0.05050505,0.93939394,0.9523420558666666,0
0.06060606,0.93939394,0.9410279719333333,0
0.07070707,0.93939394,0.9290050903333333,0
0.08080808,0.93939394,0.9162183000666666,0
0.09090909,0.93939394,0.9026099622,0
0.1010101,0.93939394,0.8881204646666667,0
0.11111111,0.93939394,0.8726890382666667,0
0.12121212,0.93939394,0.8562548983333333,0
0.13131313,0.93939394,0.8387587755333334,0
0.14141414,0.93939394,0.8201449019333333,0
0.15151515,0.93939394,0.8003635130666666,0
0.16161616,0.93939394,0.7793738945333334,0
0.17171717,0.93939394,0.7571479712,0
0.18181818,0.93939394,0.7336743719333334,0
0.19191919,0.93939394,0.7089628200666667,0
0.2020202,0.93939394,0.6830485977333334,0
0.21212121,0.93939394,0.6559967131333334,0
0.22222222,0.93939394,0.6279052984666667,0
0.23232323,0.93939394,0.5989076801333333,0
0.24242424,0.93939394,0.5691725654000002,0
0.25252525,0.93939394,0.5389018702666666,0
0.26262626,0.93939394,0.5083259154666666,0
0.27272727,0.93939394,0.4776960290000001,0
0.28282828,0.93939394,0.44727496200000005,0
0.29292929,0.93939394,0.4173258878,0
0.3030303,0.93939394,0.3881010204666667,0
0.31313131,0.93939394,0.3598309913333333,0
0.32323232,0.93939394,0.33271602346666673,0
0.33333333,0.93939394,0.3069196606000001,0
0.34343434,0.93939394,0.2825654277333334,0
0.35353535,0.93939394,0.25973638453333336,0
0.36363636,0.93939394,0.23847719220000008,0
0.37373737,0.93939394,0.21879809613333323,0
0.38383838,0.93939394,0.2006801275333333,0
0.39393939,0.93939394,0.1840808671333335,0
0.4040404,0.93939394,0.16894021593333342,0
0.41414141,0.93939394,0.15518576959999997,0
0.42424242,0.93939394,0.14273754253333348,0
0.43434343,0.93939394,0.1315119202666667,0
0.44444444,0.93939394,0.12142482040000002,0
0.45454545,0.93939394,0.11239411013333345,0
0.46464646,0.93939394,0.1043413692666667,0
0.47474747,0.93939394,0.09719310606666665,0
0.48484848,0.93939394,0.0908815314000001,0
0.49494949,0.93939394,0.08534499420000008,0
0.50505051,0.93939394,0.0805281662666667,0
0.51515152,0.93939394,0.0763820462,0
0.52525253,0.93939394,0.0728638475333333,0
0.53535354,0.93939394,0.06993681033333332,0
0.54545455,0.93939394,0.06756997500000017,0
0.55555556,0.93939394,0.06573794246666664,0
0.56565657,0.93939394,0.06442063460000003,0
0.57575758,0.93939394,0.06360306933333326,0
0.58585859,0.93939394,0.06327515033333331,0
0.5959596,0.93939394,0.06343147186666676,0
0.60606061,0.93939394,0.06407113186666669,0
0.61616162,0.93939394,0.0651975364666667,0
0.62626263,0.93939394,0.0668181782666667,0
0.63636364,0.93939394,0.06894435080000005,0
0.64646465,0.93939394,0.07159075693333339,0
0.65656566,0.93939394,0.0747749387333333,0
0.66666667,0.93939394,0.07851643900000005,0
0.67676768,0.93939394,0.08283556033333339,0
0.68686869,0.93939394,0.08775154246666683,0
0.6969697,0.93939394,0.09327991033333338,0
0.70707071,0.93939394,0.09942866266666672,0
0.71717172,0.93939394,0.10619287073333339,0
0.72727273,0.93939394,0.11354714320000003,0
0.73737374,0.93939394,0.1214353028666667,0
0.74747475,0.93939394,0.12975656479999997,0
0.75757576,0.93939394,0.13834755960000011,0
0.76767677,0.93939394,0.14695985086666674,0
0.77777778,0.93939394,0.15523335160000007,0
0.78787879,0.93939394,0.16266745546666672,0
0.7979798,0.93939394,0.16859400926666668,0
0.80808081,0.93939394,0.1721593670666668,0
0.81818182,0.93939394,0.17232602893333326,0
0.82828283,0.93939394,0.1679061161333334,0
0.83838384,0.93939394,0.15763647833333339,0
0.84848485,0.93939394,0.14029607220000007,0
0.85858586,0.93939394,0.11485049626666655,0
0.86868687,0.93939394,0.08059159640000002,0
0.87878788,0.93939394,0.03723179926666664,0
0.88888889,0.93939394,-0.01507826219999997,0
0.8989899,0.93939394,-0.07581538646666669,0
0.90909091,0.93939394,-0.14421076826666673,0
0.91919192,0.93939394,-0.21939937113333335,0
0.92929293,0.93939394,-0.30055391880000004,0
0.93939394,0.93939394,-0.3869800754,0
0.94949495,0.93939394,-0.4781666736000001,0
0.95959596,0.93939394,-0.5737972708666668,0
0.96969697,0.93939394,-0.6737345942,0
0.97979798,0.93939394,-0.7779892547999999,0
0.98989899,0.93939394,-0.88668131,1
1.0,0.93939394,-0.9166735009333333,1
0.0,1.0,1.0,0
0.01010101,1.0,0.9903934762666667,0
0.02020202,1.0,0.9802001797333334,0
0.03030303,1.0,0.9693677118666667,0
0.04040404,1.0,0.9578396758666666,0
0.05050505,1.0,0.9455556980000001,0
0.06060606,1.0,0.9324515864,0
0.07070707,1.0,0.918459677,0
0.08080808,1.0,0.9035094337333333,0
0.09090909,1.0,0.8875283755333334,0
0.1010101,1.0,0.8704434253333333,0
0.11111111,1.0,0.8521827743333334,0
0.12121212,1.0,0.8326783611999999,0
0.13131313,1.0,0.8118690570666667,0
0.14141414,1.0,0.7897046083333333,0
0.15151515,1.0,0.7661503374,0
0.16161616,1.0,0.7411925099333334,0
0.17171717,1.0,0.7148441398000001,0
0.18181818,1.0,0.6871508509333334,0
0.19191919,1.0,0.6581962319333334,0
0.2020202,1.0,0.6281059552,0
0.21212121,1.0,0.5970498445333334,0
0.22222222,1.0,0.5652410938666668,0
0.23232323,1.0,0.5329320407333333,0
0.24242424,1.0,0.5004062726666667,0
0.25252525,1.0,0.4679673736000002,0
0.26262626,1.0,0.4359251951333334,0
0.27272727,1.0,0.4045810166000001,0
0.28282828,1.0,0.37421322173333327,0
0.29292929,1.0,0.34506506373333334,0
0.3030303,1.0,0.3173357340666666,0
0.31313131,1.0,0.29117539206666676,0
0.32323232,1.0,0.2666841806,0
0.33333333,1.0,0.2439147243333334,0
0.34343434,1.0,0.22287725726666674,0
0.35353535,1.0,0.20354638353333332,0
0.36363636,1.0,0.18586853373333334,0
0.37373737,1.0,0.16976934573333335,0
0.38383838,1.0,0.15516042866666668,0
0.39393939,1.0,0.14194518766666675,0
0.4040404,1.0,0.13002358306666673,0
0.41414141,1.0,0.11929582613333334,0
0.42424242,1.0,0.10966511033333337,0
0.43434343,1.0,0.10103951033333347,0
0.44444444,1.0,0.09333321026666663,0
0.45454545,1.0,0.0864672039333334,0
0.46464646,1.0,0.08036960613333333,0
0.47474747,1.0,0.07497567913333336,0
0.48484848,1.0,0.0702276725333334,0
0.49494949,1.0,0.06607454226666676,0
0.50505051,1.0,0.06247160066666668,0
0.51515152,1.0,0.05938014366666655,0
0.52525253,1.0,0.05676707280000004,0
0.53535354,1.0,0.054604540000000146,0
0.54545455,1.0,0.052869623866666715,0
0.55555556,1.0,0.05154404386666667,0
0.56565657,1.0,0.05061392060000003,0
0.57575758,1.0,0.050069582,0
0.58585859,1.0,0.04990541386666669,0
0.5959596,1.0,0.05011975320000017,0
0.60606061,1.0,0.0507148229333334,0
0.61616162,1.0,0.05169669553333334,0
0.62626263,1.0,0.053075280533333324,0
0.63636364,1.0,0.054864318133333256,0
0.64646465,1.0,0.05708135740000009,0
0.65656566,1.0,0.05974768559999999,0
0.66666667,1.0,0.06288816159999999,0
0.67676768,1.0,0.06653087933333335,0
0.68686869,1.0,0.07070656019999999,0
0.6969697,1.0,0.07544752320000014,0
0.70707071,1.0,0.08078601360000004,0
0.71717172,1.0,0.08675158439999997,0
0.72727273,1.0,0.09336709426666678,0
0.73737374,1.0,0.10064272940000007,0
0.74747475,1.0,0.10856724733333345,0
0.75757576,1.0,0.1170954301999999,0
0.76767677,1.0,0.1261305179333334,0
0.77777778,1.0,0.1355003463333334,0
0.78787879,1.0,0.14492617666666674,0
0.7979798,1.0,0.15398419186666668,0
0.80808081,1.0,0.16206182613333353,0
0.81818182,1.0,0.16831503346666665,0
0.82828283,1.0,0.1716384016000001,0
0.83838384,1.0,0.17066654353333344,0
0.84848485,1.0,0.16382890546666673,0
0.85858586,1.0,0.14947500473333342,0
0.86868687,1.0,0.12606748693333342,0
0.87878788,1.0,0.09240784580000005,0
0.88888889,1.0,0.0478291278666666,0
0.8989899,1.0,-0.007714969933333371,0
0.90909091,1.0,-0.07370172913333328,0
0.91919192,1.0,-0.14921230926666668,0
0.92929293,1.0,-0.23316172493333331,0
0.93939394,1.0,-0.32451353373333336,0
0.94949495,1.0,-0.42243135713333324,0
0.95959596,1.0,-0.5263538684666668,0
0.96969697,1.0,-0.6360049740666666,0
0.97979798,1.0,-0.7513606244666667,0
0.98989899,1.0,-0.8725921701333333,1
1.0,1.0,-0.9283479645333333,1
0.0,1.06060606,1.0,0
0.01010101,1.06060606,0.9891288129333333,0
0.02020202,1.06060606,0.9775353262666667,0
0.03030303,1.06060606,0.9651501194666666,0
0.04040404,1.06060606,0.951898608,0
0.05050505,1.06060606,0.9377013010666667,0
0.06060606,1.06060606,0.9224743517333334,0
0.07070707,1.06060606,0.9061305031333333,0
0.08080808,1.06060606,0.8885805589333333,0
0.09090909,1.06060606,0.8697355197333334,0
0.1010101,1.06060606,0.849509545,0
0.11111111,1.06060606,0.8278238819333334,0
0.12121212,1.06060606,0.8046118783333333,0
0.13131313,1.06060606,0.7798251083333334,0
0.14141414,1.06060606,0.7534405136666666,0
0.15151515,1.06060606,0.7254682620666667,0
0.16161616,1.06060606,0.6959597650666667,0
0.17171717,1.06060606,0.6650150158000001,0
0.18181818,1.06060606,0.6327881302,0
0.19191919,1.06060606,0.5994898387333334,0
0.2020202,1.06060606,0.565385731,0
0.21212121,1.06060606,0.5307894197999999,0
0.22222222,1.06060606,0.4960504730666667,0
0.23232323,1.06060606,0.46153784033333334,0
0.24242424,1.06060606,0.42762041733333345,0
0.25252525,1.06060606,0.39464704279999996,0
0.26262626,1.06060606,0.3629284175333334,0
0.27272727,1.06060606,0.33272308686666685,0
0.28282828,1.06060606,0.3042288328,0
0.29292929,1.06060606,0.2775798360666667,0
0.3030303,1.06060606,0.2528490410666666,0
0.31313131,1.06060606,0.23005451933333332,0
0.32323232,1.06060606,0.20916834686666663,0
0.33333333,1.06060606,0.1901265624666667,0
0.34343434,1.06060606,0.17283903173333337,0
0.35353535,1.06060606,0.15719840986666678,0
0.36363636,1.06060606,0.14308774400000002,0
0.37373737,1.06060606,0.13038655480000005,0
0.38383838,1.06060606,0.11897543406666666,0
0.39393939,1.06060606,0.10873932026666666,0
0.4040404,1.06060606,0.09956967706666675,0
0.41414141,1.06060606,0.09136579440000003,0
0.42424242,1.06060606,0.08403543740000008,0
0.43434343,1.06060606,0.07749501560000005,0
0.44444444,1.06060606,0.07166942926666675,0
0.45454545,1.06060606,0.06649170486666667,0
0.46464646,1.06060606,0.061902507599999934,0
0.47474747,1.06060606,0.05784959506666676,0
0.48484848,1.06060606,0.054287254533333384,0
0.49494949,1.06060606,0.05117575573333344,0
0.50505051,1.06060606,0.048480836400000005,0
0.51515152,1.06060606,0.046173235000000035,0
0.52525253,1.06060606,0.04422827413333341,0
0.53535354,1.06060606,0.04262549953333339,0
0.54545455,1.06060606,0.0413483754666667,0
0.55555556,1.06060606,0.04038403540000002,0
0.56565657,1.06060606,0.03972308533333335,0
0.57575758,1.06060606,0.03935946120000011,0
0.58585859,1.06060606,0.03929033446666674,0
0.5959596,1.06060606,0.03951606966666665,0
0.60606061,1.06060606,0.040040225199999946,0
0.61616162,1.06060606,0.04086960019999997,0
0.62626263,1.06060606,0.0420143238666667,0
0.63636364,1.06060606,0.04348797866666676,0
0.64646465,1.06060606,0.045307754866666605,0
0.65656566,1.06060606,0.04749462206666666,0
0.66666667,1.06060606,0.05007349700000008,0
0.67676768,1.06060606,0.05307338000000006,0
0.68686869,1.06060606,0.05652740986666671,0
0.6969697,1.06060606,0.06047276246666666,0
0.70707071,1.06060606,0.06495027640000006,0
0.71717172,1.06060606,0.07000363153333344,0
0.72727273,1.06060606,0.07567781340000002,0
0.73737374,1.06060606,0.08201646606666668,0
0.74747475,1.06060606,0.08905755106666668,0
0.75757576,1.06060606,0.09682646853333343,0
0.76767677,1.06060606,0.10532544899999996,0
0.77777778,1.06060606,0.11451760566666669,0
0.78787879,1.06060606,0.12430357600000008,0
0.7979798,1.06060606,0.13448838166666666,0
0.80808081,1.06060606,0.1447363196000001,0
0.81818182,1.06060606,0.15451311486666663,0
0.82828283,1.06060606,0.1630182940666668,0
0.83838384,1.06060606,0.16911812186666664,0
0.84848485,1.06060606,0.1713009864666667,0
0.85858586,1.06060606,0.16769018940000002,0
0.86868687,1.06060606,0.156155029,0
0.87878788,1.06060606,0.13454504980000004,0
0.88888889,1.06060606,0.10102344400000013,0
0.8989899,1.06060606,0.054406804133333375,0
0.90909091,1.06060606,-0.005623509866666598,0
0.91919192,1.06060606,-0.07853881713333333,0
0.92929293,1.06060606,-0.1632051848,0
0.93939394,1.06060606,-0.25824328099999994,0
0.94949495,1.06060606,-0.3623691285999999,0
0.95959596,1.06060606,-0.4746243023333333,0
0.96969697,1.06060606,-0.5944739040666668,0
0.97979798,1.06060606,-0.7217985462666668,0
0.98989899,1.06060606,-0.8568208840666667,1
1.0,1.06060606,-0.9177385417333334,1
0.0,1.12121212,1.0,0
0.01010101,1.12121212,0.9876936258666666,0
0.02020202,1.12121212,0.9744943784,0
0.03030303,1.12121212,0.9603097497333334,0
0.04040404,1.12121212,0.9450406805333333,0
0.05050505,1.12121212,0.9285823522666666,0
0.06060606,1.12121212,0.9108255862666667,0
0.07070707,1.12121212,0.8916590620666667,0
0.08080808,1.12121212,0.8709725935333333,0
0.09090909,1.12121212,0.8486617095333333,0
0.1010101,1.12121212,0.8246337732,0
0.11111111,1.12121212,0.7988157690666666,0
0.12121212,1.12121212,0.7711637289333334,0
0.13131313,1.12121212,0.7416734716,0
0.14141414,1.12121212,0.7103919258666667,0
0.15151515,1.12121212,0.6774278296666666,0
0.16161616,1.12121212,0.6429601141333334,0
0.17171717,1.12121212,0.6072419754666667,0
0.18181818,1.12121212,0.5705987044666666,0
0.19191919,1.12121212,0.5334179196666666,0
0.2020202,1.12121212,0.49613201593333345,0
0.21212121,1.12121212,0.45919416273333347,0
0.22222222,1.12121212,0.42305068320000017,0
0.23232323,1.12121212,0.3881136159333334,0
0.24242424,1.12121212,0.3547373152000002,0
0.25252525,1.12121212,0.3232020733333334,0
0.26262626,1.12121212,0.2937062059333333,0
0.27272727,1.12121212,0.2663663767333333,0
0.28282828,1.12121212,0.24122462219999996,0
0.29292929,1.12121212,0.21825982286666679,0
0.3030303,1.12121212,0.19740129480000002,0
0.31313131,1.12121212,0.17854254153333338,0
0.32323232,1.12121212,0.161553799,0
0.33333333,1.12121212,0.14629260733333338,0
0.34343434,1.12121212,0.1326121385333333,0
0.35353535,1.12121212,0.12036735286666667,0
0.36363636,1.12121212,0.10941925146666676,0
0.37373737,1.12121212,0.09963757313333332,0
0.38383838,1.12121212,0.0909022966666666,0
0.39393939,1.12121212,0.08310426306666663,0
0.4040404,1.12121212,0.07614519106666673,0
0.41414141,1.12121212,0.06993729339999999,0
0.42424242,1.12121212,0.06440265106666665,0
0.43434343,1.12121212,0.059472460199999966,0
0.44444444,1.12121212,0.05508623146666669,0
0.45454545,1.12121212,0.05119099253333326,0
0.46464646,1.12121212,0.047740526933333305,0
0.47474747,1.12121212,0.04469467226666679,0
0.48484848,1.12121212,0.042018682200000046,0
0.49494949,1.12121212,0.039682660466666575,0
0.50505051,1.12121212,0.037661064733333416,0
0.51515152,1.12121212,0.03593227993333348,0
0.52525253,1.12121212,0.03447825360000001,0
0.53535354,1.12121212,0.03328419300000007,0
0.54545455,1.12121212,0.03233831926666675,0
0.55555556,1.12121212,0.03163167406666667,0
0.56565657,1.12121212,0.031157973600000055,0
0.57575758,1.12121212,0.030913513666666725,0
0.58585859,1.12121212,0.030897117666666585,0
0.5959596,1.12121212,0.031110129800000053,0
0.60606061,1.12121212,0.0315564522666667,0
0.61616162,1.12121212,0.03224262839999992,0
0.62626263,1.12121212,0.03317796780000004,0
0.63636364,1.12121212,0.034374720199999986,0
0.64646465,1.12121212,0.03584829326666672,0
0.65656566,1.12121212,0.03761751680000003,0
0.66666667,1.12121212,0.03970494866666663,0
0.67676768,1.12121212,0.04213721446666674,0
0.68686869,1.12121212,0.04494536706666674,0
0.6969697,1.12121212,0.04816523746666668,0
0.70707071,1.12121212,0.051837728666666694,0
0.71717172,1.12121212,0.05600897533333338,0
0.72727273,1.12121212,0.0607302314,0
0.73737374,1.12121212,0.06605728033333336,0
0.74747475,1.12121212,0.07204902673333335,0
0.75757576,1.12121212,0.07876474059999994,0
0.76767677,1.12121212,0.08625913966666654,0
0.77777778,1.12121212,0.09457405966666665,0
0.78787879,1.12121212,0.10372487406666675,0
0.7979798,1.12121212,0.11367900986666668,0
0.80808081,1.12121212,0.12432297886666666,0
0.81818182,1.12121212,0.1354135338000001,0
0.82828283,1.12121212,0.14650858733333327,0
0.83838384,1.12121212,0.15687593546666667,0
0.84848485,1.12121212,0.16538521073333334,0
0.85858586,1.12121212,0.17040409433333337,0
0.86868687,1.12121212,0.16974457213333327,0
0.87878788,1.12121212,0.16073064733333342,0
0.88888889,1.12121212,0.14045991413333347,0
0.8989899,1.12121212,0.10627120106666665,0
0.90909091,1.12121212,0.05630180660000006,0
0.91919192,1.12121212,-0.010103864533333284,0
0.92929293,1.12121212,-0.092356616,0
0.93939394,1.12121212,-0.18898728020000002,0
0.94949495,1.12121212,-0.2982249186666668,0
0.95959596,1.12121212,-0.4185291660000001,0
0.96969697,1.12121212,-0.5489149914,0
0.97979798,1.12121212,-0.6890498032666666,0
0.98989899,1.12121212,-0.8391855807333334,1
1.0,1.12121212,-0.9166667194666667,1
0.0,1.18181818,1.0,0
0.01010101,1.18181818,0.9860637984,0
0.02020202,1.18181818,0.9710193274666666,0
0.03030303,1.18181818,0.9547426786666667,0
0.04040404,1.18181818,0.9371018929333333,0
0.05050505,1.18181818,0.9179588933333334,0
0.06060606,1.18181818,0.8971726684,0
0.07070707,1.18181818,0.8746041108,0
0.08080808,1.18181818,0.8501229326,0
0.09090909,1.18181818,0.8236170249333333,0
0.1010101,1.18181818,0.7950044425333334,0
0.11111111,1.18181818,0.7642478304,0
0.12121212,1.18181818,0.7313705146666667,0
0.13131313,1.18181818,0.6964726814,0
0.14141414,1.18181818,0.6597451808666668,0
0.15151515,1.18181818,0.6214777804666667,0
0.16161616,1.18181818,0.5820585377333334,0
0.17171717,1.18181818,0.5419617411333334,0
0.18181818,1.18181818,0.5017237436666666,0
0.19191919,1.18181818,0.4619086675333334,0
0.2020202,1.18181818,0.42306863466666667,0
0.21212121,1.18181818,0.3857048361333334,0
0.22222222,1.18181818,0.35023569573333335,0
0.23232323,1.18181818,0.3169765718666667,0
0.24242424,1.18181818,0.28613259586666684,0
0.25252525,1.18181818,0.25780343446666676,0
0.26262626,1.18181818,0.23199681560000018,0
0.27272727,1.18181818,0.20864695173333336,0
0.28282828,1.18181818,0.18763431973333333,0
0.29292929,1.18181818,0.16880418106666673,0
0.3030303,1.18181818,0.15198231259999995,0
0.31313131,1.18181818,0.1369873468666667,0
0.32323232,1.18181818,0.12363976606666682,0
0.33333333,1.18181818,0.11176797580000009,0
0.34343434,1.18181818,0.10121202320000011,0
0.35353535,1.18181818,0.09182554213333338,0
0.36363636,1.18181818,0.08347643826666673,0
0.37373737,1.18181818,0.07604672806666668,0
0.38383838,1.18181818,0.06943185306666666,0
0.39393939,1.18181818,0.06353969506666657,0
0.4040404,1.18181818,0.05828945546666664,0
0.41414141,1.18181818,0.05361050206666684,0
0.42424242,1.18181818,0.0494412514,0
0.43434343,1.18181818,0.04572812280000005,0
0.44444444,1.18181818,0.042424586866666836,0
0.45454545,1.18181818,0.03949031280000004,0
0.46464646,1.18181818,0.036890418933333446,0
0.47474747,1.18181818,0.03459481606666681,0
0.48484848,1.18181818,0.03257764173333333,0
0.49494949,1.18181818,0.030816776666666712,0
0.50505051,1.18181818,0.029293431933333336,0
0.51515152,1.18181818,0.02799180373333332,0
0.52525253,1.18181818,0.026898788066666568,0
0.53535354,1.18181818,0.026003745399999945,0
0.54545455,1.18181818,0.025298316800000054,0
0.55555556,1.18181818,0.024776281933333255,0
0.56565657,1.18181818,0.02443345946666664,0
0.57575758,1.18181818,0.024267645666666726,0
0.58585859,1.18181818,0.024278590466666694,0
0.5959596,1.18181818,0.024468011866666695,0
0.60606061,1.18181818,0.024839647333333326,0
0.61616162,1.18181818,0.025399345600000123,0
0.62626263,1.18181818,0.026155198399999913,0
0.63636364,1.18181818,0.02711771926666673,0
0.64646465,1.18181818,0.028300068599999895,0
0.65656566,1.18181818,0.029718333733333435,0
0.66666667,1.18181818,0.031391865133333474,0
0.67676768,1.18181818,0.03334367373333336,0
0.68686869,1.18181818,0.035600892400000084,0
0.6969697,1.18181818,0.038195298466666694,0
0.70707071,1.18181818,0.04116388746666677,0
0.71717172,1.18181818,0.044549477000000004,0
0.72727273,1.18181818,0.048401290733333435,0
0.73737374,1.18181818,0.05277543760000003,0
0.74747475,1.18181818,0.05773513126666674,0
0.75757576,1.18181818,0.06335038386666669,0
0.76767677,1.18181818,0.06969672460000009,0
0.77777778,1.18181818,0.07685220433333351,0
0.78787879,1.18181818,0.08489147146666676,0
0.7979798,1.18181818,0.0938749806000001,0
0.80808081,1.18181818,0.10383029566666668,0
0.81818182,1.18181818,0.11472090293333337,0
0.82828283,1.18181818,0.1263960036666667,0
0.83838384,1.18181818,0.1385129297333334,0
0.84848485,1.18181818,0.15042370520000004,0
0.85858586,1.18181818,0.16102263946666673,0
0.86868687,1.18181818,0.16856942939999997,0
0.87878788,1.18181818,0.17053991159999993,0
0.88888889,1.18181818,0.16361253693333344,0
0.8989899,1.18181818,0.1439383863999999,0
0.90909091,1.18181818,0.10778503886666668,0
0.91919192,1.18181818,0.052423166733333415,0
0.92929293,1.18181818,-0.023157221533333328,0
0.93939394,1.18181818,-0.1181522636666667,0
0.94949495,1.18181818,-0.23055811999999998,0
0.95959596,1.18181818,-0.35812168666666666,0
0.96969697,1.18181818,-0.49914015899999997,0
0.97979798,1.18181818,-0.6528584194666666,0
0.98989899,1.18181818,-0.8194896844666666,1
1.0,1.18181818,-0.9982105496,1
0.0,1.24242424,1.0,0
0.01010101,1.24242424,0.9842114861333333,0
0.02020202,1.24242424,0.9670418214666666,0
0.03030303,1.24242424,0.9483243118666667,0
0.04040404,1.24242424,0.9278829334666666,0
0.05050505,1.24242424,0.9055366333333333,0
0.06060606,1.24242424,0.881106172,0
0.07070707,1.24242424,0.8544242466666667,0
0.08080808,1.24242424,0.8253495387333334,0
0.09090909,1.24242424,0.793784982,0
0.1010101,1.24242424,0.7596998088666667,0
0.11111111,1.24242424,0.7231537574666667,0
0.12121212,1.24242424,0.6843202495999999,0
0.13131313,1.24242424,0.6435037499333334,0
0.14141414,1.24242424,0.6011455597333333,0
0.15151515,1.24242424,0.5578128361333333,0
0.16161616,1.24242424,0.5141682796,0
0.17171717,1.24242424,0.47092248559999994,0
0.18181818,1.24242424,0.4287760194000001,0
0.19191919,1.24242424,0.38836177053333343,0
0.2020202,1.24242424,0.3501983377333334,0
0.21212121,1.24242424,0.3146619308666666,0
0.22222222,1.24242424,0.2819790253333334,0
0.23232323,1.24242424,0.25223698699999997,0
0.24242424,1.24242424,0.2254068139333334,0
0.25252525,1.24242424,0.20137143940000002,0
0.26262626,1.24242424,0.17995414120000008,0
0.27272727,1.24242424,0.16094351453333333,0
0.28282828,1.24242424,0.14411333746666677,0
0.29292929,1.24242424,0.12923706740000007,0
0.3030303,1.24242424,0.11609754380000004,0
0.31313131,1.24242424,0.10449282826666673,0
0.32323232,1.24242424,0.09423917680000005,0
0.33333333,1.24242424,0.08517201460000001,0
0.34343434,1.24242424,0.07714561959999999,0
0.35353535,1.24242424,0.07003202900000005,0
0.36363636,1.24242424,0.06371954353333342,0
0.37373737,1.24242424,0.058111065333333434,0
0.38383838,1.24242424,0.053122429133333426,0
0.39393939,1.24242424,0.04868081386666678,0
0.4040404,1.24242424,0.04472328660000002,0
0.41414141,1.24242424,0.04119549640000009,0
0.42424242,1.24242424,0.038050521800000014,0
0.43434343,1.24242424,0.03524786979999994,0
0.44444444,1.24242424,0.03275260813333325,0
0.45454545,1.24242424,0.030534624600000004,0
0.46464646,1.24242424,0.028567994466666802,0
0.47474747,1.24242424,0.026830441933333393,0
0.48484848,1.24242424,0.0253028885333334,0
0.49494949,1.24242424,0.023969071933333308,0
0.50505051,1.24242424,0.02281522793333335,0
0.51515152,1.24242424,0.021829827600000073,0
0.52525253,1.24242424,0.021003363066666614,0
0.53535354,1.24242424,0.02032817473333337,0
0.54545455,1.24242424,0.019798317200000026,0
0.55555556,1.24242424,0.019409460200000117,0
0.56565657,1.24242424,0.019158820733333304,0
0.57575758,1.24242424,0.019045127399999973,0
0.58585859,1.24242424,0.01906861253333325,0
0.5959596,1.24242424,0.01923103660000014,0
0.60606061,1.24242424,0.019535741866666734,0
0.61616162,1.24242424,0.019987740800000098,0
0.62626263,1.24242424,0.02059383793333336,0
0.63636364,1.24242424,0.021362794266666763,0
0.64646465,1.24242424,0.022305534333333377,0
0.65656566,1.24242424,0.023435404133333337,0
0.66666667,1.24242424,0.0247684886666667,0
0.67676768,1.24242424,0.026323995000000044,0
0.68686869,1.24242424,0.028124713199999984,0
0.6969697,1.24242424,0.03019756260000006,0
0.70707071,1.24242424,0.032574234533333524,0
0.71717172,1.24242424,0.035291936666666746,0
0.72727273,1.24242424,0.038394238466666675,0
0.73737374,1.24242424,0.04193200100000005,0
0.74747475,1.24242424,0.045964347466666666,0
0.75757576,1.24242424,0.05055957760000007,0
0.76767677,1.24242424,0.05579583533333332,0
0.77777778,1.24242424,0.061761182600000075,0
0.78787879,1.24242424,0.06855244126666671,0
0.7979798,1.24242424,0.07627169,0
0.80808081,1.24242424,0.08501849133333339,0
0.81818182,1.24242424,0.09487457533333332,0
0.82828283,1.24242424,0.10587558986666668,0
0.83838384,1.24242424,0.117961345,0
0.84848485,1.24242424,0.13089182253333342,0
0.85858586,1.24242424,0.14411232693333342,0
0.86868687,1.24242424,0.15655191273333346,0
0.87878788,1.24242424,0.1663555162,0
0.88888889,1.24242424,0.17060106366666672,0
0.8989899,1.24242424,0.1651535332666667,0
0.90909091,1.24242424,0.1449227728000001,0
0.91919192,1.24242424,0.10476528446666666,0
0.92929293,1.24242424,0.04089371146666665,0
0.93939394,1.24242424,-0.04794534626666663,0
0.94949495,1.24242424,-0.16040111460000006,0
0.95959596,1.24242424,-0.2936645948000001,0
0.96969697,1.24242424,-0.4450267675333333,0
0.97979798,1.24242424,-0.6129726762666667,0
0.98989899,1.24242424,-0.7975221064666667,1
1.0,1.24242424,-0.9990647401333334,1
0.0,1.3030303,1.0,0
0.01010101,1.3030303,0.9821044532,0
0.02020202,1.3030303,0.9624809423999999,0
0.03030303,1.3030303,0.9409044402666666,0
0.04040404,1.3030303,0.9171403388,0
0.05050505,1.3030303,0.8909535805333334,0
0.06060606,1.3030303,0.8621228858666667,0
0.07070707,1.3030303,0.8304613002666668,0
0.08080808,1.3030303,0.7958436852666667,0
0.09090909,1.3030303,0.7582404111333334,0
0.1010101,1.3030303,0.7177541849333333,0
0.11111111,1.3030303,0.6746538858,0
0.12121212,1.3030303,0.6293963353333334,0
0.13131313,1.3030303,0.5826257772666668,0
0.14141414,1.3030303,0.5351433276666667,0
0.15151515,1.3030303,0.48784556860000006,0
0.16161616,1.3030303,0.4416410876,0
0.17171717,1.3030303,0.3973619920666668,0
0.18181818,1.3030303,0.35568982026666673,0
0.19191919,1.3030303,0.3171103462666667,0
0.2020202,1.3030303,0.28190209786666665,0
0.21212121,1.3030303,0.25015381133333336,0
0.22222222,1.3030303,0.22180034906666668,0
0.23232323,1.3030303,0.19666573073333338,0
0.24242424,1.3030303,0.1745044411333333,0
0.25252525,1.3030303,0.15503589213333335,0
0.26262626,1.3030303,0.13797021626666672,0
0.27272727,1.3030303,0.12302574293333335,0
0.28282828,1.3030303,0.10993960473333331,0
0.29292929,1.3030303,0.09847321173333345,0
0.3030303,1.3030303,0.08841419793333338,0
0.31313131,1.3030303,0.07957612420000004,0
0.32323232,1.3030303,0.07179688486666669,0
0.33333333,1.3030303,0.06493645886666677,0
0.34343434,1.3030303,0.058874430066666705,0
0.35353535,1.3030303,0.05350751753333327,0
0.36363636,1.3030303,0.04874726646666672,0
0.37373737,1.3030303,0.04451795880000009,0
0.38383838,1.3030303,0.04075477093333335,0
0.39393939,1.3030303,0.03740217366666665,0
0.4040404,1.3030303,0.034412560866666775,0
0.41414141,1.3030303,0.0317450792666667,0
0.42424242,1.3030303,0.029364637933333326,0
0.43434343,1.3030303,0.027241074266666665,0
0.44444444,1.3030303,0.025348449666666606,0
0.45454545,1.3030303,0.023664461066666642,0
0.46464646,1.3030303,0.022169945333333274,0
0.47474747,1.3030303,0.020848466533333387,0
0.48484848,1.3030303,0.019685970466666758,0
0.49494949,1.3030303,0.0186704998666668,0
0.50505051,1.3030303,0.017791955200000098,0
0.51515152,1.3030303,0.017041902600000047,0
0.52525253,1.3030303,0.016413416000000125,0
0.53535354,1.3030303,0.015900953133333284,0
0.54545455,1.3030303,0.015500259800000138,0
0.55555556,1.3030303,0.015208301333333285,0
0.56565657,1.3030303,0.015023218599999999,0
0.57575758,1.3030303,0.014944306333333435,0
0.58585859,1.3030303,0.01497201766666667,0
0.5959596,1.3030303,0.015107988600000066,0
0.60606061,1.3030303,0.015355090600000065,0
0.61616162,1.3030303,0.015717507666666686,0
0.62626263,1.3030303,0.016200844466666697,0
0.63636364,1.3030303,0.016812266533333342,0
0.64646465,1.3030303,0.01756068106666664,0
0.65656566,1.3030303,0.018456959600000045,0
0.66666667,1.3030303,0.01951421660000008,0
0.67676768,1.3030303,0.020748148066666805,0
0.68686869,1.3030303,0.02217744613333339,0
0.6969697,1.3030303,0.023824302133333308,0
0.70707071,1.3030303,0.02571501613333349,0
0.71717172,1.3030303,0.027880728666666688,0
0.72727273,1.3030303,0.030358299133333322,0
0.73737374,1.3030303,0.033191346333333316,0
0.74747475,1.3030303,0.03643146380000006,0
0.75757576,1.3030303,0.04013960859999999,0
0.76767677,1.3030303,0.04438762193333334,0
0.77777778,1.3030303,0.04925977326666675,0
0.78787879,1.3030303,0.05485408633333344,0
0.7979798,1.3030303,0.06128293913333338,0
0.80808081,1.3030303,0.06867197573333328,0
0.81818182,1.3030303,0.0771554932666666,0
0.82828283,1.3030303,0.08686493933333339,0
0.83838384,1.3030303,0.09790445840000006,0
0.84848485,1.3030303,0.11030291533333336,0
0.85858586,1.3030303,0.12392478453333333,0
0.86868687,1.3030303,0.1383130235333334,0
0.87878788,1.3030303,0.15242971593333332,0
0.88888889,1.3030303,0.16427013700000015,0
0.8989899,1.3030303,0.17038943946666674,0
0.90909091,1.3030303,0.16555008446666664,0
0.91919192,1.3030303,0.14295444553333347,0
0.92929293,1.3030303,0.09558255800000004,0
0.93939394,1.3030303,0.018474896066666746,0
0.94949495,1.3030303,-0.08946137259999992,0
0.95959596,1.3030303,-0.2257448491333333,0
0.96969697,1.3030303,-0.3865589951333333,0
0.97979798,1.3030303,-0.5691553818,1
0.98989899,1.3030303,-0.7730579344,1
1.0,1.3030303,-0.9994753517333334,1
0.0,1.36363636,1.0,0
0.01010101,1.36363636,0.9797052655999999,0
0.02020202,1.36363636,0.9572404157333333,0
0.03030303,1.36363636,0.9323009669333333,0
0.04040404,1.36363636,0.9045754373333333,0
0.05050505,1.36363636,0.8737642121333333,0
0.06060606,1.36363636,0.8396084482666667,0
0.07070707,1.36363636,0.8019305868000001,0
0.08080808,1.36363636,0.7606856633333334,0
0.09090909,1.36363636,0.7160182148666667,0
0.1010101,1.36363636,0.6683135210666666,0
0.11111111,1.36363636,0.6182262527333333,0
0.12121212,1.36363636,0.5666682301333333,0
0.13131313,1.36363636,0.5147440198666666,0
0.14141414,1.36363636,0.4636390322666666,0
0.15151515,1.36363636,0.41448360920000016,0
0.16161616,1.36363636,0.36822777679999996,0
0.17171717,1.36363636,0.32555750920000004,0
0.18181818,1.36363636,0.28686663153333336,0
0.19191919,1.36363636,0.25227892353333325,0
0.2020202,1.36363636,0.2217023515333334,0
0.21212121,1.36363636,0.19489494613333336,0
0.22222222,1.36363636,0.17152674326666673,0
0.23232323,1.36363636,0.15122946826666672,0
0.24242424,1.36363636,0.13363173233333325,0
0.25252525,1.36363636,0.11838117653333335,0
0.26262626,1.36363636,0.1051565028,0
0.27272727,1.36363636,0.09367246526666673,0
0.28282828,1.36363636,0.08368040080000005,0
0.29292929,1.36363636,0.07496620186666669,0
0.3030303,1.36363636,0.06734701733333337,0
0.31313131,1.36363636,0.060667496533333365,0
0.32323232,1.36363636,0.05479604140000016,0
0.33333333,1.36363636,0.04962132586666668,0
0.34343434,1.36363636,0.04504918706666672,0
0.35353535,1.36363636,0.04099992313333334,0
0.36363636,1.36363636,0.037405985400000064,0
0.37373737,1.36363636,0.03421002793333339,0
0.38383838,1.36363636,0.031363271266666715,0
0.39393939,1.36363636,0.0288241381333334,0
0.4040404,1.36363636,0.02655711780000003,0
0.41414141,1.36363636,0.024531822933333447,0
0.42424242,1.36363636,0.0227222064,0
0.43434343,1.36363636,0.021105911333333283,0
0.44444444,1.36363636,0.019663731400000106,0
0.45454545,1.36363636,0.018379163933333387,0
0.46464646,1.36363636,0.017238036200000084,0
0.47474747,1.36363636,0.016228198333333332,0
0.48484848,1.36363636,0.015339266799999973,0
0.49494949,1.36363636,0.014562413933333462,0
0.50505051,1.36363636,0.013890193800000006,0
0.51515152,1.36363636,0.013316400466666711,0
0.52525253,1.36363636,0.012835956333333454,0
0.53535354,1.36363636,0.012444820733333417,0
0.54545455,1.36363636,0.012139924266666657,0
0.55555556,1.36363636,0.011919121133333377,0
0.56565657,1.36363636,0.011781159800000052,0
0.57575758,1.36363636,0.011725672999999937,0
0.58585859,1.36363636,0.011753185466666705,0
0.5959596,1.36363636,0.011865137933333325,0
0.60606061,1.36363636,0.01206393446666676,0
0.61616162,1.36363636,0.01235300786666671,0
0.62626263,1.36363636,0.012736911000000073,0
0.63636364,1.36363636,0.01322143413333332,0
0.64646465,1.36363636,0.013813755266666616,0
0.65656566,1.36363636,0.01452262713333341,0
0.66666667,1.36363636,0.015358611000000022,0
0.67676768,1.36363636,0.01633436300000002,0
0.68686869,1.36363636,0.017464988199999976,0
0.6969697,1.36363636,0.0187684748000001,0
0.70707071,1.36363636,0.020266228133333453,0
0.71717172,1.36363636,0.02198372533333337,0
0.72727273,1.36363636,0.02395132126666677,0
0.73737374,1.36363636,0.02620523340000014,0
0.74747475,1.36363636,0.028788746400000065,0
0.75757576,1.36363636,0.031753674600000004,0
0.76767677,1.36363636,0.03516211920000012,0
0.77777778,1.36363636,0.03908853693333325,0
0.78787879,1.36363636,0.04362209653333338,0
0.7979798,1.36363636,0.04886919173333337,0
0.80808081,1.36363636,0.054955765133333334,0
0.81818182,1.36363636,0.062028658333333264,0
0.82828283,1.36363636,0.07025432406666676,0
0.83838384,1.36363636,0.07981154186666672,0
0.84848485,1.36363636,0.09087151253333337,0
0.85858586,1.36363636,0.10355265833333338,0
0.86868687,1.36363636,0.11782676373333345,0
0.87878788,1.36363636,0.1333360978000001,0
0.88888889,1.36363636,0.14906033286666676,0
0.8989899,1.36363636,0.16276696173333338,0
0.90909091,1.36363636,0.17025412213333335,0
0.91919192,1.36363636,0.16467719000000003,0
0.92929293,1.36363636,0.13678285033333337,0
0.93939394,1.36363636,0.07709217786666667,0
0.94949495,1.36363636,-0.02032392206666661,0
0.95959596,1.36363636,-0.15543571180000004,0
0.96969697,1.36363636,-0.3238912132,0
0.97979798,1.36363636,-0.5211990288666667,1
0.98989899,1.36363636,-0.7458597897333333,1
1.0,1.36363636,-0.9169141742666667,1
0.0,1.42424242,1.0,0
0.01010101,1.42424242,0.9769703077333333,0
0.02020202,1.42424242,0.9512050876,0
0.03030303,1.42424242,0.9222919597333333,0
0.04040404,1.42424242,0.8898207966666667,0
0.05050505,1.42424242,0.8534220145333333,0
0.06060606,1.42424242,0.8128240921333334,0
0.07070707,1.42424242,0.7679306169333333,0
0.08080808,1.42424242,0.718909282,0
0.09090909,1.42424242,0.6662733367333333,0
0.1010101,1.42424242,0.6109242779333334,0
0.11111111,1.42424242,0.5541221368666667,0
0.12121212,1.42424242,0.4973660530666667,0
0.13131313,1.42424242,0.4422023058,0
0.14141414,1.42424242,0.3900123951333334,0
0.15151515,1.42424242,0.3418456498000001,0
0.16161616,1.42424242,0.298339577,0
0.17171717,1.42424242,0.2597319092,0
0.18181818,1.42424242,0.22593651746666665,0
0.19191919,1.42424242,0.1966450352000001,0
0.2020202,1.42424242,0.1714237702000001,0
0.21212121,1.42424242,0.1497898916,0
0.22222222,1.42424242,0.1312631161333334,0
0.23232323,1.42424242,0.1153960887333334,0
0.24242424,1.42424242,0.10178908760000005,0
0.25252525,1.42424242,0.09009451766666676,0
0.26262626,1.42424242,0.08001545006666677,0
0.27272727,1.42424242,0.07130113426666662,0
0.28282828,1.42424242,0.06374130586666682,0
0.29292929,1.42424242,0.057160340066666704,0
0.3030303,1.42424242,0.051411791799999995,0
0.31313131,1.42424242,0.046373555333333316,0
0.32323232,1.42424242,0.04194371000000008,0
0.33333333,1.42424242,0.03803702353333338,0
0.34343434,1.42424242,0.03458204646666663,0
0.35353535,1.42424242,0.031518717266666774,0
0.36363636,1.42424242,0.02879639639999998,0
0.37373737,1.42424242,0.026372258799999937,0
0.38383838,1.42424242,0.024209976866666816,0
0.39393939,1.42424242,0.02227864606666674,0
0.4040404,1.42424242,0.020551902800000077,0
0.41414141,1.42424242,0.019007201733333368,0
0.42424242,1.42424242,0.017625222733333334,0
0.43434343,1.42424242,0.01638938160000003,0
0.44444444,1.42424242,0.015285428133333334,0
0.45454545,1.42424242,0.01430111293333336,0
0.46464646,1.42424242,0.013425912466666579,0
0.47474747,1.42424242,0.012650802200000033,0
0.48484848,1.42424242,0.011968068933333464,0
0.49494949,1.42424242,0.011371155666666688,0
0.50505051,1.42424242,0.01085453660000002,0
0.51515152,1.42424242,0.010413612933333316,0
0.52525253,1.42424242,0.010044632466666759,0
0.53535354,1.42424242,0.009744624400000013,0
0.54545455,1.42424242,0.009511353133333289,0
0.55555556,1.42424242,0.009343284733333346,0
0.56565657,1.42424242,0.00923956920000013,0
0.57575758,1.42424242,0.0092000351999999,0
0.58585859,1.42424242,0.009225199600000011,0
0.5959596,1.42424242,0.009316290000000116,0
0.60606061,1.42424242,0.009475284533333461,0
0.61616162,1.42424242,0.009704966533333415,0
0.62626263,1.42424242,0.01000899953333334,0
0.63636364,1.42424242,0.0103920241333334,0
0.64646465,1.42424242,0.010859780066666769,0
0.65656566,1.42424242,0.01141926059999998,0
0.66666667,1.42424242,0.012078902133333291,0
0.67676768,1.42424242,0.012848822133333493,0
0.68686869,1.42424242,0.0137411112000001,0
0.6969697,1.42424242,0.014770194733333297,0
0.70707071,1.42424242,0.01595328186666667,0
0.71717172,1.42424242,0.017310923133333378,0
0.72727273,1.42424242,0.018867702933333397,0
0.73737374,1.42424242,0.020653104199999994,0
0.74747475,1.42424242,0.0227025885333334,0
0.75757576,1.42424242,0.02505894733333336,0
0.76767677,1.42424242,0.027773987733333283,0
0.77777778,1.42424242,0.030910630666666772,0
0.78787879,1.42424242,0.034545502133333406,0
0.7979798,1.42424242,0.03877207286666673,0
0.80808081,1.42424242,0.04370435026666675,0
0.81818182,1.42424242,0.04948095280000009,0
0.82828283,1.42424242,0.05626900993333339,0
0.83838384,1.42424242,0.06426647073333336,0
0.84848485,1.42424242,0.07369956193333338,0
0.85858586,1.42424242,0.08480826386666673,0
0.86868687,1.42424242,0.09780474880000001,0
0.87878788,1.42424242,0.11277409226666668,0
0.88888889,1.42424242,0.12945799340000008,0
0.8989899,1.42424242,0.14681853040000004,0
0.90909091,1.42424242,0.162243178,0
0.91919192,1.42424242,0.1703385358666667,0
0.92929293,1.42424242,0.16175835160000007,0
0.93939394,1.42424242,0.12361652919999999,0
0.94949495,1.42424242,0.04346918853333337,0
0.95959596,1.42424242,-0.08450106819999997,0
0.96969697,1.42424242,-0.25744385399999997,0
0.97979798,1.42424242,-0.4689484864,1
0.98989899,1.42424242,-0.7156800828666666,1
1.0,1.42424242,-0.9222760797333334,1
0.0,1.48484848,1.0,0
0.01010101,1.48484848,0.9738485724,0
0.02020202,1.48484848,0.9442364625333334,0
0.03030303,1.48484848,0.910605658,0
0.04040404,1.48484848,0.8724242356,0
0.05050505,1.48484848,0.8292630202666667,0
0.06060606,1.48484848,0.7809072973333333,0
0.07070707,1.48484848,0.7274955756000001,0
0.08080808,1.48484848,0.6696547329333333,0
0.09090909,1.48484848,0.6085754084666667,0
0.1010101,1.48484848,0.545963485,0
0.11111111,1.48484848,0.48383632613333327,0
0.12121212,1.48484848,0.4242045729999999,0
0.13131313,1.48484848,0.36874757140000003,0
0.14141414,1.48484848,0.3185974125333333,0
0.15151515,1.48484848,0.2742854560000001,0
0.16161616,1.48484848,0.23582629513333342,0
0.17171717,1.48484848,0.2028709648000001,0
0.18181818,1.48484848,0.17486487020000008,0
0.19191919,1.48484848,0.15117353020000013,0
0.2020202,1.48484848,0.13116604880000005,0
0.21212121,1.48484848,0.11426176853333336,0
0.22222222,1.48484848,0.09995075513333329,0
0.23232323,1.48484848,0.0877981756666667,0
0.24242424,1.48484848,0.07744001886666663,0
0.25252525,1.48484848,0.06857495393333335,0
0.26262626,1.48484848,0.06095509413333344,0
0.27272727,1.48484848,0.05437709639999999,0
0.28282828,1.48484848,0.048674237066666626,0
0.29292929,1.48484848,0.0437096550666668,0
0.3030303,1.48484848,0.03937074386666661,0
0.31313131,1.48484848,0.03556456880000003,0
0.32323232,1.48484848,0.032214155999999994,0
0.33333333,1.48484848,0.029255505800000026,0
0.34343434,1.48484848,0.026635192000000085,0
0.35353535,1.48484848,0.024308435799999972,0
0.36363636,1.48484848,0.022237556800000058,0
0.37373737,1.48484848,0.020390724466666788,0
0.38383838,1.48484848,0.018740953533333382,0
0.39393939,1.48484848,0.01726528686666673,0
0.4040404,1.48484848,0.01594413446666665,0
0.41414141,1.48484848,0.014760733666666637,0
0.42424242,1.48484848,0.013700708200000022,0
0.43434343,1.48484848,0.012751707199999962,0
0.44444444,1.48484848,0.011903106533333374,0
0.45454545,1.48484848,0.011145766133333401,0
0.46464646,1.48484848,0.010471826733333356,0
0.47474747,1.48484848,0.009874543266666702,0
0.48484848,1.48484848,0.009348148533333434,0
0.49494949,1.48484848,0.00888773926666675,0
0.50505051,1.48484848,0.008489184133333327,0
0.51515152,1.48484848,0.00814904966666663,0
0.52525253,1.48484848,0.007864539933333359,0
0.53535354,1.48484848,0.007633452133333329,0
0.54545455,1.48484848,0.007454141533333347,0
0.55555556,1.48484848,0.007325499333333374,0
0.56565657,1.48484848,0.007246941866666634,0
0.57575758,1.48484848,0.0072184074666666875,0
0.58585859,1.48484848,0.0072403668666666254,0
0.5959596,1.48484848,0.007313843799999997,0
0.60606061,1.48484848,0.0074404454666666675,0
0.61616162,1.48484848,0.0076224104000001125,0
0.62626263,1.48484848,0.007862667133333279,0
0.63636364,1.48484848,0.008164913600000046,0
0.64646465,1.48484848,0.008533715600000047,0
0.65656566,1.48484848,0.008974630933333394,0
0.66666667,1.48484848,0.0094943636,0
0.67676768,1.48484848,0.010100955533333233,0
0.68686869,1.48484848,0.010804024133333479,0
0.6969697,1.48484848,0.0116150574666668,0
0.70707071,1.48484848,0.012547783066666707,0
0.71717172,1.48484848,0.013618626733333361,0
0.72727273,1.48484848,0.014847290133333413,0
0.73737374,1.48484848,0.016257477533333398,0
0.74747475,1.48484848,0.017877814333333353,0
0.75757576,1.48484848,0.019743017266666718,0
0.76767677,1.48484848,0.021895381133333336,0
0.77777778,1.48484848,0.024386684999999964,0
0.78787879,1.48484848,0.02728062660000019,0
0.7979798,1.48484848,0.03065593413333334,0
0.80808081,1.48484848,0.034610309800000016,0
0.81818182,1.48484848,0.03926535186666669,0
0.82828283,1.48484848,0.04477249826666663,0
0.83838384,1.48484848,0.05131972433333343,0
0.84848485,1.48484848,0.059137915666666596,0
0.85858586,1.48484848,0.06850386946666676,0
0.86868687,1.48484848,0.0797323037333334,0
0.87878788,1.48484848,0.09313886120000003,0
0.88888889,1.48484848,0.1089332899333334,0
0.8989899,1.48484848,0.12695485019999997,0
0.90909091,1.48484848,0.1460774597333333,0
0.91919192,1.48484848,0.16301435073333348,0
0.92929293,1.48484848,0.17035511179999996,0
0.93939394,1.48484848,0.1546463442,0
0.94949495,1.48484848,0.09768441746666662,0
0.95959596,1.48484848,-0.015594453066666625,0
0.96969697,1.48484848,-0.18804303593333332,0
0.97979798,1.48484848,-0.4123354590666667,1
0.98989899,1.48484848,-0.6822644888666666,1
1.0,1.48484848,-0.9334233728,1
0.0,1.54545455,1.0,0
0.01010101,1.54545455,0.9702801678666667,0
0.02020202,1.54545455,0.936167042,0
0.03030303,1.54545455,0.8969080888,0
0.04040404,1.54545455,0.8518313166666667,0
0.05050505,1.54545455,0.8004966193333334,0
0.06060606,1.54545455,0.7429052937333334,0
0.07070707,1.54545455,0.6797276612,0
0.08080808,1.54545455,0.6124538944000001,0
0.09090909,1.54545455,0.5433431978666667,0
0.1010101,1.54545455,0.47510124659999997,0
0.11111111,1.54545455,0.4103625302,0
0.12121212,1.54545455,0.3511895710666666,0
0.13131313,1.54545455,0.29879457413333343,0
0.14141414,1.54545455,0.2535440394666667,0
0.15151515,1.54545455,0.21515860266666664,0
0.16161616,1.54545455,0.18297243000000007,0
0.17171717,1.54545455,0.15615578573333333,0
0.18181818,1.54545455,0.13386512640000003,0
0.19191919,1.54545455,0.11532553433333337,0
0.2020202,1.54545455,0.0998652178666668,0
0.21212121,1.54545455,0.08692163053333324,0
0.22222222,1.54545455,0.07603334346666668,0
0.23232323,1.54545455,0.06682628680000002,0
0.24242424,1.54545455,0.05899898739999998,0
0.25252525,1.54545455,0.0523089528666667,0
0.26262626,1.54545455,0.04656099899999999,0
0.27272727,1.54545455,0.0415976367333335,0
0.28282828,1.54545455,0.037291333666666815,0
0.29292929,1.54545455,0.03353836866666671,0
0.3030303,1.54545455,0.030253981933333396,0
0.31313131,1.54545455,0.02736856200000004,0
0.32323232,1.54545455,0.02482464866666667,0
0.33333333,1.54545455,0.022574570533333338,0
0.34343434,1.54545455,0.020578583466666744,0
0.35353535,1.54545455,0.018803394000000084,0
0.36363636,1.54545455,0.017220985466666727,0
0.37373737,1.54545455,0.01580768153333334,0
0.38383838,1.54545455,0.014543392466666694,0
0.39393939,1.54545455,0.013411011800000039,0
0.4040404,1.54545455,0.012395924066666675,0
0.41414141,1.54545455,0.01148560733333337,0
0.42424242,1.54545455,0.01066930833333346,0
0.43434343,1.54545455,0.00993777633333337,0
0.44444444,1.54545455,0.009283043933333346,0
0.45454545,1.54545455,0.008698247933333292,0
0.46464646,1.54545455,0.008177480866666698,0
0.47474747,1.54545455,0.007715668400000153,0
0.48484848,1.54545455,0.007308468400000101,0
0.49494949,1.54545455,0.0069521888000000365,0
0.50505051,1.54545455,0.006643719066666609,0
0.51515152,1.54545455,0.006380475733333446,0
0.52525253,1.54545455,0.006160360200000103,0
0.53535354,1.54545455,0.005981723866666733,0
0.54545455,1.54545455,0.005843345933333466,0
0.55555556,1.54545455,0.005744416266666663,0
0.56565657,1.54545455,0.005684527933333405,0
0.57575758,1.54545455,0.005663679066666649,0
0.58585859,1.54545455,0.005682278800000051,0
0.5959596,1.54545455,0.005741167599999986,0
0.60606061,1.54545455,0.005841640533333359,0
0.61616162,1.54545455,0.005985486533333417,0
0.62626263,1.54545455,0.006175036000000134,0
0.63636364,1.54545455,0.006413224066666667,0
0.64646465,1.54545455,0.00670366906666664,0
0.65656566,1.54545455,0.007050772799999994,0
0.66666667,1.54545455,0.0074598425999999884,0
0.67676768,1.54545455,0.007937246800000075,0
0.68686869,1.54545455,0.008490604133333468,0
0.6969697,1.54545455,0.009129021933333425,0
0.70707071,1.54545455,0.009863393333333303,0
0.71717172,1.54545455,0.01070677073333326,0
0.72727273,1.54545455,0.011674835333333466,0
0.73737374,1.54545455,0.012786493400000043,0
0.74747475,1.54545455,0.01406463553333337,0
0.75757576,1.54545455,0.015537111800000059,0
0.76767677,1.54545455,0.017237988066666654,0
0.77777778,1.54545455,0.019209176866666677,0
0.78787879,1.54545455,0.02150256719999999,0
0.7979798,1.54545455,0.024182813000000025,0
0.80808081,1.54545455,0.027330999999999994,0
0.81818182,1.54545455,0.03104945799999992,0
0.82828283,1.54545455,0.035468043466666765,0
0.83838384,1.54545455,0.04075219413333342,0
0.84848485,1.54545455,0.04711287013333343,0
0.85858586,1.54545455,0.0548177760666666,0
0.86868687,1.54545455,0.06420119520000012,0
0.87878788,1.54545455,0.07566430999999996,0
0.88888889,1.54545455,0.08964399540000012,0
0.8989899,1.54545455,0.10649398733333337,0
0.90909091,1.54545455,0.1261430064000001,0
0.91919192,1.54545455,0.1472318332000001,0
0.92929293,1.54545455,0.16520555493333344,0
0.93939394,1.54545455,0.1690044896666666,0
0.94949495,1.54545455,0.13822709413333334,0
0.95959596,1.54545455,0.047677793933333434,0
0.96969697,1.54545455,-0.11710796099999998,0
0.97979798,1.54545455,-0.3514312571999999,1
0.98989899,1.54545455,-0.6453571112666667,1
1.0,1.54545455,-0.9166666673333334,1
0.0,1.60606061,1.0,0
0.01010101,1.60606061,0.9661944595999999,0
0.02020202,1.60606061,0.9267931424,0
0.03030303,1.60606061,0.8807881532,0
0.04040404,1.60606061,0.8273691377333334,0
0.05050505,1.60606061,0.7662166428,0
0.06060606,1.60606061,0.6978734749333334,0
0.07070707,1.60606061,0.6240543129333334,0
0.08080808,1.60606061,0.5476576789333334,0
0.09090909,1.60606061,0.4723037789333334,0
0.1010101,1.60606061,0.40150479259999994,0
0.11111111,1.60606061,0.33786857260000003,0
0.12121212,1.60606061,0.2827193998666666,0
0.13131313,1.60606061,0.23620342240000003,0
0.14141414,1.60606061,0.1976683948000001,0
0.15151515,1.60606061,0.16606944740000007,0
0.16161616,1.60606061,0.14026686173333325,0
0.17171717,1.60606061,0.11919494320000001,0
0.18181818,1.60606061,0.10193412626666665,0
0.19191919,1.60606061,0.08772605499999997,0
0.2020202,1.60606061,0.07596112786666676,0
0.21212121,1.60606061,0.06615597333333334,0
0.22222222,1.60606061,0.05792966526666676,0
0.23232323,1.60606061,0.05098240793333342,0
0.24242424,1.60606061,0.04507783740000004,0
0.25252525,1.60606061,0.04002889966666667,0
0.26262626,1.60606061,0.03568682153333336,0
0.27272727,1.60606061,0.03193259906666657,0
0.28282828,1.60606061,0.02867045606666674,0
0.29292929,1.60606061,0.025822828466666614,0
0.3030303,1.60606061,0.023326505133333453,0
0.31313131,1.60606061,0.02112965533333344,0
0.32323232,1.60606061,0.019189527000000095,0
0.33333333,1.60606061,0.017470653000000058,0
0.34343434,1.60606061,0.015943450466666675,0
0.35353535,1.60606061,0.014583116800000018,0
0.36363636,1.60606061,0.013368757333333425,0
0.37373737,1.60606061,0.012282690399999963,0
0.38383838,1.60606061,0.011309891933333316,0
0.39393939,1.60606061,0.010437548266666763,0
0.4040404,1.60606061,0.009654694866666702,0
0.41414141,1.60606061,0.008951923266666606,0
0.42424242,1.60606061,0.00832114099999992,0
0.43434343,1.60606061,0.0077553760000000915,0
0.44444444,1.60606061,0.00724861533333343,0
0.45454545,1.60606061,0.006795673000000058,0
0.46464646,1.60606061,0.006392079666666661,0
0.47474747,1.60606061,0.0060339932666666485,0
0.48484848,1.60606061,0.005718123666666797,0
0.49494949,1.60606061,0.005441671933333447,0
0.50505051,1.60606061,0.005202280266666692,0
0.51515152,1.60606061,0.004997992266666751,0
0.52525253,1.60606061,0.004827220133333254,0
0.53535354,1.60606061,0.004688721733333345,0
0.54545455,1.60606061,0.0045815816666665565,0
0.55555556,1.60606061,0.004505202066666603,0
0.56565657,1.60606061,0.004459296000000057,0
0.57575758,1.60606061,0.004443890000000006,0
0.58585859,1.60606061,0.004459330600000144,0
0.5959596,1.60606061,0.00450629926666668,0
0.60606061,1.60606061,0.004585833600000089,0
0.61616162,1.60606061,0.004699357000000015,0
0.62626263,1.60606061,0.0048487174000001465,0
0.63636364,1.60606061,0.005036237466666704,0
0.64646465,1.60606061,0.005264777733333226,0
0.65656566,1.60606061,0.005537815333333418,0
0.66666667,1.60606061,0.005859542266666629,0
0.67676768,1.60606061,0.006234987999999997,0
0.68686869,1.60606061,0.006670171133333458,0
0.6969697,1.60606061,0.0071722898000000646,0
0.70707071,1.60606061,0.007749958600000051,0
0.71717172,1.60606061,0.008413509000000041,0
0.72727273,1.60606061,0.009175366200000035,0
0.73737374,1.60606061,0.010050531866666712,0
0.74747475,1.60606061,0.011057198933333456,0
0.75757576,1.60606061,0.012217548133333422,0
0.76767677,1.60606061,0.013558780933333403,0
0.77777778,1.60606061,0.015114471066666635,0
0.78787879,1.60606061,0.016926352133333267,0
0.7979798,1.60606061,0.019046692000000087,0
0.80808081,1.60606061,0.02154147493333336,0
0.81818182,1.60606061,0.024494693666666678,0
0.82828283,1.60606061,0.02801415786666661,0
0.83838384,1.60606061,0.032239363600000015,0
0.84848485,1.60606061,0.03735207246666672,0
0.85858586,1.60606061,0.04359023306666676,0
0.86868687,1.60606061,0.05126533626666674,0
0.87878788,1.60606061,0.06078118206666672,0
0.88888889,1.60606061,0.07264540146666665,0
0.8989899,1.60606061,0.08744580060000007,0
0.90909091,1.60606061,0.10571015973333342,0
0.91919192,1.60606061,0.1274277814,0
0.92929293,1.60606061,0.15068639373333337,0
0.93939394,1.60606061,0.16838096000000013,0
0.94949495,1.60606061,0.16245857306666667,0
0.95959596,1.60606061,0.10105668313333327,0
0.96969697,1.60606061,-0.04686263879999991,0
0.97979798,1.60606061,-0.2865272477333334,1
0.98989899,1.60606061,-0.6047080440666667,1
1.0,1.60606061,-0.9958938404,1
0.0,1.66666667,1.0,0
0.01010101,1.66666667,0.9615077468000001,0
0.02020202,1.66666667,0.9158658293333334,0
0.03030303,1.66666667,0.8617406149333333,0
0.04040404,1.66666667,0.7982380584000001,0
0.05050505,1.66666667,0.7254566322666667,0
0.06060606,1.66666667,0.6450827356,0
0.07070707,1.66666667,0.5606315934666667,0
0.08080808,1.66666667,0.47690060906666676,0
0.09090909,1.66666667,0.3986789528,0
0.1010101,1.66666667,0.3294267314666668,0
0.11111111,1.66666667,0.2706869784666667,0
0.12121212,1.66666667,0.22234161953333342,0
0.13131313,1.66666667,0.18327089946666664,0
0.14141414,1.66666667,0.15196964400000001,0
0.15151515,1.66666667,0.12693830313333332,0
0.16161616,1.66666667,0.1068650202,0
0.17171717,1.66666667,0.09067679246666671,0
0.18181818,1.66666667,0.07752697006666665,0
0.19191919,1.66666667,0.0667595928000001,0
0.2020202,1.66666667,0.05787033740000003,0
0.21212121,1.66666667,0.05047194079999995,0
0.22222222,1.66666667,0.04426621646666673,0
0.23232323,1.66666667,0.039022381600000045,0
0.24242424,1.66666667,0.03456064913333334,0
0.25252525,1.66666667,0.03073993246666684,0
0.26262626,1.66666667,0.027448664066666684,0
0.27272727,1.66666667,0.02459793713333336,0
0.28282828,1.66666667,0.022116360200000074,0
0.29292929,1.66666667,0.019946182400000012,0
0.3030303,1.66666667,0.018040353000000064,0
0.31313131,1.66666667,0.016360278466666656,0
0.32323232,1.66666667,0.014874098800000124,0
0.33333333,1.66666667,0.013555352133333365,0
0.34343434,1.66666667,0.012381935733333349,0
0.35353535,1.66666667,0.011335289599999965,0
0.36363636,1.66666667,0.01039975093333323,0
0.37373737,1.66666667,0.009562043666666797,0
0.38383838,1.66666667,0.008810866466666623,0
0.39393939,1.66666667,0.008136564733333462,0
0.4040404,1.66666667,0.007530862466666677,0
0.41414141,1.66666667,0.006986646600000035,0
0.42424242,1.66666667,0.006497790200000075,0
0.43434343,1.66666667,0.006059006066666761,0
0.44444444,1.66666667,0.0056657289333333916,0
0.45454545,1.66666667,0.005314015666666672,0
0.46464646,1.66666667,0.00500046553333322,0
0.47474747,1.66666667,0.00472215153333333,0
0.48484848,1.66666667,0.004476566000000015,0
0.49494949,1.66666667,0.004261574600000095,0
0.50505051,1.66666667,0.004075379733333384,0
0.51515152,1.66666667,0.003916489800000034,0
0.52525253,1.66666667,0.003783696533333325,0
0.53535354,1.66666667,0.0036760568000000493,0
0.54545455,1.66666667,0.0035928797333333318,0
0.55555556,1.66666667,0.003533719133333446,0
0.56565657,1.66666667,0.003498370000000084,0
0.57575758,1.66666667,0.0034868706666666416,0
0.58585859,1.66666667,0.0034995086666668174,0
0.5959596,1.66666667,0.0035368325333333672,0
0.60606061,1.66666667,0.0035996694666666773,0
0.61616162,1.66666667,0.0036891479333334143,0
0.62626263,1.66666667,0.0038067300666667636,0
0.63636364,1.66666667,0.003954249866666593,0
0.64646465,1.66666667,0.00413396460000004,0
0.65656566,1.66666667,0.004348616333333388,0
0.66666667,1.66666667,0.004601510199999992,0
0.67676768,1.66666667,0.004896611266666739,0
0.68686869,1.66666667,0.00523866526666672,0
0.6969697,1.66666667,0.005633349200000137,0
0.70707071,1.66666667,0.006087460266666733,0
0.71717172,1.66666667,0.006609155066666705,0
0.72727273,1.66666667,0.007208250066666699,0
0.73737374,1.66666667,0.007896607066666839,0
0.74747475,1.66666667,0.008688628666666642,0
0.75757576,1.66666667,0.009601896466666648,0
0.76767677,1.66666667,0.01065800886666679,0
0.77777778,1.66666667,0.011883680199999969,0
0.78787879,1.66666667,0.013312202933333461,0
0.7979798,1.66666667,0.01498541106666662,0
0.80808081,1.66666667,0.016956340266666703,0
0.81818182,1.66666667,0.019292868600000013,0
0.82828283,1.66666667,0.02208274813333333,0
0.83838384,1.66666667,0.025440614733333367,0
0.84848485,1.66666667,0.029517808000000034,0
0.85858586,1.66666667,0.03451613406666665,0
0.86868687,1.66666667,0.04070694899999994,0
0.87878788,1.66666667,0.04845673120000016,0
0.88888889,1.66666667,0.0582582492,0
0.8989899,1.66666667,0.07075809673333344,0
0.90909091,1.66666667,0.08674301873333345,0
0.91919192,1.66666667,0.10695740386666674,0
0.92929293,1.66666667,0.13135584313333348,0
0.93939394,1.66666667,0.15670122539999998,0
0.94949495,1.66666667,0.1703617081333334,0
0.95959596,1.66666667,0.1405044979333333,0
0.96969697,1.66666667,0.01951549273333325,0
0.97979798,1.66666667,-0.21825443153333324,1
0.98989899,1.66666667,-0.5600844493333333,1
1.0,1.66666667,-0.9178818406666667,1
0.0,1.72727273,1.0,0
0.01010101,1.72727273,0.9561203418666667,0
0.02020202,1.72727273,0.9030795973333333,0
0.03030303,1.72727273,0.8391487590666666,0
0.04040404,1.72727273,0.7635250021333333,0
0.05050505,1.72727273,0.6773270150666667,0
0.06060606,1.72727273,0.5843717442666667,0
0.07070707,1.72727273,0.49081813733333335,0
0.08080808,1.72727273,0.4033158268,0
0.09090909,1.72727273,0.3267453453333333,0
0.1010101,1.72727273,0.2631333184,0
0.11111111,1.72727273,0.2120881872,0
0.12121212,1.72727273,0.17190275473333338,0
0.13131313,1.72727273,0.14049512566666666,0
0.14141414,1.72727273,0.11592872880000005,0
0.15151515,1.72727273,0.09660325093333344,0
0.16161616,1.72727273,0.08127157019999998,0
0.17171717,1.72727273,0.06898919680000004,0
0.18181818,1.72727273,0.05904930240000006,0
0.19191919,1.72727273,0.050924128333333374,0
0.2020202,1.72727273,0.04421831053333325,0
0.21212121,1.72727273,0.03863372920000008,0
0.22222222,1.72727273,0.03394371719999989,0
0.23232323,1.72727273,0.029974349866666694,0
0.24242424,1.72727273,0.02659090019999999,0
0.25252525,1.72727273,0.023688014200000107,0
0.26262626,1.72727273,0.021182541933333354,0
0.27272727,1.72727273,0.019008274000000047,0
0.28282828,1.72727273,0.017112040600000156,0
0.29292929,1.72727273,0.015450801466666664,0
0.3030303,1.72727273,0.013989451133333386,0
0.31313131,1.72727273,0.012699152533333424,0
0.32323232,1.72727273,0.011556060666666701,0
0.33333333,1.72727273,0.01054033600000015,0
0.34343434,1.72727273,0.009635375866666629,0
0.35353535,1.72727273,0.008827212400000062,0
0.36363636,1.72727273,0.00810403660000003,0
0.37373737,1.72727273,0.007455820066666674,0
0.38383838,1.72727273,0.006874010800000052,0
0.39393939,1.72727273,0.006351290466666715,0
0.4040404,1.72727273,0.005881375133333422,0
0.41414141,1.72727273,0.005458855800000051,0
0.42424242,1.72727273,0.005079066199999982,0
0.43434343,1.72727273,0.004737974600000139,0
0.44444444,1.72727273,0.004432094866666736,0
0.45454545,1.72727273,0.004158413133333427,0
0.46464646,1.72727273,0.003914327333333301,0
0.47474747,1.72727273,0.003697596466666786,0
0.48484848,1.72727273,0.0035062985999999574,0
0.49494949,1.72727273,0.003338798133333376,0
0.50505051,1.72727273,0.003193717266666729,0
0.51515152,1.72727273,0.003069912866666691,0
0.52525253,1.72727273,0.002966460333333254,0
0.53535354,1.72727273,0.00288263913333342,0
0.54545455,1.72727273,0.002817924266666716,0
0.55555556,1.72727273,0.0027719798000001017,0
0.56565657,1.72727273,0.0027446574000000723,0
0.57575758,1.72727273,0.002735997933333345,0
0.58585859,1.72727273,0.002746237066666768,0
0.5959596,1.72727273,0.002775813266666649,0
0.60606061,1.72727273,0.0028253835999999533,0
0.61616162,1.72727273,0.0028958410666666268,0
0.62626263,1.72727273,0.002988339400000095,0
0.63636364,1.72727273,0.003104325733333413,0
0.64646465,1.72727273,0.0032455781999999322,0
0.65656566,1.72727273,0.0034142564666667097,0
0.66666667,1.72727273,0.0036129633333332745,0
0.67676768,1.72727273,0.0038448208666667094,0
0.68686869,1.72727273,0.004113565799999996,0
0.6969697,1.72727273,0.004423669666666741,0
0.70707071,1.72727273,0.004780487533333377,0
0.71717172,1.72727273,0.0051904470000000424,0
0.72727273,1.72727273,0.005661288266666675,0
0.73737374,1.72727273,0.006202369400000074,0
0.74747475,1.72727273,0.006825060733333332,0
0.75757576,1.72727273,0.0075432566666667755,0
0.76767677,1.72727273,0.008374042866666764,0
0.77777778,1.72727273,0.009338581666666679,0
0.78787879,1.72727273,0.01046329179999994,0
0.7979798,1.72727273,0.011781441266666692,0
0.80808081,1.72727273,0.013335320799999995,0
0.81818182,1.72727273,0.015179246466666685,0
0.82828283,1.72727273,0.01738375940000003,0
0.83838384,1.72727273,0.020041572600000057,0
0.84848485,1.72727273,0.023276090733333477,0
0.85858586,1.72727273,0.027253748133333366,0
0.86868687,1.72727273,0.03220198246666661,0
0.87878788,1.72727273,0.03843537553333343,0
0.88888889,1.72727273,0.046392864866666605,0
0.8989899,1.72727273,0.05668715353333342,0
0.90909091,1.72727273,0.07015644913333352,0
0.91919192,1.72727273,0.08786326999999994,0
0.92929293,1.72727273,0.11081740566666676,0
0.93939394,1.72727273,0.13862887680000002,0
0.94949495,1.72727273,0.16468449380000005,0
0.95959596,1.72727273,0.16353931286666668,0
0.96969697,1.72727273,0.07799645700000013,1
0.97979798,1.72727273,-0.14775088946666673,1
0.98989899,1.72727273,-0.5112869481333333,1
1.0,1.72727273,-0.99999126,1
0.0,1.78787879,1.0,0
0.01010101,1.78787879,0.9499128804,0
0.02020202,1.78787879,0.8880585388,0
0.03030303,1.78787879,0.8122712893333334,0
0.04040404,1.78787879,0.7222631825333334,0
0.05050505,1.78787879,0.6212790998666667,0
0.06060606,1.78787879,0.5166142426666667,0
0.07070707,1.78787879,0.41746757226666664,0
0.08080808,1.78787879,0.3311409429333334,0
0.09090909,1.78787879,0.26074430373333335,0
0.1010101,1.78787879,0.20570326613333334,0
0.11111111,1.78787879,0.16357118493333345,0
0.12121212,1.78787879,0.1315141962666666,0
0.13131313,1.78787879,0.10703580899999998,0
0.14141414,1.78787879,0.08817623513333339,0
0.15151515,1.78787879,0.07347663926666659,0
0.16161616,1.78787879,0.06187525253333337,0
0.17171717,1.78787879,0.05260402019999999,0
0.18181818,1.78787879,0.04510577146666683,0
0.19191919,1.78787879,0.03897319033333346,0
0.2020202,1.78787879,0.03390545266666667,0
0.21212121,1.78787879,0.029677842799999965,0
0.22222222,1.78787879,0.02612052026666667,0
0.23232323,1.78787879,0.023103621333333324,0
0.24242424,1.78787879,0.020526728133333227,0
0.25252525,1.78787879,0.01831135813333329,0
0.26262626,1.78787879,0.01639554786666675,0
0.27272727,1.78787879,0.014729909733333324,0
0.28282828,1.78787879,0.013274728399999991,0
0.29292929,1.78787879,0.01199779973333348,0
0.3030303,1.78787879,0.010872808933333422,0
0.31313131,1.78787879,0.009878097533333463,0
0.32323232,1.78787879,0.008995719800000024,0
0.33333333,1.78787879,0.008210715399999957,0
0.34343434,1.78787879,0.007510539333333344,0
0.35353535,1.78787879,0.006884617866666609,0
0.36363636,1.78787879,0.006323994400000088,0
0.37373737,1.78787879,0.005821049133333367,0
0.38383838,1.78787879,0.005369273333333369,0
0.39393939,1.78787879,0.004963088266666804,0
0.4040404,1.78787879,0.004597696333333401,0
0.41414141,1.78787879,0.004268962466666637,0
0.42424242,1.78787879,0.003973313666666756,0
0.43434343,1.78787879,0.003707660533333379,0
0.44444444,1.78787879,0.0034693279333333216,0
0.45454545,1.78787879,0.003256001266666697,0
0.46464646,1.78787879,0.0030656802666666483,0
0.47474747,1.78787879,0.002896641133333322,0
0.48484848,1.78787879,0.0027474047999999085,0
0.49494949,1.78787879,0.002616712000000132,0
0.50505051,1.78787879,0.0025035017333333576,0
0.51515152,1.78787879,0.0024068947333333313,0
0.52525253,1.78787879,0.0023261792666667835,0
0.53535354,1.78787879,0.002260802599999945,0
0.54545455,1.78787879,0.002210362999999993,0
0.55555556,1.78787879,0.0021746062666667676,0
0.56565657,1.78787879,0.0021534232666666764,0
0.57575758,1.78787879,0.002146853133333404,0
0.58585859,1.78787879,0.002155086266666717,0
0.5959596,1.78787879,0.002178472466666803,0
0.60606061,1.78787879,0.0022175316000000445,0
0.61616162,1.78787879,0.002272969399999991,0
0.62626263,1.78787879,0.0023456953333333974,0
0.63636364,1.78787879,0.00243684886666673,0
0.64646465,1.78787879,0.0025478299333334675,0
0.65656566,1.78787879,0.002680338266666804,0
0.66666667,1.78787879,0.0028364214666667387,0
0.67676768,1.78787879,0.003018535533333311,0
0.68686869,1.78787879,0.0032296204666666384,0
0.6969697,1.78787879,0.0034731942666668125,0
0.70707071,1.78787879,0.003753471333333369,0
0.71717172,1.78787879,0.004075511066666815,0
0.72727273,1.78787879,0.004445407866666695,0
0.73737374,1.78787879,0.0048705332666666434,0
0.74747475,1.78787879,0.00535984833333325,0
0.75757576,1.78787879,0.005924309266666761,0
0.76767677,1.78787879,0.006577399733333378,0
0.77777778,1.78787879,0.007335834800000107,0
0.78787879,1.78787879,0.008220506200000144,0
0.7979798,1.78787879,0.009257757533333355,0
0.80808081,1.78787879,0.01048113873333345,0
0.81818182,1.78787879,0.011933836933333275,0
0.82828283,1.78787879,0.013672107133333444,0
0.83838384,1.78787879,0.01577017386666657,0
0.84848485,1.78787879,0.018327352199999924,0
0.85858586,1.78787879,0.021478549066666686,0
0.86868687,1.78787879,0.025409984666666774,0
0.87878788,1.78787879,0.030383009933333316,0
0.88888889,1.78787879,0.036770382599999984,0
0.8989899,1.78787879,0.0451108860666668,0
0.90909091,1.78787879,0.05618714086666665,0
0.91919192,1.78787879,0.07111572080000006,0
0.92929293,1.78787879,0.09135689359999999,0
0.93939394,1.78787879,0.11819493333333331,0
0.94949495,1.78787879,0.14985049373333337,0
0.95959596,1.78787879,0.17035398273333335,0
0.96969697,1.78787879,0.12429356766666655,1
0.97979798,1.78787879,-0.07686901913333333,1
0.98989899,1.78787879,-0.4581742309333332,1
1.0,1.78787879,-0.9995202901333333,1
0.0,1.84848485,1.0,0
0.01010101,1.84848485,0.9427416461333333,0
0.02020202,1.84848485,0.8703401201333334,0
0.03030303,1.84848485,0.7802434037333333,0
0.04040404,1.84848485,0.6735769145333333,0
0.05050505,1.84848485,0.5575146002666668,0
0.06060606,1.84848485,0.4441177245333334,0
0.07070707,1.84848485,0.3446712978666667,0
0.08080808,1.84848485,0.26465793533333337,0
0.09090909,1.84848485,0.20369123999999994,0
0.1010101,1.84848485,0.1584149642666668,0
0.11111111,1.84848485,0.12497413560000004,0
0.12121212,1.84848485,0.10011375906666664,0
0.13131313,1.84848485,0.08139791186666678,0
0.14141414,1.84848485,0.06709345313333337,0
0.15151515,1.84848485,0.05598852859999992,0
0.16161616,1.84848485,0.04723630606666673,0
0.17171717,1.84848485,0.040240310933333356,0
0.18181818,1.84848485,0.034575278400000076,0
0.19191919,1.84848485,0.0299337431333333,0
0.2020202,1.84848485,0.026090163200000127,0
0.21212121,1.84848485,0.02287670646666673,0
0.22222222,1.84848485,0.020166755466666686,0
0.23232323,1.84848485,0.017863536133333358,0
0.24242424,1.84848485,0.01589217773333329,0
0.25252525,1.84848485,0.01419409346666678,0
0.26262626,1.84848485,0.012722953666666648,0
0.27272727,1.84848485,0.011441761866666789,0
0.28282828,1.84848485,0.010320705666666652,0
0.29292929,1.84848485,0.009335560866666759,0
0.3030303,1.84848485,0.008466489400000055,0
0.31313131,1.84848485,0.007697129866666708,0
0.32323232,1.84848485,0.007013897400000024,0
0.33333333,1.84848485,0.006405444199999999,0
0.34343434,1.84848485,0.005862236800000087,0
0.35353535,1.84848485,0.005376224266666729,0
0.36363636,1.84848485,0.004940576266666663,0
0.37373737,1.84848485,0.004549471666666749,0
0.38383838,1.84848485,0.004197930933333427,0
0.39393939,1.84848485,0.0038816797333334208,0
0.4040404,1.84848485,0.0035970375333334026,0
0.41414141,1.84848485,0.0033408279333333457,0
0.42424242,1.84848485,0.0031103033333333974,0
0.43434343,1.84848485,0.002903085599999966,0
0.44444444,1.84848485,0.002717113600000154,0
0.45454545,1.84848485,0.002550602066666796,0
0.46464646,1.84848485,0.002402007600000089,0
0.47474747,1.84848485,0.00226999920000015,0
0.48484848,1.84848485,0.0021534342666666983,0
0.49494949,1.84848485,0.0020513398666667237,0
0.50505051,1.84848485,0.0019628958666667584,0
0.51515152,1.84848485,0.0018874230666667824,0
0.52525253,1.84848485,0.0018243720666667462,0
0.53535354,1.84848485,0.0017733165333333467,0
0.54545455,1.84848485,0.0017339478666666963,0
0.55555556,1.84848485,0.0017060720000000584,0
0.56565657,1.84848485,0.0016896084000000977,0
0.57575758,1.84848485,0.0016845913333333185,0
0.58585859,1.84848485,0.001691174399999995,0
0.5959596,1.84848485,0.001709634933333315,0
0.60606061,1.84848485,0.0017403842000000003,0
0.61616162,1.84848485,0.001783978399999997,0
0.62626263,1.84848485,0.001841133800000061,0
0.63636364,1.84848485,0.0019127475333333699,0
0.64646465,1.84848485,0.0019999205333334213,0
0.65656566,1.84848485,0.0021039892666667726,0
0.66666667,1.84848485,0.0022265636666666255,0
0.67676768,1.84848485,0.0023695748666665573,0
0.68686869,1.84848485,0.0025353345999999943,0
0.6969697,1.84848485,0.00272660833333338,0
0.70707071,1.84848485,0.0029467106000001797,0
0.71717172,1.84848485,0.003199620066666742,0
0.72727273,1.84848485,0.0034901309333332797,0
0.73737374,1.84848485,0.0038240440666665876,0
0.74747475,1.84848485,0.004208412866666622,0
0.75757576,1.84848485,0.004651864400000094,0
0.76767677,1.84848485,0.005165021933333347,0
0.77777778,1.84848485,0.005761063000000122,0
0.78787879,1.84848485,0.006456469000000076,0
0.7979798,1.84848485,0.007272043399999983,0
0.80808081,1.84848485,0.008234310733333361,0
0.81818182,1.84848485,0.009377466866666628,0
0.82828283,1.84848485,0.010746141400000075,0
0.83838384,1.84848485,0.01239936966666677,0
0.84848485,1.84848485,0.014416411200000034,0
0.85858586,1.84848485,0.01690542566666675,0
0.86868687,1.84848485,0.020016671466666747,0
0.87878788,1.84848485,0.023962967799999957,0
0.88888889,1.84848485,0.02905199193333341,0
0.8989899,1.84848485,0.035737866066666735,0
0.90909091,1.84848485,0.04470327206666669,0
0.91919192,1.84848485,0.05698405246666671,0
0.92929293,1.84848485,0.07412234186666666,0
0.93939394,1.84848485,0.09816115686666671,0
0.94949495,1.84848485,0.130396167,0
0.95959596,1.84848485,0.16386556706666666,0
0.96969697,1.84848485,0.15503556900000004,1
0.97979798,1.84848485,-0.008367962799999962,1
0.98989899,1.84848485,-0.40070052173333337,1
1.0,1.84848485,-0.9175030476,1
0.0,1.90909091,1.0,0
0.01010101,1.90909091,0.9344326362666667,0
0.02020202,1.90909091,0.8493576313333333,0
0.03030303,1.90909091,0.7421112096,0
0.04040404,1.90909091,0.6169561076,0
0.05050505,1.90909091,0.48745828719999995,0
0.06060606,1.90909091,0.37060312760000014,0
0.07070707,1.90909091,0.27680307120000003,0
0.08080808,1.90909091,0.20698549480000006,0
0.09090909,1.90909091,0.15679452706666674,0
0.1010101,1.90909091,0.12094348253333331,0
0.11111111,1.90909091,0.09509249760000005,0
0.12121212,1.90909091,0.07613722266666678,0
0.13131313,1.90909091,0.06196838866666665,0
0.14141414,1.90909091,0.051171653199999945,0
0.15151515,1.90909091,0.04279406606666658,0
0.16161616,1.90909091,0.03618500020000004,0
0.17171717,1.90909091,0.030892703666666743,0
0.18181818,1.90909091,0.026597833533333448,0
0.19191919,1.90909091,0.02307059119999999,0
0.2020202,1.90909091,0.020142773466666597,0
0.21212121,1.90909091,0.017689274866666604,0
0.22222222,1.90909091,0.015615652666666757,0
0.23232323,1.90909091,0.013849625933333498,0
0.24242424,1.90909091,0.01233517120000005,0
0.25252525,1.90909091,0.011028358999999988,0
0.26262626,1.90909091,0.009894372333333235,0
0.27272727,1.90909091,0.008905345266666753,0
0.28282828,1.90909091,0.00803877146666665,0
0.29292929,1.90909091,0.00727632273333334,0
0.3030303,1.90909091,0.006602957133333365,0
0.31313131,1.90909091,0.006006243133333422,0
0.32323232,1.90909091,0.005475838533333333,0
0.33333333,1.90909091,0.005003088266666733,0
0.34343434,1.90909091,0.004580708466666694,0
0.35353535,1.90909091,0.004202537600000111,0
0.36363636,1.90909091,0.0038633406666667147,0
0.37373737,1.90909091,0.0035586496666667466,0
0.38383838,1.90909091,0.0032846370000000347,0
0.39393939,1.90909091,0.003038013466666767,0
0.4040404,1.90909091,0.002815943933333398,0
0.41414141,1.90909091,0.002615978466666835,0
0.42424242,1.90909091,0.0024359962000000124,0
0.43434343,1.90909091,0.0022741594666666476,0
0.44444444,1.90909091,0.0021288745333333248,0
0.45454545,1.90909091,0.001998760533333366,0
0.46464646,1.90909091,0.0018826220000000005,0
0.47474747,1.90909091,0.0017794281333333162,0
0.48484848,1.90909091,0.001688293399999985,0
0.49494949,1.90909091,0.0016084639333333595,0
0.50505051,1.90909091,0.001539303933333347,0
0.51515152,1.90909091,0.0014802865999999915,0
0.52525253,1.90909091,0.001430987133333339,0
0.53535354,1.90909091,0.001391075200000036,0
0.54545455,1.90909091,0.0013603129333333852,0
0.55555556,1.90909091,0.0013385511333332545,0
0.56565657,1.90909091,0.0013257297333333362,0
0.57575758,1.90909091,0.0013218785333333205,0
0.58585859,1.90909091,0.001327119666666654,0
0.5959596,1.90909091,0.001341673133333443,0
0.60606061,1.90909091,0.0013658635333334557,0
0.61616162,1.90909091,0.0014001287333333945,0
0.62626263,1.90909091,0.0014450327333334068,0
0.63636364,1.90909091,0.0015012805333334267,0
0.64646465,1.90909091,0.001569738133333276,0
0.65656566,1.90909091,0.0016514557333333624,0
0.66666667,1.90909091,0.0017476987333334693,0
0.67676768,1.90909091,0.0018599846000000309,0
0.68686869,1.90909091,0.0019901300666667066,0
0.6969697,1.90909091,0.0021403083999999017,0
0.70707071,1.90909091,0.002313124200000072,0
0.71717172,1.90909091,0.0025117054666666805,0
0.72727273,1.90909091,0.0027398208000001256,0
0.73737374,1.90909091,0.003002031066666744,0
0.74747475,1.90909091,0.0033038838666666903,0
0.75757576,1.90909091,0.0036521659333332845,0
0.76767677,1.90909091,0.004055237200000117,0
0.77777778,1.90909091,0.004523472133333262,0
0.78787879,1.90909091,0.005069853533333446,0
0.7979798,1.90909091,0.005710777866666739,0
0.80808081,1.90909091,0.006467168999999995,0
0.81818182,1.90909091,0.007366028600000019,0
0.82828283,1.90909091,0.008442641933333328,0
0.83838384,1.90909091,0.00974376340000005,0
0.84848485,1.90909091,0.011332302466666722,0
0.85858586,1.90909091,0.013294365666666752,0
0.86868687,1.90909091,0.01575006900000009,0
0.87878788,1.90909091,0.01887053806666672,0
0.88888889,1.90909091,0.022905299666666656,0
0.8989899,1.90909091,0.028227471466666598,0
0.90909091,1.90909091,0.035409740466666784,0
0.91919192,1.90909091,0.045352511200000056,0
0.92929293,1.90909091,0.05949015293333337,0
0.93939394,1.90909091,0.08004768293333342,0
0.94949495,1.90909091,0.10986822819999997,0
0.95959596,1.90909091,0.14855771500000015,0
0.96969697,1.90909091,0.1690992246666666,1
0.97979798,1.90909091,0.05405055640000006,1
0.98989899,1.90909091,-0.3389729653333333,1
1.0,1.90909091,-0.9170235468,1
0.0,1.96969697,1.0,0
0.01010101,1.96969697,0.9247740385333333,0
0.02020202,1.96969697,0.8244244277333334,0
0.03030303,1.96969697,0.6969318257333333,0
0.04040404,1.96969697,0.5526748708000001,0
0.05050505,1.96969697,0.4140329840000001,0
0.06060606,1.96969697,0.30048603520000006,0
0.07070707,1.96969697,0.2172793556,0
0.08080808,1.96969697,0.1594463144,0
0.09090909,1.96969697,0.11967898693333345,0
0.1010101,1.96969697,0.09200544306666669,0
0.11111111,1.96969697,0.0723284864,0
0.12121212,1.96969697,0.0579951262666667,0
0.13131313,1.96969697,0.04730508466666672,0
0.14141414,1.96969697,0.039157339199999974,0
0.15151515,1.96969697,0.03282527079999997,0
0.16161616,1.96969697,0.02781870080000004,0
0.17171717,1.96969697,0.023799495400000037,0
0.18181818,1.96969697,0.020529354066666672,0
0.19191919,1.96969697,0.017836936866666653,0
0.2020202,1.96969697,0.015596756333333461,0
0.21212121,1.96969697,0.013715342266666708,0
0.22222222,1.96969697,0.01212199386666668,0
0.23232323,1.96969697,0.010762476999999993,0
0.24242424,1.96969697,0.009594654799999991,0
0.25252525,1.96969697,0.008585405666666657,0
0.26262626,1.96969697,0.007708414933333407,0
0.27272727,1.96969697,0.0069425719333334746,0
0.28282828,1.96969697,0.006270788066666699,0
0.29292929,1.96969697,0.005679117466666717,0
0.3030303,1.96969697,0.005156091133333374,0
0.31313131,1.96969697,0.004692213400000034,0
0.32323232,1.96969697,0.004279569800000105,0
0.33333333,1.96969697,0.003911526533333265,0
0.34343434,1.96969697,0.003582491533333343,0
0.35353535,1.96969697,0.0032877285333333672,0
0.36363636,1.96969697,0.003023207466666733,0
0.37373737,1.96969697,0.0027854846000000544,0
0.38383838,1.96969697,0.0025716068000000147,0
0.39393939,1.96969697,0.0023790336000001355,0
0.4040404,1.96969697,0.0022055727999999997,0
0.41414141,1.96969697,0.0020493288666666443,0
0.42424242,1.96969697,0.0019086591333333791,0
0.43434343,1.96969697,0.0017821394666667212,0
0.44444444,1.96969697,0.0016685339333333271,0
0.45454545,1.96969697,0.0015667711333333667,0
0.46464646,1.96969697,0.0014759232666665678,0
0.47474747,1.96969697,0.0013951892666667076,0
0.48484848,1.96969697,0.001323881799999982,0
0.49494949,1.96969697,0.0012614143333333772,0
0.50505051,1.96969697,0.0012072935333333756,0
0.51515152,1.96969697,0.0011611100666666374,0
0.52525253,1.96969697,0.001122533333333342,0
0.53535354,1.96969697,0.0010913076666666521,0
0.54545455,1.96969697,0.0010672487333333036,0
0.55555556,1.96969697,0.0010502415333333293,0
0.56565657,1.96969697,0.0010402408000000918,0
0.57575758,1.96969697,0.0010372713333334227,0
0.58585859,1.96969697,0.001041430800000076,0
0.5959596,1.96969697,0.001052892599999966,0
0.60606061,1.96969697,0.0010719126000000578,0
0.61616162,1.96969697,0.0010988356000001254,0
0.62626263,1.96969697,0.0011341049333334352,0
0.63636364,1.96969697,0.0011782751333333508,0
0.64646465,1.96969697,0.0012320265999999913,0
0.65656566,1.96969697,0.0012961841999999946,0
0.66666667,1.96969697,0.0013717424000000422,0
0.67676768,1.96969697,0.0014598932666667341,0
0.68686869,1.96969697,0.00156206339999998,0
0.6969697,1.96969697,0.0016799609333333354,0
0.70707071,1.96969697,0.0018156315333334172,0
0.71717172,1.96969697,0.001971533066666753,0
0.72727273,1.96969697,0.002150626533333422,0
0.73737374,1.96969697,0.002356496400000019,0
0.74747475,1.96969697,0.002593503133333397,0
0.75757576,1.96969697,0.002866982000000129,0
0.76767677,1.96969697,0.0031835069333333577,0
0.77777778,1.96969697,0.0035512381333333565,0
0.78787879,1.96969697,0.003980390933333244,0
0.7979798,1.96969697,0.004483872799999955,0
0.80808081,1.96969697,0.0050781639333333795,0
0.81818182,1.96969697,0.0057845452666668296,0
0.82828283,1.96969697,0.006630851933333348,0
0.83838384,1.96969697,0.007654006400000024,0
0.84848485,1.96969697,0.008903763333333314,0
0.85858586,1.96969697,0.010448357133333364,0
0.86868687,1.96969697,0.012383230466666673,0
0.87878788,1.96969697,0.014844875266666668,0
0.88888889,1.96969697,0.018033413733333337,0
0.8989899,1.96969697,0.022250572666666635,0
0.90909091,1.96969697,0.027965515666666718,0
0.91919192,1.96969697,0.035932015999999956,0
0.92929293,1.96969697,0.04739882266666662,0
0.93939394,1.96969697,0.0644666892000001,0
0.94949495,1.96969697,0.09049389726666668,0
0.95959596,1.96969697,0.1289242334666666,1
0.96969697,1.96969697,0.16823047066666663,1
0.97979798,1.96969697,0.10609768060000002,1
0.98989899,1.96969697,-0.2733388567999999,1
1.0,1.96969697,-0.916735108,1
0.0,2.03030303,1.0,0
0.01010101,2.03030303,0.9135067498666667,0
0.02020202,2.03030303,0.7947271925333333,0
0.03030303,2.03030303,0.6439833113333333,0
0.04040404,2.03030303,0.48226097079999997,0
0.05050505,2.03030303,0.34136951679999994,0
0.06060606,2.03030303,0.23765741146666675,0
0.07070707,2.03030303,0.16777607800000005,0
0.08080808,2.03030303,0.12174727053333334,0
0.09090909,2.03030303,0.09103787413333331,0
0.1010101,2.03030303,0.06998957346666668,0
0.11111111,2.03030303,0.05512019573333338,0
0.12121212,2.03030303,0.04430722146666666,0
0.13131313,2.03030303,0.036236039066666725,0
0.14141414,2.03030303,0.030071489466666712,0
0.15151515,2.03030303,0.025268030000000108,0
0.16161616,2.03030303,0.021459442400000084,0
0.17171717,2.03030303,0.018393528533333425,0
0.18181818,2.03030303,0.01589250260000008,0
0.19191919,2.03030303,0.013828353266666649,0
0.2020202,2.03030303,0.012107128466666728,0
0.21212121,2.03030303,0.010658675666666673,0
0.22222222,2.03030303,0.009429792733333331,0
0.23232323,2.03030303,0.008379561066666597,0
0.24242424,2.03030303,0.0074761073333333705,0
0.25252525,2.03030303,0.006694314466666684,0
0.26262626,2.03030303,0.006014180666666813,0
0.27272727,2.03030303,0.005419624133333412,0
0.28282828,2.03030303,0.0048975992666666635,0
0.29292929,2.03030303,0.0044374392000000595,0
0.3030303,2.03030303,0.004030356400000046,0
0.31313131,2.03030303,0.0036690624666667615,0
0.32323232,2.03030303,0.0033474735333334227,0
0.33333333,2.03030303,0.0030604826666666973,0
0.34343434,2.03030303,0.002803780133333267,0
0.35353535,2.03030303,0.0025737101333332957,0
0.36363636,2.03030303,0.0023671592666666408,0
0.37373737,2.03030303,0.0021814641333333107,0
0.38383838,2.03030303,0.0020143388666666873,0
0.39393939,2.03030303,0.0018638148666667576,0
0.4040404,2.03030303,0.0017281923333334337,0
0.41414141,2.03030303,0.0016060003333333572,0
0.42424242,2.03030303,0.0014959636666667109,0
0.43434343,2.03030303,0.0013969756666666333,0
0.44444444,2.03030303,0.0013080759999999358,0
0.45454545,2.03030303,0.0012284308000001243,0
0.46464646,2.03030303,0.001157318466666779,0
0.47474747,2.03030303,0.0010941158000000728,0
0.48484848,2.03030303,0.0010382874000001152,0
0.49494949,2.03030303,0.0009893769333333413,0
0.50505051,2.03030303,0.0009470000666667033,0
0.51515152,2.03030303,0.0009108378666666805,0
0.52525253,2.03030303,0.0008806338000000302,0
0.53535354,2.03030303,0.0008561884666666852,0
0.54545455,2.03030303,0.0008373588000000209,0
0.55555556,2.03030303,0.0008240557333332177,0
0.56565657,2.03030303,0.0008162453333333541,0
0.57575758,2.03030303,0.0008139475333334145,0
0.58585859,2.03030303,0.0008172402666666301,0
0.5959596,2.03030303,0.0008262600000000786,0
0.60606061,2.03030303,0.0008412083333334541,0
0.61616162,2.03030303,0.0008623566000000027,0
0.62626263,2.03030303,0.000890053066666785,0
0.63636364,2.03030303,0.0009247337333333494,0
0.64646465,2.03030303,0.0009669326000000256,0
0.65656566,2.03030303,0.001017298266666633,0
0.66666667,2.03030303,0.0010766112666666938,0
0.67676768,2.03030303,0.0011458079333334092,0
0.68686869,2.03030303,0.0012260089333333557,0
0.6969697,2.03030303,0.0013185552666666878,0
0.70707071,2.03030303,0.0014250542666667254,0
0.71717172,2.03030303,0.001547435799999941,0
0.72727273,2.03030303,0.0016880262666666423,0
0.73737374,2.03030303,0.0018496414666667738,0
0.74747475,2.03030303,0.0020357069333333255,0
0.75757576,2.03030303,0.0022504152666666943,0
0.76767677,2.03030303,0.0024989332666667252,0
0.77777778,2.03030303,0.002787674800000084,0
0.78787879,2.03030303,0.003124672333333356,0
0.7979798,2.03030303,0.003520077666666732,0
0.80808081,2.03030303,0.003986856999999899,0
0.81818182,2.03030303,0.0045417622666665824,0
0.82828283,2.03030303,0.005206717266666661,0
0.83838384,2.03030303,0.0060108252000000695,0
0.84848485,2.03030303,0.006993342533333391,0
0.85858586,2.03030303,0.0082081774666668,0
0.86868687,2.03030303,0.009730868333333365,0
0.87878788,2.03030303,0.011669711200000044,0
0.88888889,2.03030303,0.01418405866666661,0
0.8989899,2.03030303,0.01751545100000007,0
0.90909091,2.03030303,0.02204258673333337,0
0.91919192,2.03030303,0.028382199399999974,0
0.92929293,2.03030303,0.03758067933333342,0
0.93939394,2.03030303,0.051482393933333315,0
0.94949495,2.03030303,0.07337724400000012,0
0.95959596,2.03030303,0.10842026046666675,1
0.96969697,2.03030303,0.15638789360000005,1
0.97979798,2.03030303,0.14383692533333337,1
0.98989899,2.03030303,-0.20451420480000004,1
1.0,2.03030303,-0.9999967557333334,1
0.0,2.09090909,1.0,0
0.01010101,2.09090909,0.9003125752,0
0.02020202,2.09090909,0.7593428712000001,0
0.03030303,2.09090909,0.5831198576000001,0
0.04040404,2.09090909,0.40874227119999995,0
0.05050505,2.09090909,0.2738240697333334,0
0.06060606,2.09090909,0.1844597865333334,0
0.07070707,2.09090909,0.12826716039999997,0
0.08080808,2.09090909,0.09261971373333333,0
0.09090909,2.09090909,0.06925673386666664,0
0.1010101,2.09090909,0.05335519906666675,0
0.11111111,2.09090909,0.04213753533333342,0
0.12121212,2.09090909,0.03396934399999996,0
0.13131313,2.09090909,0.027856817866666717,0
0.14141414,2.09090909,0.02317427120000004,0
0.15151515,2.09090909,0.019514487066666808,0
0.16161616,2.09090909,0.01660426413333338,0
0.17171717,2.09090909,0.014255242933333356,0
0.18181818,2.09090909,0.012334358133333279,0
0.19191919,2.09090909,0.01074554773333336,0
0.2020202,2.09090909,0.009418109933333252,0
0.21212121,2.09090909,0.008299102199999964,0
0.22222222,2.09090909,0.007348262200000066,0
0.23232323,2.09090909,0.00653454100000006,0
0.24242424,2.09090909,0.005833692333333307,0
0.25252525,2.09090909,0.005226565199999977,0
0.26262626,2.09090909,0.0046978757333333565,0
0.27272727,2.09090909,0.004235310066666553,0
0.28282828,2.09090909,0.0038288620666666606,0
0.29292929,2.09090909,0.0034703349333334854,0
0.3030303,2.09090909,0.0031529662000000513,0
0.31313131,2.09090909,0.0028711386666667726,0
0.32323232,2.09090909,0.002620157933333367,0
0.33333333,2.09090909,0.002396078266666657,0
0.34343434,2.09090909,0.002195565733333349,0
0.35353535,2.09090909,0.002015790399999995,0
0.36363636,2.09090909,0.0018543391999999992,0
0.37373737,2.09090909,0.0017091465999999889,0
0.38383838,2.09090909,0.0015784381333333597,0
0.39393939,2.09090909,0.0014606846666667117,0
0.4040404,2.09090909,0.0013545649999999743,0
0.41414141,2.09090909,0.001258935333333433,0
0.42424242,2.09090909,0.001172803333333361,0
0.43434343,2.09090909,0.001095307266666734,0
0.44444444,2.09090909,0.0010256990666666077,0
0.45454545,2.09090909,0.0009633296000000069,0
0.46464646,2.09090909,0.000907636199999895,0
0.47474747,2.09090909,0.0008581327333333499,0
0.48484848,2.09090909,0.0008144020666667195,0
0.49494949,2.09090909,0.0007760884666667689,0
0.50505051,2.09090909,0.0007428916666667451,0
0.51515152,2.09090909,0.0007145632666667456,0
0.52525253,2.09090909,0.0006909030666666371,0
0.53535354,2.09090909,0.0006717560000000233,0
0.54545455,2.09090909,0.0006570106666666797,0
0.55555556,2.09090909,0.0006465982666665759,0
0.56565657,2.09090909,0.000640492000000048,0
0.57575758,2.09090909,0.0006387090666667428,0
0.58585859,2.09090909,0.0006413102666665838,0
0.5959596,2.09090909,0.0006484040666666635,0
0.60606061,2.09090909,0.0006601485333332935,0
0.61616162,2.09090909,0.0006767571333333722,0
0.62626263,2.09090909,0.0006985035333333389,0
0.63636364,2.09090909,0.0007257297333332913,0
0.64646465,2.09090909,0.0007588559999999189,0
0.65656566,2.09090909,0.0007983910666666816,0
0.66666667,2.09090909,0.000844948000000123,0
0.67676768,2.09090909,0.000899262066666795,0
0.68686869,2.09090909,0.0009622131333333339,0
0.6969697,2.09090909,0.0010348544666667348,0
0.70707071,2.09090909,0.001118447800000033,0
0.71717172,2.09090909,0.0012145088666667414,0
0.72727273,2.09090909,0.0013248648000000474,0
0.73737374,2.09090909,0.001451726533333364,0
0.74747475,2.09090909,0.0015977848000000572,0
0.75757576,2.09090909,0.0017663330666667365,0
0.76767677,2.09090909,0.0019614303333334027,0
0.77777778,2.09090909,0.00218811606666669,0
0.78787879,2.09090909,0.0024527026666667506,0
0.7979798,2.09090909,0.002763169600000004,0
0.80808081,2.09090909,0.003129711400000068,0
0.81818182,2.09090909,0.0035655030666665866,0
0.82828283,2.09090909,0.004087794599999972,0
0.83838384,2.09090909,0.0047194959333333175,0
0.84848485,2.09090909,0.005491531266666683,0
0.85858586,2.09090909,0.006446403933333289,0
0.86868687,2.09090909,0.00764374219999997,0
0.87878788,2.09090909,0.009169174866666685,0
0.88888889,2.09090909,0.011148997599999988,0
0.8989899,2.09090909,0.013775311666666679,0
0.90909091,2.09090909,0.0173509175333334,0
0.91919192,2.09090909,0.022373231666666715,0
0.92929293,2.09090909,0.029698924466666776,0
0.93939394,2.09090909,0.04088133126666671,0
0.94949495,2.09090909,0.05886765866666677,1
0.95959596,2.09090909,0.0891823057333333,1
0.96969697,2.09090909,0.1382369913999999,1
0.97979798,2.09090909,0.16503793006666678,1
0.98989899,2.09090909,-0.13376058559999998,1
1.0,2.09090909,-0.9876870102666667,1
0.0,2.15151515,1.0,0
0.01010101,2.15151515,0.8847998958666666,0
0.02020202,2.15151515,0.7173056018666667,0
0.03030303,2.15151515,0.5152401778666666,0
0.04040404,2.15151515,0.3363055250666668,0
0.05050505,2.15151515,0.21474342560000004,0
0.06060606,2.15151515,0.14143125346666663,0
0.07070707,2.15151515,0.09761664533333336,0
0.08080808,2.15151515,0.07045425640000003,0
0.09090909,2.15151515,0.05280214400000005,0
0.1010101,2.15151515,0.04080514946666669,0
0.11111111,2.15151515,0.03232768000000008,0
0.12121212,2.15151515,0.026136540800000052,0
0.13131313,2.15151515,0.021488104933333307,0
0.14141414,2.15151515,0.017915465066666747,0
0.15151515,2.15151515,0.015114648800000019,0
0.16161616,2.15151515,0.012881332933333378,0
0.17171717,2.15151515,0.0110742661333334,0
0.18181818,2.15151515,0.009593360266666684,0
0.19191919,2.15151515,0.00836613586666668,0
0.2020202,2.15151515,0.007339086400000028,0
0.21212121,2.15151515,0.00647202960000004,0
0.22222222,2.15151515,0.00573432500000004,0
0.23232323,2.15151515,0.005102285400000017,0
0.24242424,2.15151515,0.00455737046666671,0
0.25252525,2.15151515,0.004084905533333294,0
0.26262626,2.15151515,0.003673156333333316,0
0.27272727,2.15151515,0.003312652933333271,0
0.28282828,2.15151515,0.0029956875999999077,0
0.29292929,2.15151515,0.0027159374666666514,0
0.3030303,2.15151515,0.002468178866666615,0
0.31313131,2.15151515,0.0022480678666667586,0
0.32323232,2.15151515,0.0020519701333334694,0
0.33333333,2.15151515,0.0018768277999999805,0
0.34343434,2.15151515,0.001720054800000148,0
0.35353535,2.15151515,0.00157945446666663,0
0.36363636,2.15151515,0.001453151799999941,0
0.37373737,2.15151515,0.001339541133333455,0
0.38383838,2.15151515,0.001237242066666644,0
0.39393939,2.15151515,0.0011450644666666232,0
0.4040404,2.15151515,0.0010619792000000627,0
0.41414141,2.15151515,0.0009870951333332822,0
0.42424242,2.15151515,0.0009196385999999945,0
0.43434343,2.15151515,0.0008589381999999368,0
0.44444444,2.15151515,0.0008044100000000887,0
0.45454545,2.15151515,0.000755547333333384,0
0.46464646,2.15151515,0.0007119112666666982,0
0.47474747,2.15151515,0.0006731221333333703,0
0.48484848,2.15151515,0.000638854533333455,0
0.49494949,2.15151515,0.0006088303333332545,0
0.50505051,2.15151515,0.000582815266666814,0
0.51515152,2.15151515,0.0005606155333333085,0
0.52525253,2.15151515,0.0005420748666666864,0
0.53535354,2.15151515,0.0005270716000000952,0
0.54545455,2.15151515,0.0005155196000000695,0
0.55555556,2.15151515,0.0005073650000000374,0
0.56565657,2.15151515,0.0005025876666667761,0
0.57575758,2.15151515,0.0005012008000000456,0
0.58585859,2.15151515,0.0005032529333333091,0
0.5959596,2.15151515,0.0005088292666666216,0
0.60606061,2.15151515,0.0005180541333333899,0
0.61616162,2.15151515,0.0005310951333333813,0
0.62626263,2.15151515,0.0005481674666667491,0
0.63636364,2.15151515,0.0005695399333333073,0
0.64646465,2.15151515,0.0005955419333333323,0
0.65656566,2.15151515,0.0006265733333333801,0
0.66666667,2.15151515,0.0006631153999999695,0
0.67676768,2.15151515,0.0007057453333333408,0
0.68686869,2.15151515,0.0007551539999999246,0
0.6969697,2.15151515,0.0008121681333334019,0
0.70707071,2.15151515,0.0008777788666667341,0
0.71717172,2.15151515,0.0009531757333333113,0
0.72727273,2.15151515,0.0010397932666668108,0
0.73737374,2.15151515,0.001139367866666685,0
0.74747475,2.15151515,0.001254012333333443,0
0.75757576,2.15151515,0.00138631339999995,0
0.76767677,2.15151515,0.00153945820000001,0
0.77777778,2.15151515,0.0017174057333333437,0
0.78787879,2.15151515,0.0019251144000000942,0
0.7979798,2.15151515,0.002168853666666748,0
0.80808081,2.15151515,0.0024566346666666794,0
0.81818182,2.15151515,0.0027988133333334275,0
0.82828283,2.15151515,0.0032089516666666817,0
0.83838384,2.15151515,0.003705069266666805,0
0.84848485,2.15151515,0.004311499400000085,0
0.85858586,2.15151515,0.0050617072000000984,0
0.86868687,2.15151515,0.006002679399999988,0
0.87878788,2.15151515,0.007201966466666709,0
0.88888889,2.15151515,0.008759355866666763,0
0.8989899,2.15151515,0.01082697806666677,0
0.90909091,2.15151515,0.013645470466666754,0
0.91919192,2.15151515,0.01761235480000012,0
0.92929293,2.15151515,0.023418832666666778,0
0.93939394,2.15151515,0.032340620133333275,0
0.94949495,2.15151515,0.046889691866666694,1
0.95959596,2.15151515,0.07224780153333332,1
0.96969697,2.15151515,0.1177896100000001,1
0.97979798,2.15151515,0.17021482340000005,1
0.98989899,2.15151515,-0.06309596033333337,1
1.0,2.15151515,-0.9239585585333333,1
0.0,2.21212121,1.0,0
0.01010101,2.21212121,0.8664870568,0
0.02020202,2.21212121,0.667763664,0
0.03030303,2.21212121,0.4426817481333334,0
0.04040404,2.21212121,0.2692739694666666,0
0.05050505,2.21212121,0.16571715880000004,0
0.06060606,2.21212121,0.10775464840000004,0
0.07070707,2.21212121,0.07424101546666673,0
0.08080808,2.21212121,0.05370548120000007,0
0.09090909,2.21212121,0.04038752653333333,0
0.1010101,2.21212121,0.031318986800000004,0
0.11111111,2.21212121,0.02488948280000014,0
0.12121212,2.21212121,0.0201767929333333,0
0.13131313,2.21212121,0.01662596093333346,0
0.14141414,2.21212121,0.013888180000000139,0
0.15151515,2.21212121,0.011735788533333347,0
0.16161616,2.21212121,0.01001527026666671,0
0.17171717,2.21212121,0.008620138533333321,0
0.18181818,2.21212121,0.007474687866666718,0
0.19191919,2.21212121,0.006523921733333271,0
0.2020202,2.21212121,0.005727120800000041,0
0.21212121,2.21212121,0.005053623333333368,0
0.22222222,2.21212121,0.0044799912000000885,0
0.23232323,2.21212121,0.003988064266666647,0
0.24242424,2.21212121,0.0035636002000000166,0
0.25252525,2.21212121,0.003195305933333392,0
0.26262626,2.21212121,0.0028741359333332994,0
0.27272727,2.21212121,0.002592779533333367,0
0.28282828,2.21212121,0.002345278466666656,0
0.29292929,2.21212121,0.002126738933333261,0
0.3030303,2.21212121,0.0019331142666667578,0
0.31313131,2.21212121,0.0017610347999998943,0
0.32323232,2.21212121,0.0016076793999999506,0
0.33333333,2.21212121,0.0014706727333333447,0
0.34343434,2.21212121,0.0013480040000000137,0
0.35353535,2.21212121,0.0012379639333334191,0
0.36363636,2.21212121,0.001139093533333413,0
0.37373737,2.21212121,0.0010501412666666932,0
0.38383838,2.21212121,0.0009700321333333539,0
0.39393939,2.21212121,0.0008978378000000786,0
0.4040404,2.21212121,0.0008327556666667402,0
0.41414141,2.21212121,0.0007740903333333105,0
0.42424242,2.21212121,0.0007212381999999185,0
0.43434343,2.21212121,0.0006736742666667572,0
0.44444444,2.21212121,0.0006309432666667947,0
0.45454545,2.21212121,0.0005926488666667673,0
0.46464646,2.21212121,0.0005584484666666389,0
0.47474747,2.21212121,0.0005280454666666268,0
0.48484848,2.21212121,0.0005011849333333984,0
0.49494949,2.21212121,0.00047764959999996304,0
0.50505051,2.21212121,0.00045725693333342754,0
0.51515152,2.21212121,0.00043985479999997246,0
0.52525253,2.21212121,0.0004253213999999561,0
0.53535354,2.21212121,0.00041356166666672856,0
0.54545455,2.21212121,0.0004045082000001532,0
0.55555556,2.21212121,0.0003981191999999911,0
0.56565657,2.21212121,0.00039437906666672795,0
0.57575758,2.21212121,0.0003932983333334583,0
0.58585859,2.21212121,0.0003949152666666844,0
0.5959596,2.21212121,0.0003992971999999817,0
0.60606061,2.21212121,0.00040654153333341547,0
0.61616162,2.21212121,0.0004167799333333333,0
0.62626263,2.21212121,0.0004301816666667513,0
0.63636364,2.21212121,0.0004469574000001142,0
0.64646465,2.21212121,0.00046736626666676884,0
0.65656566,2.21212121,0.0004917218000001222,0
0.66666667,2.21212121,0.0005204020666667031,0
0.67676768,2.21212121,0.0005538598666666728,0
0.68686869,2.21212121,0.0005926378666668564,0
0.6969697,2.21212121,0.000637384866666646,0
0.70707071,2.21212121,0.0006888789333334699,0
0.71717172,2.21212121,0.0007480537999999815,0
0.72727273,2.21212121,0.0008160362666667087,0
0.73737374,2.21212121,0.0008941887333334675,0
0.74747475,2.21212121,0.0009841708000000171,0
0.75757576,2.21212121,0.0010880126000000212,0
0.76767677,2.21212121,0.001208217733333239,0
0.77777778,2.21212121,0.0013478943999999382,0
0.78787879,2.21212121,0.0015109370666667177,0
0.7979798,2.21212121,0.0017022698666667724,0
0.80808081,2.21212121,0.0019281859333333262,0
0.81818182,2.21212121,0.002196821800000026,0
0.82828283,2.21212121,0.0025188346666668027,0
0.83838384,2.21212121,0.0029083884666667448,0
0.84848485,2.21212121,0.003384616266666751,0
0.85858586,2.21212121,0.003973842066666622,0
0.86868687,2.21212121,0.004713047066666642,0
0.87878788,2.21212121,0.0056554368666666965,0
0.88888889,2.21212121,0.006879692533333315,0
0.8989899,2.21212121,0.008505951000000067,0
0.90909091,2.21212121,0.010724683866666695,0
0.91919192,2.21212121,0.01385169740000003,0
0.92929293,2.21212121,0.01843951953333345,0
0.93939394,2.21212121,0.025519520866666756,1
0.94949495,2.21212121,0.03716999206666671,1
0.95959596,2.21212121,0.057925812466666726,1
0.96969697,2.21212121,0.09778257453333339,1
0.97979798,2.21212121,0.1625301193333334,1
0.98989899,2.21212121,0.004529161400000037,1
1.0,2.21212121,-0.9990655798666667,1
0.0,2.27272727,1.0,0
0.01010101,2.27272727,0.8447848284,0
0.02020202,2.27272727,0.6102702142666667,0
0.03030303,2.27272727,0.3691885856000001,0
0.04040404,2.27272727,0.21088370226666675,0
0.05050505,2.27272727,0.12665187546666679,0
0.06060606,2.27272727,0.08194205426666668,0
0.07070707,2.27272727,0.05656281306666677,0
0.08080808,2.27272727,0.04106937866666671,0
0.09090909,2.27272727,0.031002692133333287,0
0.1010101,2.27272727,0.02412272906666668,0
0.11111111,2.27272727,0.01922528373333332,0
0.12121212,2.27272727,0.015621965333333376,0
0.13131313,2.27272727,0.012897857333333373,0
0.14141414,2.27272727,0.010791364933333436,0
0.15151515,2.27272727,0.009131129600000065,0
0.16161616,2.27272727,0.007801174933333321,0
0.17171717,2.27272727,0.006720769466666776,0
0.18181818,2.27272727,0.005832330399999974,0
0.19191919,2.27272727,0.00509390173333335,0
0.2020202,2.27272727,0.004474336000000134,0
0.21212121,2.27272727,0.003950122133333345,0
0.22222222,2.27272727,0.0035032498666667244,0
0.23232323,2.27272727,0.0031197373333333722,0
0.24242424,2.27272727,0.002788600400000063,0
0.25252525,2.27272727,0.002501115866666792,0
0.26262626,2.27272727,0.002250287000000073,0
0.27272727,2.27272727,0.0020304527333333544,0
0.28282828,2.27272727,0.0018369931333332978,0
0.29292929,2.27272727,0.001666110733333337,0
0.3030303,2.27272727,0.0015146615333334612,0
0.31313131,2.27272727,0.001380026466666684,0
0.32323232,2.27272727,0.0012600104000000112,0
0.33333333,2.27272727,0.0011527645333333503,0
0.34343434,2.27272727,0.0010567225333333319,0
0.35353535,2.27272727,0.0009705520666666301,0
0.36363636,2.27272727,0.0008931155333333773,0
0.37373737,2.27272727,0.0008234366666667325,0
0.38383838,2.27272727,0.0007606762000000877,0
0.39393939,2.27272727,0.0007041097333333468,0
0.4040404,2.27272727,0.0006531103333333732,0
0.41414141,2.27272727,0.000607134666666731,0
0.42424242,2.27272727,0.0005657111333333686,0
0.43434343,2.27272727,0.0005284294000000855,0
0.44444444,2.27272727,0.0004949333999999528,0
0.45454545,2.27272727,0.0004649135333334442,0
0.46464646,2.27272727,0.0004381013333334405,0
0.47474747,2.27272727,0.00041426513333342463,0
0.48484848,2.27272727,0.0003932055333333295,0
0.49494949,2.27272727,0.0003747528666666611,0
0.50505051,2.27272727,0.0003587635999999783,0
0.51515152,2.27272727,0.00034511933333336575,0
0.52525253,2.27272727,0.00033372413333332407,0
0.53535354,2.27272727,0.0003245045333333252,0
0.54545455,2.27272727,0.00031740720000006384,0
0.55555556,2.27272727,0.00031239973333341275,0
0.56565657,2.27272727,0.00030947020000005043,0
0.57575758,2.27272727,0.00030862680000010023,0
0.58585859,2.27272727,0.0003098999333334129,0
0.5959596,2.27272727,0.0003133421333332276,0
0.60606061,2.27272727,0.0003190301333334533,0
0.61616162,2.27272727,0.00032706753333333616,0
0.62626263,2.27272727,0.0003375868666667392,0
0.63636364,2.27272727,0.00035075413333340855,0
0.64646465,2.27272727,0.0003667720000000152,0
0.65656566,2.27272727,0.00038588713333331803,0
0.66666667,2.27272727,0.00040839606666664974,0
0.67676768,2.27272727,0.0004346544000000119,0
0.68686869,2.27272727,0.0004650879333333302,0
0.6969697,2.27272727,0.0005002062000000196,0
0.70707071,2.27272727,0.0005406193333333809,0
0.71717172,2.27272727,0.0005870610666666165,0
0.72727273,2.27272727,0.000640415266666583,0
0.73737374,2.27272727,0.0007017522000001275,0
0.74747475,2.27272727,0.000772373799999948,0
0.75757576,2.27272727,0.0008538745999999708,0
0.76767677,2.27272727,0.0009482194666666777,0
0.77777778,2.27272727,0.0010578495999999937,0
0.78787879,2.27272727,0.0011858223333334195,0
0.7979798,2.27272727,0.0013360046666667236,0
0.80808081,2.27272727,0.001513338666666697,0
0.81818182,2.27272727,0.001724215200000101,0
0.82828283,2.27272727,0.0019770058666667145,0
0.83838384,2.27272727,0.0022828393333333974,0
0.84848485,2.27272727,0.002656751200000085,0
0.85858586,2.27272727,0.0031194352666668035,0
0.86868687,2.27272727,0.003699973333333273,0
0.87878788,2.27272727,0.004440228400000135,0
0.88888889,2.27272727,0.005402152866666787,0
0.8989899,2.27272727,0.006680439133333382,0
0.90909091,2.27272727,0.008425450800000123,0
0.91919192,2.27272727,0.010887102333333343,0
0.92929293,2.27272727,0.014504415066666776,0
0.93939394,2.27272727,0.02010290206666676,1
0.94949495,2.27272727,0.0293706367333334,1
0.95959596,2.27272727,0.04612038526666673,1
0.96969697,2.27272727,0.07971516960000002,1
0.97979798,2.27272727,0.14654230700000004,1
0.98989899,2.27272727,0.06525248520000004,1
1.0,2.27272727,-0.9701005169333333,1
0.0,2.33333333,1.0,0
0.01010101,2.33333333,0.8189816753333334,0
0.02020202,2.33333333,0.5452148934666667,0
0.03030303,2.33333333,0.29917862093333336,0
0.04040404,2.33333333,0.1625919338666666,0
0.05050505,2.33333333,0.09637689066666677,0
0.06060606,2.33333333,0.062377722933333324,0
0.07070707,2.33333333,0.04322580186666669,0
0.08080808,2.33333333,0.03151892133333334,0
0.09090909,2.33333333,0.02388219200000008,0
0.1010101,2.33333333,0.018639841066666718,0
0.11111111,2.33333333,0.01489277813333334,0
0.12121212,2.33333333,0.012125984400000123,0
0.13131313,2.33333333,0.010027922933333322,0
0.14141414,2.33333333,0.008401382400000101,0
0.15151515,2.33333333,0.007116663866666761,0
0.16161616,2.33333333,0.006085659066666693,0
0.17171717,2.33333333,0.0052468296000001136,0
0.18181818,2.33333333,0.004556149466666604,0
0.19191919,2.33333333,0.003981454800000117,0
0.2020202,2.33333333,0.0034988112000000626,0
0.21212121,2.33333333,0.0030901150666666766,0
0.22222222,2.33333333,0.002741472000000078,0
0.23232323,2.33333333,0.002442078533333336,0
0.24242424,2.33333333,0.002183435066666739,0
0.25252525,2.33333333,0.0019587828000000584,0
0.26262626,2.33333333,0.001762694533333331,0
0.27272727,2.33333333,0.0015907744000001056,0
0.28282828,2.33333333,0.0014394321333334181,0
0.29292929,2.33333333,0.001305713533333419,0
0.3030303,2.33333333,0.0011871720666667418,0
0.31313131,2.33333333,0.0010817675333333332,0
0.32323232,2.33333333,0.0009877894000001053,0
0.33333333,2.33333333,0.000903795533333418,0
0.34343434,2.33333333,0.0008285642000001037,0
0.35353535,2.33333333,0.0007610554666666047,0
0.36363636,2.33333333,0.0007003813333333886,0
0.37373737,2.33333333,0.0006457793333333184,0
0.38383838,2.33333333,0.0005965932666666118,0
0.39393939,2.33333333,0.000552257400000089,0
0.4040404,2.33333333,0.0005122813333334753,0
0.41414141,2.33333333,0.00047624046666683295,0
0.42424242,2.33333333,0.0004437656000000345,0
0.43434343,2.33333333,0.0004145360666667486,0
0.44444444,2.33333333,0.0003882732000000111,0
0.45454545,2.33333333,0.0003647347333334272,0
0.46464646,2.33333333,0.0003437104666668134,0
0.47474747,2.33333333,0.00032501913333338184,0
0.48484848,2.33333333,0.00030850473333332573,0
0.49494949,2.33333333,0.00029403413333339845,0
0.50505051,2.33333333,0.0002814952666666537,0
0.51515152,2.33333333,0.0002707952666667346,0
0.52525253,2.33333333,0.0002618594000000085,0
0.53535354,2.33333333,0.0002546297333333447,0
0.54545455,2.33333333,0.00024906459999995967,0
0.55555556,2.33333333,0.00024513893333344416,0
0.56565657,2.33333333,0.00024284346666669787,0
0.57575758,2.33333333,0.0002421845333333561,0
0.58585859,2.33333333,0.00024318613333340622,0
0.5959596,2.33333333,0.00024588926666668787,0
0.60606061,2.33333333,0.0002503549333332522,0
0.61616162,2.33333333,0.00025666400000001754,0
0.62626263,2.33333333,0.00026492066666672365,0
0.63636364,2.33333333,0.0002752547999999022,0
0.64646465,2.33333333,0.0002878262000001186,0
0.65656566,2.33333333,0.00030282786666668837,0
0.66666667,2.33333333,0.0003204930000000328,0
0.67676768,2.33333333,0.00034110053333336054,0
0.68686869,2.33333333,0.0003649843999999902,0
0.6969697,2.33333333,0.00039254520000009396,0
0.70707071,2.33333333,0.000424261066666598,0
0.71717172,2.33333333,0.000460708600000026,0
0.72727273,2.33333333,0.0005025812000000185,0
0.73737374,2.33333333,0.0005507188000001273,0
0.74747475,2.33333333,0.0006061439333334695,0
0.75757576,2.33333333,0.0006701076000000805,0
0.76767677,2.33333333,0.0007441527999999531,0
0.77777778,2.33333333,0.0008301957333334276,0
0.78787879,2.33333333,0.0009306367333332677,0
0.7979798,2.33333333,0.0010485117333333127,0
0.80808081,2.33333333,0.0011877016666667073,0
0.81818182,2.33333333,0.0013532243333332916,0
0.82828283,2.33333333,0.0015516548666666408,0
0.83838384,2.33333333,0.0017917337333334116,0
0.84848485,2.33333333,0.002085273000000054,0
0.85858586,2.33333333,0.002448531666666698,0
0.86868687,2.33333333,0.0029043674000001074,0
0.87878788,2.33333333,0.003485694466666689,0
0.88888889,2.33333333,0.004241246466666682,0
0.8989899,2.33333333,0.005245564466666686,0
0.90909091,2.33333333,0.00661713900000005,0
0.91919192,2.33333333,0.008553230266666656,0
0.92929293,2.33333333,0.0114012959333335,1
0.93939394,2.33333333,0.01581781399999993,1
0.94949495,2.33333333,0.023157974199999987,1
0.95959596,2.33333333,0.03655002406666663,1
0.96969697,2.33333333,0.064185767,1
0.97979798,2.33333333,0.12666887640000002,1
0.98989899,2.33333333,0.11476122286666673,1
1.0,2.33333333,-0.9887156665333333,1
0.0,2.39393939,1.0,0
0.01010101,2.39393939,0.7882402142666667,0
0.02020202,2.39393939,0.4742855964,0
0.03030303,2.39393939,0.23652057960000006,0
0.04040404,2.39393939,0.12420464173333334,0
0.05050505,2.39393939,0.07330077786666667,0
0.06060606,2.39393939,0.047612750400000126,0
0.07070707,2.39393939,0.033150897866666695,0
0.08080808,2.39393939,0.02427465493333336,0
0.09090909,2.39393939,0.018456103066666674,0
0.1010101,2.39393939,0.014443831066666801,0
0.11111111,2.39393939,0.011564918000000146,0
0.12121212,2.39393939,0.009432331733333355,0
0.13131313,2.39393939,0.007810907600000028,0
0.14141414,2.39393939,0.0065511398666666665,0
0.15151515,2.39393939,0.005554318000000058,0
0.16161616,2.39393939,0.004753152400000071,0
0.17171717,2.39393939,0.00410050119999994,0
0.18181818,2.39393939,0.003562548400000032,0
0.19191919,2.39393939,0.0031145321333333476,0
0.2020202,2.39393939,0.0027379886666667463,0
0.21212121,2.39393939,0.0024189274666666094,0
0.22222222,2.39393939,0.0021465949333333567,0
0.23232323,2.39393939,0.0019126178666666327,0
0.24242424,2.39393939,0.0017104010666666447,0
0.25252525,2.39393939,0.0015346943999999807,0
0.26262626,2.39393939,0.0013812784000000189,0
0.27272727,2.39393939,0.0012467324000000612,0
0.28282828,2.39393939,0.0011282606666667139,0
0.29292929,2.39393939,0.0010235616000000558,0
0.3030303,2.39393939,0.0009307271999999811,0
0.31313131,2.39393939,0.0008481657999999115,0
0.32323232,2.39393939,0.0007745430000001274,0
0.33333333,2.39393939,0.000708732466666695,0
0.34343434,2.39393939,0.0006497800666667164,0
0.35353535,2.39393939,0.0005968732666666865,0
0.36363636,2.39393939,0.0005493176666666599,0
0.37373737,2.39393939,0.0005065170666667118,0
0.38383838,2.39393939,0.00046795906666674547,0
0.39393939,2.39393939,0.00043320040000005555,0
0.4040404,2.39393939,0.0004018575333333274,0
0.41414141,2.39393939,0.0003735984666666248,0
0.42424242,2.39393939,0.0003481338666667666,0
0.43434343,2.39393939,0.00032521320000011844,0
0.44444444,2.39393939,0.0003046178000000177,0
0.45454545,2.39393939,0.00028615800000009184,0
0.46464646,2.39393939,0.00026966966666674974,0
0.47474747,2.39393939,0.0002550105333333219,0
0.48484848,2.39393939,0.00024205833333335036,0
0.49494949,2.39393939,0.00023070886666665125,0
0.50505051,2.39393939,0.00022087433333339845,0
0.51515152,2.39393939,0.00021248233333337474,0
0.52525253,2.39393939,0.00020547373333346108,0
0.53535354,2.39393939,0.00019980353333337586,0
0.54545455,2.39393939,0.0001954392666667637,0
0.55555556,2.39393939,0.000192361266666774,0
0.56565657,2.39393939,0.00019056166666675534,0
0.57575758,2.39393939,0.00019004646666664904,0
0.58585859,2.39393939,0.00019083399999997308,0
0.5959596,2.39393939,0.0001929567333334159,0
0.60606061,2.39393939,0.00019646233333336927,0
0.61616162,2.39393939,0.0002014142666667551,0
0.62626263,2.39393939,0.00020789446666669154,0
0.63636364,2.39393939,0.0002160050000000746,0
0.64646465,2.39393939,0.00022587100000004412,0
0.65656566,2.39393939,0.00023764433333339774,0
0.66666667,2.39393939,0.00025150753333347264,0
0.67676768,2.39393939,0.000267679866666759,0
0.68686869,2.39393939,0.00028642366666675745,0
0.6969697,2.39393939,0.0003080523999999807,0
0.70707071,2.39393939,0.00033294266666672456,0
0.71717172,2.39393939,0.00036154606666660705,0
0.72727273,2.39393939,0.0003944070666667132,0
0.73737374,2.39393939,0.00043218506666675705,0
0.74747475,2.39393939,0.00047568220000004935,0
0.75757576,2.39393939,0.0005258810000000613,0
0.76767677,2.39393939,0.0005839924000000662,0
0.77777778,2.39393939,0.0006515207333334105,0
0.78787879,2.39393939,0.000730349733333413,0
0.7979798,2.39393939,0.0008228634000001511,0
0.80808081,2.39393939,0.0009321080666667703,0
0.81818182,2.39393939,0.0010620236666667449,0
0.82828283,2.39393939,0.0012177724666667666,0
0.83838384,2.39393939,0.001406218666666792,0
0.84848485,2.39393939,0.0016366382666667123,0
0.85858586,2.39393939,0.0019218032000000163,0
0.86868687,2.39393939,0.00227967046666655,0
0.87878788,2.39393939,0.0027361053333332386,0
0.88888889,2.39393939,0.0033294178666667396,0
0.8989899,2.39393939,0.004118234933333409,0
0.90909091,2.39393939,0.005195817000000047,0
0.91919192,2.39393939,0.006717593599999905,1
0.92929293,2.39393939,0.008957836800000063,1
0.93939394,2.39393939,0.012436394199999978,1
0.94949495,2.39393939,0.018233058799999924,1
0.95959596,2.39393939,0.02887539793333338,1
0.96969697,2.39393939,0.051250928666666695,1
0.97979798,2.39393939,0.10622217993333338,1
0.98989899,2.39393939,0.14934427113333337,1
1.0,2.39393939,-0.9203363429333333,1
0.0,2.45454545,1.0,0
0.01010101,2.45454545,0.7516214752000001,0
0.02020202,2.45454545,0.4006673072,0
0.03030303,2.45454545,0.18352131813333328,0
0.04040404,2.45454545,0.09450079066666672,0
0.05050505,2.45454545,0.05585311813333327,0
0.06060606,2.45454545,0.0364678494666667,0
0.07070707,2.45454545,0.02551474000000009,0
0.08080808,2.45454545,0.018755813333333426,0
0.09090909,2.45454545,0.014302875866666787,0
0.1010101,2.45454545,0.011219277333333277,0
0.11111111,2.45454545,0.008999089466666721,0
0.12121212,2.45454545,0.007349890400000003,0
0.13131313,2.45454545,0.006093174666666701,0
0.14141414,2.45454545,0.005114986666666765,0
0.15151515,2.45454545,0.004339816266666796,0
0.16161616,2.45454545,0.003716029200000026,0
0.17171717,2.45454545,0.0032073552000000394,0
0.18181818,2.45454545,0.0027877171999999284,0
0.19191919,2.45454545,0.002437982666666727,0
0.2020202,2.45454545,0.00214386133333333,0
0.21212121,2.45454545,0.0018945090666666609,0
0.22222222,2.45454545,0.001681579866666727,0
0.23232323,2.45454545,0.0014985685333334109,0
0.24242424,2.45454545,0.0013403456000000702,0
0.25252525,2.45454545,0.0012028246666666575,0
0.26262626,2.45454545,0.001082719066666682,0
0.27272727,2.45454545,0.0009773622666666704,0
0.28282828,2.45454545,0.0008845737333333936,0
0.29292929,2.45454545,0.0008025576000000312,0
0.3030303,2.45454545,0.0007298241333333344,0
0.31313131,2.45454545,0.0006651304000000469,0
0.32323232,2.45454545,0.0006074333333334625,0
0.33333333,2.45454545,0.000555852800000034,0
0.34343434,2.45454545,0.0005096427333333153,0
0.35353535,2.45454545,0.00046816780000003,0
0.36363636,2.45454545,0.0004308848666666476,0
0.37373737,2.45454545,0.00039732739999998046,0
0.38383838,2.45454545,0.0003670942000000288,0
0.39393939,2.45454545,0.000339838466666631,0
0.4040404,2.45454545,0.00031525973333335067,0
0.41414141,2.45454545,0.00029309840000002474,0
0.42424242,2.45454545,0.00027312773333343365,0
0.43434343,2.45454545,0.00025515113333329786,0
0.44444444,2.45454545,0.00023899793333326258,0
0.45454545,2.45454545,0.00022451920000010617,0
0.46464646,2.45454545,0.0002115865333333078,0
0.47474747,2.45454545,0.00020008820000005922,0
0.48484848,2.45454545,0.0001899286666667832,0
0.49494949,2.45454545,0.0001810262000000451,0
0.50505051,2.45454545,0.00017331199999992553,0
0.51515152,2.45454545,0.00016672926666672083,0
0.52525253,2.45454545,0.0001612318000000501,0
0.53535354,2.45454545,0.00015678420000009297,0
0.54545455,2.45454545,0.00015336126666665173,0
0.55555556,2.45454545,0.00015094706666674007,0
0.56565657,2.45454545,0.00014953633333336658,0
0.57575758,2.45454545,0.00014913313333342337,0
0.58585859,2.45454545,0.00014975186666665863,0
0.5959596,2.45454545,0.00015141860000011942,0
0.60606061,2.45454545,0.0001541701333334089,0
0.61616162,2.45454545,0.00015805699999993372,0
0.62626263,2.45454545,0.0001631428000000712,0
0.63636364,2.45454545,0.00016950786666669604,0
0.64646465,2.45454545,0.00017725060000006732,0
0.65656566,2.45454545,0.0001864900666667113,0
0.66666667,2.45454545,0.00019736953333338025,0
0.67676768,2.45454545,0.00021006100000009464,0
0.68686869,2.45454545,0.00022477053333347374,0
0.6969697,2.45454545,0.00024174413333333256,0
0.70707071,2.45454545,0.00026127720000002075,0
0.71717172,2.45454545,0.0002837242000001128,0
0.72727273,2.45454545,0.0003095124000001004,0
0.73737374,2.45454545,0.00033915960000008294,0
0.74747475,2.45454545,0.0003732954000000843,0
0.75757576,2.45454545,0.00041269073333349837,0
0.76767677,2.45454545,0.00045829606666669687,0
0.77777778,2.45454545,0.0005112919333332133,0
0.78787879,2.45454545,0.0005731576666666571,0
0.7979798,2.45454545,0.0006457638666665932,0
0.80808081,2.45454545,0.0007315023333333004,0
0.81818182,2.45454545,0.0008334657333333162,0
0.82828283,2.45454545,0.0009557074000000609,0
0.83838384,2.45454545,0.0011036159333334128,0
0.84848485,2.45454545,0.001284475466666768,0
0.85858586,2.45454545,0.0015083151333332712,0
0.86868687,2.45454545,0.0017892386666666926,0
0.87878788,2.45454545,0.002147564333333407,0
0.88888889,2.45454545,0.0026133943333334075,0
0.8989899,2.45454545,0.0032328102000001024,0
0.90909091,2.45454545,0.0040791537333334515,1
0.91919192,2.45454545,0.005274750066666667,1
0.92929293,2.45454545,0.007035720466666673,1
0.93939394,2.45454545,0.009772566000000094,1
0.94949495,2.45454545,0.014341438533333362,1
0.95959596,2.45454545,0.022764652466666813,1
0.96969697,2.45454545,0.04069370120000004,1
0.97979798,2.45454545,0.08720241126666672,1
0.98989899,2.45454545,0.16725636100000008,1
1.0,2.45454545,-0.9188547764,1
0.0,2.51515152,1.0,0
0.01010101,2.51515152,0.7081660072,0
0.02020202,2.51515152,0.32862151773333337,0
0.03030303,2.51515152,0.14068640133333332,0
0.04040404,2.51515152,0.0718788214666668,0
0.05050505,2.51515152,0.04269017533333341,0
0.06060606,2.51515152,0.028032198133333353,0
0.07070707,2.51515152,0.019702325999999992,0
0.08080808,2.51515152,0.014532749466666717,0
0.09090909,2.51515152,0.011110719466666641,0
0.1010101,2.51515152,0.008732058666666709,0
0.11111111,2.51515152,0.007014333733333267,0
0.12121212,2.51515152,0.005735378800000079,0
0.13131313,2.51515152,0.00475897440000006,0
0.14141414,2.51515152,0.003997830799999935,0
0.15151515,2.51515152,0.0033939233333333263,0
0.16161616,2.51515152,0.002907467733333391,0
0.17171717,2.51515152,0.0025104542666667395,0
0.18181818,2.51515152,0.002182706666666756,0
0.19191919,2.51515152,0.0019093969333334737,0
0.2020202,2.51515152,0.001679434666666757,0
0.21212121,2.51515152,0.0014843941333333444,0
0.22222222,2.51515152,0.0013177834666667776,0
0.23232323,2.51515152,0.0011745381333334581,0
0.24242424,2.51515152,0.0010506617333334578,0
0.25252525,2.51515152,0.0009429682666666217,0
0.26262626,2.51515152,0.0008488934666667225,0
0.27272727,2.51515152,0.0007663560000000791,0
0.28282828,2.51515152,0.0006936533333332662,0
0.29292929,2.51515152,0.0006293818666667228,0
0.3030303,2.51515152,0.0005723776000000624,0
0.31313131,2.51515152,0.0005216689333333857,0
0.32323232,2.51515152,0.00047643986666678906,0
0.33333333,2.51515152,0.0004360020000000464,0
0.34343434,2.51515152,0.00039977160000004286,0
0.35353535,2.51515152,0.0003672513333333738,0
0.36363636,2.51515152,0.0003380161333333964,0
0.37373737,2.51515152,0.0003117006000000755,0
0.38383838,2.51515152,0.0002879907333332987,0
0.39393939,2.51515152,0.0002666148666666812,0
0.4040404,2.51515152,0.00024733806666676905,0
0.41414141,2.51515152,0.00022995619999999217,0
0.42424242,2.51515152,0.00021429206666678802,0
0.43434343,2.51515152,0.0002001914666667215,0
0.44444444,2.51515152,0.00018752093333329611,0
0.45454545,2.51515152,0.00017616373333328994,0
0.46464646,2.51515152,0.00016601860000009516,0
0.47474747,2.51515152,0.00015699886666664664,0
0.48484848,2.51515152,0.00014902893333346157,0
0.49494949,2.51515152,0.00014204546666674034,0
0.50505051,2.51515152,0.0001359937999999561,0
0.51515152,2.51515152,0.0001308297333334485,0
0.52525253,2.51515152,0.00012651713333333703,0
0.53535354,2.51515152,0.00012302826666665823,0
0.54545455,2.51515152,0.00012034326666665596,0
0.55555556,2.51515152,0.00011844980000008665,0
0.56565657,2.51515152,0.00011734340000002508,0
0.57575758,2.51515152,0.00011702780000000246,0
0.58585859,2.51515152,0.00011751400000004075,0
0.5959596,2.51515152,0.00011882226666670714,0
0.60606061,2.51515152,0.00012098200000010273,0
0.61616162,2.51515152,0.00012403253333326258,0
0.62626263,2.51515152,0.00012802386666666,0
0.63636364,2.51515152,0.00013301899999995648,0
0.64646465,2.51515152,0.0001390954000001221,0
0.65656566,2.51515152,0.00014634620000009146,0
0.66666667,2.51515152,0.0001548839333332941,0
0.67676768,2.51515152,0.0001648437333333641,0
0.68686869,2.51515152,0.00017638706666678328,0
0.6969697,2.51515152,0.00018970733333334433,0
0.70707071,2.51515152,0.00020503606666666396,0
0.71717172,2.51515152,0.0002226515333333401,0
0.72727273,2.51515152,0.00024288926666671262,0
0.73737374,2.51515152,0.0002661551999999512,0
0.74747475,2.51515152,0.00029294380000011166,0
0.75757576,2.51515152,0.000323860133333298,0
0.76767677,2.51515152,0.00035965000000004466,0
0.77777778,2.51515152,0.00040124019999998595,0
0.78787879,2.51515152,0.0004497916000000268,0
0.7979798,2.51515152,0.000506772666666766,0
0.80808081,2.51515152,0.0005740607333334369,0
0.81818182,2.51515152,0.0006540835333332939,0
0.82828283,2.51515152,0.0007500223999999944,0
0.83838384,2.51515152,0.0008661082666667763,0
0.84848485,2.51515152,0.0010080592666665833,0
0.85858586,2.51515152,0.0011837500666667111,0
0.86868687,2.51515152,0.0014042554666666707,0
0.87878788,2.51515152,0.001685532133333445,0
0.88888889,2.51515152,0.002051224600000068,0
0.8989899,2.51515152,0.002537538400000039,0
0.90909091,2.51515152,0.0032021168000000433,1
0.91919192,2.51515152,0.004141154133333269,1
0.92929293,2.51515152,0.005524746133333425,1
0.93939394,2.51515152,0.0076764395999999735,1
0.94949495,2.51515152,0.011272873066666689,1
0.95959596,2.51515152,0.017921871933333278,1
0.96969697,2.51515152,0.032190140466666795,1
0.97979798,2.51515152,0.07054892039999994,1
0.98989899,2.51515152,0.16958410320000006,1
1.0,2.51515152,-0.919872104,1
0.0,2.57575758,1.0,0
0.01010101,2.57575758,0.6570740305333334,0
0.02020202,2.57575758,0.2624082206666667,0
0.03030303,2.57575758,0.10717886973333335,0
0.04040404,2.57575758,0.05478009213333335,0
0.05050505,2.57575758,0.032745587333333326,0
0.06060606,2.57575758,0.021621430133333397,0
0.07070707,2.57575758,0.015258349733333398,0
0.08080808,2.57575758,0.011287726666666664,0
0.09090909,2.57575758,0.008648165466666802,0
0.1010101,2.57575758,0.0068074233333333956,0
0.11111111,2.57575758,0.005474820266666791,0
0.12121212,2.57575758,0.004480680266666814,0
0.13131313,2.57575758,0.0037205510666666886,0
0.14141414,2.57575758,0.003127277599999978,0
0.15151515,2.57575758,0.0026560978666666513,0
0.16161616,2.57575758,0.002276250800000046,0
0.17171717,2.57575758,0.0019660389333333583,0
0.18181818,2.57575758,0.0017098076000000573,0
0.19191919,2.57575758,0.0014960366666667557,0
0.2020202,2.57575758,0.0013160999999999312,0
0.21212121,2.57575758,0.0011634374666666947,0
0.22222222,2.57575758,0.0010329904000000445,0
0.23232323,2.57575758,0.0009208096000000721,0
0.24242424,2.57575758,0.0008237766666667756,0
0.25252525,2.57575758,0.0007394042666666323,0
0.26262626,2.57575758,0.0006656894666667856,0
0.27272727,2.57575758,0.0006010058666666707,0
0.28282828,2.57575758,0.000544022400000066,0
0.29292929,2.57575758,0.0004936417333334386,0
0.3030303,2.57575758,0.00044895320000004624,0
0.31313131,2.57575758,0.0004091966666667224,0
0.32323232,2.57575758,0.00037373333333334813,0
0.33333333,2.57575758,0.00034202466666666265,0
0.34343434,2.57575758,0.0003136133333334623,0
0.35353535,2.57575758,0.0002881100000000636,0
0.36363636,2.57575758,0.0002651817333333417,0
0.37373737,2.57575758,0.0002445425333332807,0
0.38383838,2.57575758,0.0002259460000000324,0
0.39393939,2.57575758,0.00020917939999998136,0
0.4040404,2.57575758,0.00019405873333333545,0
0.41414141,2.57575758,0.0001804242000000844,0
0.42424242,2.57575758,0.00016813673333337942,0
0.43434343,2.57575758,0.00015707553333332847,0
0.44444444,2.57575758,0.0001471359333333755,0
0.45454545,2.57575758,0.00013822633333337997,0
0.46464646,2.57575758,0.00013026746666677802,0
0.47474747,2.57575758,0.0001231913333333834,0
0.48484848,2.57575758,0.0001169389333333104,0
0.49494949,2.57575758,0.00011145993333339099,0
0.50505051,2.57575758,0.00010671246666660306,0
0.51515152,2.57575758,0.00010266106666678709,0
0.52525253,2.57575758,9.92778666667471e-05,0
0.53535354,2.57575758,9.654073333342783e-05,0
0.54545455,2.57575758,9.443426666677635e-05,0
0.55555556,2.57575758,9.294900000000883e-05,0
0.56565657,2.57575758,9.208133333338253e-05,0
0.57575758,2.57575758,9.183386666666848e-05,0
0.58585859,2.57575758,9.221606666676152e-05,0
0.5959596,2.57575758,9.324313333336498e-05,0
0.60606061,2.57575758,9.493799999993335e-05,0
0.61616162,2.57575758,9.733193333338885e-05,0
0.62626263,2.57575758,0.00010046453333323324,0
0.63636364,2.57575758,0.00010438466666673474,0
0.64646465,2.57575758,0.00010915313333337284,0
0.65656566,2.57575758,0.00011484306666675881,0
0.66666667,2.57575758,0.00012154326666669046,0
0.67676768,2.57575758,0.0001293592000000121,0
0.68686869,2.57575758,0.0001384178000001235,0
0.6969697,2.57575758,0.00014887073333347267,0
0.70707071,2.57575758,0.000160899866666675,0
0.71717172,2.57575758,0.0001747238666666151,0
0.72727273,2.57575758,0.0001906054666666046,0
0.73737374,2.57575758,0.00020886353333327,0
0.74747475,2.57575758,0.00022988613333330132,0
0.75757576,2.57575758,0.00025414779999999304,0
0.76767677,2.57575758,0.0002822345333333143,0
0.77777778,2.57575758,0.00031487326666668203,0
0.78787879,2.57575758,0.0003529752000001052,0
0.7979798,2.57575758,0.0003976929333333601,0
0.80808081,2.57575758,0.00045049953333342607,0
0.81818182,2.57575758,0.0005133011333333659,0
0.82828283,2.57575758,0.0005885946000001585,0
0.83838384,2.57575758,0.0006797012000000491,0
0.84848485,2.57575758,0.000791109333333373,0
0.85858586,2.57575758,0.0009290014666667457,0
0.86868687,2.57575758,0.0011020720666667927,0
0.87878788,2.57575758,0.001322850533333364,0
0.88888889,2.57575758,0.0016099044666667561,0
0.8989899,2.57575758,0.0019916714000000058,1
0.90909091,2.57575758,0.002513437400000096,1
0.91919192,2.57575758,0.00325080473333339,1
0.92929293,2.57575758,0.00433753580000007,1
0.93939394,2.57575758,0.006028317733333344,1
0.94949495,2.57575758,0.008856763399999967,1
0.95959596,2.57575758,0.014095859733333382,1
0.96969697,2.57575758,0.025399682666666812,1
0.97979798,2.57575758,0.05651236093333345,1
0.98989899,2.57575758,0.15988856733333323,1
1.0,2.57575758,-0.9862990928,1
0.0,2.63636364,1.0,0
0.01010101,2.63636364,0.5980257037333334,0
0.02020202,2.63636364,0.20508731693333337,0
0.03030303,2.63636364,0.08150377266666664,0
0.04040404,2.63636364,0.0418803484000001,0
0.05050505,2.63636364,0.025206821333333407,0
0.06060606,2.63636364,0.016727806133333356,0
0.07070707,2.63636364,0.011846203333333416,0
0.08080808,2.63636364,0.008784935866666732,0
0.09090909,2.63636364,0.006742402133333325,0
0.1010101,2.63636364,0.005314098133333278,0
0.11111111,2.63636364,0.004277932666666651,0
0.12121212,2.63636364,0.003503706000000051,0
0.13131313,2.63636364,0.0029109870666665927,0
0.14141414,2.63636364,0.0024479194666666704,0
0.15151515,2.63636364,0.00207985799999999,0
0.16161616,2.63636364,0.0017829499999999499,0
0.17171717,2.63636364,0.0015403441333332601,0
0.18181818,2.63636364,0.001339866399999945,0
0.19191919,2.63636364,0.0011725488000000617,0
0.2020202,2.63636364,0.0010316694666666626,0
0.21212121,2.63636364,0.000912112399999998,0
0.22222222,2.63636364,0.0008099302666666475,0
0.23232323,2.63636364,0.0007220396000000573,0
0.24242424,2.63636364,0.0006460040000000333,0
0.25252525,2.63636364,0.000579879600000055,0
0.26262626,2.63636364,0.0005221004000000029,0
0.27272727,2.63636364,0.0004713942666667581,0
0.28282828,2.63636364,0.00042671999999999155,0
0.29292929,2.63636364,0.00038721880000003317,0
0.3030303,2.63636364,0.0003521778666666364,0
0.31313131,2.63636364,0.0003210018666667258,0
0.32323232,2.63636364,0.0002931909333334648,0
0.33333333,2.63636364,0.0002683230666666869,0
0.34343434,2.63636364,0.0002460399999999474,0
0.35353535,2.63636364,0.00022603693333334007,0
0.36363636,2.63636364,0.0002080528000000248,0
0.37373737,2.63636364,0.0001918634666666641,0
0.38383838,2.63636364,0.0001772760000000595,0
0.39393939,2.63636364,0.00016412373333341002,0
0.4040404,2.63636364,0.00015226213333341398,0
0.41414141,2.63636364,0.00014156613333327073,0
0.42424242,2.63636364,0.00013192633333325432,0
0.43434343,2.63636364,0.0001232488666667031,0
0.44444444,2.63636364,0.00011545086666664428,0
0.45454545,2.63636364,0.00010846099999994863,0
0.46464646,2.63636364,0.00010221700000001555,0
0.47474747,2.63636364,9.666539999997337e-05,0
0.48484848,2.63636364,9.176006666666847e-05,0
0.49494949,2.63636364,8.746146666671617e-05,0
0.50505051,2.63636364,8.373666666672275e-05,0
0.51515152,2.63636364,8.05581333332972e-05,0
0.52525253,2.63636364,7.790366666671211e-05,0
0.53535354,2.63636364,7.57563333333433e-05,0
0.54545455,2.63636364,7.41036000001527e-05,0
0.55555556,2.63636364,7.293853333345535e-05,0
0.56565657,2.63636364,7.225793333331954e-05,0
0.57575758,2.63636364,7.206400000014934e-05,0
0.58585859,2.63636364,7.236406666677464e-05,0
0.5959596,2.63636364,7.31702666666445e-05,0
0.60606061,2.63636364,7.45005333332438e-05,0
0.61616162,2.63636364,7.637940000004839e-05,0
0.62626263,2.63636364,7.883746666670355e-05,0
0.63636364,2.63636364,8.191400000001625e-05,0
0.64646465,2.63636364,8.565606666677272e-05,0
0.65656566,2.63636364,9.01212666667428e-05,0
0.66666667,2.63636364,9.537906666667872e-05,0
0.67676768,2.63636364,0.0001015127333333643,0
0.68686869,2.63636364,0.00010862133333333635,0
0.6969697,2.63636364,0.00011682439999993743,0
0.70707071,2.63636364,0.00012626406666671475,0
0.71717172,2.63636364,0.00013711226666679455,0
0.72727273,2.63636364,0.00014957520000002944,0
0.73737374,2.63636364,0.00016390320000003733,0
0.74747475,2.63636364,0.00018040073333336348,0
0.75757576,2.63636364,0.00019944046666664494,0
0.76767677,2.63636364,0.00022148140000000094,0
0.77777778,2.63636364,0.0002470950666667582,0
0.78787879,2.63636364,0.00027699600000008484,0
0.7979798,2.63636364,0.0003120889333334542,0
0.80808081,2.63636364,0.00035353013333327965,0
0.81818182,2.63636364,0.00040281559999999494,0
0.82828283,2.63636364,0.00046190520000011226,0
0.83838384,2.63636364,0.0005334052666666755,0
0.84848485,2.63636364,0.000620839666666706,0
0.85858586,2.63636364,0.0007290609333333586,0
0.86868687,2.63636364,0.0008648948000000711,0
0.87878788,2.63636364,0.0010381773333334454,1
0.88888889,2.63636364,0.001263487533333274,1
0.8989899,2.63636364,0.00156315566666676,1
0.90909091,2.63636364,0.0019727498666667342,1
0.91919192,2.63636364,0.0025516642666667533,1
0.92929293,2.63636364,0.003405028800000043,1
0.93939394,2.63636364,0.004733151133333391,1
0.94949495,2.63636364,0.006956238133333348,1
0.95959596,2.63636364,0.011079400133333417,1
0.96969697,2.63636364,0.0200079100666668,1
0.97979798,2.63636364,0.04496759893333335,1
0.98989899,2.63636364,0.1428126873333334,1
1.0,2.63636364,-0.9914016128,1
0.0,2.6969697,1.0,0
0.01010101,2.6969697,0.5316327972000001,0
0.02020202,2.6969697,0.15791544999999996,0
0.03030303,2.6969697,0.06204648613333341,0
0.04040404,2.6969697,0.032132718133333404,0
0.05050505,2.6969697,0.01946735799999999,0
0.06060606,2.6969697,0.012976005733333351,0
0.07070707,2.6969697,0.009216293600000092,0
0.08080808,2.6969697,0.006848393066666736,0
0.09090909,2.6969697,0.005263581200000145,0
0.1010101,2.6969697,0.0041528341333333385,0
0.11111111,2.6969697,0.003345672400000055,0
0.12121212,2.6969697,0.002741777866666739,0
0.13131313,2.6969697,0.0022789946666667005,0
0.14141414,2.6969697,0.001917154400000065,0
0.15151515,2.6969697,0.0016293696000000413,0
0.16161616,2.6969697,0.00139710000000004,0
0.17171717,2.6969697,0.0012072307999999587,0
0.18181818,2.6969697,0.0010502775999999825,0
0.19191919,2.6969697,0.0009192469333333397,0
0.2020202,2.6969697,0.0008088937333332602,0
0.21212121,2.6969697,0.0007152230666667148,0
0.22222222,2.6969697,0.000635151200000017,0
0.23232323,2.6969697,0.0005662677333333477,0
0.24242424,2.6969697,0.0005066676000000658,0
0.25252525,2.6969697,0.00045483040000005026,0
0.26262626,2.6969697,0.0004095306666667131,0
0.27272727,2.6969697,0.000369772933333401,0
0.28282828,2.6969697,0.00033474186666671013,0
0.29292929,2.6969697,0.0003037651999999724,0
0.3030303,2.6969697,0.0002762843999999376,0
0.31313131,2.6969697,0.0002518334666666844,0
0.32323232,2.6969697,0.00023002066666666376,0
0.33333333,2.6969697,0.00021051520000003876,0
0.34343434,2.6969697,0.0001930366666667016,0
0.35353535,2.6969697,0.0001773458666667338,0
0.36363636,2.6969697,0.00016323826666675423,0
0.37373737,2.6969697,0.00015053840000001095,0
0.38383838,2.6969697,0.0001390946666667281,0
0.39393939,2.6969697,0.00012877666666666343,0
0.4040404,2.6969697,0.0001194710666666543,0
0.41414141,2.6969697,0.00011107960000011907,0
0.42424242,2.6969697,0.00010351706666678062,0
0.43434343,2.6969697,9.670906666670032e-05,0
0.44444444,2.6969697,9.059093333341206e-05,0
0.45454545,2.6969697,8.51066000000511e-05,0
0.46464646,2.6969697,8.020779999995398e-05,0
0.47474747,2.6969697,7.585206666671507e-05,0
0.48484848,2.6969697,7.200326666667589e-05,0
0.49494949,2.6969697,6.863073333329694e-05,0
0.50505051,2.6969697,6.570820000006972e-05,0
0.51515152,2.6969697,6.321433333345006e-05,0
0.52525253,2.6969697,6.113160000009721e-05,0
0.53535354,2.6969697,5.94467999999182e-05,0
0.54545455,2.6969697,5.815026666666778e-05,0
0.55555556,2.6969697,5.723606666663272e-05,0
0.56565657,2.6969697,5.670219999998061e-05,0
0.57575758,2.6969697,5.655013333338843e-05,0
0.58585859,2.6969697,5.67858666666865e-05,0
0.5959596,2.6969697,5.7418466666736556e-05,0
0.60606061,2.6969697,5.8462533333414335e-05,0
0.61616162,2.6969697,5.993700000006541e-05,0
0.62626263,2.6969697,6.186613333325486e-05,0
0.63636364,2.6969697,6.428026666671638e-05,0
0.64646465,2.6969697,6.721679999999175e-05,0
0.65656566,2.6969697,7.072093333326812e-05,0
0.66666667,2.6969697,7.484700000015554e-05,0
0.67676768,2.6969697,7.966040000007002e-05,0
0.68686869,2.6969697,8.523873333343701e-05,0
0.6969697,2.6969697,9.167586666669614e-05,0
0.70707071,2.6969697,9.908373333333831e-05,0
0.71717172,2.6969697,0.00010759666666682044,0
0.72727273,2.6969697,0.00011737693333335741,0
0.73737374,2.6969697,0.0001286208000000899,0
0.74747475,2.6969697,0.00014156706666668128,0
0.75757576,2.6969697,0.00015650826666668838,0
0.76767677,2.6969697,0.00017380499999997134,0
0.77777778,2.6969697,0.00019390520000006628,0
0.78787879,2.6969697,0.00021737019999990004,0
0.7979798,2.6969697,0.0002449096000000095,0
0.80808081,2.6969697,0.00027743106666666684,0
0.81818182,2.6969697,0.0003161087999999923,0
0.82828283,2.6969697,0.0003624805999999925,0
0.83838384,2.6969697,0.00041859266666677275,0
0.84848485,2.6969697,0.00048721053333344866,0
0.85858586,2.6969697,0.0005721428666666251,0
0.86868687,2.6969697,0.0006787477333333181,1
0.87878788,2.6969697,0.0008147464000001214,1
0.88888889,2.6969697,0.0009915840000001008,1
0.8989899,2.6969697,0.0012267926000000262,1
0.90909091,2.6969697,0.0015483020000000014,1
0.91919192,2.6969697,0.002002759533333287,1
0.92929293,2.6969697,0.002672757533333403,1
0.93939394,2.6969697,0.0037157388666666513,1
0.94949495,2.6969697,0.005462278466666581,1
0.95959596,2.6969697,0.00870451706666664,1
0.96969697,2.6969697,0.01574275040000006,1
0.97979798,2.6969697,0.035621934133333366,1
0.98989899,2.6969697,0.12260693600000006,1
1.0,2.6969697,-0.9981291169333333,1
0.0,2.75757576,1.0,0
0.01010101,2.75757576,0.4598773812,0
0.02020202,2.75757576,0.12055151853333335,0
0.03030303,2.75757576,0.04736281826666677,0
0.04040404,2.75757576,0.024741134266666687,0
0.05050505,2.75757576,0.015078264400000041,0
0.06060606,2.75757576,0.010088128400000063,0
0.07070707,2.75757576,0.007182566133333346,0
0.08080808,2.75757576,0.005345920799999959,0
0.09090909,2.75757576,0.004113507600000066,0
0.1010101,2.75757576,0.003248140400000099,0
0.11111111,2.75757576,0.0026184268000000177,0
0.12121212,2.75757576,0.0021468029333333583,0
0.13131313,2.75757576,0.0017850921333333325,0
0.14141414,2.75757576,0.00150209933333334,0
0.15151515,2.75757576,0.0012769114666667525,0
0.16161616,2.75757576,0.0010950893333333545,0
0.17171717,2.75757576,0.0009464090666666536,0
0.18181818,2.75757576,0.0008234701333333927,0
0.19191919,2.75757576,0.0007208123999999927,0
0.2020202,2.75757576,0.0006343377333334344,0
0.21212121,2.75757576,0.0005609238666667293,0
0.22222222,2.75757576,0.0004981592000000701,0
0.23232323,2.75757576,0.00044415786666673895,0
0.24242424,2.75757576,0.00039742959999999883,0
0.25252525,2.75757576,0.00035678373333336566,0
0.26262626,2.75757576,0.00032126133333343354,0
0.27272727,2.75757576,0.0002900825333334023,0
0.28282828,2.75757576,0.0002626087999999527,0
0.29292929,2.75757576,0.00023831333333335092,0
0.3030303,2.75757576,0.00021675893333339413,0
0.31313131,2.75757576,0.0001975800000000305,0
0.32323232,2.75757576,0.0001804697333332994,0
0.33333333,2.75757576,0.00016516893333340388,0
0.34343434,2.75757576,0.000151457733333471,0
0.35353535,2.75757576,0.00013914853333341082,0
0.36363636,2.75757576,0.0001280810666667298,0
0.37373737,2.75757576,0.00011811773333336717,0
0.38383838,2.75757576,0.00010913986666671871,0
0.39393939,2.75757576,0.00010104480000006077,0
0.4040404,2.75757576,9.37439999999512e-05,0
0.41414141,2.75757576,8.716026666666377e-05,0
0.42424242,2.75757576,8.122680000011151e-05,0
0.43434343,2.75757576,7.588520000001431e-05,0
0.44444444,2.75757576,7.108506666664294e-05,0
0.45454545,2.75757576,6.678213333344285e-05,0
0.46464646,2.75757576,6.293840000004547e-05,0
0.47474747,2.75757576,5.952080000004578e-05,0
0.48484848,2.75757576,5.6500866666642224e-05,0
0.49494949,2.75757576,5.385459999995845e-05,0
0.50505051,2.75757576,5.1561533333410736e-05,0
0.51515152,2.75757576,4.9604733333374895e-05,0
0.52525253,2.75757576,4.7970733333402293e-05,0
0.53535354,2.75757576,4.664873333337649e-05,0
0.54545455,2.75757576,4.563153333325687e-05,0
0.55555556,2.75757576,4.491413333329586e-05,0
0.56565657,2.75757576,4.449533333328315e-05,0
0.57575758,2.75757576,4.437626666664585e-05,0
0.58585859,2.75757576,4.456100000005403e-05,0
0.5959596,2.75757576,4.5057666666625806e-05,0
0.60606061,2.75757576,4.5877066666810684e-05,0
0.61616162,2.75757576,4.7034266666745594e-05,0
0.62626263,2.75757576,4.854806666676481e-05,0
0.63636364,2.75757576,5.044253333341686e-05,0
0.64646465,2.75757576,5.274700000013066e-05,0
0.65656566,2.75757576,5.549673333327121e-05,0
0.66666667,2.75757576,5.873460000005437e-05,0
0.67676768,2.75757576,6.251180000005352e-05,0
0.68686869,2.75757576,6.688953333333636e-05,0
0.6969697,2.75757576,7.194106666674749e-05,0
0.70707071,2.75757576,7.775413333332981e-05,0
0.71717172,2.75757576,8.443460000007175e-05,0
0.72727273,2.75757576,9.210953333338434e-05,0
0.73737374,2.75757576,0.00010093286666679191,0
0.74747475,2.75757576,0.00011109253333330127,0
0.75757576,2.75757576,0.0001228172666666305,0
0.76767677,2.75757576,0.0001363909333333968,0
0.77777778,2.75757576,0.0001521643333334266,0
0.78787879,2.75757576,0.00017057846666668208,0
0.7979798,2.75757576,0.00019219000000014752,0
0.80808081,2.75757576,0.0002177114000000424,0
0.81818182,2.75757576,0.0002480638666666479,0
0.82828283,2.75757576,0.0002844549333334001,0
0.83838384,2.75757576,0.00032848979999999806,0
0.84848485,2.75757576,0.00038233953333333126,0
0.85858586,2.75757576,0.00044899326666669737,1
0.86868687,2.75757576,0.0005326564000001088,1
0.87878788,2.75757576,0.0006393896666667676,1
0.88888889,2.75757576,0.0007781774000000796,1
0.8989899,2.75757576,0.0009627826666667172,1
0.90909091,2.75757576,0.0012151335333333568,1
0.91919192,2.75757576,0.0015718585333333035,1
0.92929293,2.75757576,0.002097825466666814,1
0.93939394,2.75757576,0.002916732199999994,1
0.94949495,2.75757576,0.004288460599999988,1
0.95959596,2.75757576,0.006836527866666775,1
0.96969697,2.75757576,0.012377202066666704,1
0.97979798,2.75757576,0.028134510733333284,1
0.98989899,2.75757576,0.10232165360000012,1
1.0,2.75757576,-0.9998440316,1
0.0,2.81818182,1.0,0
0.01010101,2.81818182,0.38621339266666677,0
0.02020202,2.81818182,0.0917041784,0
0.03030303,2.81818182,0.03627893240000002,0
0.04040404,2.81818182,0.019111927066666645,0
0.05050505,2.81818182,0.011707626000000082,0
0.06060606,2.81818182,0.007857449600000121,0
0.07070707,2.81818182,0.0056054542666668095,0
0.08080808,2.81818182,0.004177602666666669,0
0.09090909,2.81818182,0.003217475733333308,0
0.1010101,2.81818182,0.0025422850666666497,0
0.11111111,2.81818182,0.002050415866666766,0
0.12121212,2.81818182,0.0016817233333332737,0
0.13131313,2.81818182,0.0013987741333333359,0
0.14141414,2.81818182,0.0011772910666667524,0
0.15151515,2.81818182,0.00100097813333333,0
0.16161616,2.81818182,0.000858572933333468,0
0.17171717,2.81818182,0.0007420938666666821,0
0.18181818,2.81818182,0.0006457602666667395,0
0.19191919,2.81818182,0.0005653041333334441,0
0.2020202,2.81818182,0.0004975208000000952,0
0.21212121,2.81818182,0.0004399677333334351,0
0.22222222,2.81818182,0.00039075759999995796,0
0.23232323,2.81818182,0.0003484144000001077,0
0.24242424,2.81818182,0.00031177093333334405,0
0.25252525,2.81818182,0.00027989506666670216,0
0.26262626,2.81818182,0.0002520353333332892,0
0.27272727,2.81818182,0.00022758093333341556,0
0.28282828,2.81818182,0.0002060314666667562,0
0.29292929,2.81818182,0.00018697426666669514,0
0.3030303,2.81818182,0.00017006626666660196,0
0.31313131,2.81818182,0.00015502133333344936,0
0.32323232,2.81818182,0.00014159866666663135,0
0.33333333,2.81818182,0.00012959520000010993,0
0.34343434,2.81818182,0.00011883840000004309,0
0.35353535,2.81818182,0.00010918146666671902,0
0.36363636,2.81818182,0.00010049853333338188,0
0.37373737,2.81818182,9.268159999997749e-05,0
0.38383838,2.81818182,8.563773333336577e-05,0
0.39393939,2.81818182,7.928653333333369e-05,0
0.4040404,2.81818182,7.355840000000669e-05,0
0.41414141,2.81818182,6.839266666669452e-05,0
0.42424242,2.81818182,6.373719999996919e-05,0
0.43434343,2.81818182,5.954613333336578e-05,0
0.44444444,2.81818182,5.577973333337205e-05,0
0.45454545,2.81818182,5.2403600000028305e-05,0
0.46464646,2.81818182,4.938760000006148e-05,0
0.47474747,2.81818182,4.6706000000007464e-05,0
0.48484848,2.81818182,4.433653333335563e-05,0
0.49494949,2.81818182,4.226013333341605e-05,0
0.50505051,2.81818182,4.046093333343048e-05,0
0.51515152,2.81818182,3.8925400000056065e-05,0
0.52525253,2.81818182,3.764313333332048e-05,0
0.53535354,2.81818182,3.6605933333322405e-05,0
0.54545455,2.81818182,3.580780000000949e-05,0
0.55555556,2.81818182,3.524500000007258e-05,0
0.56565657,2.81818182,3.491646666675674e-05,0
0.57575758,2.81818182,3.482313333336151e-05,0
0.58585859,2.81818182,3.4968133333368456e-05,0
0.5959596,2.81818182,3.5357866666752e-05,0
0.60606061,2.81818182,3.600093333333554e-05,0
0.61616162,2.81818182,3.6908866666740536e-05,0
0.62626263,2.81818182,3.80970000000147e-05,0
0.63636364,2.81818182,3.958360000011485e-05,0
0.64646465,2.81818182,4.139193333341229e-05,0
0.65656566,2.81818182,4.3549933333331126e-05,0
0.66666667,2.81818182,4.609093333340919e-05,0
0.67676768,2.81818182,4.9054799999947996e-05,0
0.68686869,2.81818182,5.249019999997717e-05,0
0.6969697,2.81818182,5.645420000011114e-05,0
0.70707071,2.81818182,6.1015866666735974e-05,0
0.71717172,2.81818182,6.625833333340214e-05,0
0.72727273,2.81818182,7.228120000013494e-05,0
0.73737374,2.81818182,7.920526666671535e-05,0
0.74747475,2.81818182,8.717766666677118e-05,0
0.75757576,2.81818182,9.63786000000022e-05,0
0.76767677,2.81818182,0.00010703040000004105,0
0.77777778,2.81818182,0.00011940846666680383,0
0.78787879,2.81818182,0.00013385873333338072,0
0.7979798,2.81818182,0.00015081820000006907,0
0.80808081,2.81818182,0.0001708461999999633,0
0.81818182,2.81818182,0.00019466533333334368,0
0.82828283,2.81818182,0.00022322326666668335,0
0.83838384,2.81818182,0.0002577802000000018,0
0.84848485,2.81818182,0.00030003946666667947,1
0.85858586,2.81818182,0.00035234726666666383,1
0.86868687,2.81818182,0.00041800446666673263,1
0.87878788,2.81818182,0.0005017680666666857,1
0.88888889,2.81818182,0.0006106894666667584,1
0.8989899,2.81818182,0.0007555728666667205,1
0.90909091,2.81818182,0.0009536314000000434,1
0.91919192,2.81818182,0.0012336231333334169,1
0.92929293,2.81818182,0.0016464834666667372,1
0.93939394,2.81818182,0.002289368733333297,1
0.94949495,2.81818182,0.0033664861333333462,1
0.95959596,2.81818182,0.005368202866666838,1
0.96969697,2.81818182,0.009725956066666708,1
0.97979798,2.81818182,0.022176491000000076,1
0.98989899,2.81818182,0.08372049813333349,1
1.0,2.81818182,-0.9977052325333333,1
0.0,2.87878788,1.0,0
0.01010101,2.87878788,0.3150019800000001,0
0.02020202,2.87878788,0.0697605754666667,0
0.03030303,2.87878788,0.027888890666666777,0
0.04040404,2.87878788,0.014805798800000103,0
0.05050505,2.87878788,0.009109279066666698,0
0.06060606,2.87878788,0.006129258133333315,0
0.07070707,2.87878788,0.004379584133333392,0
0.08080808,2.87878788,0.003267450533333327,0
0.09090909,2.87878788,0.0025183429333334173,0
0.1010101,2.87878788,0.001990909333333457,0
0.11111111,2.87878788,0.0016063393333334286,0
0.12121212,2.87878788,0.001317883866666647,0
0.13131313,2.87878788,0.0010963989333333535,0
0.14141414,2.87878788,0.0009229589333332733,0
0.15151515,2.87878788,0.0007848472000000495,0
0.16161616,2.87878788,0.0006732680000001157,0
0.17171717,2.87878788,0.0005819837333334021,0
0.18181818,2.87878788,0.0005064744000000676,0
0.19191919,2.87878788,0.00044340133333331533,0
0.2020202,2.87878788,0.00039025666666669956,0
0.21212121,2.87878788,0.0003451282666667721,0
0.22222222,2.87878788,0.0003065382666667116,0
0.23232323,2.87878788,0.00027333080000002674,0
0.24242424,2.87878788,0.00024459160000001035,0
0.25252525,2.87878788,0.00021958999999993623,0
0.26262626,2.87878788,0.00019773746666673642,0
0.27272727,2.87878788,0.00017855506666675236,0
0.28282828,2.87878788,0.00016165079999996834,0
0.29292929,2.87878788,0.00014670093333335466,0
0.3030303,2.87878788,0.00013343679999999747,0
0.31313131,2.87878788,0.00012163386666663722,0
0.32323232,2.87878788,0.00011110333333330669,0
0.33333333,2.87878788,0.00010168600000004524,0
0.34343434,2.87878788,9.32466666666576e-05,0
0.35353535,2.87878788,8.567013333338203e-05,0
0.36363636,2.87878788,7.885760000003739e-05,0
0.37373737,2.87878788,7.272440000005709e-05,0
0.38383838,2.87878788,6.719773333330181e-05,0
0.39393939,2.87878788,6.221453333343785e-05,0
0.4040404,2.87878788,5.772000000003885e-05,0
0.41414141,2.87878788,5.36669333333073e-05,0
0.42424242,2.87878788,5.0014000000042635e-05,0
0.43434343,2.87878788,4.67254666667305e-05,0
0.44444444,2.87878788,4.377026666668726e-05,0
0.45454545,2.87878788,4.112106666676052e-05,0
0.46464646,2.87878788,3.8754666666696025e-05,0
0.47474747,2.87878788,3.665053333334889e-05,0
0.48484848,2.87878788,3.479120000005054e-05,0
0.49494949,2.87878788,3.3162000000031e-05,0
0.50505051,2.87878788,3.1750133333341424e-05,0
0.51515152,2.87878788,3.054546666669822e-05,0
0.52525253,2.87878788,2.9539333333383766e-05,0
0.53535354,2.87878788,2.8725466666656985e-05,0
0.54545455,2.87878788,2.809900000000365e-05,0
0.55555556,2.87878788,2.765739999999184e-05,0
0.56565657,2.87878788,2.7399666666649836e-05,0
0.57575758,2.87878788,2.7326333333355102e-05,0
0.58585859,2.87878788,2.744033333335061e-05,0
0.5959596,2.87878788,2.774620000001171e-05,0
0.60606061,2.87878788,2.82508666666903e-05,0
0.61616162,2.87878788,2.896333333335388e-05,0
0.62626263,2.87878788,2.9895599999996136e-05,0
0.63636364,2.87878788,3.106240000005922e-05,0
0.64646465,2.87878788,3.248139999989519e-05,0
0.65656566,2.87878788,3.417486666668079e-05,0
0.66666667,2.87878788,3.61686666666694e-05,0
0.67676768,2.87878788,3.849460000004967e-05,0
0.68686869,2.87878788,4.119040000005736e-05,0
0.6969697,2.87878788,4.43011333333132e-05,0
0.70707071,2.87878788,4.7881066666644045e-05,0
0.71717172,2.87878788,5.1994800000065844e-05,0
0.72727273,2.87878788,5.6721000000092836e-05,0
0.73737374,2.87878788,6.215473333326393e-05,0
0.74747475,2.87878788,6.841086666675711e-05,0
0.75757576,2.87878788,7.563120000009249e-05,0
0.76767677,2.87878788,8.39898666666894e-05,0
0.77777778,2.87878788,9.370366666683339e-05,0
0.78787879,2.87878788,0.00010504326666660457,0
0.7979798,2.87878788,0.00011835193333331606,0
0.80808081,2.87878788,0.00013406879999999788,0
0.81818182,2.87878788,0.00015276080000004022,0
0.82828283,2.87878788,0.00017517140000000708,1
0.83838384,2.87878788,0.0002022899333333772,1
0.84848485,2.87878788,0.00023545313333339646,1
0.85858586,2.87878788,0.0002765023333334282,1
0.86868687,2.87878788,0.0003280279999999802,1
0.87878788,2.87878788,0.0003937636000000966,1
0.88888889,2.87878788,0.00047924406666666197,1
0.8989899,2.87878788,0.0005929490000000648,1
0.90909091,2.87878788,0.0007483904000000763,1
0.91919192,2.87878788,0.0009681433999999545,1
0.92929293,2.87878788,0.0012921978000000056,1
0.93939394,2.87878788,0.0017968460666666353,1
0.94949495,2.87878788,0.002642492999999968,1
0.95959596,2.87878788,0.004214558733333318,1
0.96969697,2.87878788,0.007639772666666711,1
0.97979798,2.87878788,0.017456667800000103,1
0.98989899,2.87878788,0.06757815313333337,1
1.0,2.87878788,-0.9978624153333333,1
0.0,2.93939394,1.0,0
0.01010101,2.93939394,0.25035148613333336,0
0.02020202,2.93939394,0.053181881600000036,0
0.03030303,2.93939394,0.0215122502666667,0
0.04040404,2.93939394,0.011497922533333371,0
0.05050505,2.93939394,0.007099675466666677,0
0.06060606,2.93939394,0.00478701666666681,0
0.07070707,2.93939394,0.0034249068000000715,0
0.08080808,2.93939394,0.0025573598666666086,0
0.09090909,2.93939394,0.001972196533333359,0
0.1010101,2.93939394,0.0015597938666667144,0
0.11111111,2.93939394,0.001258884666666793,0
0.12121212,2.93939394,0.0010330617333333958,0
0.13131313,2.93939394,0.000859598000000128,0
0.14141414,2.93939394,0.0007237193333333725,0
0.15151515,2.93939394,0.0006154910666666957,0
0.16161616,2.93939394,0.0005280368000000202,0
0.17171717,2.93939394,0.0004564777333333492,0
0.18181818,2.93939394,0.00039727680000001264,0
0.19191919,2.93939394,0.00034782053333337615,0
0.2020202,2.93939394,0.00030614520000005196,0
0.21212121,2.93939394,0.00027075333333337337,0
0.22222222,2.93939394,0.000240487200000028,0
0.23232323,2.93939394,0.00021444106666668183,0
0.24242424,2.93939394,0.0001918982666667679,0
0.25252525,2.93939394,0.00017228653333334343,0
0.26262626,2.93939394,0.00015514413333339583,0
0.27272727,2.93939394,0.00014009599999997846,0
0.28282828,2.93939394,0.00012683453333339756,0
0.29292929,2.93939394,0.00011510599999997595,0
0.3030303,2.93939394,0.0001046997333333799,0
0.31313131,2.93939394,9.543960000013563e-05,0
0.32323232,2.93939394,8.717773333344336e-05,0
0.33333333,2.93939394,7.978906666661345e-05,0
0.34343434,2.93939394,7.316759999997924e-05,0
0.35353535,2.93939394,6.722293333338847e-05,0
0.36363636,2.93939394,6.187773333343749e-05,0
0.37373737,2.93939394,5.706546666672807e-05,0
0.38383838,2.93939394,5.2729066666645785e-05,0
0.39393939,2.93939394,4.881893333341658e-05,0
0.4040404,2.93939394,4.529240000006318e-05,0
0.41414141,2.93939394,4.211213333338293e-05,0
0.42424242,2.93939394,3.924586666670393e-05,0
0.43434343,2.93939394,3.666546666669657e-05,0
0.44444444,2.93939394,3.434666666668473e-05,0
0.45454545,2.93939394,3.2267866666657596e-05,0
0.46464646,2.93939394,3.0411066666680142e-05,0
0.47474747,2.93939394,2.876000000007206e-05,0
0.48484848,2.93939394,2.7301066666707285e-05,0
0.49494949,2.93939394,2.602266666673625e-05,0
0.50505051,2.93939394,2.4914799999997683e-05,0
0.51515152,2.93939394,2.396946666660682e-05,0
0.52525253,2.93939394,2.3180000000122547e-05,0
0.53535354,2.93939394,2.254133333345898e-05,0
0.54545455,2.93939394,2.2049999999995684e-05,0
0.55555556,2.93939394,2.170346666674483e-05,0
0.56565657,2.93939394,2.150119999999589e-05,0
0.57575758,2.93939394,2.144353333333182e-05,0
0.58585859,2.93939394,2.15329999999625e-05,0
0.5959596,2.93939394,2.1773000000058218e-05,0
0.60606061,2.93939394,2.216913333341619e-05,0
0.61616162,2.93939394,2.2728333333388306e-05,0
0.62626263,2.93939394,2.3459933333302985e-05,0
0.63636364,2.93939394,2.4375533333342858e-05,0
0.64646465,2.93939394,2.5488933333317476e-05,0
0.65656566,2.93939394,2.6817866666695167e-05,0
0.66666667,2.93939394,2.8382666666604273e-05,0
0.67676768,2.93939394,3.0207799999959484e-05,0
0.68686869,2.93939394,3.232320000012834e-05,0
0.6969697,2.93939394,3.476440000005354e-05,0
0.70707071,2.93939394,3.757353333344593e-05,0
0.71717172,2.93939394,4.080186666666208e-05,0
0.72727273,2.93939394,4.451053333331956e-05,0
0.73737374,2.93939394,4.877440000006228e-05,0
0.74747475,2.93939394,5.3683866666709434e-05,0
0.75757576,2.93939394,5.9349933333341376e-05,0
0.76767677,2.93939394,6.590946666673592e-05,0
0.77777778,2.93939394,7.353193333325958e-05,0
0.78787879,2.93939394,8.243060000001634e-05,0
0.7979798,2.93939394,9.28746000000702e-05,0
0.80808081,2.93939394,0.00010520800000002328,1
0.81818182,2.93939394,0.00011987633333332415,1
0.82828283,2.93939394,0.00013746300000005984,1
0.83838384,2.93939394,0.00015874406666682717,1
0.84848485,2.93939394,0.00018476886666685122,1
0.85858586,2.93939394,0.00021698220000010426,1
0.86868687,2.93939394,0.0002574174666667428,1
0.87878788,2.93939394,0.0003090046666666124,1
0.88888889,2.93939394,0.0003760872000000415,1
0.8989899,2.93939394,0.0004653213999999961,1
0.90909091,2.93939394,0.0005873121333334064,1
0.91919192,2.93939394,0.0007597799333334265,1
0.92929293,2.93939394,0.001014117333333453,1
0.93939394,2.93939394,0.0014102232000000603,1
0.94949495,2.93939394,0.0020740647333333806,1
0.95959596,2.93939394,0.0033084479333334027,1
0.96969697,2.93939394,0.005999492866666789,1
0.97979798,2.93939394,0.013728807733333515,1
0.98989899,2.93939394,0.05404976700000008,1
1.0,2.93939394,-0.9992534824,1
0.0,3.0,1.0,0
0.01010101,3.0,0.19498735506666676,0
0.02020202,3.0,0.04067397040000009,0
0.03030303,3.0,0.01664425786666679,0
0.04040404,3.0,0.008947312400000018,0
0.05050505,3.0,0.005541086533333406,0
0.06060606,3.0,0.0037423866666665973,0
0.07070707,3.0,0.002680272933333394,0
0.08080808,3.0,0.002002690533333462,0
0.09090909,3.0,0.0015451558666667031,0
0.1010101,3.0,0.0012224523999999626,0
0.11111111,3.0,0.0009868601333333782,0
0.12121212,3.0,0.0008099817333333537,0
0.13131313,3.0,0.0006740708000000373,0
0.14141414,3.0,0.0005675817333332667,0
0.15151515,3.0,0.0004827456000000563,0
0.16161616,3.0,0.000414182666666707,0
0.17171717,3.0,0.00035807400000009704,0
0.18181818,3.0,0.0003116502666666854,0
0.19191919,3.0,0.0002728646666667611,0
0.2020202,3.0,0.00024017879999993497,0
0.21212121,3.0,0.0002124192000001468,0
0.22222222,3.0,0.0001886786666667195,0
0.23232323,3.0,0.00016824719999997129,0
0.24242424,3.0,0.00015056333333329786,0
0.25252525,3.0,0.00013517813333341344,0
0.26262626,3.0,0.00012172986666669772,0
0.27272727,3.0,0.00010992413333343887,0
0.28282828,3.0,9.951973333333086e-05,0
0.29292929,3.0,9.031800000003365e-05,0
0.3030303,3.0,8.215346666673451e-05,0
0.31313131,3.0,7.48880000001062e-05,0
0.32323232,3.0,6.840573333333211e-05,0
0.33333333,3.0,6.260839999994161e-05,0
0.34343434,3.0,5.7413066666622825e-05,0
0.35353535,3.0,5.274866666660216e-05,0
0.36363636,3.0,4.855453333341142e-05,0
0.37373737,3.0,4.477866666663388e-05,0
0.38383838,3.0,4.137613333332624e-05,0
0.39393939,3.0,3.8308133333386785e-05,0
0.4040404,3.0,3.554093333346664e-05,0
0.41414141,3.0,3.3045466666603573e-05,0
0.42424242,3.0,3.079640000014372e-05,0
0.43434343,3.0,2.877160000003265e-05,0
0.44444444,3.0,2.6952000000024512e-05,0
0.45454545,3.0,2.5320933333405904e-05,0
0.46464646,3.0,2.38638666666402e-05,0
0.47474747,3.0,2.256826666680034e-05,0
0.48484848,3.0,2.1423466666670166e-05,0
0.49494949,3.0,2.0420400000054073e-05,0
0.50505051,3.0,1.955106666673423e-05,0
0.51515152,3.0,1.8809200000080573e-05,0
0.52525253,3.0,1.8189733333340286e-05,0
0.53535354,3.0,1.7688666666737518e-05,0
0.54545455,3.0,1.7303066666807254e-05,0
0.55555556,3.0,1.7031200000072744e-05,0
0.56565657,3.0,1.6872400000034204e-05,0
0.57575758,3.0,1.682733333330244e-05,0
0.58585859,3.0,1.6897600000009838e-05,0
0.5959596,3.0,1.7086000000055e-05,0
0.60606061,3.0,1.7396599999996987e-05,0
0.61616162,3.0,1.783539999999917e-05,0
0.62626263,3.0,1.840953333331896e-05,0
0.63636364,3.0,1.912793333325169e-05,0
0.64646465,3.0,2.0001933333402278e-05,0
0.65656566,3.0,2.1044733333308585e-05,0
0.66666667,3.0,2.2272400000078463e-05,0
0.67676768,3.0,2.370480000002395e-05,0
0.68686869,3.0,2.5364933333271722e-05,0
0.6969697,3.0,2.7280466666557146e-05,0
0.70707071,3.0,2.9484999999995765e-05,0
0.71717172,3.0,3.2018133333422405e-05,0
0.72727273,3.0,3.492859999998377e-05,0
0.73737374,3.0,3.827466666672663e-05,0
0.74747475,3.0,4.212726666663613e-05,0
0.75757576,3.0,4.6573533333371664e-05,0
0.76767677,3.0,5.17210000001711e-05,0
0.77777778,3.0,5.770266666671464e-05,0
0.78787879,3.0,6.468560000005841e-05,0
0.7979798,3.0,7.288126666671335e-05,1
0.80808081,3.0,8.255973333326505e-05,1
0.81818182,3.0,9.407046666665142e-05,1
0.82828283,3.0,0.00010787153333335908,1
0.83838384,3.0,0.00012457173333335625,1
0.84848485,3.0,0.0001449943333333703,1
0.85858586,3.0,0.00017027386666668143,1
0.86868687,3.0,0.0002020054000000382,1
0.87878788,3.0,0.0002424885999999793,1
0.88888889,3.0,0.00029513273333336976,1
0.8989899,3.0,0.00036516093333338606,1
0.90909091,3.0,0.0004608975333333376,1
0.91919192,3.0,0.0005962505333334533,1
0.92929293,3.0,0.000795862000000036,1
0.93939394,3.0,0.0011067538666666987,1
0.94949495,3.0,0.0016278311333333129,1
0.95959596,3.0,0.002596922066666618,1
0.96969697,3.0,0.0047105013333333945,1
0.97979798,3.0,0.010790266933333403,1
0.98989899,3.0,0.04296394900000011,1
1.0,3.0,-0.9982468104,1
