s,delta,S_pi,S_pi_norm,is_degenerate
0.00000000,-3.00000000,2.0000000000,0.2500000000,0
0.01010101,-3.00000000,2.0000190661,0.2500023833,0
0.02020202,-3.00000000,2.0000387216,0.2500048402,0
0.03030303,-3.00000000,2.0000589885,0.2500073736,0
0.04040404,-3.00000000,2.0000798896,0.2500099862,0
0.05050505,-3.00000000,2.0001014490,0.2500126811,0
0.06060606,-3.00000000,2.0001236914,0.2500154614,0
0.07070707,-3.00000000,2.0001466430,0.2500183304,0
0.08080808,-3.00000000,2.0001703309,0.2500212914,0
0.09090909,-3.00000000,2.0001947835,0.2500243479,0
0.10101010,-3.00000000,2.0002200304,0.2500275038,0
0.11111111,-3.00000000,2.0002461024,0.2500307628,0
0.12121212,-3.00000000,2.0002730319,0.2500341290,0
0.13131313,-3.00000000,2.0003008524,0.2500376065,0
0.14141414,-3.00000000,2.0003295990,0.2500411999,0
0.15151515,-3.00000000,2.0003593083,0.2500449135,0
0.16161616,-3.00000000,2.0003900182,0.2500487523,0
0.17171717,-3.00000000,2.0004217685,0.2500527211,0
0.18181818,-3.00000000,2.0004546003,0.2500568250,0
0.19191919,-3.00000000,2.0004885564,0.2500610696,0
0.20202020,-3.00000000,2.0005236812,0.2500654601,0
0.21212121,-3.00000000,2.0005600206,0.2500700026,0
0.22222222,-3.00000000,2.0005976221,0.2500747028,0
0.23232323,-3.00000000,2.0006365345,0.2500795668,0
0.24242424,-3.00000000,2.0006768082,0.2500846010,0
0.25252525,-3.00000000,2.0007184943,0.2500898118,0
0.26262626,-3.00000000,2.0007616451,0.2500952056,0
0.27272727,-3.00000000,2.0008063133,0.2501007892,0
0.28282828,-3.00000000,2.0008525520,0.2501065690,0
0.29292929,-3.00000000,2.0009004135,0.2501125517,0
0.30303030,-3.00000000,2.0009499490,0.2501187436,0
0.31313131,-3.00000000,2.0010012079,0.2501251510,0
0.32323232,-3.00000000,2.0010542360,0.2501317795,0
0.33333333,-3.00000000,2.0011090746,0.2501386343,0
0.34343434,-3.00000000,2.0011657583,0.2501457198,0
0.35353535,-3.00000000,2.0012243131,0.2501530391,0
0.36363636,-3.00000000,2.0012847534,0.2501605942,0
0.37373737,-3.00000000,2.0013470786,0.2501683848,0
0.38383838,-3.00000000,2.0014112694,0.2501764087,0
0.39393939,-3.00000000,2.0014772823,0.2501846603,0
0.40404040,-3.00000000,2.0015450446,0.2501931306,0
0.41414141,-3.00000000,2.0016144472,0.2502018059,0
0.42424242,-3.00000000,2.0016853370,0.2502106671,0
0.43434343,-3.00000000,2.0017575082,0.2502196885,0
0.44444444,-3.00000000,2.0018306925,0.2502288366,0
0.45454545,-3.00000000,2.0019045491,0.2502380686,0
0.46464646,-3.00000000,2.0019786539,0.2502473317,0
0.47474747,-3.00000000,2.0020524896,0.2502565612,0
0.48484848,-3.00000000,2.0021254365,0.2502656796,0
0.49494949,-3.00000000,2.0021967662,0.2502745958,0
0.50505051,-3.00000000,2.0022656393,0.2502832049,0
0.51515152,-3.00000000,2.0023311083,0.2502913885,0
0.52525253,-3.00000000,2.0023921286,0.2502990161,0
0.53535354,-3.00000000,2.0024475785,0.2503059473,0
0.54545455,-3.00000000,2.0024962891,0.2503120361,0
0.55555556,-3.00000000,2.0025370860,0.2503171357,0
0.56565657,-3.00000000,2.0025688399,0.2503211050,0
0.57575758,-3.00000000,2.0025905252,0.2503238157,0
0.58585859,-3.00000000,2.0026012811,0.2503251601,0
0.59595960,-3.00000000,2.0026004709,0.2503250589,0
0.60606061,-3.00000000,2.0025877316,0.2503234665,0
0.61616162,-3.00000000,2.0025630092,0.2503203762,0
0.62626263,-3.00000000,2.0025265723,0.2503158215,0
0.63636364,-3.00000000,2.0024790038,0.2503098755,0
0.64646465,-3.00000000,2.0024211698,0.2503026462,0
0.65656566,-3.00000000,2.0023541685,0.2502942711,0
0.66666667,-3.00000000,2.0022792664,0.2502849083,0
0.67676768,-3.00000000,2.0021978272,0.2502747284,0
0.68686869,-3.00000000,2.0021112429,0.2502639054,0
0.69696970,-3.00000000,2.0020208704,0.2502526088,0
0.70707071,-3.00000000,2.0019279815,0.2502409977,0
0.71717172,-3.00000000,2.0018337249,0.2502292156,0
0.72727273,-3.00000000,2.0017391041,0.2502173880,0
0.73737374,-3.00000000,2.0016449671,0.2502056209,0
0.74747475,-3.00000000,2.0015520068,0.2501940009,0
0.75757576,-3.00000000,2.0014607701,0.2501825963,0
0.76767677,-3.00000000,2.0013716716,0.2501714589,0
0.77777778,-3.00000000,2.0012850100,0.2501606263,0
0.78787879,-3.00000000,2.0012009867,0.2501501233,0
0.79797980,-3.00000000,2.0011197225,0.2501399653,0
0.80808081,-3.00000000,2.0010412742,0.2501301593,0
0.81818182,-3.00000000,2.0009656487,0.2501207061,0
0.82828283,-3.00000000,2.0008928154,0.2501116019,0
0.83838384,-3.00000000,2.0008227165,0.2501028396,0
0.84848485,-3.00000000,2.0007552753,0.2500944094,0
0.85858586,-3.00000000,2.0006904028,0.2500863003,0
0.86868687,-3.00000000,2.0006280029,0.2500785004,0
0.87878788,-3.00000000,2.0005679763,0.2500709970,0
0.88888889,-3.00000000,2.0005102234,0.2500637779,0
0.89898990,-3.00000000,2.0004546463,0.2500568308,0
0.90909091,-3.00000000,2.0004011504,0.2500501438,0
0.91919192,-3.00000000,2.0003496451,0.2500437056,0
0.92929293,-3.00000000,2.0003000447,0.2500375056,0
0.93939394,-3.00000000,2.0002522681,0.2500315335,0
0.94949495,-3.00000000,2.0002062397,0.2500257800,0
0.95959596,-3.00000000,2.0001618885,0.2500202361,0
0.96969697,-3.00000000,2.0001191484,0.2500148935,0
0.97979798,-3.00000000,2.0000779578,0.2500097447,0
0.98989899,-3.00000000,2.0000382594,0.2500047824,0
1.00000000,-3.00000000,1.5000003128,0.1875000391,1
0.00000000,-2.93939394,2.0000000000,0.2500000000,0
0.01010101,-2.93939394,2.0000215229,0.2500026904,0
0.02020202,-2.93939394,2.0000437112,0.2500054639,0
0.03030303,-2.93939394,2.0000665895,0.2500083237,0
0.04040404,-2.93939394,2.0000901837,0.2500112730,0
0.05050505,-2.93939394,2.0001145208,0.2500143151,0
0.06060606,-2.93939394,2.0001396289,0.2500174536,0
0.07070707,-2.93939394,2.0001655374,0.2500206922,0
0.08080808,-2.93939394,2.0001922771,0.2500240346,0
0.09090909,-2.93939394,2.0002198798,0.2500274850,0
0.10101010,-2.93939394,2.0002483791,0.2500310474,0
0.11111111,-2.93939394,2.0002778097,0.2500347262,0
0.12121212,-2.93939394,2.0003082082,0.2500385260,0
0.13131313,-2.93939394,2.0003396124,0.2500424515,0
0.14141414,-2.93939394,2.0003720619,0.2500465077,0
0.15151515,-2.93939394,2.0004055980,0.2500506998,0
0.16161616,-2.93939394,2.0004402637,0.2500550330,0
0.17171717,-2.93939394,2.0004761037,0.2500595130,0
0.18181818,-2.93939394,2.0005131645,0.2500641456,0
0.19191919,-2.93939394,2.0005514944,0.2500689368,0
0.20202020,-2.93939394,2.0005911435,0.2500738929,0
0.21212121,-2.93939394,2.0006321637,0.2500790205,0
0.22222222,-2.93939394,2.0006746086,0.2500843261,0
0.23232323,-2.93939394,2.0007185333,0.2500898167,0
0.24242424,-2.93939394,2.0007639947,0.2500954993,0
0.25252525,-2.93939394,2.0008110506,0.2501013813,0
0.26262626,-2.93939394,2.0008597599,0.2501074700,0
0.27272727,-2.93939394,2.0009101825,0.2501137728,0
0.28282828,-2.93939394,2.0009623778,0.2501202972,0
0.29292929,-2.93939394,2.0010164053,0.2501270507,0
0.30303030,-2.93939394,2.0010723229,0.2501340404,0
0.31313131,-2.93939394,2.0011301862,0.2501412733,0
0.32323232,-2.93939394,2.0011900470,0.2501487559,0
0.33333333,-2.93939394,2.0012519521,0.2501564940,0
0.34343434,-2.93939394,2.0013159407,0.2501644926,0
0.35353535,-2.93939394,2.0013820421,0.2501727553,0
0.36363636,-2.93939394,2.0014502728,0.2501812841,0
0.37373737,-2.93939394,2.0015206322,0.2501900790,0
0.38383838,-2.93939394,2.0015930985,0.2501991373,0
0.39393939,-2.93939394,2.0016676231,0.2502084529,0
0.40404040,-2.93939394,2.0017441239,0.2502180155,0
0.41414141,-2.93939394,2.0018224779,0.2502278097,0
0.42424242,-2.93939394,2.0019025124,0.2502378141,0
0.43434343,-2.93939394,2.0019839952,0.2502479994,0
0.44444444,-2.93939394,2.0020666237,0.2502583280,0
0.45454545,-2.93939394,2.0021500133,0.2502687517,0
0.46464646,-2.93939394,2.0022336852,0.2502792106,0
0.47474747,-2.93939394,2.0023170553,0.2502896319,0
0.48484848,-2.93939394,2.0023994241,0.2502999280,0
0.49494949,-2.93939394,2.0024799690,0.2503099961,0
0.50505051,-2.93939394,2.0025577419,0.2503197177,0
0.51515152,-2.93939394,2.0026316728,0.2503289591,0
0.52525253,-2.93939394,2.0027005817,0.2503375727,0
0.53535354,-2.93939394,2.0027632013,0.2503454002,0
0.54545455,-2.93939394,2.0028182111,0.2503522764,0
0.55555556,-2.93939394,2.0028642843,0.2503580355,0
0.56565657,-2.93939394,2.0029001450,0.2503625181,0
0.57575758,-2.93939394,2.0029246342,0.2503655793,0
0.58585859,-2.93939394,2.0029367794,0.2503670974,0
0.59595960,-2.93939394,2.0029358615,0.2503669827,0
0.60606061,-2.93939394,2.0029214707,0.2503651838,0
0.61616162,-2.93939394,2.0028935460,0.2503616933,0
0.62626263,-2.93939394,2.0028523917,0.2503565490,0
0.63636364,-2.93939394,2.0027986669,0.2503498334,0
0.64646465,-2.93939394,2.0027333506,0.2503416688,0
0.65656566,-2.93939394,2.0026576841,0.2503322105,0
0.66666667,-2.93939394,2.0025730983,0.2503216373,0
0.67676768,-2.93939394,2.0024811343,0.2503101418,0
0.68686869,-2.93939394,2.0023833643,0.2502979205,0
0.69696970,-2.93939394,2.0022813210,0.2502851651,0
0.70707071,-2.93939394,2.0021764403,0.2502720550,0
0.71717172,-2.93939394,2.0020700195,0.2502587524,0
0.72727273,-2.93939394,2.0019631912,0.2502453989,0
0.73737374,-2.93939394,2.0018569124,0.2502321140,0
0.74747475,-2.93939394,2.0017519651,0.2502189956,0
0.75757576,-2.93939394,2.0016489662,0.2502061208,0
0.76767677,-2.93939394,2.0015483832,0.2501935479,0
0.77777778,-2.93939394,2.0014505531,0.2501813191,0
0.78787879,-2.93939394,2.0013557027,0.2501694628,0
0.79797980,-2.93939394,2.0012639681,0.2501579960,0
0.80808081,-2.93939394,2.0011754131,0.2501469266,0
0.81818182,-2.93939394,2.0010900451,0.2501362556,0
0.82828283,-2.93939394,2.0010078296,0.2501259787,0
0.83838384,-2.93939394,2.0009287011,0.2501160876,0
0.84848485,-2.93939394,2.0008525727,0.2501065716,0
0.85858586,-2.93939394,2.0007793440,0.2500974180,0
0.86868687,-2.93939394,2.0007089065,0.2500886133,0
0.87878788,-2.93939394,2.0006411479,0.2500801435,0
0.88888889,-2.93939394,2.0005759558,0.2500719945,0
0.89898990,-2.93939394,2.0005132198,0.2500641525,0
0.90909091,-2.93939394,2.0004528328,0.2500566041,0
0.91919192,-2.93939394,2.0003946927,0.2500493366,0
0.92929293,-2.93939394,2.0003387026,0.2500423378,0
0.93939394,-2.93939394,2.0002847713,0.2500355964,0
0.94949495,-2.93939394,2.0002328130,0.2500291016,0
0.95959596,-2.93939394,2.0001827478,0.2500228435,0
0.96969697,-2.93939394,2.0001345010,0.2500168126,0
0.97979798,-2.93939394,2.0000880032,0.2500110004,0
0.98989899,-2.93939394,2.0000431896,0.2500053987,0
1.00000000,-2.93939394,1.5000280952,0.1875035119,1
0.00000000,-2.87878788,2.0000000000,0.2500000000,0
0.01010101,-2.87878788,2.0000242964,0.2500030371,0
0.02020202,-2.87878788,2.0000493437,0.2500061680,0
0.03030303,-2.87878788,2.0000751699,0.2500093962,0
0.04040404,-2.87878788,2.0001018041,0.2500127255,0
0.05050505,-2.87878788,2.0001292768,0.2500161596,0
0.06060606,-2.87878788,2.0001576197,0.2500197025,0
0.07070707,-2.87878788,2.0001868660,0.2500233583,0
0.08080808,-2.87878788,2.0002170504,0.2500271313,0
0.09090909,-2.87878788,2.0002482089,0.2500310261,0
0.10101010,-2.87878788,2.0002803794,0.2500350474,0
0.11111111,-2.87878788,2.0003136012,0.2500392001,0
0.12121212,-2.87878788,2.0003479153,0.2500434894,0
0.13131313,-2.87878788,2.0003833646,0.2500479206,0
0.14141414,-2.87878788,2.0004199939,0.2500524992,0
0.15151515,-2.87878788,2.0004578496,0.2500572312,0
0.16161616,-2.87878788,2.0004969803,0.2500621225,0
0.17171717,-2.87878788,2.0005374365,0.2500671796,0
0.18181818,-2.87878788,2.0005792707,0.2500724088,0
0.19191919,-2.87878788,2.0006225375,0.2500778172,0
0.20202020,-2.87878788,2.0006672934,0.2500834117,0
0.21212121,-2.87878788,2.0007135971,0.2500891996,0
0.22222222,-2.87878788,2.0007615089,0.2500951886,0
0.23232323,-2.87878788,2.0008110913,0.2501013864,0
0.24242424,-2.87878788,2.0008624083,0.2501078010,0
0.25252525,-2.87878788,2.0009155254,0.2501144407,0
0.26262626,-2.87878788,2.0009705091,0.2501213136,0
0.27272727,-2.87878788,2.0010274268,0.2501284283,0
0.28282828,-2.87878788,2.0010863460,0.2501357933,0
0.29292929,-2.87878788,2.0011473337,0.2501434167,0
0.30303030,-2.87878788,2.0012104553,0.2501513069,0
0.31313131,-2.87878788,2.0012757737,0.2501594717,0
0.32323232,-2.87878788,2.0013433477,0.2501679185,0
0.33333333,-2.87878788,2.0014132299,0.2501766537,0
0.34343434,-2.87878788,2.0014854647,0.2501856831,0
0.35353535,-2.87878788,2.0015600855,0.2501950107,0
0.36363636,-2.87878788,2.0016371110,0.2502046389,0
0.37373737,-2.87878788,2.0017165406,0.2502145676,0
0.38383838,-2.87878788,2.0017983501,0.2502247938,0
0.39393939,-2.87878788,2.0018824845,0.2502353106,0
0.40404040,-2.87878788,2.0019688515,0.2502461064,0
0.41414141,-2.87878788,2.0020573125,0.2502571641,0
0.42424242,-2.87878788,2.0021476728,0.2502684591,0
0.43434343,-2.87878788,2.0022396704,0.2502799588,0
0.44444444,-2.87878788,2.0023329638,0.2502916205,0
0.45454545,-2.87878788,2.0024271189,0.2503033899,0
0.46464646,-2.87878788,2.0025215955,0.2503151994,0
0.47474747,-2.87878788,2.0026157342,0.2503269668,0
0.48484848,-2.87878788,2.0027087449,0.2503385931,0
0.49494949,-2.87878788,2.0027996988,0.2503499624,0
0.50505051,-2.87878788,2.0028875252,0.2503609407,0
0.51515152,-2.87878788,2.0029710154,0.2503713769,0
0.52525253,-2.87878788,2.0030488363,0.2503811045,0
0.53535354,-2.87878788,2.0031195562,0.2503899445,0
0.54545455,-2.87878788,2.0031816832,0.2503977104,0
0.55555556,-2.87878788,2.0032337178,0.2504042147,0
0.56565657,-2.87878788,2.0032742184,0.2504092773,0
0.57575758,-2.87878788,2.0033018754,0.2504127344,0
0.58585859,-2.87878788,2.0033155900,0.2504144488,0
0.59595960,-2.87878788,2.0033145496,0.2504143187,0
0.60606061,-2.87878788,2.0032982916,0.2504122864,0
0.61616162,-2.87878788,2.0032667476,0.2504083435,0
0.62626263,-2.87878788,2.0032202620,0.2504025327,0
0.63636364,-2.87878788,2.0031595803,0.2503949475,0
0.64646465,-2.87878788,2.0030858094,0.2503857262,0
0.65656566,-2.87878788,2.0030003524,0.2503750440,0
0.66666667,-2.87878788,2.0029048266,0.2503631033,0
0.67676768,-2.87878788,2.0028009732,0.2503501216,0
0.68686869,-2.87878788,2.0026905683,0.2503363210,0
0.69696970,-2.87878788,2.0025753433,0.2503219179,0
0.70707071,-2.87878788,2.0024569197,0.2503071150,0
0.71717172,-2.87878788,2.0023367622,0.2502920953,0
0.72727273,-2.87878788,2.0022161493,0.2502770187,0
0.73737374,-2.87878788,2.0020961611,0.2502620201,0
0.74747475,-2.87878788,2.0019776799,0.2502472100,0
0.75757576,-2.87878788,2.0018614017,0.2502326752,0
0.76767677,-2.87878788,2.0017478536,0.2502184817,0
0.77777778,-2.87878788,2.0016374155,0.2502046769,0
0.78787879,-2.87878788,2.0015303430,0.2501912929,0
0.79797980,-2.87878788,2.0014267892,0.2501783486,0
0.80808081,-2.87878788,2.0013268257,0.2501658532,0
0.81818182,-2.87878788,2.0012304607,0.2501538076,0
0.82828283,-2.87878788,2.0011376548,0.2501422069,0
0.83838384,-2.87878788,2.0010483339,0.2501310417,0
0.84848485,-2.87878788,2.0009624000,0.2501203000,0
0.85858586,-2.87878788,2.0008797393,0.2501099674,0
0.86868687,-2.87878788,2.0008002293,0.2501000287,0
0.87878788,-2.87878788,2.0007237433,0.2500904679,0
0.88888889,-2.87878788,2.0006501543,0.2500812693,0
0.89898990,-2.87878788,2.0005793374,0.2500724172,0
0.90909091,-2.87878788,2.0005111720,0.2500638965,0
0.91919192,-2.87878788,2.0004455428,0.2500556929,0
0.92929293,-2.87878788,2.0003823404,0.2500477925,0
0.93939394,-2.87878788,2.0003214615,0.2500401827,0
0.94949495,-2.87878788,2.0002628097,0.2500328512,0
0.95959596,-2.87878788,2.0002062945,0.2500257868,0
0.96969697,-2.87878788,2.0001518317,0.2500189790,0
0.97979798,-2.87878788,2.0000993429,0.2500124179,0
0.98989899,-2.87878788,2.0000487550,0.2500060944,0
1.00000000,-2.87878788,1.5000241621,0.1875030203,1
0.00000000,-2.81818182,2.0000000000,0.2500000000,0
0.01010101,-2.81818182,2.0000274273,0.2500034284,0
0.02020202,-2.81818182,2.0000557021,0.2500069628,0
0.03030303,-2.81818182,2.0000848559,0.2500106070,0
0.04040404,-2.81818182,2.0001149217,0.2500143652,0
0.05050505,-2.81818182,2.0001459338,0.2500182417,0
0.06060606,-2.81818182,2.0001779282,0.2500222410,0
0.07070707,-2.81818182,2.0002109422,0.2500263678,0
0.08080808,-2.81818182,2.0002450149,0.2500306269,0
0.09090909,-2.81818182,2.0002801872,0.2500350234,0
0.10101010,-2.81818182,2.0003165016,0.2500395627,0
0.11111111,-2.81818182,2.0003540026,0.2500442503,0
0.12121212,-2.81818182,2.0003927365,0.2500490921,0
0.13131313,-2.81818182,2.0004327518,0.2500540940,0
0.14141414,-2.81818182,2.0004740988,0.2500592624,0
0.15151515,-2.81818182,2.0005168303,0.2500646038,0
0.16161616,-2.81818182,2.0005610008,0.2500701251,0
0.17171717,-2.81818182,2.0006066675,0.2500758334,0
0.18181818,-2.81818182,2.0006538896,0.2500817362,0
0.19191919,-2.81818182,2.0007027288,0.2500878411,0
0.20202020,-2.81818182,2.0007532489,0.2500941561,0
0.21212121,-2.81818182,2.0008055161,0.2501006895,0
0.22222222,-2.81818182,2.0008595987,0.2501074498,0
0.23232323,-2.81818182,2.0009155671,0.2501144459,0
0.24242424,-2.81818182,2.0009734936,0.2501216867,0
0.25252525,-2.81818182,2.0010334521,0.2501291815,0
0.26262626,-2.81818182,2.0010955180,0.2501369398,0
0.27272727,-2.81818182,2.0011597673,0.2501449709,0
0.28282828,-2.81818182,2.0012262762,0.2501532845,0
0.29292929,-2.81818182,2.0012951205,0.2501618901,0
0.30303030,-2.81818182,2.0013663740,0.2501707968,0
0.31313131,-2.81818182,2.0014401079,0.2501800135,0
0.32323232,-2.81818182,2.0015163886,0.2501895486,0
0.33333333,-2.81818182,2.0015952758,0.2501994095,0
0.34343434,-2.81818182,2.0016768197,0.2502096025,0
0.35353535,-2.81818182,2.0017610581,0.2502201323,0
0.36363636,-2.81818182,2.0018480123,0.2502310015,0
0.37373737,-2.81818182,2.0019376819,0.2502422102,0
0.38383838,-2.81818182,2.0020300397,0.2502537550,0
0.39393939,-2.81818182,2.0021250241,0.2502656280,0
0.40404040,-2.81818182,2.0022225310,0.2502778164,0
0.41414141,-2.81818182,2.0023224042,0.2502903005,0
0.42424242,-2.81818182,2.0024244242,0.2503030530,0
0.43434343,-2.81818182,2.0025282954,0.2503160369,0
0.44444444,-2.81818182,2.0026336327,0.2503292041,0
0.45454545,-2.81818182,2.0027399462,0.2503424933,0
0.46464646,-2.81818182,2.0028466260,0.2503558283,0
0.47474747,-2.81818182,2.0029529277,0.2503691160,0
0.48484848,-2.81818182,2.0030579593,0.2503822449,0
0.49494949,-2.81818182,2.0031606718,0.2503950840,0
0.50505051,-2.81818182,2.0032598558,0.2504074820,0
0.51515152,-2.81818182,2.0033541459,0.2504192682,0
0.52525253,-2.81818182,2.0034420361,0.2504302545,0
0.53535354,-2.81818182,2.0035219086,0.2504402386,0
0.54545455,-2.81818182,2.0035920775,0.2504490097,0
0.55555556,-2.81818182,2.0036508485,0.2504563561,0
0.56565657,-2.81818182,2.0036965922,0.2504620740,0
0.57575758,-2.81818182,2.0037278285,0.2504659786,0
0.58585859,-2.81818182,2.0037433158,0.2504679145,0
0.59595960,-2.81818182,2.0037421360,0.2504677670,0
0.60606061,-2.81818182,2.0037237666,0.2504654708,0
0.61616162,-2.81818182,2.0036881312,0.2504610164,0
0.62626263,-2.81818182,2.0036356196,0.2504544525,0
0.63636364,-2.81818182,2.0035670753,0.2504458844,0
0.64646465,-2.81818182,2.0034837500,0.2504354687,0
0.65656566,-2.81818182,2.0033872300,0.2504234037,0
0.66666667,-2.81818182,2.0032793433,0.2504099179,0
0.67676768,-2.81818182,2.0031620578,0.2503952572,0
0.68686869,-2.81818182,2.0030373802,0.2503796725,0
0.69696970,-2.81818182,2.0029072661,0.2503634083,0
0.70707071,-2.81818182,2.0027735469,0.2503466934,0
0.71717172,-2.81818182,2.0026378762,0.2503297345,0
0.72727273,-2.81818182,2.0025016974,0.2503127122,0
0.73737374,-2.81818182,2.0023662293,0.2502957787,0
0.74747475,-2.81818182,2.0022324676,0.2502790584,0
0.75757576,-2.81818182,2.0021011970,0.2502626496,0
0.76767677,-2.81818182,2.0019730121,0.2502466265,0
0.77777778,-2.81818182,2.0018483410,0.2502310426,0
0.78787879,-2.81818182,2.0017274714,0.2502159339,0
0.79797980,-2.81818182,2.0016105759,0.2502013220,0
0.80808081,-2.81818182,2.0014977346,0.2501872168,0
0.81818182,-2.81818182,2.0013889565,0.2501736196,0
0.82828283,-2.81818182,2.0012841967,0.2501605246,0
0.83838384,-2.81818182,2.0011833714,0.2501479214,0
0.84848485,-2.81818182,2.0010863695,0.2501357962,0
0.85858586,-2.81818182,2.0009930626,0.2501241328,0
0.86868687,-2.81818182,2.0009033122,0.2501129140,0
0.87878788,-2.81818182,2.0008169753,0.2501021219,0
0.88888889,-2.81818182,2.0007339083,0.2500917385,0
0.89898990,-2.81818182,2.0006539703,0.2500817463,0
0.90909091,-2.81818182,2.0005770252,0.2500721281,0
0.91919192,-2.81818182,2.0005029426,0.2500628678,0
0.92929293,-2.81818182,2.0004315990,0.2500539499,0
0.93939394,-2.81818182,2.0003628780,0.2500453598,0
0.94949495,-2.81818182,2.0002966706,0.2500370838,0
0.95959596,-2.81818182,2.0002328747,0.2500291093,0
0.96969697,-2.81818182,2.0001713953,0.2500214244,0
0.97979798,-2.81818182,2.0001121437,0.2500140180,0
0.98989899,-2.81818182,2.0000550375,0.2500068797,0
1.00000000,-2.81818182,1.9908675658,0.2488584457,1
0.00000000,-2.75757576,2.0000000000,0.2500000000,0
0.01010101,-2.75757576,2.0000309616,0.2500038702,0
0.02020202,-2.75757576,2.0000628796,0.2500078600,0
0.03030303,-2.75757576,2.0000957898,0.2500119737,0
0.04040404,-2.75757576,2.0001297293,0.2500162162,0
0.05050505,-2.75757576,2.0001647368,0.2500205921,0
0.06060606,-2.75757576,2.0002008528,0.2500251066,0
0.07070707,-2.75757576,2.0002381197,0.2500297650,0
0.08080808,-2.75757576,2.0002765816,0.2500345727,0
0.09090909,-2.75757576,2.0003162844,0.2500395355,0
0.10101010,-2.75757576,2.0003572763,0.2500446595,0
0.11111111,-2.75757576,2.0003996075,0.2500499509,0
0.12121212,-2.75757576,2.0004433302,0.2500554163,0
0.13131313,-2.75757576,2.0004884992,0.2500610624,0
0.14141414,-2.75757576,2.0005351713,0.2500668964,0
0.15151515,-2.75757576,2.0005834060,0.2500729258,0
0.16161616,-2.75757576,2.0006332651,0.2500791581,0
0.17171717,-2.75757576,2.0006848129,0.2500856016,0
0.18181818,-2.75757576,2.0007381165,0.2500922646,0
0.19191919,-2.75757576,2.0007932453,0.2500991557,0
0.20202020,-2.75757576,2.0008502715,0.2501062839,0
0.21212121,-2.75757576,2.0009092698,0.2501136587,0
0.22222222,-2.75757576,2.0009703174,0.2501212897,0
0.23232323,-2.75757576,2.0010334938,0.2501291867,0
0.24242424,-2.75757576,2.0010988806,0.2501373601,0
0.25252525,-2.75757576,2.0011665614,0.2501458202,0
0.26262626,-2.75757576,2.0012366212,0.2501545776,0
0.27272727,-2.75757576,2.0013091460,0.2501636432,0
0.28282828,-2.75757576,2.0013842218,0.2501730277,0
0.29292929,-2.75757576,2.0014619343,0.2501827418,0
0.30303030,-2.75757576,2.0015423671,0.2501927959,0
0.31313131,-2.75757576,2.0016256006,0.2502032001,0
0.32323232,-2.75757576,2.0017117098,0.2502139637,0
0.33333333,-2.75757576,2.0018007622,0.2502250953,0
0.34343434,-2.75757576,2.0018928149,0.2502366019,0
0.35353535,-2.75757576,2.0019879108,0.2502484888,0
0.36363636,-2.75757576,2.0020860738,0.2502607592,0
0.37373737,-2.75757576,2.0021873043,0.2502734130,0
0.38383838,-2.75757576,2.0022915715,0.2502864464,0
0.39393939,-2.75757576,2.0023988062,0.2502998508,0
0.40404040,-2.75757576,2.0025088913,0.2503136114,0
0.41414141,-2.75757576,2.0026216507,0.2503277063,0
0.42424242,-2.75757576,2.0027368371,0.2503421046,0
0.43434343,-2.75757576,2.0028541172,0.2503567647,0
0.44444444,-2.75757576,2.0029730564,0.2503716320,0
0.45454545,-2.75757576,2.0030931018,0.2503866377,0
0.46464646,-2.75757576,2.0032135652,0.2504016957,0
0.47474747,-2.75757576,2.0033336061,0.2504167008,0
0.48484848,-2.75757576,2.0034522172,0.2504315271,0
0.49494949,-2.75757576,2.0035682139,0.2504460267,0
0.50505051,-2.75757576,2.0036802300,0.2504600288,0
0.51515152,-2.75757576,2.0037867230,0.2504733404,0
0.52525253,-2.75757576,2.0038859913,0.2504857489,0
0.53535354,-2.75757576,2.0039762067,0.2504970258,0
0.54545455,-2.75757576,2.0040554639,0.2505069330,0
0.55555556,-2.75757576,2.0041218477,0.2505152310,0
0.56565657,-2.75757576,2.0041735166,0.2505216896,0
0.57575758,-2.75757576,2.0042087977,0.2505260997,0
0.58585859,-2.75757576,2.0042262877,0.2505282860,0
0.59595960,-2.75757576,2.0042249490,0.2505281186,0
0.60606061,-2.75757576,2.0042041919,0.2505255240,0
0.61616162,-2.75757576,2.0041639305,0.2505204913,0
0.62626263,-2.75757576,2.0041046066,0.2505130758,0
0.63636364,-2.75757576,2.0040271746,0.2505033968,0
0.64646465,-2.75757576,2.0039330505,0.2504916313,0
0.65656566,-2.75757576,2.0038240279,0.2504780035,0
0.66666667,-2.75757576,2.0037021737,0.2504627717,0
0.67676768,-2.75757576,2.0035697117,0.2504462140,0
0.68686869,-2.75757576,2.0034289095,0.2504286137,0
0.69696970,-2.75757576,2.0032819765,0.2504102471,0
0.70707071,-2.75757576,2.0031309810,0.2503913726,0
0.71717172,-2.75757576,2.0029777902,0.2503722238,0
0.72727273,-2.75757576,2.0028240332,0.2503530042,0
0.73737374,-2.75757576,2.0026710857,0.2503338857,0
0.74747475,-2.75757576,2.0025200707,0.2503150088,0
0.75757576,-2.75757576,2.0023718736,0.2502964842,0
0.76767677,-2.75757576,2.0022271644,0.2502783956,0
0.77777778,-2.75757576,2.0020864257,0.2502608032,0
0.78787879,-2.75757576,2.0019499815,0.2502437477,0
0.79797980,-2.75757576,2.0018180257,0.2502272532,0
0.80808081,-2.75757576,2.0016906482,0.2502113310,0
0.81818182,-2.75757576,2.0015678588,0.2501959823,0
0.82828283,-2.75757576,2.0014496061,0.2501812008,0
0.83838384,-2.75757576,2.0013357953,0.2501669744,0
0.84848485,-2.75757576,2.0012263007,0.2501532876,0
0.85858586,-2.75757576,2.0011209774,0.2501401222,0
0.86868687,-2.75757576,2.0010196685,0.2501274586,0
0.87878788,-2.75757576,2.0009222127,0.2501152766,0
0.88888889,-2.75757576,2.0008284477,0.2501035560,0
0.89898990,-2.75757576,2.0007382145,0.2500922768,0
0.90909091,-2.75757576,2.0006513593,0.2500814199,0
0.91919192,-2.75757576,2.0005677350,0.2500709669,0
0.92929293,-2.75757576,2.0004872022,0.2500609003,0
0.93939394,-2.75757576,2.0004096294,0.2500512037,0
0.94949495,-2.75757576,2.0003348934,0.2500418617,0
0.95959596,-2.75757576,2.0002628792,0.2500328599,0
0.96969697,-2.75757576,2.0001934793,0.2500241849,0
0.97979798,-2.75757576,2.0001265938,0.2500158242,0
0.98989899,-2.75757576,2.0000621296,0.2500077662,0
1.00000000,-2.75757576,1.5022950931,0.1877868866,1
0.00000000,-2.69696970,2.0000000000,0.2500000000,0
0.01010101,-2.69696970,2.0000349513,0.2500043689,0
0.02020202,-2.69696970,2.0000709820,0.2500088728,0
0.03030303,-2.69696970,2.0001081325,0.2500135166,0
0.04040404,-2.69696970,2.0001464446,0.2500183056,0
0.05050505,-2.69696970,2.0001859620,0.2500232453,0
0.06060606,-2.69696970,2.0002267306,0.2500283413,0
0.07070707,-2.69696970,2.0002687981,0.2500335998,0
0.08080808,-2.69696970,2.0003122141,0.2500390268,0
0.09090909,-2.69696970,2.0003570308,0.2500446289,0
0.10101010,-2.69696970,2.0004033024,0.2500504128,0
0.11111111,-2.69696970,2.0004510855,0.2500563857,0
0.12121212,-2.69696970,2.0005004392,0.2500625549,0
0.13131313,-2.69696970,2.0005514253,0.2500689282,0
0.14141414,-2.69696970,2.0006041079,0.2500755135,0
0.15151515,-2.69696970,2.0006585542,0.2500823193,0
0.16161616,-2.69696970,2.0007148339,0.2500893542,0
0.17171717,-2.69696970,2.0007730198,0.2500966275,0
0.18181818,-2.69696970,2.0008331874,0.2501041484,0
0.19191919,-2.69696970,2.0008954152,0.2501119269,0
0.20202020,-2.69696970,2.0009597848,0.2501199731,0
0.21212121,-2.69696970,2.0010263805,0.2501282976,0
0.22222222,-2.69696970,2.0010952894,0.2501369112,0
0.23232323,-2.69696970,2.0011666014,0.2501458252,0
0.24242424,-2.69696970,2.0012404088,0.2501550511,0
0.25252525,-2.69696970,2.0013168058,0.2501646007,0
0.26262626,-2.69696970,2.0013958885,0.2501744861,0
0.27272727,-2.69696970,2.0014777541,0.2501847193,0
0.28282828,-2.69696970,2.0015624999,0.2501953125,0
0.29292929,-2.69696970,2.0016502226,0.2502062778,0
0.30303030,-2.69696970,2.0017410168,0.2502176271,0
0.31313131,-2.69696970,2.0018349733,0.2502293717,0
0.32323232,-2.69696970,2.0019321771,0.2502415221,0
0.33333333,-2.69696970,2.0020327047,0.2502540881,0
0.34343434,-2.69696970,2.0021366206,0.2502670776,0
0.35353535,-2.69696970,2.0022439735,0.2502804967,0
0.36363636,-2.69696970,2.0023547910,0.2502943489,0
0.37373737,-2.69696970,2.0024690735,0.2503086342,0
0.38383838,-2.69696970,2.0025867869,0.2503233484,0
0.39393939,-2.69696970,2.0027078533,0.2503384817,0
0.40404040,-2.69696970,2.0028321411,0.2503540176,0
0.41414141,-2.69696970,2.0029594519,0.2503699315,0
0.42424242,-2.69696970,2.0030895068,0.2503861883,0
0.43434343,-2.69696970,2.0032219301,0.2504027413,0
0.44444444,-2.69696970,2.0033562315,0.2504195289,0
0.45454545,-2.69696970,2.0034917872,0.2504364734,0
0.46464646,-2.69696970,2.0036278203,0.2504534775,0
0.47474747,-2.69696970,2.0037633820,0.2504704227,0
0.48484848,-2.69696970,2.0038973347,0.2504871668,0
0.49494949,-2.69696970,2.0040283407,0.2505035426,0
0.50505051,-2.69696970,2.0041548565,0.2505193571,0
0.51515152,-2.69696970,2.0042751393,0.2505343924,0
0.52525253,-2.69696970,2.0043872662,0.2505484083,0
0.53535354,-2.69696970,2.0044891710,0.2505611464,0
0.54545455,-2.69696970,2.0045787002,0.2505723375,0
0.55555556,-2.69696970,2.0046536888,0.2505817111,0
0.56565657,-2.69696970,2.0047120549,0.2505890069,0
0.57575758,-2.69696970,2.0047519073,0.2505939884,0
0.58585859,-2.69696970,2.0047716599,0.2505964575,0
0.59595960,-2.69696970,2.0047701401,0.2505962675,0
0.60606061,-2.69696970,2.0047466817,0.2505933352,0
0.61616162,-2.69696970,2.0047011890,0.2505876486,0
0.62626263,-2.69696970,2.0046341624,0.2505792703,0
0.63636364,-2.69696970,2.0045466826,0.2505683353,0
0.64646465,-2.69696970,2.0044403512,0.2505550439,0
0.65656566,-2.69696970,2.0043171973,0.2505396497,0
0.66666667,-2.69696970,2.0041795577,0.2505224447,0
0.67676768,-2.69696970,2.0040299464,0.2505037433,0
0.68686869,-2.69696970,2.0038709260,0.2504838657,0
0.69696970,-2.69696970,2.0037049926,0.2504631241,0
0.70707071,-2.69696970,2.0035344822,0.2504418103,0
0.71717172,-2.69696970,2.0033615033,0.2504201879,0
0.72727273,-2.69696970,2.0031878949,0.2503984869,0
0.73737374,-2.69696970,2.0030152093,0.2503769012,0
0.74747475,-2.69696970,2.0028447135,0.2503555892,0
0.75757576,-2.69696970,2.0026774057,0.2503346757,0
0.76767677,-2.69696970,2.0025140413,0.2503142552,0
0.77777778,-2.69696970,2.0023551639,0.2502943955,0
0.78787879,-2.69696970,2.0022011383,0.2502751423,0
0.79797980,-2.69696970,2.0020521823,0.2502565228,0
0.80808081,-2.69696970,2.0019083969,0.2502385496,0
0.81818182,-2.69696970,2.0017697921,0.2502212240,0
0.82828283,-2.69696970,2.0016363097,0.2502045387,0
0.83838384,-2.69696970,2.0015078421,0.2501884803,0
0.84848485,-2.69696970,2.0013842471,0.2501730309,0
0.85858586,-2.69696970,2.0012653607,0.2501581701,0
0.86868687,-2.69696970,2.0011510059,0.2501438757,0
0.87878788,-2.69696970,2.0010410001,0.2501301250,0
0.88888889,-2.69696970,2.0009351603,0.2501168950,0
0.89898990,-2.69696970,2.0008333069,0.2501041634,0
0.90909091,-2.69696970,2.0007352661,0.2500919083,0
0.91919192,-2.69696970,2.0006408718,0.2500801090,0
0.92929293,-2.69696970,2.0005499667,0.2500687458,0
0.93939394,-2.69696970,2.0004624023,0.2500578003,0
0.94949495,-2.69696970,2.0003780397,0.2500472550,0
0.95959596,-2.69696970,2.0002967488,0.2500370936,0
0.96969697,-2.69696970,2.0002184084,0.2500273011,0
0.97979798,-2.69696970,2.0001429057,0.2500178632,0
0.98989899,-2.69696970,2.0000701355,0.2500087669,0
1.00000000,-2.69696970,1.9999174030,0.2499896754,1
0.00000000,-2.63636364,2.0000000000,0.2500000000,0
0.01010101,-2.63636364,2.0000394551,0.2500049319,0
0.02020202,-2.63636364,2.0000801284,0.2500100161,0
0.03030303,-2.63636364,2.0001220654,0.2500152582,0
0.04040404,-2.63636364,2.0001653133,0.2500206642,0
0.05050505,-2.63636364,2.0002099215,0.2500262402,0
0.06060606,-2.63636364,2.0002559418,0.2500319927,0
0.07070707,-2.63636364,2.0003034279,0.2500379285,0
0.08080808,-2.63636364,2.0003524360,0.2500440545,0
0.09090909,-2.63636364,2.0004030249,0.2500503781,0
0.10101010,-2.63636364,2.0004552558,0.2500569070,0
0.11111111,-2.63636364,2.0005091926,0.2500636491,0
0.12121212,-2.63636364,2.0005649020,0.2500706128,0
0.13131313,-2.63636364,2.0006224538,0.2500778067,0
0.14141414,-2.63636364,2.0006819204,0.2500852401,0
0.15151515,-2.63636364,2.0007433776,0.2500929222,0
0.16161616,-2.63636364,2.0008069041,0.2501008630,0
0.17171717,-2.63636364,2.0008725822,0.2501090728,0
0.18181818,-2.63636364,2.0009404970,0.2501175621,0
0.19191919,-2.63636364,2.0010107373,0.2501263422,0
0.20202020,-2.63636364,2.0010833952,0.2501354244,0
0.21212121,-2.63636364,2.0011585658,0.2501448207,0
0.22222222,-2.63636364,2.0012363477,0.2501545435,0
0.23232323,-2.63636364,2.0013168422,0.2501646053,0
0.24242424,-2.63636364,2.0014001536,0.2501750192,0
0.25252525,-2.63636364,2.0014863886,0.2501857986,0
0.26262626,-2.63636364,2.0015756555,0.2501969569,0
0.27272727,-2.63636364,2.0016680642,0.2502085080,0
0.28282828,-2.63636364,2.0017637248,0.2502204656,0
0.29292929,-2.63636364,2.0018627465,0.2502328433,0
0.30303030,-2.63636364,2.0019652363,0.2502456545,0
0.31313131,-2.63636364,2.0020712970,0.2502589121,0
0.32323232,-2.63636364,2.0021810247,0.2502726281,0
0.33333333,-2.63636364,2.0022945060,0.2502868133,0
0.34343434,-2.63636364,2.0024118142,0.2503014768,0
0.35353535,-2.63636364,2.0025330044,0.2503166256,0
0.36363636,-2.63636364,2.0026581083,0.2503322635,0
0.37373737,-2.63636364,2.0027871268,0.2503483908,0
0.38383838,-2.63636364,2.0029200217,0.2503650027,0
0.39393939,-2.63636364,2.0030567059,0.2503820882,0
0.40404040,-2.63636364,2.0031970310,0.2503996289,0
0.41414141,-2.63636364,2.0033407739,0.2504175967,0
0.42424242,-2.63636364,2.0034876202,0.2504359525,0
0.43434343,-2.63636364,2.0036371463,0.2504546433,0
0.44444444,-2.63636364,2.0037887993,0.2504735999,0
0.45454545,-2.63636364,2.0039418751,0.2504927344,0
0.46464646,-2.63636364,2.0040954970,0.2505119371,0
0.47474747,-2.63636364,2.0042485937,0.2505310742,0
0.48484848,-2.63636364,2.0043998808,0.2505499851,0
0.49494949,-2.63636364,2.0045478470,0.2505684809,0
0.50505051,-2.63636364,2.0046907488,0.2505863436,0
0.51515152,-2.63636364,2.0048266166,0.2506033271,0
0.52525253,-2.63636364,2.0049532774,0.2506191597,0
0.53535354,-2.63636364,2.0050683956,0.2506335494,0
0.54545455,-2.63636364,2.0051695365,0.2506461921,0
0.55555556,-2.63636364,2.0052542524,0.2506567816,0
0.56565657,-2.63636364,2.0053201894,0.2506650237,0
0.57575758,-2.63636364,2.0053652092,0.2506706511,0
0.58585859,-2.63636364,2.0053875183,0.2506734398,0
0.59595960,-2.63636364,2.0053857916,0.2506732240,0
0.60606061,-2.63636364,2.0053592767,0.2506699096,0
0.61616162,-2.63636364,2.0053078666,0.2506634833,0
0.62626263,-2.63636364,2.0052321290,0.2506540161,0
0.63636364,-2.63636364,2.0051332872,0.2506416609,0
0.64646465,-2.63636364,2.0050131542,0.2506266443,0
0.65656566,-2.63636364,2.0048740254,0.2506092532,0
0.66666667,-2.63636364,2.0047185436,0.2505898180,0
0.67676768,-2.63636364,2.0045495512,0.2505686939,0
0.68686869,-2.63636364,2.0043699447,0.2505462431,0
0.69696970,-2.63636364,2.0041825443,0.2505228180,0
0.70707071,-2.63636364,2.0039899888,0.2504987486,0
0.71717172,-2.63636364,2.0037946589,0.2504743324,0
0.72727273,-2.63636364,2.0035986307,0.2504498288,0
0.73737374,-2.63636364,2.0034036557,0.2504254570,0
0.74747475,-2.63636364,2.0032111630,0.2504013954,0
0.75757576,-2.63636364,2.0030222782,0.2503777848,0
0.76767677,-2.63636364,2.0028378526,0.2503547316,0
0.77777778,-2.63636364,2.0026584984,0.2503323123,0
0.78787879,-2.63636364,2.0024846260,0.2503105782,0
0.79797980,-2.63636364,2.0023164804,0.2502895600,0
0.80808081,-2.63636364,2.0021541743,0.2502692718,0
0.81818182,-2.63636364,2.0019977183,0.2502497148,0
0.82828283,-2.63636364,2.0018470460,0.2502308808,0
0.83838384,-2.63636364,2.0017020353,0.2502127544,0
0.84848485,-2.63636364,2.0015625254,0.2501953157,0
0.85858586,-2.63636364,2.0014283307,0.2501785413,0
0.86868687,-2.63636364,2.0012992512,0.2501624064,0
0.87878788,-2.63636364,2.0011750806,0.2501468851,0
0.88888889,-2.63636364,2.0010556122,0.2501319515,0
0.89898990,-2.63636364,2.0009406431,0.2501175804,0
0.90909091,-2.63636364,2.0008299772,0.2501037471,0
0.91919192,-2.63636364,2.0007234268,0.2500904284,0
0.92929293,-2.63636364,2.0006208143,0.2500776018,0
0.93939394,-2.63636364,2.0005219722,0.2500652465,0
0.94949495,-2.63636364,2.0004267435,0.2500533429,0
0.95959596,-2.63636364,2.0003349814,0.2500418727,0
0.96969697,-2.63636364,2.0002465491,0.2500308186,0
0.97979798,-2.63636364,2.0001613192,0.2500201649,0
0.98989899,-2.63636364,2.0000791730,0.2500098966,0
1.00000000,-2.63636364,1.5000203367,0.1875025421,1
0.00000000,-2.57575758,2.0000000000,0.2500000000,0
0.01010101,-2.57575758,2.0000445392,0.2500055674,0
0.02020202,-2.57575758,2.0000904532,0.2500113067,0
0.03030303,-2.57575758,2.0001377933,0.2500172242,0
0.04040404,-2.57575758,2.0001866127,0.2500233266,0
0.05050505,-2.57575758,2.0002369674,0.2500296209,0
0.06060606,-2.57575758,2.0002889155,0.2500361144,0
0.07070707,-2.57575758,2.0003425179,0.2500428147,0
0.08080808,-2.57575758,2.0003978380,0.2500497297,0
0.09090909,-2.57575758,2.0004549421,0.2500568678,0
0.10101010,-2.57575758,2.0005138992,0.2500642374,0
0.11111111,-2.57575758,2.0005747817,0.2500718477,0
0.12121212,-2.57575758,2.0006376648,0.2500797081,0
0.13131313,-2.57575758,2.0007026271,0.2500878284,0
0.14141414,-2.57575758,2.0007697505,0.2500962188,0
0.15151515,-2.57575758,2.0008391206,0.2501048901,0
0.16161616,-2.57575758,2.0009108263,0.2501138533,0
0.17171717,-2.57575758,2.0009849604,0.2501231200,0
0.18181818,-2.57575758,2.0010616191,0.2501327024,0
0.19191919,-2.57575758,2.0011409027,0.2501426128,0
0.20202020,-2.57575758,2.0012229151,0.2501528644,0
0.21212121,-2.57575758,2.0013077638,0.2501634705,0
0.22222222,-2.57575758,2.0013955601,0.2501744450,0
0.23232323,-2.57575758,2.0014864185,0.2501858023,0
0.24242424,-2.57575758,2.0015804569,0.2501975571,0
0.25252525,-2.57575758,2.0016777956,0.2502097245,0
0.26262626,-2.57575758,2.0017785574,0.2502223197,0
0.27272727,-2.57575758,2.0018828662,0.2502353583,0
0.28282828,-2.57575758,2.0019908464,0.2502488558,0
0.29292929,-2.57575758,2.0021026218,0.2502628277,0
0.30303030,-2.57575758,2.0022183131,0.2502772891,0
0.31313131,-2.57575758,2.0023380368,0.2502922546,0
0.32323232,-2.57575758,2.0024619017,0.2503077377,0
0.33333333,-2.57575758,2.0025900058,0.2503237507,0
0.34343434,-2.57575758,2.0027224323,0.2503403040,0
0.35353535,-2.57575758,2.0028592440,0.2503574055,0
0.36363636,-2.57575758,2.0030004769,0.2503750596,0
0.37373737,-2.57575758,2.0031461327,0.2503932666,0
0.38383838,-2.57575758,2.0032961690,0.2504120211,0
0.39393939,-2.57575758,2.0034504880,0.2504313110,0
0.40404040,-2.57575758,2.0036089230,0.2504511154,0
0.41414141,-2.57575758,2.0037712227,0.2504714028,0
0.42424242,-2.57575758,2.0039370330,0.2504921291,0
0.43434343,-2.57575758,2.0041058763,0.2505132345,0
0.44444444,-2.57575758,2.0042771290,0.2505346411,0
0.45454545,-2.57575758,2.0044499969,0.2505562496,0
0.46464646,-2.57575758,2.0046234903,0.2505779363,0
0.47474747,-2.57575758,2.0047963998,0.2505995500,0
0.48484848,-2.57575758,2.0049672748,0.2506209094,0
0.49494949,-2.57575758,2.0051344083,0.2506418010,0
0.50505051,-2.57575758,2.0052958301,0.2506619788,0
0.51515152,-2.57575758,2.0054493147,0.2506811643,0
0.52525253,-2.57575758,2.0055924055,0.2506990507,0
0.53535354,-2.57575758,2.0057224621,0.2507153078,0
0.54545455,-2.57575758,2.0058367315,0.2507295914,0
0.55555556,-2.57575758,2.0059324460,0.2507415557,0
0.56565657,-2.57575758,2.0060069431,0.2507508679,0
0.57575758,-2.57575758,2.0060578048,0.2507572256,0
0.58585859,-2.57575758,2.0060830030,0.2507603754,0
0.59595960,-2.57575758,2.0060810397,0.2507601300,0
0.60606061,-2.57575758,2.0060510652,0.2507563832,0
0.61616162,-2.57575758,2.0059929601,0.2507491200,0
0.62626263,-2.57575758,2.0059073685,0.2507384211,0
0.63636364,-2.57575758,2.0057956764,0.2507244595,0
0.64646465,-2.57575758,2.0056599360,0.2507074920,0
0.65656566,-2.57575758,2.0055027450,0.2506878431,0
0.66666667,-2.57575758,2.0053270929,0.2506658866,0
0.67676768,-2.57575758,2.0051361941,0.2506420243,0
0.68686869,-2.57575758,2.0049333228,0.2506166653,0
0.69696970,-2.57575758,2.0047216661,0.2505902083,0
0.70707071,-2.57575758,2.0045042048,0.2505630256,0
0.71717172,-2.57575758,2.0042836274,0.2505354534,0
0.72727273,-2.57575758,2.0040622771,0.2505077846,0
0.73737374,-2.57575758,2.0038421304,0.2504802663,0
0.74747475,-2.57575758,2.0036247991,0.2504530999,0
0.75757576,-2.57575758,2.0034115521,0.2504264440,0
0.76767677,-2.57575758,2.0032033487,0.2504004186,0
0.77777778,-2.57575758,2.0030008780,0.2503751098,0
0.78787879,-2.57575758,2.0028046019,0.2503505752,0
0.79797980,-2.57575758,2.0026147951,0.2503268494,0
0.80808081,-2.57575758,2.0024315840,0.2503039480,0
0.81818182,-2.57575758,2.0022549791,0.2502818724,0
0.82828283,-2.57575758,2.0020849048,0.2502606131,0
0.83838384,-2.57575758,2.0019212224,0.2502401528,0
0.84848485,-2.57575758,2.0017637499,0.2502204687,0
0.85858586,-2.57575758,2.0016122774,0.2502015347,0
0.86868687,-2.57575758,2.0014665789,0.2501833224,0
0.87878788,-2.57575758,2.0013264212,0.2501658026,0
0.88888889,-2.57575758,2.0011915707,0.2501489463,0
0.89898990,-2.57575758,2.0010617984,0.2501327248,0
0.90909091,-2.57575758,2.0009368827,0.2501171103,0
0.91919192,-2.57575758,2.0008166119,0.2501020765,0
0.92929293,-2.57575758,2.0007007853,0.2500875982,0
0.93939394,-2.57575758,2.0005892138,0.2500736517,0
0.94949495,-2.57575758,2.0004817201,0.2500602150,0
0.95959596,-2.57575758,2.0003781387,0.2500472673,0
0.96969697,-2.57575758,2.0002783149,0.2500347894,0
0.97979798,-2.57575758,2.0001821050,0.2500227631,0
0.98989899,-2.57575758,2.0000893749,0.2500111719,0
1.00000000,-2.57575758,1.9990568726,0.2498821091,1
0.00000000,-2.51515152,2.0000000000,0.2500000000,0
0.01010101,-2.51515152,2.0000502785,0.2500062848,0
0.02020202,-2.51515152,2.0001021083,0.2500127635,0
0.03030303,-2.51515152,2.0001555474,0.2500194434,0
0.04040404,-2.51515152,2.0002106559,0.2500263320,0
0.05050505,-2.51515152,2.0002674970,0.2500334371,0
0.06060606,-2.51515152,2.0003261362,0.2500407670,0
0.07070707,-2.51515152,2.0003866423,0.2500483303,0
0.08080808,-2.51515152,2.0004490868,0.2500561358,0
0.09090909,-2.51515152,2.0005135445,0.2500641931,0
0.10101010,-2.51515152,2.0005800936,0.2500725117,0
0.11111111,-2.51515152,2.0006488154,0.2500811019,0
0.12121212,-2.51515152,2.0007197951,0.2500899744,0
0.13131313,-2.51515152,2.0007931213,0.2500991402,0
0.14141414,-2.51515152,2.0008688866,0.2501086108,0
0.15151515,-2.51515152,2.0009471875,0.2501183984,0
0.16161616,-2.51515152,2.0010281245,0.2501285156,0
0.17171717,-2.51515152,2.0011118022,0.2501389753,0
0.18181818,-2.51515152,2.0011983294,0.2501497912,0
0.19191919,-2.51515152,2.0012878194,0.2501609774,0
0.20202020,-2.51515152,2.0013803895,0.2501725487,0
0.21212121,-2.51515152,2.0014761611,0.2501845201,0
0.22222222,-2.51515152,2.0015752599,0.2501969075,0
0.23232323,-2.51515152,2.0016778154,0.2502097269,0
0.24242424,-2.51515152,2.0017839606,0.2502229951,0
0.25252525,-2.51515152,2.0018938316,0.2502367290,0
0.26262626,-2.51515152,2.0020075671,0.2502509459,0
0.27272727,-2.51515152,2.0021253073,0.2502656634,0
0.28282828,-2.51515152,2.0022471928,0.2502808991,0
0.29292929,-2.51515152,2.0023733634,0.2502966704,0
0.30303030,-2.51515152,2.0025039559,0.2503129945,0
0.31313131,-2.51515152,2.0026391021,0.2503298878,0
0.32323232,-2.51515152,2.0027789252,0.2503473656,0
0.33333333,-2.51515152,2.0029235363,0.2503654420,0
0.34343434,-2.51515152,2.0030730298,0.2503841287,0
0.35353535,-2.51515152,2.0032274771,0.2504034346,0
0.36363636,-2.51515152,2.0033869196,0.2504233650,0
0.37373737,-2.51515152,2.0035513599,0.2504439200,0
0.38383838,-2.51515152,2.0037207509,0.2504650939,0
0.39393939,-2.51515152,2.0038949830,0.2504868729,0
0.40404040,-2.51515152,2.0040738689,0.2505092336,0
0.41414141,-2.51515152,2.0042571258,0.2505321407,0
0.42424242,-2.51515152,2.0044443550,0.2505555444,0
0.43434343,-2.51515152,2.0046350181,0.2505793773,0
0.44444444,-2.51515152,2.0048284119,0.2506035515,0
0.45454545,-2.51515152,2.0050236404,0.2506279550,0
0.46464646,-2.51515152,2.0052195866,0.2506524483,0
0.47474747,-2.51515152,2.0054148850,0.2506768606,0
0.48484848,-2.51515152,2.0056078974,0.2507009872,0
0.49494949,-2.51515152,2.0057966954,0.2507245869,0
0.50505051,-2.51515152,2.0059790528,0.2507473816,0
0.51515152,-2.51515152,2.0061524539,0.2507690567,0
0.52525253,-2.51515152,2.0063141216,0.2507892652,0
0.53535354,-2.51515152,2.0064610701,0.2508076338,0
0.54545455,-2.51515152,2.0065901860,0.2508237733,0
0.55555556,-2.51515152,2.0066983386,0.2508372923,0
0.56565657,-2.51515152,2.0067825163,0.2508478145,0
0.57575758,-2.51515152,2.0068399839,0.2508549980,0
0.58585859,-2.51515152,2.0068684475,0.2508585559,0
0.59595960,-2.51515152,2.0068662132,0.2508582767,0
0.60606061,-2.51515152,2.0068323216,0.2508540402,0
0.61616162,-2.51515152,2.0067666395,0.2508458299,0
0.62626263,-2.51515152,2.0066698983,0.2508337373,0
0.63636364,-2.51515152,2.0065436687,0.2508179586,0
0.64646465,-2.51515152,2.0063902750,0.2507987844,0
0.65656566,-2.51515152,2.0062126576,0.2507765822,0
0.66666667,-2.51515152,2.0060141993,0.2507517749,0
0.67676768,-2.51515152,2.0057985358,0.2507248170,0
0.68686869,-2.51515152,2.0055693689,0.2506961711,0
0.69696970,-2.51515152,2.0053303009,0.2506662876,0
0.70707071,-2.51515152,2.0050846992,0.2506355874,0
0.71717172,-2.51515152,2.0048355997,0.2506044500,0
0.72727273,-2.51515152,2.0045856476,0.2505732060,0
0.73737374,-2.51515152,2.0043370728,0.2505421341,0
0.74747475,-2.51515152,2.0040916930,0.2505114616,0
0.75757576,-2.51515152,2.0038509386,0.2504813673,0
0.76767677,-2.51515152,2.0036158899,0.2504519862,0
0.77777778,-2.51515152,2.0033873228,0.2504234153,0
0.78787879,-2.51515152,2.0031657563,0.2503957195,0
0.79797980,-2.51515152,2.0029514990,0.2503689374,0
0.80808081,-2.51515152,2.0027446915,0.2503430864,0
0.81818182,-2.51515152,2.0025453448,0.2503181681,0
0.82828283,-2.51515152,2.0023533720,0.2502941715,0
0.83838384,-2.51515152,2.0021686158,0.2502710770,0
0.84848485,-2.51515152,2.0019908702,0.2502488588,0
0.85858586,-2.51515152,2.0018198976,0.2502274872,0
0.86868687,-2.51515152,2.0016554423,0.2502069303,0
0.87878788,-2.51515152,2.0014972411,0.2501871551,0
0.88888889,-2.51515152,2.0013450299,0.2501681287,0
0.89898990,-2.51515152,2.0011985501,0.2501498188,0
0.90909091,-2.51515152,2.0010575514,0.2501321939,0
0.91919192,-2.51515152,2.0009217948,0.2501152244,0
0.92929293,-2.51515152,2.0007910536,0.2500988817,0
0.93939394,-2.51515152,2.0006651145,0.2500831393,0
0.94949495,-2.51515152,2.0005437772,0.2500679721,0
0.95959596,-2.51515152,2.0004268547,0.2500533568,0
0.96969697,-2.51515152,2.0003141727,0.2500392716,0
0.97979798,-2.51515152,2.0002055687,0.2500256961,0
0.98989899,-2.51515152,2.0001008914,0.2500126114,0
1.00000000,-2.51515152,1.9999415497,0.2499926937,1
0.00000000,-2.45454545,2.0000000000,0.2500000000,0
0.01010101,-2.45454545,2.0000567572,0.2500070947,0
0.02020202,-2.45454545,2.0001152650,0.2500144081,0
0.03030303,-2.45454545,2.0001755887,0.2500219486,0
0.04040404,-2.45454545,2.0002377963,0.2500297245,0
0.05050505,-2.45454545,2.0003019588,0.2500377449,0
0.06060606,-2.45454545,2.0003681505,0.2500460188,0
0.07070707,-2.45454545,2.0004364489,0.2500545561,0
0.08080808,-2.45454545,2.0005069347,0.2500633668,0
0.09090909,-2.45454545,2.0005796924,0.2500724616,0
0.10101010,-2.45454545,2.0006548102,0.2500818513,0
0.11111111,-2.45454545,2.0007323799,0.2500915475,0
0.12121212,-2.45454545,2.0008124977,0.2501015622,0
0.13131313,-2.45454545,2.0008952637,0.2501119080,0
0.14141414,-2.45454545,2.0009807823,0.2501225978,0
0.15151515,-2.45454545,2.0010691625,0.2501336453,0
0.16161616,-2.45454545,2.0011605179,0.2501450647,0
0.17171717,-2.45454545,2.0012549665,0.2501568708,0
0.18181818,-2.45454545,2.0013526313,0.2501690789,0
0.19191919,-2.45454545,2.0014536401,0.2501817050,0
0.20202020,-2.45454545,2.0015581254,0.2501947657,0
0.21212121,-2.45454545,2.0016662245,0.2502082781,0
0.22222222,-2.45454545,2.0017780793,0.2502222599,0
0.23232323,-2.45454545,2.0018938361,0.2502367295,0
0.24242424,-2.45454545,2.0020136452,0.2502517056,0
0.25252525,-2.45454545,2.0021376605,0.2502672076,0
0.26262626,-2.45454545,2.0022660387,0.2502832548,0
0.27272727,-2.45454545,2.0023989382,0.2502998673,0
0.28282828,-2.45454545,2.0025365182,0.2503170648,0
0.29292929,-2.45454545,2.0026789368,0.2503348671,0
0.30303030,-2.45454545,2.0028263489,0.2503532936,0
0.31313131,-2.45454545,2.0029789035,0.2503723629,0
0.32323232,-2.45454545,2.0031367402,0.2503920925,0
0.33333333,-2.45454545,2.0032999852,0.2504124982,0
0.34343434,-2.45454545,2.0034687455,0.2504335932,0
0.35353535,-2.45454545,2.0036431026,0.2504553878,0
0.36363636,-2.45454545,2.0038231040,0.2504778880,0
0.37373737,-2.45454545,2.0040087535,0.2505010942,0
0.38383838,-2.45454545,2.0041999988,0.2505249998,0
0.39393939,-2.45454545,2.0043967174,0.2505495897,0
0.40404040,-2.45454545,2.0045986989,0.2505748374,0
0.41414141,-2.45454545,2.0048056255,0.2506007032,0
0.42424242,-2.45454545,2.0050170478,0.2506271310,0
0.43434343,-2.45454545,2.0052323594,0.2506540449,0
0.44444444,-2.45454545,2.0054507674,0.2506813459,0
0.45454545,-2.45454545,2.0056712609,0.2507089076,0
0.46464646,-2.45454545,2.0058925794,0.2507365724,0
0.47474747,-2.45454545,2.0061131812,0.2507641477,0
0.48484848,-2.45454545,2.0063312161,0.2507914020,0
0.49494949,-2.45454545,2.0065445052,0.2508180631,0
0.50505051,-2.45454545,2.0067505326,0.2508438166,0
0.51515152,-2.45454545,2.0069464546,0.2508683068,0
0.52525253,-2.45454545,2.0071291308,0.2508911413,0
0.53535354,-2.45454545,2.0072951842,0.2509118980,0
0.54545455,-2.45454545,2.0074410932,0.2509301366,0
0.55555556,-2.45454545,2.0075633153,0.2509454144,0
0.56565657,-2.45454545,2.0076584433,0.2509573054,0
0.57575758,-2.45454545,2.0077233821,0.2509654228,0
0.58585859,-2.45454545,2.0077555368,0.2509694421,0
0.59595960,-2.45454545,2.0077529918,0.2509691240,0
0.60606061,-2.45454545,2.0077146632,0.2509643329,0
0.61616162,-2.45454545,2.0076404032,0.2509550504,0
0.62626263,-2.45454545,2.0075310428,0.2509413803,0
0.63636364,-2.45454545,2.0073883628,0.2509235453,0
0.64646465,-2.45454545,2.0072149967,0.2509018746,0
0.65656566,-2.45454545,2.0070142741,0.2508767843,0
0.66666667,-2.45454545,2.0067900238,0.2508487530,0
0.67676768,-2.45454545,2.0065463591,0.2508182949,0
0.68686869,-2.45454545,2.0062874665,0.2507859333,0
0.69696970,-2.45454545,2.0060174175,0.2507521772,0
0.70707071,-2.45454545,2.0057400170,0.2507175021,0
0.71717172,-2.45454545,2.0054586934,0.2506823367,0
0.72727273,-2.45454545,2.0051764326,0.2506470541,0
0.73737374,-2.45454545,2.0048957502,0.2506119688,0
0.74747475,-2.45454545,2.0046186960,0.2505773370,0
0.75757576,-2.45454545,2.0043468818,0.2505433602,0
0.76767677,-2.45454545,2.0040815242,0.2505101905,0
0.77777778,-2.45454545,2.0038234963,0.2504779370,0
0.78787879,-2.45454545,2.0035733812,0.2504466726,0
0.79797980,-2.45454545,2.0033315247,0.2504164406,0
0.80808081,-2.45454545,2.0030980838,0.2503872605,0
0.81818182,-2.45454545,2.0028730688,0.2503591336,0
0.82828283,-2.45454545,2.0026563805,0.2503320476,0
0.83838384,-2.45454545,2.0024478400,0.2503059800,0
0.84848485,-2.45454545,2.0022472140,0.2502809017,0
0.85858586,-2.45454545,2.0020542335,0.2502567792,0
0.86868687,-2.45454545,2.0018686095,0.2502335762,0
0.87878788,-2.45454545,2.0016900444,0.2502112555,0
0.88888889,-2.45454545,2.0015182399,0.2501897800,0
0.89898990,-2.45454545,2.0013529037,0.2501691130,0
0.90909091,-2.45454545,2.0011937533,0.2501492192,0
0.91919192,-2.45454545,2.0010405187,0.2501300648,0
0.92929293,-2.45454545,2.0008929441,0.2501116180,0
0.93939394,-2.45454545,2.0007507885,0.2500938486,0
0.94949495,-2.45454545,2.0006138259,0.2500767282,0
0.95959596,-2.45454545,2.0004818451,0.2500602306,0
0.96969697,-2.45454545,2.0003546494,0.2500443312,0
0.97979798,-2.45454545,2.0002320551,0.2500290069,0
0.98989899,-2.45454545,2.0001138916,0.2500142365,0
1.00000000,-2.45454545,1.5000009312,0.1875001164,1
0.00000000,-2.39393939,2.0000000000,0.2500000000,0
0.01010101,-2.39393939,2.0000640708,0.2500080088,0
0.02020202,-2.39393939,2.0001301168,0.2500162646,0
0.03030303,-2.39393939,2.0001982118,0.2500247765,0
0.04040404,-2.39393939,2.0002684325,0.2500335541,0
0.05050505,-2.39393939,2.0003408592,0.2500426074,0
0.06060606,-2.39393939,2.0004155755,0.2500519469,0
0.07070707,-2.39393939,2.0004926690,0.2500615836,0
0.08080808,-2.39393939,2.0005722309,0.2500715289,0
0.09090909,-2.39393939,2.0006543564,0.2500817946,0
0.10101010,-2.39393939,2.0007391452,0.2500923931,0
0.11111111,-2.39393939,2.0008267009,0.2501033376,0
0.12121212,-2.39393939,2.0009171320,0.2501146415,0
0.13131313,-2.39393939,2.0010105516,0.2501263190,0
0.14141414,-2.39393939,2.0011070777,0.2501383847,0
0.15151515,-2.39393939,2.0012068332,0.2501508542,0
0.16161616,-2.39393939,2.0013099464,0.2501637433,0
0.17171717,-2.39393939,2.0014165506,0.2501770688,0
0.18181818,-2.39393939,2.0015267848,0.2501908481,0
0.19191919,-2.39393939,2.0016407932,0.2502050991,0
0.20202020,-2.39393939,2.0017587255,0.2502198407,0
0.21212121,-2.39393939,2.0018807368,0.2502350921,0
0.22222222,-2.39393939,2.0020069875,0.2502508734,0
0.23232323,-2.39393939,2.0021376429,0.2502672054,0
0.24242424,-2.39393939,2.0022728728,0.2502841091,0
0.25252525,-2.39393939,2.0024128513,0.2503016064,0
0.26262626,-2.39393939,2.0025577553,0.2503197194,0
0.27272727,-2.39393939,2.0027077642,0.2503384705,0
0.28282828,-2.39393939,2.0028630580,0.2503578822,0
0.29292929,-2.39393939,2.0030238155,0.2503779769,0
0.30303030,-2.39393939,2.0031902120,0.2503987765,0
0.31313131,-2.39393939,2.0033624164,0.2504203021,0
0.32323232,-2.39393939,2.0035405870,0.2504425734,0
0.33333333,-2.39393939,2.0037248668,0.2504656083,0
0.34343434,-2.39393939,2.0039153775,0.2504894222,0
0.35353535,-2.39393939,2.0041122119,0.2505140265,0
0.36363636,-2.39393939,2.0043154249,0.2505394281,0
0.37373737,-2.39393939,2.0045250217,0.2505656277,0
0.38383838,-2.39393939,2.0047409447,0.2505926181,0
0.39393939,-2.39393939,2.0049630569,0.2506203821,0
0.40404040,-2.39393939,2.0051911223,0.2506488903,0
0.41414141,-2.39393939,2.0054247833,0.2506780979,0
0.42424242,-2.39393939,2.0056635345,0.2507079418,0
0.43434343,-2.39393939,2.0059066925,0.2507383366,0
0.44444444,-2.39393939,2.0061533634,0.2507691704,0
0.45454545,-2.39393939,2.0064024070,0.2508003009,0
0.46464646,-2.39393939,2.0066524007,0.2508315501,0
0.47474747,-2.39393939,2.0069016038,0.2508627005,0
0.48484848,-2.39393939,2.0071479266,0.2508934908,0
0.49494949,-2.39393939,2.0073889071,0.2509236134,0
0.50505051,-2.39393939,2.0076217017,0.2509527127,0
0.51515152,-2.39393939,2.0078430948,0.2509803868,0
0.52525253,-2.39393939,2.0080495348,0.2510061918,0
0.53535354,-2.39393939,2.0082372015,0.2510296502,0
0.54545455,-2.39393939,2.0084021098,0.2510502637,0
0.55555556,-2.39393939,2.0085402510,0.2510675314,0
0.56565657,-2.39393939,2.0086477685,0.2510809711,0
0.57575758,-2.39393939,2.0087211596,0.2510901449,0
0.58585859,-2.39393939,2.0087574874,0.2510946859,0
0.59595960,-2.39393939,2.0087545853,0.2510943232,0
0.60606061,-2.39393939,2.0087112288,0.2510889036,0
0.61616162,-2.39393939,2.0086272543,0.2510784068,0
0.62626263,-2.39393939,2.0085036065,0.2510629508,0
0.63636364,-2.39393939,2.0083423058,0.2510427882,0
0.64646465,-2.39393939,2.0081463373,0.2510182922,0
0.65656566,-2.39393939,2.0079194726,0.2509899341,0
0.66666667,-2.39393939,2.0076660471,0.2509582559,0
0.67676768,-2.39393939,2.0073907156,0.2509238394,0
0.68686869,-2.39393939,2.0070982134,0.2508872767,0
0.69696970,-2.39393939,2.0067931438,0.2508491430,0
0.70707071,-2.39393939,2.0064798059,0.2508099757,0
0.71717172,-2.39393939,2.0061620719,0.2507702590,0
0.72727273,-2.39393939,2.0058433119,0.2507304140,0
0.73737374,-2.39393939,2.0055263639,0.2506907955,0
0.74747475,-2.39393939,2.0052135389,0.2506516924,0
0.75757576,-2.39393939,2.0049066528,0.2506133316,0
0.76767677,-2.39393939,2.0046070753,0.2505758844,0
0.77777778,-2.39393939,2.0043157881,0.2505394735,0
0.78787879,-2.39393939,2.0040334463,0.2505041808,0
0.79797980,-2.39393939,2.0037604372,0.2504700546,0
0.80808081,-2.39393939,2.0034969351,0.2504371169,0
0.81818182,-2.39393939,2.0032429496,0.2504053687,0
0.82828283,-2.39393939,2.0029983669,0.2503747959,0
0.83838384,-2.39393939,2.0027629837,0.2503453730,0
0.84848485,-2.39393939,2.0025365354,0.2503170669,0
0.85858586,-2.39393939,2.0023187176,0.2502898397,0
0.86868687,-2.39393939,2.0021092033,0.2502636504,0
0.87878788,-2.39393939,2.0019076561,0.2502384570,0
0.88888889,-2.39393939,2.0017137390,0.2502142174,0
0.89898990,-2.39393939,2.0015271219,0.2501908902,0
0.90909091,-2.39393939,2.0013474855,0.2501684357,0
0.91919192,-2.39393939,2.0011745251,0.2501468156,0
0.92929293,-2.39393939,2.0010079518,0.2501259940,0
0.93939394,-2.39393939,2.0008474933,0.2501059367,0
0.94949495,-2.39393939,2.0006928947,0.2500866118,0
0.95959596,-2.39393939,2.0005439176,0.2500679897,0
0.96969697,-2.39393939,2.0004003396,0.2500500424,0
0.97979798,-2.39393939,2.0002619536,0.2500327442,0
0.98989899,-2.39393939,2.0001285669,0.2500160709,0
1.00000000,-2.39393939,1.5000130981,0.1875016373,1
0.00000000,-2.33333333,2.0000000000,0.2500000000,0
0.01010101,-2.33333333,2.0000723266,0.2500090408,0
0.02020202,-2.33333333,2.0001468820,0.2500183602,0
0.03030303,-2.33333333,2.0002237491,0.2500279686,0
0.04040404,-2.33333333,2.0003030147,0.2500378768,0
0.05050505,-2.33333333,2.0003847693,0.2500480962,0
0.06060606,-2.33333333,2.0004691075,0.2500586384,0
0.07070707,-2.33333333,2.0005561278,0.2500695160,0
0.08080808,-2.33333333,2.0006459334,0.2500807417,0
0.09090909,-2.33333333,2.0007386318,0.2500923290,0
0.10101010,-2.33333333,2.0008343354,0.2501042919,0
0.11111111,-2.33333333,2.0009331612,0.2501166451,0
0.12121212,-2.33333333,2.0010352317,0.2501294040,0
0.13131313,-2.33333333,2.0011406747,0.2501425843,0
0.14141414,-2.33333333,2.0012496232,0.2501562029,0
0.15151515,-2.33333333,2.0013622162,0.2501702770,0
0.16161616,-2.33333333,2.0014785984,0.2501848248,0
0.17171717,-2.33333333,2.0015989205,0.2501998651,0
0.18181818,-2.33333333,2.0017233394,0.2502154174,0
0.19191919,-2.33333333,2.0018520180,0.2502315023,0
0.20202020,-2.33333333,2.0019851255,0.2502481407,0
0.21212121,-2.33333333,2.0021228371,0.2502653546,0
0.22222222,-2.33333333,2.0022653339,0.2502831667,0
0.23232323,-2.33333333,2.0024128029,0.2503016004,0
0.24242424,-2.33333333,2.0025654359,0.2503206795,0
0.25252525,-2.33333333,2.0027234297,0.2503404287,0
0.26262626,-2.33333333,2.0028869845,0.2503608731,0
0.27272727,-2.33333333,2.0030563031,0.2503820379,0
0.28282828,-2.33333333,2.0032315892,0.2504039486,0
0.29292929,-2.33333333,2.0034130451,0.2504266306,0
0.30303030,-2.33333333,2.0036008694,0.2504501087,0
0.31313131,-2.33333333,2.0037952534,0.2504744067,0
0.32323232,-2.33333333,2.0039963766,0.2504995471,0
0.33333333,-2.33333333,2.0042044014,0.2505255502,0
0.34343434,-2.33333333,2.0044194663,0.2505524333,0
0.35353535,-2.33333333,2.0046416771,0.2505802096,0
0.36363636,-2.33333333,2.0048710971,0.2506088871,0
0.37373737,-2.33333333,2.0051077337,0.2506384667,0
0.38383838,-2.33333333,2.0053515236,0.2506689404,0
0.39393939,-2.33333333,2.0056023135,0.2507002892,0
0.40404040,-2.33333333,2.0058598392,0.2507324799,0
0.41414141,-2.33333333,2.0061236988,0.2507654623,0
0.42424242,-2.33333333,2.0063933234,0.2507991654,0
0.43434343,-2.33333333,2.0066679436,0.2508334930,0
0.44444444,-2.33333333,2.0069465517,0.2508683190,0
0.45454545,-2.33333333,2.0072278617,0.2509034827,0
0.46464646,-2.33333333,2.0075102681,0.2509387835,0
0.47474747,-2.33333333,2.0077918058,0.2509739757,0
0.48484848,-2.33333333,2.0080701141,0.2510087643,0
0.49494949,-2.33333333,2.0083424109,0.2510428014,0
0.50505051,-2.33333333,2.0086054815,0.2510756852,0
0.51515152,-2.33333333,2.0088556894,0.2511069612,0
0.52525253,-2.33333333,2.0090890168,0.2511361271,0
0.53535354,-2.33333333,2.0093011409,0.2511626426,0
0.54545455,-2.33333333,2.0094875510,0.2511859439,0
0.55555556,-2.33333333,2.0096437091,0.2512054636,0
0.56565657,-2.33333333,2.0097652488,0.2512206561,0
0.57575758,-2.33333333,2.0098482043,0.2512310255,0
0.58585859,-2.33333333,2.0098892511,0.2512361564,0
0.59595960,-2.33333333,2.0098859380,0.2512357422,0
0.60606061,-2.33333333,2.0098368814,0.2512296102,0
0.61616162,-2.33333333,2.0097419006,0.2512177376,0
0.62626263,-2.33333333,2.0096020709,0.2512002589,0
0.63636364,-2.33333333,2.0094196856,0.2511774607,0
0.64646465,-2.33333333,2.0091981301,0.2511497663,0
0.65656566,-2.33333333,2.0089416790,0.2511177099,0
0.66666667,-2.33333333,2.0086552427,0.2510819053,0
0.67676768,-2.33333333,2.0083440906,0.2510430113,0
0.68686869,-2.33333333,2.0080135802,0.2510016975,0
0.69696970,-2.33333333,2.0076689167,0.2509586146,0
0.70707071,-2.33333333,2.0073149586,0.2509143698,0
0.71717172,-2.33333333,2.0069560790,0.2508695099,0
0.72727273,-2.33333333,2.0065960821,0.2508245103,0
0.73737374,-2.33333333,2.0062381691,0.2507797711,0
0.74747475,-2.33333333,2.0058849451,0.2507356181,0
0.75757576,-2.33333333,2.0055384553,0.2506923069,0
0.76767677,-2.33333333,2.0052002413,0.2506500302,0
0.77777778,-2.33333333,2.0048714067,0.2506089258,0
0.78787879,-2.33333333,2.0045526863,0.2505690858,0
0.79797980,-2.33333333,2.0042445136,0.2505305642,0
0.80808081,-2.33333333,2.0039470821,0.2504933853,0
0.81818182,-2.33333333,2.0036603997,0.2504575500,0
0.82828283,-2.33333333,2.0033843358,0.2504230420,0
0.83838384,-2.33333333,2.0031186591,0.2503898324,0
0.84848485,-2.33333333,2.0028630692,0.2503578837,0
0.85858586,-2.33333333,2.0026172217,0.2503271527,0
0.86868687,-2.33333333,2.0023807466,0.2502975933,0
0.87878788,-2.33333333,2.0021532634,0.2502691579,0
0.88888889,-2.33333333,2.0019343915,0.2502417989,0
0.89898990,-2.33333333,2.0017237577,0.2502154697,0
0.90909091,-2.33333333,2.0015210016,0.2501901252,0
0.91919192,-2.33333333,2.0013257789,0.2501657224,0
0.92929293,-2.33333333,2.0011377634,0.2501422204,0
0.93939394,-2.33333333,2.0009566479,0.2501195810,0
0.94949495,-2.33333333,2.0007821443,0.2500977680,0
0.95959596,-2.33333333,2.0006139835,0.2500767479,0
0.96969697,-2.33333333,2.0004519146,0.2500564893,0
0.97979798,-2.33333333,2.0002957036,0.2500369630,0
0.98989899,-2.33333333,2.0001451330,0.2500181416,0
1.00000000,-2.33333333,1.5003984360,0.1875498045,1
0.00000000,-2.27272727,2.0000000000,0.2500000000,0
0.01010101,-2.27272727,2.0000816462,0.2500102058,0
0.02020202,-2.27272727,2.0001658069,0.2500207259,0
0.03030303,-2.27272727,2.0002525758,0.2500315720,0
0.04040404,-2.27272727,2.0003420508,0.2500427563,0
0.05050505,-2.27272727,2.0004343340,0.2500542918,0
0.06060606,-2.27272727,2.0005295321,0.2500661915,0
0.07070707,-2.27272727,2.0006277566,0.2500784696,0
0.08080808,-2.27272727,2.0007291235,0.2500911404,0
0.09090909,-2.27272727,2.0008337545,0.2501042193,0
0.10101010,-2.27272727,2.0009417763,0.2501177220,0
0.11111111,-2.27272727,2.0010533211,0.2501316651,0
0.12121212,-2.27272727,2.0011685273,0.2501460659,0
0.13131313,-2.27272727,2.0012875388,0.2501609424,0
0.14141414,-2.27272727,2.0014105062,0.2501763133,0
0.15151515,-2.27272727,2.0015375863,0.2501921983,0
0.16161616,-2.27272727,2.0016689425,0.2502086178,0
0.17171717,-2.27272727,2.0018047450,0.2502255931,0
0.18181818,-2.27272727,2.0019451710,0.2502431464,0
0.19191919,-2.27272727,2.0020904046,0.2502613006,0
0.20202020,-2.27272727,2.0022406368,0.2502800796,0
0.21212121,-2.27272727,2.0023960657,0.2502995082,0
0.22222222,-2.27272727,2.0025568961,0.2503196120,0
0.23232323,-2.27272727,2.0027233390,0.2503404174,0
0.24242424,-2.27272727,2.0028956116,0.2503619515,0
0.25252525,-2.27272727,2.0030739362,0.2503842420,0
0.26262626,-2.27272727,2.0032585393,0.2504073174,0
0.27272727,-2.27272727,2.0034496503,0.2504312063,0
0.28282828,-2.27272727,2.0036474996,0.2504559375,0
0.29292929,-2.27272727,2.0038523166,0.2504815396,0
0.30303030,-2.27272727,2.0040643261,0.2505080408,0
0.31313131,-2.27272727,2.0042837448,0.2505354681,0
0.32323232,-2.27272727,2.0045107765,0.2505638471,0
0.33333333,-2.27272727,2.0047456058,0.2505932007,0
0.34343434,-2.27272727,2.0049883901,0.2506235488,0
0.35353535,-2.27272727,2.0052392506,0.2506549063,0
0.36363636,-2.27272727,2.0054982604,0.2506872825,0
0.37373737,-2.27272727,2.0057654296,0.2507206787,0
0.38383838,-2.27272727,2.0060406888,0.2507550861,0
0.39393939,-2.27272727,2.0063238673,0.2507904834,0
0.40404040,-2.27272727,2.0066146689,0.2508268336,0
0.41414141,-2.27272727,2.0069126425,0.2508640803,0
0.42424242,-2.27272727,2.0072171483,0.2509021435,0
0.43434343,-2.27272727,2.0075273198,0.2509409150,0
0.44444444,-2.27272727,2.0078420216,0.2509802527,0
0.45454545,-2.27272727,2.0081598034,0.2510199754,0
0.46464646,-2.27272727,2.0084788535,0.2510598567,0
0.47474747,-2.27272727,2.0087969529,0.2510996191,0
0.48484848,-2.27272727,2.0091114350,0.2511389294,0
0.49494949,-2.27272727,2.0094191555,0.2511773944,0
0.50505051,-2.27272727,2.0097164794,0.2512145599,0
0.51515152,-2.27272727,2.0099992934,0.2512499117,0
0.52525253,-2.27272727,2.0102630512,0.2512828814,0
0.53535354,-2.27272727,2.0105028595,0.2513128574,0
0.54545455,-2.27272727,2.0107136113,0.2513392014,0
0.55555556,-2.27272727,2.0108901672,0.2513612709,0
0.56565657,-2.27272727,2.0110275819,0.2513784477,0
0.57575758,-2.27272727,2.0111213637,0.2513901705,0
0.58585859,-2.27272727,2.0111677481,0.2513959685,0
0.59595960,-2.27272727,2.0111639607,0.2513954951,0
0.60606061,-2.27272727,2.0111084385,0.2513885548,0
0.61616162,-2.27272727,2.0110009823,0.2513751228,0
0.62626263,-2.27272727,2.0108428171,0.2513553521,0
0.63636364,-2.27272727,2.0106365483,0.2513295685,0
0.64646465,-2.27272727,2.0103860172,0.2512982522,0
0.65656566,-2.27272727,2.0100960708,0.2512620088,0
0.66666667,-2.27272727,2.0097722730,0.2512215341,0
0.67676768,-2.27272727,2.0094205913,0.2511775739,0
0.68686869,-2.27272727,2.0090470888,0.2511308861,0
0.69696970,-2.27272727,2.0086576524,0.2510822066,0
0.70707071,-2.27272727,2.0082577735,0.2510322217,0
0.71717172,-2.27272727,2.0078523916,0.2509815489,0
0.72727273,-2.27272727,2.0074458002,0.2509307250,0
0.73737374,-2.27272727,2.0070416102,0.2508802013,0
0.74747475,-2.27272727,2.0066427574,0.2508303447,0
0.75757576,-2.27272727,2.0062515449,0.2507814431,0
0.76767677,-2.27272727,2.0058697069,0.2507337134,0
0.77777778,-2.27272727,2.0054984830,0.2506873104,0
0.78787879,-2.27272727,2.0051386974,0.2506423372,0
0.79797980,-2.27272727,2.0047908344,0.2505988543,0
0.80808081,-2.27272727,2.0044551081,0.2505568885,0
0.81818182,-2.27272727,2.0041315242,0.2505164405,0
0.82828283,-2.27272727,2.0038199320,0.2504774915,0
0.83838384,-2.27272727,2.0035200683,0.2504400085,0
0.84848485,-2.27272727,2.0032315922,0.2504039490,0
0.85858586,-2.27272727,2.0029541133,0.2503692642,0
0.86868687,-2.27272727,2.0026872132,0.2503359017,0
0.87878788,-2.27272727,2.0024304615,0.2503038077,0
0.88888889,-2.27272727,2.0021834280,0.2502729285,0
0.89898990,-2.27272727,2.0019456911,0.2502432114,0
0.90909091,-2.27272727,2.0017168437,0.2502146055,0
0.91919192,-2.27272727,2.0014964969,0.2501870621,0
0.92929293,-2.27272727,2.0012842824,0.2501605353,0
0.93939394,-2.27272727,2.0010798533,0.2501349817,0
0.94949495,-2.27272727,2.0008828843,0.2501103605,0
0.95959596,-2.27272727,2.0006930716,0.2500866340,0
0.96969697,-2.27272727,2.0005101319,0.2500637665,0
0.97979798,-2.27272727,2.0003338011,0.2500417251,0
0.98989899,-2.27272727,2.0001638334,0.2500204792,0
1.00000000,-2.27272727,1.5002964730,0.1875370591,1
0.00000000,-2.21212121,2.0000000000,0.2500000000,0
0.01010101,-2.21212121,2.0000921666,0.2500115208,0
0.02020202,-2.21212121,2.0001871699,0.2500233962,0
0.03030303,-2.21212121,2.0002851156,0.2500356394,0
0.04040404,-2.21212121,2.0003861142,0.2500482643,0
0.05050505,-2.21212121,2.0004902809,0.2500612851,0
0.06060606,-2.21212121,2.0005977363,0.2500747170,0
0.07070707,-2.21212121,2.0007086059,0.2500885757,0
0.08080808,-2.21212121,2.0008230211,0.2501028776,0
0.09090909,-2.21212121,2.0009411189,0.2501176399,0
0.10101010,-2.21212121,2.0010630424,0.2501328803,0
0.11111111,-2.21212121,2.0011889410,0.2501486176,0
0.12121212,-2.21212121,2.0013189706,0.2501648713,0
0.13131313,-2.21212121,2.0014532942,0.2501816618,0
0.14141414,-2.21212121,2.0015920815,0.2501990102,0
0.15151515,-2.21212121,2.0017355095,0.2502169387,0
0.16161616,-2.21212121,2.0018837630,0.2502354704,0
0.17171717,-2.21212121,2.0020370341,0.2502546293,0
0.18181818,-2.21212121,2.0021955230,0.2502744404,0
0.19191919,-2.21212121,2.0023594377,0.2502949297,0
0.20202020,-2.21212121,2.0025289940,0.2503161242,0
0.21212121,-2.21212121,2.0027044157,0.2503380520,0
0.22222222,-2.21212121,2.0028859343,0.2503607418,0
0.23232323,-2.21212121,2.0030737884,0.2503842235,0
0.24242424,-2.21212121,2.0032682235,0.2504085279,0
0.25252525,-2.21212121,2.0034694910,0.2504336864,0
0.26262626,-2.21212121,2.0036778472,0.2504597309,0
0.27272727,-2.21212121,2.0038935517,0.2504866940,0
0.28282828,-2.21212121,2.0041168654,0.2505146082,0
0.29292929,-2.21212121,2.0043480480,0.2505435060,0
0.30303030,-2.21212121,2.0045873542,0.2505734193,0
0.31313131,-2.21212121,2.0048350300,0.2506043787,0
0.32323232,-2.21212121,2.0050913066,0.2506364133,0
0.33333333,-2.21212121,2.0053563938,0.2506695492,0
0.34343434,-2.21212121,2.0056304712,0.2507038089,0
0.35353535,-2.21212121,2.0059136775,0.2507392097,0
0.36363636,-2.21212121,2.0062060971,0.2507757621,0
0.37373737,-2.21212121,2.0065077441,0.2508134680,0
0.38383838,-2.21212121,2.0068185425,0.2508523178,0
0.39393939,-2.21212121,2.0071383025,0.2508922878,0
0.40404040,-2.21212121,2.0074666928,0.2509333366,0
0.41414141,-2.21212121,2.0078032069,0.2509754009,0
0.42424242,-2.21212121,2.0081471260,0.2510183907,0
0.43434343,-2.21212121,2.0084974746,0.2510621843,0
0.44444444,-2.21212121,2.0088529733,0.2511066217,0
0.45454545,-2.21212121,2.0092119870,0.2511514984,0
0.46464646,-2.21212121,2.0095724714,0.2511965589,0
0.47474747,-2.21212121,2.0099319210,0.2512414901,0
0.48484848,-2.21212121,2.0102873231,0.2512859154,0
0.49494949,-2.21212121,2.0106351236,0.2513293904,0
0.50505051,-2.21212121,2.0109712116,0.2513714014,0
0.51515152,-2.21212121,2.0112909331,0.2514113666,0
0.52525253,-2.21212121,2.0115891422,0.2514486428,0
0.53535354,-2.21212121,2.0118602980,0.2514825372,0
0.54545455,-2.21212121,2.0120986160,0.2515123270,0
0.55555556,-2.21212121,2.0122982737,0.2515372842,0
0.56565657,-2.21212121,2.0124536678,0.2515567085,0
0.57575758,-2.21212121,2.0125597086,0.2515699636,0
0.58585859,-2.21212121,2.0126121317,0.2515765165,0
0.59595960,-2.21212121,2.0126077959,0.2515759745,0
0.60606061,-2.21212121,2.0125449352,0.2515681169,0
0.61616162,-2.21212121,2.0124233313,0.2515529164,0
0.62626263,-2.21212121,2.0122443810,0.2515305476,0
0.63636364,-2.21212121,2.0120110465,0.2515013808,0
0.64646465,-2.21212121,2.0117276894,0.2514659612,0
0.65656566,-2.21212121,2.0113998085,0.2514249761,0
0.66666667,-2.21212121,2.0110337117,0.2513792140,0
0.67676768,-2.21212121,2.0106361593,0.2513295199,0
0.68686869,-2.21212121,2.0102140150,0.2512767519,0
0.69696970,-2.21212121,2.0097739386,0.2512217423,0
0.70707071,-2.21212121,2.0093221374,0.2511652672,0
0.71717172,-2.21212121,2.0088641910,0.2511080239,0
0.72727273,-2.21212121,2.0084049455,0.2510506182,0
0.73737374,-2.21212121,2.0079484728,0.2509935591,0
0.74747475,-2.21212121,2.0074980811,0.2509372601,0
0.75757576,-2.21212121,2.0070563630,0.2508820454,0
0.76767677,-2.21212121,2.0066252681,0.2508281585,0
0.77777778,-2.21212121,2.0062061885,0.2507757736,0
0.78787879,-2.21212121,2.0058000473,0.2507250059,0
0.79797980,-2.21212121,2.0054073851,0.2506759231,0
0.80808081,-2.21212121,2.0050284382,0.2506285548,0
0.81818182,-2.21212121,2.0046632083,0.2505829010,0
0.82828283,-2.21212121,2.0043115218,0.2505389402,0
0.83838384,-2.21212121,2.0039730786,0.2504966348,0
0.84848485,-2.21212121,2.0036474916,0.2504559365,0
0.85858586,-2.21212121,2.0033343185,0.2504167898,0
0.86868687,-2.21212121,2.0030330855,0.2503791357,0
0.87878788,-2.21212121,2.0027433059,0.2503429132,0
0.88888889,-2.21212121,2.0024644933,0.2503080617,0
0.89898990,-2.21212121,2.0021961713,0.2502745214,0
0.90909091,-2.21212121,2.0019378801,0.2502422350,0
0.91919192,-2.21212121,2.0016891804,0.2502111476,0
0.92929293,-2.21212121,2.0014496563,0.2501812070,0
0.93939394,-2.21212121,2.0012189161,0.2501523645,0
0.94949495,-2.21212121,2.0009965926,0.2501245741,0
0.95959596,-2.21212121,2.0007823427,0.2500977928,0
0.96969697,-2.21212121,2.0005758464,0.2500719808,0
0.97979798,-2.21212121,2.0003768057,0.2500471007,0
0.98989899,-2.21212121,2.0001849431,0.2500231179,0
1.00000000,-2.21212121,1.9998643320,0.2499830415,1
0.00000000,-2.15151515,2.0000000000,0.2500000000,0
0.01010101,-2.15151515,2.0001040425,0.2500130053,0
0.02020202,-2.15151515,2.0002112848,0.2500264106,0
0.03030303,-2.15151515,2.0003218463,0.2500402308,0
0.04040404,-2.15151515,2.0004358518,0.2500544815,0
0.05050505,-2.15151515,2.0005534312,0.2500691789,0
0.06060606,-2.15151515,2.0006747205,0.2500843401,0
0.07070707,-2.15151515,2.0007998616,0.2500999827,0
0.08080808,-2.15151515,2.0009290026,0.2501161253,0
0.09090909,-2.15151515,2.0010622981,0.2501327873,0
0.10101010,-2.15151515,2.0011999099,0.2501499887,0
0.11111111,-2.15151515,2.0013420065,0.2501677508,0
0.12121212,-2.15151515,2.0014887640,0.2501860955,0
0.13131313,-2.15151515,2.0016403662,0.2502050458,0
0.14141414,-2.15151515,2.0017970049,0.2502246256,0
0.15151515,-2.15151515,2.0019588802,0.2502448600,0
0.16161616,-2.15151515,2.0021262004,0.2502657751,0
0.17171717,-2.15151515,2.0022991829,0.2502873979,0
0.18181818,-2.15151515,2.0024780535,0.2503097567,0
0.19191919,-2.15151515,2.0026630474,0.2503328809,0
0.20202020,-2.15151515,2.0028544085,0.2503568011,0
0.21212121,-2.15151515,2.0030523896,0.2503815487,0
0.22222222,-2.15151515,2.0032572525,0.2504071566,0
0.23232323,-2.15151515,2.0034692669,0.2504336584,0
0.24242424,-2.15151515,2.0036887106,0.2504610888,0
0.25252525,-2.15151515,2.0039158678,0.2504894835,0
0.26262626,-2.15151515,2.0041510286,0.2505188786,0
0.27272727,-2.15151515,2.0043944869,0.2505493109,0
0.28282828,-2.15151515,2.0046465381,0.2505808173,0
0.29292929,-2.15151515,2.0049074763,0.2506134345,0
0.30303030,-2.15151515,2.0051775907,0.2506471988,0
0.31313131,-2.15151515,2.0054571601,0.2506821450,0
0.32323232,-2.15151515,2.0057464473,0.2507183059,0
0.33333333,-2.15151515,2.0060456910,0.2507557114,0
0.34343434,-2.15151515,2.0063550961,0.2507943870,0
0.35353535,-2.15151515,2.0066748216,0.2508343527,0
0.36363636,-2.15151515,2.0070049654,0.2508756207,0
0.37373737,-2.15151515,2.0073455466,0.2509181933,0
0.38383838,-2.15151515,2.0076964826,0.2509620603,0
0.39393939,-2.15151515,2.0080575627,0.2510071953,0
0.40404040,-2.15151515,2.0084284166,0.2510535521,0
0.41414141,-2.15151515,2.0088084767,0.2511010596,0
0.42424242,-2.15151515,2.0091969351,0.2511496169,0
0.43434343,-2.15151515,2.0095926945,0.2511990868,0
0.44444444,-2.15151515,2.0099943138,0.2512492892,0
0.45454545,-2.15151515,2.0103999495,0.2512999937,0
0.46464646,-2.15151515,2.0108072949,0.2513509119,0
0.47474747,-2.15151515,2.0112135211,0.2514016901,0
0.48484848,-2.15151515,2.0116152242,0.2514519030,0
0.49494949,-2.15151515,2.0120083859,0.2515010482,0
0.50505051,-2.15151515,2.0123883563,0.2515485445,0
0.51515152,-2.15151515,2.0127498683,0.2515937335,0
0.52525253,-2.15151515,2.0130870949,0.2516358869,0
0.53535354,-2.15151515,2.0133937599,0.2516742200,0
0.54545455,-2.15151515,2.0136633085,0.2517079136,0
0.55555556,-2.15151515,2.0138891414,0.2517361427,0
0.56565657,-2.15151515,2.0140649064,0.2517581133,0
0.57575758,-2.15151515,2.0141848339,0.2517731042,0
0.58585859,-2.15151515,2.0142440906,0.2517805113,0
0.59595960,-2.15151515,2.0142391193,0.2517798899,0
0.60606061,-2.15151515,2.0141679240,0.2517709905,0
0.61616162,-2.15151515,2.0140302666,0.2517537833,0
0.62626263,-2.15151515,2.0138277421,0.2517284678,0
0.63636364,-2.15151515,2.0135637209,0.2516954651,0
0.64646465,-2.15151515,2.0132431592,0.2516553949,0
0.65656566,-2.15151515,2.0128722992,0.2516090374,0
0.66666667,-2.15151515,2.0124582960,0.2515572870,0
0.67676768,-2.15151515,2.0120088111,0.2515011014,0
0.68686869,-2.15151515,2.0115316177,0.2514414522,0
0.69696970,-2.15151515,2.0110342514,0.2513792814,0
0.70707071,-2.15151515,2.0105237305,0.2513154663,0
0.71717172,-2.15151515,2.0100063575,0.2512507947,0
0.72727273,-2.15151515,2.0094876021,0.2511859503,0
0.73737374,-2.15151515,2.0089720559,0.2511215070,0
0.74747475,-2.15151515,2.0084634455,0.2510579307,0
0.75757576,-2.15151515,2.0079646881,0.2509955860,0
0.76767677,-2.15151515,2.0074779747,0.2509347468,0
0.77777778,-2.15151515,2.0070048672,0.2508756084,0
0.78787879,-2.15151515,2.0065463987,0.2508182998,0
0.79797980,-2.15151515,2.0061031714,0.2507628964,0
0.80808081,-2.15151515,2.0056754452,0.2507094306,0
0.81818182,-2.15151515,2.0052632164,0.2506579021,0
0.82828283,-2.15151515,2.0048662844,0.2506082856,0
0.83838384,-2.15151515,2.0044843066,0.2505605383,0
0.84848485,-2.15151515,2.0041168433,0.2505146054,0
0.85858586,-2.15151515,2.0037633928,0.2504704241,0
0.86868687,-2.15151515,2.0034234188,0.2504279273,0
0.87878788,-2.15151515,2.0030963705,0.2503870463,0
0.88888889,-2.15151515,2.0027816981,0.2503477123,0
0.89898990,-2.15151515,2.0024788632,0.2503098579,0
0.90909091,-2.15151515,2.0021873462,0.2502734183,0
0.91919192,-2.15151515,2.0019066511,0.2502383314,0
0.92929293,-2.15151515,2.0016363081,0.2502045385,0
0.93939394,-2.15151515,2.0013758749,0.2501719844,0
0.94949495,-2.15151515,2.0011249369,0.2501406171,0
0.95959596,-2.15151515,2.0008831067,0.2501103883,0
0.96969697,-2.15151515,2.0006500230,0.2500812529,0
0.97979798,-2.15151515,2.0004253494,0.2500531687,0
0.98989899,-2.15151515,2.0002087723,0.2500260965,0
1.00000000,-2.15151515,1.9930489496,0.2491311187,1
0.00000000,-2.09090909,2.0000000000,0.2500000000,0
0.01010101,-2.09090909,2.0001174484,0.2500146810,0
0.02020202,-2.09090909,2.0002385060,0.2500298133,0
0.03030303,-2.09090909,2.0003633076,0.2500454135,0
0.04040404,-2.09090909,2.0004919938,0.2500614992,0
0.05050505,-2.09090909,2.0006247115,0.2500780889,0
0.06060606,-2.09090909,2.0007616140,0.2500952017,0
0.07070707,-2.09090909,2.0009028614,0.2501128577,0
0.08080808,-2.09090909,2.0010486209,0.2501310776,0
0.09090909,-2.09090909,2.0011990672,0.2501498834,0
0.10101010,-2.09090909,2.0013543826,0.2501692978,0
0.11111111,-2.09090909,2.0015147577,0.2501893447,0
0.12121212,-2.09090909,2.0016803911,0.2502100489,0
0.13131313,-2.09090909,2.0018514904,0.2502314363,0
0.14141414,-2.09090909,2.0020282722,0.2502535340,0
0.15151515,-2.09090909,2.0022109623,0.2502763703,0
0.16161616,-2.09090909,2.0023997963,0.2502999745,0
0.17171717,-2.09090909,2.0025950195,0.2503243774,0
0.18181818,-2.09090909,2.0027968873,0.2503496109,0
0.19191919,-2.09090909,2.0030056652,0.2503757081,0
0.20202020,-2.09090909,2.0032216289,0.2504027036,0
0.21212121,-2.09090909,2.0034450644,0.2504306331,0
0.22222222,-2.09090909,2.0036762673,0.2504595334,0
0.23232323,-2.09090909,2.0039155430,0.2504894429,0
0.24242424,-2.09090909,2.0041632053,0.2505204007,0
0.25252525,-2.09090909,2.0044195762,0.2505524470,0
0.26262626,-2.09090909,2.0046849839,0.2505856230,0
0.27272727,-2.09090909,2.0049597610,0.2506199701,0
0.28282828,-2.09090909,2.0052442425,0.2506555303,0
0.29292929,-2.09090909,2.0055387616,0.2506923452,0
0.30303030,-2.09090909,2.0058436463,0.2507304558,0
0.31313131,-2.09090909,2.0061592133,0.2507699017,0
0.32323232,-2.09090909,2.0064857614,0.2508107202,0
0.33333333,-2.09090909,2.0068235624,0.2508529453,0
0.34343434,-2.09090909,2.0071728503,0.2508966063,0
0.35353535,-2.09090909,2.0075338076,0.2509417260,0
0.36363636,-2.09090909,2.0079065486,0.2509883186,0
0.37373737,-2.09090909,2.0082910984,0.2510363873,0
0.38383838,-2.09090909,2.0086873679,0.2510859210,0
0.39393939,-2.09090909,2.0090951241,0.2511368905,0
0.40404040,-2.09090909,2.0095139535,0.2511892442,0
0.41414141,-2.09090909,2.0099432203,0.2512429025,0
0.42424242,-2.09090909,2.0103820176,0.2512977522,0
0.43434343,-2.09090909,2.0108291113,0.2513536389,0
0.44444444,-2.09090909,2.0112828786,0.2514103598,0
0.45454545,-2.09090909,2.0117412417,0.2514676552,0
0.46464646,-2.09090909,2.0122015979,0.2515251997,0
0.47474747,-2.09090909,2.0126607530,0.2515825941,0
0.48484848,-2.09090909,2.0131148608,0.2516393576,0
0.49494949,-2.09090909,2.0135593775,0.2516949222,0
0.50505051,-2.09090909,2.0139890420,0.2517486303,0
0.51515152,-2.09090909,2.0143978912,0.2517997364,0
0.52525253,-2.09090909,2.0147793249,0.2518474156,0
0.53535354,-2.09090909,2.0151262307,0.2518907788,0
0.54545455,-2.09090909,2.0154311774,0.2519288972,0
0.55555556,-2.09090909,2.0156866813,0.2519608352,0
0.56565657,-2.09090909,2.0158855375,0.2519856922,0
0.57575758,-2.09090909,2.0160212022,0.2520026503,0
0.58585859,-2.09090909,2.0160881949,0.2520110244,0
0.59595960,-2.09090909,2.0160824849,0.2520103106,0
0.60606061,-2.09090909,2.0160018167,0.2520002271,0
0.61616162,-2.09090909,2.0158459317,0.2519807415,0
0.62626263,-2.09090909,2.0156166539,0.2519520817,0
0.63636364,-2.09090909,2.0153178221,0.2519147278,0
0.64646465,-2.09090909,2.0149550723,0.2518693840,0
0.65656566,-2.09090909,2.0145354959,0.2518169370,0
0.66666667,-2.09090909,2.0140672133,0.2517584017,0
0.67676768,-2.09090909,2.0135589121,0.2516948640,0
0.68686869,-2.09090909,2.0130193987,0.2516274248,0
0.69696970,-2.09090909,2.0124572023,0.2515571503,0
0.70707071,-2.09090909,2.0118802591,0.2514850324,0
0.71717172,-2.09090909,2.0112956893,0.2514119612,0
0.72727273,-2.09090909,2.0107096660,0.2513387083,0
0.73737374,-2.09090909,2.0101273658,0.2512659207,0
0.74747475,-2.09090909,2.0095529855,0.2511941232,0
0.75757576,-2.09090909,2.0089898064,0.2511237258,0
0.76767677,-2.09090909,2.0084402892,0.2510550361,0
0.77777778,-2.09090909,2.0079061846,0.2509882731,0
0.78787879,-2.09090909,2.0073886478,0.2509235810,0
0.79797980,-2.09090909,2.0068883482,0.2508610435,0
0.80808081,-2.09090909,2.0064055707,0.2508006963,0
0.81818182,-2.09090909,2.0059403039,0.2507425380,0
0.82828283,-2.09090909,2.0054923152,0.2506865394,0
0.83838384,-2.09090909,2.0050612134,0.2506326517,0
0.84848485,-2.09090909,2.0046464984,0.2505808123,0
0.85858586,-2.09090909,2.0042476011,0.2505309501,0
0.86868687,-2.09090909,2.0038639140,0.2504829893,0
0.87878788,-2.09090909,2.0034948138,0.2504368517,0
0.88888889,-2.09090909,2.0031396788,0.2503924599,0
0.89898990,-2.09090909,2.0027979004,0.2503497375,0
0.90909091,-2.09090909,2.0024688915,0.2503086114,0
0.91919192,-2.09090909,2.0021520919,0.2502690115,0
0.92929293,-2.09090909,2.0018469710,0.2502308714,0
0.93939394,-2.09090909,2.0015530293,0.2501941287,0
0.94949495,-2.09090909,2.0012697987,0.2501587248,0
0.95959596,-2.09090909,2.0009968418,0.2501246052,0
0.96969697,-2.09090909,2.0007337506,0.2500917188,0
0.97979798,-2.09090909,2.0004801451,0.2500600181,0
0.98989899,-2.09090909,2.0002356714,0.2500294589,0
1.00000000,-2.09090909,1.9999752377,0.2499969047,1
0.00000000,-2.03030303,2.0000000000,0.2500000000,0
0.01010101,-2.03030303,2.0001325815,0.2500165727,0
0.02020202,-2.03030303,2.0002692335,0.2500336542,0
0.03030303,-2.03030303,2.0004101082,0.2500512635,0
0.04040404,-2.03030303,2.0005553643,0.2500694205,0
0.05050505,-2.03030303,2.0007051674,0.2500881459,0
0.06060606,-2.03030303,2.0008596906,0.2501074613,0
0.07070707,-2.03030303,2.0010191145,0.2501273893,0
0.08080808,-2.03030303,2.0011836281,0.2501479535,0
0.09090909,-2.03030303,2.0013534283,0.2501691785,0
0.10101010,-2.03030303,2.0015287210,0.2501910901,0
0.11111111,-2.03030303,2.0017097212,0.2502137151,0
0.12121212,-2.03030303,2.0018966534,0.2502370817,0
0.13131313,-2.03030303,2.0020897519,0.2502612190,0
0.14141414,-2.03030303,2.0022892613,0.2502861577,0
0.15151515,-2.03030303,2.0024954368,0.2503119296,0
0.16161616,-2.03030303,2.0027085442,0.2503385680,0
0.17171717,-2.03030303,2.0029288609,0.2503661076,0
0.18181818,-2.03030303,2.0031566753,0.2503945844,0
0.19191919,-2.03030303,2.0033922876,0.2504240359,0
0.20202020,-2.03030303,2.0036360093,0.2504545012,0
0.21212121,-2.03030303,2.0038881638,0.2504860205,0
0.22222222,-2.03030303,2.0041490854,0.2505186357,0
0.23232323,-2.03030303,2.0044191194,0.2505523899,0
0.24242424,-2.03030303,2.0046986211,0.2505873276,0
0.25252525,-2.03030303,2.0049879547,0.2506234943,0
0.26262626,-2.03030303,2.0052874919,0.2506609365,0
0.27272727,-2.03030303,2.0055976096,0.2506997012,0
0.28282828,-2.03030303,2.0059186872,0.2507398359,0
0.29292929,-2.03030303,2.0062511029,0.2507813879,0
0.30303030,-2.03030303,2.0065952288,0.2508244036,0
0.31313131,-2.03030303,2.0069514248,0.2508689281,0
0.32323232,-2.03030303,2.0073200309,0.2509150039,0
0.33333333,-2.03030303,2.0077013569,0.2509626696,0
0.34343434,-2.03030303,2.0080956705,0.2510119588,0
0.35353535,-2.03030303,2.0085031818,0.2510628977,0
0.36363636,-2.03030303,2.0089240239,0.2511155030,0
0.37373737,-2.03030303,2.0093582301,0.2511697788,0
0.38383838,-2.03030303,2.0098057053,0.2512257132,0
0.39393939,-2.03030303,2.0102661920,0.2512832740,0
0.40404040,-2.03030303,2.0107392297,0.2513424037,0
0.41414141,-2.03030303,2.0112241070,0.2514030134,0
0.42424242,-2.03030303,2.0117198063,0.2514649758,0
0.43434343,-2.03030303,2.0122249405,0.2515281176,0
0.44444444,-2.03030303,2.0127376830,0.2515922104,0
0.45454545,-2.03030303,2.0132556920,0.2516569615,0
0.46464646,-2.03030303,2.0137760315,0.2517220039,0
0.47474747,-2.03030303,2.0142950946,0.2517868868,0
0.48484848,-2.03030303,2.0148085347,0.2518510668,0
0.49494949,-2.03030303,2.0153112129,0.2519139016,0
0.50505051,-2.03030303,2.0157971748,0.2519746469,0
0.51515152,-2.03030303,2.0162596671,0.2520324584,0
0.52525253,-2.03030303,2.0166912105,0.2520864013,0
0.53535354,-2.03030303,2.0170837410,0.2521354676,0
0.54545455,-2.03030303,2.0174288296,0.2521786037,0
0.55555556,-2.03030303,2.0177179845,0.2522147481,0
0.56565657,-2.03030303,2.0179430293,0.2522428787,0
0.57575758,-2.03030303,2.0180965372,0.2522620671,0
0.58585859,-2.03030303,2.0181722902,0.2522715363,0
0.59595960,-2.03030303,2.0181657196,0.2522707150,0
0.60606061,-2.03030303,2.0180742756,0.2522592844,0
0.61616162,-2.03030303,2.0178976798,0.2522372100,0
0.62626263,-2.03030303,2.0176380213,0.2522047527,0
0.63636364,-2.03030303,2.0172996767,0.2521624596,0
0.64646465,-2.03030303,2.0168890614,0.2521111327,0
0.65656566,-2.03030303,2.0164142374,0.2520517797,0
0.66666667,-2.03030303,2.0158844270,0.2519855534,0
0.67676768,-2.03030303,2.0153094866,0.2519136858,0
0.68686869,-2.03030303,2.0146993973,0.2518374247,0
0.69696970,-2.03030303,2.0140638160,0.2517579770,0
0.70707071,-2.03030303,2.0134117189,0.2516764649,0
0.71717172,-2.03030303,2.0127511505,0.2515938938,0
0.72727273,-2.03030303,2.0120890774,0.2515111347,0
0.73737374,-2.03030303,2.0114313346,0.2514289168,0
0.74747475,-2.03030303,2.0107826471,0.2513478309,0
0.75757576,-2.03030303,2.0101467036,0.2512683380,0
0.76767677,-2.03030303,2.0095262662,0.2511907833,0
0.77777778,-2.03030303,2.0089232955,0.2511154119,0
0.78787879,-2.03030303,2.0083390809,0.2510423851,0
0.79797980,-2.03030303,2.0077743655,0.2509717957,0
0.80808081,-2.03030303,2.0072294598,0.2509036825,0
0.81818182,-2.03030303,2.0067043418,0.2508380427,0
0.82828283,-2.03030303,2.0061987415,0.2507748427,0
0.83838384,-2.03030303,2.0057122112,0.2507140264,0
0.84848485,-2.03030303,2.0052441818,0.2506555227,0
0.85858586,-2.03030303,2.0047940076,0.2505992509,0
0.86868687,-2.03030303,2.0043609997,0.2505451250,0
0.87878788,-2.03030303,2.0039444530,0.2504930566,0
0.88888889,-2.03030303,2.0035436641,0.2504429580,0
0.89898990,-2.03030303,2.0031579450,0.2503947431,0
0.90909091,-2.03030303,2.0027866324,0.2503483290,0
0.91919192,-2.03030303,2.0024290933,0.2503036367,0
0.92929293,-2.03030303,2.0020847285,0.2502605911,0
0.93939394,-2.03030303,2.0017529740,0.2502191217,0
0.94949495,-2.03030303,2.0014333011,0.2501791626,0
0.95959596,-2.03030303,2.0011252159,0.2501406520,0
0.96969697,-2.03030303,2.0008282578,0.2501035322,0
0.97979798,-2.03030303,2.0005419976,0.2500677497,0
0.98989899,-2.03030303,2.0002660358,0.2500332545,0
1.00000000,-2.03030303,1.9999999434,0.2499999929,1
0.00000000,-1.96969697,2.0000000000,0.2500000000,0
0.01010101,-1.96969697,2.0001496642,0.2500187080,0
0.02020202,-1.96969697,2.0003039188,0.2500379898,0
0.03030303,-1.96969697,2.0004629354,0.2500578669,0
0.04040404,-1.96969697,2.0006268930,0.2500783616,0
0.05050505,-1.96969697,2.0007959787,0.2500994973,0
0.06060606,-1.96969697,2.0009703877,0.2501212985,0
0.07070707,-1.96969697,2.0011503240,0.2501437905,0
0.08080808,-1.96969697,2.0013360005,0.2501670001,0
0.09090909,-1.96969697,2.0015276398,0.2501909550,0
0.10101010,-1.96969697,2.0017254743,0.2502156843,0
0.11111111,-1.96969697,2.0019297467,0.2502412183,0
0.12121212,-1.96969697,2.0021407104,0.2502675888,0
0.13131313,-1.96969697,2.0023586300,0.2502948288,0
0.14141414,-1.96969697,2.0025837818,0.2503229727,0
0.15151515,-1.96969697,2.0028164540,0.2503520567,0
0.16161616,-1.96969697,2.0030569469,0.2503821184,0
0.17171717,-1.96969697,2.0033055739,0.2504131967,0
0.18181818,-1.96969697,2.0035626609,0.2504453326,0
0.19191919,-1.96969697,2.0038285471,0.2504785684,0
0.20202020,-1.96969697,2.0041035850,0.2505129481,0
0.21212121,-1.96969697,2.0043881399,0.2505485175,0
0.22222222,-1.96969697,2.0046825901,0.2505853238,0
0.23232323,-1.96969697,2.0049873262,0.2506234158,0
0.24242424,-1.96969697,2.0053027504,0.2506628438,0
0.25252525,-1.96969697,2.0056292750,0.2507036594,0
0.26262626,-1.96969697,2.0059673209,0.2507459151,0
0.27272727,-1.96969697,2.0063173154,0.2507896644,0
0.28282828,-1.96969697,2.0066796886,0.2508349611,0
0.29292929,-1.96969697,2.0070548697,0.2508818587,0
0.30303030,-1.96969697,2.0074432813,0.2509304102,0
0.31313131,-1.96969697,2.0078453327,0.2509806666,0
0.32323232,-1.96969697,2.0082614110,0.2510326764,0
0.33333333,-1.96969697,2.0086918699,0.2510864837,0
0.34343434,-1.96969697,2.0091370160,0.2511421270,0
0.35353535,-1.96969697,2.0095970914,0.2511996364,0
0.36363636,-1.96969697,2.0100722520,0.2512590315,0
0.37373737,-1.96969697,2.0105625414,0.2513203177,0
0.38383838,-1.96969697,2.0110678592,0.2513834824,0
0.39393939,-1.96969697,2.0115879220,0.2514484903,0
0.40404040,-1.96969697,2.0121222177,0.2515152772,0
0.41414141,-1.96969697,2.0126699514,0.2515837439,0
0.42424242,-1.96969697,2.0132299822,0.2516537478,0
0.43434343,-1.96969697,2.0138007520,0.2517250940,0
0.44444444,-1.96969697,2.0143802055,0.2517975257,0
0.45454545,-1.96969697,2.0149657042,0.2518707130,0
0.46464646,-1.96969697,2.0155539362,0.2519442420,0
0.47474747,-1.96969697,2.0161408288,0.2520176036,0
0.48484848,-1.96969697,2.0167214690,0.2520901836,0
0.49494949,-1.96969697,2.0172900438,0.2521612555,0
0.50505051,-1.96969697,2.0178398119,0.2522299765,0
0.51515152,-1.96969697,2.0183631221,0.2522953903,0
0.52525253,-1.96969697,2.0188514949,0.2523564369,0
0.53535354,-1.96969697,2.0192957824,0.2524119728,0
0.54545455,-1.96969697,2.0196864180,0.2524608023,0
0.55555556,-1.96969697,2.0200137603,0.2525017200,0
0.56565657,-1.96969697,2.0202685235,0.2525335654,0
0.57575758,-1.96969697,2.0204422734,0.2525552842,0
0.58585859,-1.96969697,2.0205279509,0.2525659939,0
0.59595960,-1.96969697,2.0205203745,0.2525650468,0
0.60606061,-1.96969697,2.0204166614,0.2525520827,0
0.61616162,-1.96969697,2.0202165148,0.2525270643,0
0.62626263,-1.96969697,2.0199223309,0.2524902914,0
0.63636364,-1.96969697,2.0195391064,0.2524423883,0
0.64646465,-1.96969697,2.0190741506,0.2523842688,0
0.65656566,-1.96969697,2.0185366371,0.2523170796,0
0.66666667,-1.96969697,2.0179370471,0.2522421309,0
0.67676768,-1.96969697,2.0172865701,0.2521608213,0
0.68686869,-1.96969697,2.0165965242,0.2520745655,0
0.69696970,-1.96969697,2.0158778468,0.2519847308,0
0.70707071,-1.96969697,2.0151406926,0.2518925866,0
0.71717172,-1.96969697,2.0143941511,0.2517992689,0
0.72727273,-1.96969697,2.0136460839,0.2517057605,0
0.73737374,-1.96969697,2.0129030671,0.2516128834,0
0.74747475,-1.96969697,2.0121704180,0.2515213022,0
0.75757576,-1.96969697,2.0114522815,0.2514315352,0
0.76767677,-1.96969697,2.0107517551,0.2513439694,0
0.77777778,-1.96969697,2.0100710323,0.2512588790,0
0.78787879,-1.96969697,2.0094115503,0.2511764438,0
0.79797980,-1.96969697,2.0087741318,0.2510967665,0
0.80808081,-1.96969697,2.0081591133,0.2510198892,0
0.81818182,-1.96969697,2.0075664583,0.2509458073,0
0.82828283,-1.96969697,2.0069958527,0.2508744816,0
0.83838384,-1.96969697,2.0064467836,0.2508058479,0
0.84848485,-1.96969697,2.0059186027,0.2507398253,0
0.85858586,-1.96969697,2.0054105764,0.2506763221,0
0.86868687,-1.96969697,2.0049219242,0.2506152405,0
0.87878788,-1.96969697,2.0044518473,0.2505564809,0
0.88888889,-1.96969697,2.0039995500,0.2504999438,0
0.89898990,-1.96969697,2.0035642546,0.2504455318,0
0.90909091,-1.96969697,2.0031452112,0.2503931514,0
0.91919192,-1.96969697,2.0027417049,0.2503427131,0
0.92929293,-1.96969697,2.0023530588,0.2502941324,0
0.93939394,-1.96969697,2.0019786359,0.2502473295,0
0.94949495,-1.96969697,2.0016178392,0.2502022299,0
0.95959596,-1.96969697,2.0012701111,0.2501587639,0
0.96969697,-1.96969697,2.0009349313,0.2501168664,0
0.97979798,-1.96969697,2.0006118153,0.2500764769,0
0.98989899,-1.96969697,2.0003003116,0.2500375390,0
1.00000000,-1.96969697,1.9995948111,0.2499493514,1
0.00000000,-1.90909091,2.0000000000,0.2500000000,0
0.01010101,-1.90909091,2.0001689476,0.2500211185,0
0.02020202,-1.90909091,2.0003430713,0.2500428839,0
0.03030303,-1.90909091,2.0005225645,0.2500653206,0
0.04040404,-1.90909091,2.0007076293,0.2500884537,0
0.05050505,-1.90909091,2.0008984768,0.2501123096,0
0.06060606,-1.90909091,2.0010953272,0.2501369159,0
0.07070707,-1.90909091,2.0012984107,0.2501623013,0
0.08080808,-1.90909091,2.0015079677,0.2501884960,0
0.09090909,-1.90909091,2.0017242494,0.2502155312,0
0.10101010,-1.90909091,2.0019475181,0.2502434398,0
0.11111111,-1.90909091,2.0021780478,0.2502722560,0
0.12121212,-1.90909091,2.0024161248,0.2503020156,0
0.13131313,-1.90909091,2.0026620477,0.2503327560,0
0.14141414,-1.90909091,2.0029161287,0.2503645161,0
0.15151515,-1.90909091,2.0031786931,0.2503973366,0
0.16161616,-1.90909091,2.0034500806,0.2504312601,0
0.17171717,-1.90909091,2.0037306448,0.2504663306,0
0.18181818,-1.90909091,2.0040207545,0.2505025943,0
0.19191919,-1.90909091,2.0043207929,0.2505400991,0
0.20202020,-1.90909091,2.0046311586,0.2505788948,0
0.21212121,-1.90909091,2.0049522648,0.2506190331,0
0.22222222,-1.90909091,2.0052845394,0.2506605674,0
0.23232323,-1.90909091,2.0056284246,0.2507035531,0
0.24242424,-1.90909091,2.0059843755,0.2507480469,0
0.25252525,-1.90909091,2.0063528591,0.2507941074,0
0.26262626,-1.90909091,2.0067343526,0.2508417941,0
0.27272727,-1.90909091,2.0071293401,0.2508911675,0
0.28282828,-1.90909091,2.0075383098,0.2509422887,0
0.29292929,-1.90909091,2.0079617488,0.2509952186,0
0.30303030,-1.90909091,2.0084001377,0.2510500172,0
0.31313131,-1.90909091,2.0088539421,0.2511067428,0
0.32323232,-1.90909091,2.0093236034,0.2511654504,0
0.33333333,-1.90909091,2.0098095258,0.2512261907,0
0.34343434,-1.90909091,2.0103120609,0.2512890076,0
0.35353535,-1.90909091,2.0108314883,0.2513539360,0
0.36363636,-1.90909091,2.0113679911,0.2514209989,0
0.37373737,-1.90909091,2.0119216265,0.2514902033,0
0.38383838,-1.90909091,2.0124922896,0.2515615362,0
0.39393939,-1.90909091,2.0130796699,0.2516349587,0
0.40404040,-1.90909091,2.0136831991,0.2517103999,0
0.41414141,-1.90909091,2.0143019902,0.2517877488,0
0.42424242,-1.90909091,2.0149347655,0.2518668457,0
0.43434343,-1.90909091,2.0155797760,0.2519474720,0
0.44444444,-1.90909091,2.0162347101,0.2520293388,0
0.45454545,-1.90909091,2.0168965956,0.2521120745,0
0.46464646,-1.90909091,2.0175616973,0.2521952122,0
0.47474747,-1.90909091,2.0182254161,0.2522781770,0
0.48484848,-1.90909091,2.0188821985,0.2523602748,0
0.49494949,-1.90909091,2.0195254672,0.2524406834,0
0.50505051,-1.90909091,2.0201475873,0.2525184484,0
0.51515152,-1.90909091,2.0207398864,0.2525924858,0
0.52525253,-1.90909091,2.0212927462,0.2526615933,0
0.53535354,-1.90909091,2.0217957827,0.2527244728,0
0.54545455,-1.90909091,2.0222381311,0.2527797664,0
0.55555556,-1.90909091,2.0226088365,0.2528261046,0
0.56565657,-1.90909091,2.0228973457,0.2528621682,0
0.57575758,-1.90909091,2.0230940731,0.2528867591,0
0.58585859,-1.90909091,2.0231909992,0.2528988749,0
0.59595960,-1.90909091,2.0231822436,0.2528977804,0
0.60606061,-1.90909091,2.0230645468,0.2528830684,0
0.61616162,-1.90909091,2.0228375961,0.2528546995,0
0.62626263,-1.90909091,2.0225041454,0.2528130182,0
0.63636364,-1.90909091,2.0220699063,0.2527587383,0
0.64646465,-1.90909091,2.0215432165,0.2526929021,0
0.65656566,-1.90909091,2.0209345244,0.2526168156,0
0.66666667,-1.90909091,2.0202557520,0.2525319690,0
0.67676768,-1.90909091,2.0195196106,0.2524399513,0
0.68686869,-1.90909091,2.0187389410,0.2523423676,0
0.69696970,-1.90909091,2.0179261362,0.2522407670,0
0.70707071,-1.90909091,2.0170926866,0.2521365858,0
0.71717172,-1.90909091,2.0162488635,0.2520311079,0
0.72727273,-1.90909091,2.0154035379,0.2519254422,0
0.73737374,-1.90909091,2.0145641192,0.2518205149,0
0.74747475,-1.90909091,2.0137365890,0.2517170736,0
0.75757576,-1.90909091,2.0129256015,0.2516157002,0
0.76767677,-1.90909091,2.0121346275,0.2515168284,0
0.77777778,-1.90909091,2.0113661181,0.2514207648,0
0.78787879,-1.90909091,2.0106216724,0.2513277091,0
0.79797980,-1.90909091,2.0099021985,0.2512377748,0
0.80808081,-1.90909091,2.0092080588,0.2511510074,0
0.81818182,-1.90909091,2.0085391973,0.2510673997,0
0.82828283,-1.90909091,2.0078952475,0.2509869059,0
0.83838384,-1.90909091,2.0072756210,0.2509094526,0
0.84848485,-1.90909091,2.0066795785,0.2508349473,0
0.85858586,-1.90909091,2.0061062863,0.2507632858,0
0.86868687,-1.90909091,2.0055548590,0.2506943574,0
0.87878788,-1.90909091,2.0050243920,0.2506280490,0
0.88888889,-1.90909091,2.0045139847,0.2505642481,0
0.89898990,-1.90909091,2.0040227576,0.2505028447,0
0.90909091,-1.90909091,2.0035498634,0.2504437329,0
0.91919192,-1.90909091,2.0030944940,0.2503868118,0
0.92929293,-1.90909091,2.0026558849,0.2503319856,0
0.93939394,-1.90909091,2.0022333167,0.2502791646,0
0.94949495,-1.90909091,2.0018261153,0.2502282644,0
0.95959596,-1.90909091,2.0014336508,0.2501792063,0
0.96969697,-1.90909091,2.0010553358,0.2501319170,0
0.97979798,-1.90909091,2.0006906230,0.2500863279,0
0.98989899,-1.90909091,2.0003390027,0.2500423753,0
1.00000000,-1.90909091,1.5000428362,0.1875053545,1
0.00000000,-1.84848485,2.0000000000,0.2500000000,0
0.01010101,-1.84848485,2.0001907152,0.2500238394,0
0.02020202,-1.84848485,2.0003872660,0.2500484083,0
0.03030303,-1.84848485,2.0005898707,0.2500737338,0
0.04040404,-1.84848485,2.0007987572,0.2500998447,0
0.05050505,-1.84848485,2.0010141636,0.2501267704,0
0.06060606,-1.84848485,2.0012363384,0.2501545423,0
0.07070707,-1.84848485,2.0014655416,0.2501831927,0
0.08080808,-1.84848485,2.0017020443,0.2502127555,0
0.09090909,-1.84848485,2.0019461300,0.2502432663,0
0.10101010,-1.84848485,2.0021980950,0.2502747619,0
0.11111111,-1.84848485,2.0024582485,0.2503072811,0
0.12121212,-1.84848485,2.0027269138,0.2503408642,0
0.13131313,-1.84848485,2.0030044282,0.2503755535,0
0.14141414,-1.84848485,2.0032911441,0.2504113930,0
0.15151515,-1.84848485,2.0035874292,0.2504484287,0
0.16161616,-1.84848485,2.0038936672,0.2504867084,0
0.17171717,-1.84848485,2.0042102579,0.2505262822,0
0.18181818,-1.84848485,2.0045376179,0.2505672022,0
0.19191919,-1.84848485,2.0048761806,0.2506095226,0
0.20202020,-1.84848485,2.0052263968,0.2506532996,0
0.21212121,-1.84848485,2.0055887338,0.2506985917,0
0.22222222,-1.84848485,2.0059636760,0.2507454595,0
0.23232323,-1.84848485,2.0063517238,0.2507939655,0
0.24242424,-1.84848485,2.0067533927,0.2508441741,0
0.25252525,-1.84848485,2.0071692118,0.2508961515,0
0.26262626,-1.84848485,2.0075997220,0.2509499653,0
0.27272727,-1.84848485,2.0080454725,0.2510056841,0
0.28282828,-1.84848485,2.0085070175,0.2510633772,0
0.29292929,-1.84848485,2.0089849104,0.2511231138,0
0.30303030,-1.84848485,2.0094796978,0.2511849622,0
0.31313131,-1.84848485,2.0099919102,0.2512489888,0
0.32323232,-1.84848485,2.0105220512,0.2513152564,0
0.33333333,-1.84848485,2.0110705834,0.2513838229,0
0.34343434,-1.84848485,2.0116379108,0.2514547389,0
0.35353535,-1.84848485,2.0122243570,0.2515280446,0
0.36363636,-1.84848485,2.0128301377,0.2516037672,0
0.37373737,-1.84848485,2.0134553273,0.2516819159,0
0.38383838,-1.84848485,2.0140998185,0.2517624773,0
0.39393939,-1.84848485,2.0147632726,0.2518454091,0
0.40404040,-1.84848485,2.0154450607,0.2519306326,0
0.41414141,-1.84848485,2.0161441944,0.2520180243,0
0.42424242,-1.84848485,2.0168592446,0.2521074056,0
0.43434343,-1.84848485,2.0175882493,0.2521985312,0
0.44444444,-1.84848485,2.0183286102,0.2522910763,0
0.45454545,-1.84848485,2.0190769802,0.2523846225,0
0.46464646,-1.84848485,2.0198291472,0.2524786434,0
0.47474747,-1.84848485,2.0205799179,0.2525724897,0
0.48484848,-1.84848485,2.0213230136,0.2526653767,0
0.49494949,-1.84848485,2.0220509901,0.2527563738,0
0.50505051,-1.84848485,2.0227551975,0.2528443997,0
0.51515152,-1.84848485,2.0234258009,0.2529282251,0
0.52525253,-1.84848485,2.0240518835,0.2530064854,0
0.53535354,-1.84848485,2.0246216507,0.2530777063,0
0.54545455,-1.84848485,2.0251227537,0.2531403442,0
0.55555556,-1.84848485,2.0255427354,0.2531928419,0
0.56565657,-1.84848485,2.0258695921,0.2532336990,0
0.57575758,-1.84848485,2.0260924203,0.2532615525,0
0.58585859,-1.84848485,2.0262021018,0.2532752627,0
0.59595960,-1.84848485,2.0261919595,0.2532739949,0
0.60606061,-1.84848485,2.0260583068,0.2532572884,0
0.61616162,-1.84848485,2.0258008193,0.2532251024,0
0.62626263,-1.84848485,2.0254226685,0.2531778336,0
0.63636364,-1.84848485,2.0249303935,0.2531162992,0
0.64646465,-1.84848485,2.0243335167,0.2530416896,0
0.65656566,-1.84848485,2.0236439511,0.2529554939,0
0.66666667,-1.84848485,2.0228752699,0.2528594087,0
0.67676768,-1.84848485,2.0220419243,0.2527552405,0
0.68686869,-1.84848485,2.0211584913,0.2526448114,0
0.69696970,-1.84848485,2.0202390191,0.2525298774,0
0.70707071,-1.84848485,2.0192965133,0.2524120642,0
0.71717172,-1.84848485,2.0183425813,0.2522928227,0
0.72727273,-1.84848485,2.0173872324,0.2521734040,0
0.73737374,-1.84848485,2.0164388127,0.2520548516,0
0.74747475,-1.84848485,2.0155040475,0.2519380059,0
0.75757576,-1.84848485,2.0145881596,0.2518235199,0
0.76767677,-1.84848485,2.0136950340,0.2517118792,0
0.77777778,-1.84848485,2.0128274057,0.2516034257,0
0.78787879,-1.84848485,2.0119870506,0.2514983813,0
0.79797980,-1.84848485,2.0111749676,0.2513968709,0
0.80808081,-1.84848485,2.0103915436,0.2512989429,0
0.81818182,-1.84848485,2.0096366969,0.2512045871,0
0.82828283,-1.84848485,2.0089099986,0.2511137498,0
0.83838384,-1.84848485,2.0082107725,0.2510263466,0
0.84848485,-1.84848485,2.0075381749,0.2509422719,0
0.85858586,-1.84848485,2.0068912575,0.2508614072,0
0.86868687,-1.84848485,2.0062690156,0.2507836269,0
0.87878788,-1.84848485,2.0056704239,0.2507088030,0
0.88888889,-1.84848485,2.0050944632,0.2506368079,0
0.89898990,-1.84848485,2.0045401386,0.2505675173,0
0.90909091,-1.84848485,2.0040064923,0.2505008115,0
0.91919192,-1.84848485,2.0034926112,0.2504365764,0
0.92929293,-1.84848485,2.0029976315,0.2503747039,0
0.93939394,-1.84848485,2.0025207407,0.2503150926,0
0.94949495,-1.84848485,2.0020611776,0.2502576472,0
0.95959596,-1.84848485,2.0016182307,0.2502022788,0
0.96969697,-1.84848485,2.0011912367,0.2501489046,0
0.97979798,-1.84848485,2.0007795775,0.2500974472,0
0.98989899,-1.84848485,2.0003826774,0.2500478347,0
1.00000000,-1.84848485,1.9924718075,0.2490589759,1
0.00000000,-1.78787879,2.0000000000,0.2500000000,0
0.01010101,-1.78787879,2.0002152870,0.2500269109,0
0.02020202,-1.78787879,2.0004371521,0.2500546440,0
0.03030303,-1.78787879,2.0006658416,0.2500832302,0
0.04040404,-1.78787879,2.0009016126,0.2501127016,0
0.05050505,-1.78787879,2.0011447337,0.2501430917,0
0.06060606,-1.78787879,2.0013954855,0.2501744357,0
0.07070707,-1.78787879,2.0016541610,0.2502067701,0
0.08080808,-1.78787879,2.0019210665,0.2502401333,0
0.09090909,-1.78787879,2.0021965220,0.2502745652,0
0.10101010,-1.78787879,2.0024808617,0.2503101077,0
0.11111111,-1.78787879,2.0027744349,0.2503468044,0
0.12121212,-1.78787879,2.0030776065,0.2503847008,0
0.13131313,-1.78787879,2.0033907577,0.2504238447,0
0.14141414,-1.78787879,2.0037142864,0.2504642858,0
0.15151515,-1.78787879,2.0040486080,0.2505060760,0
0.16161616,-1.78787879,2.0043941560,0.2505492695,0
0.17171717,-1.78787879,2.0047513825,0.2505939228,0
0.18181818,-1.78787879,2.0051207583,0.2506400948,0
0.19191919,-1.78787879,2.0055027736,0.2506878467,0
0.20202020,-1.78787879,2.0058979382,0.2507372423,0
0.21212121,-1.78787879,2.0063067810,0.2507883476,0
0.22222222,-1.78787879,2.0067298503,0.2508412313,0
0.23232323,-1.78787879,2.0071677125,0.2508959641,0
0.24242424,-1.78787879,2.0076209519,0.2509526190,0
0.25252525,-1.78787879,2.0080901682,0.2510112710,0
0.26262626,-1.78787879,2.0085759746,0.2510719968,0
0.27272727,-1.78787879,2.0090789948,0.2511348743,0
0.28282828,-1.78787879,2.0095998579,0.2511999822,0
0.29292929,-1.78787879,2.0101391935,0.2512673992,0
0.30303030,-1.78787879,2.0106976237,0.2513372030,0
0.31313131,-1.78787879,2.0112757534,0.2514094692,0
0.32323232,-1.78787879,2.0118741579,0.2514842697,0
0.33333333,-1.78787879,2.0124933674,0.2515616709,0
0.34343434,-1.78787879,2.0131338471,0.2516417309,0
0.35353535,-1.78787879,2.0137959721,0.2517244965,0
0.36363636,-1.78787879,2.0144799975,0.2518099997,0
0.37373737,-1.78787879,2.0151860199,0.2518982525,0
0.38383838,-1.78787879,2.0159139321,0.2519892415,0
0.39393939,-1.78787879,2.0166633667,0.2520829208,0
0.40404040,-1.78787879,2.0174336299,0.2521792037,0
0.41414141,-1.78787879,2.0182236226,0.2522779528,0
0.42424242,-1.78787879,2.0190317481,0.2523789685,0
0.43434343,-1.78787879,2.0198558077,0.2524819760,0
0.44444444,-1.78787879,2.0206928822,0.2525866103,0
0.45454545,-1.78787879,2.0215392043,0.2526924005,0
0.46464646,-1.78787879,2.0223900243,0.2527987530,0
0.47474747,-1.78787879,2.0232394782,0.2529049348,0
0.48484848,-1.78787879,2.0240804664,0.2530100583,0
0.49494949,-1.78787879,2.0249045609,0.2531130701,0
0.50505051,-1.78787879,2.0257019575,0.2532127447,0
0.51515152,-1.78787879,2.0264614972,0.2533076872,0
0.52525253,-1.78787879,2.0271707811,0.2533963476,0
0.53535354,-1.78787879,2.0278164022,0.2534770503,0
0.54545455,-1.78787879,2.0283843132,0.2535480391,0
0.55555556,-1.78787879,2.0288603362,0.2536075420,0
0.56565657,-1.78787879,2.0292308045,0.2536538506,0
0.57575758,-1.78787879,2.0294833041,0.2536854130,0
0.58585859,-1.78787879,2.0296074585,0.2537009323,0
0.59595960,-1.78787879,2.0295956798,0.2536994600,0
0.60606061,-1.78787879,2.0294437978,0.2536804747,0
0.61616162,-1.78787879,2.0291514830,0.2536439354,0
0.62626263,-1.78787879,2.0287223964,0.2535902996,0
0.63636364,-1.78787879,2.0281640364,0.2535205046,0
0.64646465,-1.78787879,2.0274872939,0.2534359117,0
0.65656566,-1.78787879,2.0267057681,0.2533382210,0
0.66666667,-1.78787879,2.0258349278,0.2532293660,0
0.67676768,-1.78787879,2.0248912156,0.2531114020,0
0.68686869,-1.78787879,2.0238911907,0.2529863988,0
0.69696970,-1.78787879,2.0228507851,0.2528563481,0
0.70707071,-1.78787879,2.0217847234,0.2527230904,0
0.71717172,-1.78787879,2.0207061245,0.2525882656,0
0.72727273,-1.78787879,2.0196262805,0.2524532851,0
0.73737374,-1.78787879,2.0185545898,0.2523193237,0
0.74747475,-1.78787879,2.0174986098,0.2521873262,0
0.75757576,-1.78787879,2.0164641963,0.2520580245,0
0.76767677,-1.78787879,2.0154556931,0.2519319616,0
0.77777778,-1.78787879,2.0144761472,0.2518095184,0
0.78787879,-1.78787879,2.0135275261,0.2516909408,0
0.79797980,-1.78787879,2.0126109245,0.2515763656,0
0.80808081,-1.78787879,2.0117267510,0.2514658439,0
0.81818182,-1.78787879,2.0108748899,0.2513593612,0
0.82828283,-1.78787879,2.0100548382,0.2512568548,0
0.83838384,-1.78787879,2.0092658175,0.2511582272,0
0.84848485,-1.78787879,2.0085068635,0.2510633579,0
0.85858586,-1.78787879,2.0077768968,0.2509721121,0
0.86868687,-1.78787879,2.0070747766,0.2508843471,0
0.87878788,-1.78787879,2.0063993407,0.2507999176,0
0.88888889,-1.78787879,2.0057494350,0.2507186794,0
0.89898990,-1.78787879,2.0051239338,0.2506404917,0
0.90909091,-1.78787879,2.0045217543,0.2505652193,0
0.91919192,-1.78787879,2.0039418644,0.2504927331,0
0.92929293,-1.78787879,2.0033832884,0.2504229111,0
0.93939394,-1.78787879,2.0028451085,0.2503556386,0
0.94949495,-1.78787879,2.0023264646,0.2502908081,0
0.95959596,-1.78787879,2.0018265536,0.2502283192,0
0.96969697,-1.78787879,2.0013446262,0.2501680783,0
0.97979798,-1.78787879,2.0008799843,0.2501099980,0
0.98989899,-1.78787879,2.0004319776,0.2500539972,0
1.00000000,-1.78787879,1.9952006337,0.2494000792,1
0.00000000,-1.72727273,2.0000000000,0.2500000000,0
0.01010101,-1.72727273,2.0002430239,0.2500303780,0
0.02020202,-1.72727273,2.0004934618,0.2500616827,0
0.03030303,-1.72727273,2.0007515915,0.2500939489,0
0.04040404,-1.72727273,2.0010177028,0.2501272129,0
0.05050505,-1.72727273,2.0012920990,0.2501615124,0
0.06060606,-1.72727273,2.0015750965,0.2501968871,0
0.07070707,-1.72727273,2.0018670260,0.2502333782,0
0.08080808,-1.72727273,2.0021682331,0.2502710291,0
0.09090909,-1.72727273,2.0024790791,0.2503098849,0
0.10101010,-1.72727273,2.0027999411,0.2503499926,0
0.11111111,-1.72727273,2.0031312137,0.2503914017,0
0.12121212,-1.72727273,2.0034733089,0.2504341636,0
0.13131313,-1.72727273,2.0038266570,0.2504783321,0
0.14141414,-1.72727273,2.0041917077,0.2505239635,0
0.15151515,-1.72727273,2.0045689304,0.2505711163,0
0.16161616,-1.72727273,2.0049588149,0.2506198519,0
0.17171717,-1.72727273,2.0053618722,0.2506702340,0
0.18181818,-1.72727273,2.0057786348,0.2507223294,0
0.19191919,-1.72727273,2.0062096571,0.2507762071,0
0.20202020,-1.72727273,2.0066555158,0.2508319395,0
0.21212121,-1.72727273,2.0071168096,0.2508896012,0
0.22222222,-1.72727273,2.0075941593,0.2509492699,0
0.23232323,-1.72727273,2.0080882066,0.2510110258,0
0.24242424,-1.72727273,2.0085996135,0.2510749517,0
0.25252525,-1.72727273,2.0091290603,0.2511411325,0
0.26262626,-1.72727273,2.0096772428,0.2512096553,0
0.27272727,-1.72727273,2.0102448691,0.2512806086,0
0.28282828,-1.72727273,2.0108326546,0.2513540818,0
0.29292929,-1.72727273,2.0114413155,0.2514301644,0
0.30303030,-1.72727273,2.0120715608,0.2515089451,0
0.31313131,-1.72727273,2.0127240808,0.2515905101,0
0.32323232,-1.72727273,2.0133995339,0.2516749417,0
0.33333333,-1.72727273,2.0140985284,0.2517623161,0
0.34343434,-1.72727273,2.0148216009,0.2518527001,0
0.35353535,-1.72727273,2.0155691878,0.2519461485,0
0.36363636,-1.72727273,2.0163415913,0.2520426989,0
0.37373737,-1.72727273,2.0171389367,0.2521423671,0
0.38383838,-1.72727273,2.0179611203,0.2522451400,0
0.39393939,-1.72727273,2.0188077468,0.2523509684,0
0.40404040,-1.72727273,2.0196780533,0.2524597567,0
0.41414141,-1.72727273,2.0205708202,0.2525713525,0
0.42424242,-1.72727273,2.0214842666,0.2526855333,0
0.43434343,-1.72727273,2.0224159305,0.2528019913,0
0.44444444,-1.72727273,2.0233625349,0.2529203169,0
0.45454545,-1.72727273,2.0243198409,0.2530399801,0
0.46464646,-1.72727273,2.0252824943,0.2531603118,0
0.47474747,-1.72727273,2.0262438732,0.2532804841,0
0.48484848,-1.72727273,2.0271959487,0.2533994936,0
0.49494949,-1.72727273,2.0281291760,0.2535161470,0
0.50505051,-1.72727273,2.0290324372,0.2536290547,0
0.51515152,-1.72727273,2.0298930631,0.2537366329,0
0.52525253,-1.72727273,2.0306969612,0.2538371201,0
0.53535354,-1.72727273,2.0314288789,0.2539286099,0
0.54545455,-1.72727273,2.0320728221,0.2540091028,0
0.55555556,-1.72727273,2.0326126377,0.2540765797,0
0.56565657,-1.72727273,2.0330327497,0.2541290937,0
0.57575758,-1.72727273,2.0333190091,0.2541648761,0
0.58585859,-1.72727273,2.0334595956,0.2541824494,0
0.59595960,-1.72727273,2.0334458791,0.2541807349,0
0.60606061,-1.72727273,2.0332731416,0.2541591427,0
0.61616162,-1.72727273,2.0329410584,0.2541176323,0
0.62626263,-1.72727273,2.0324538657,0.2540567332,0
0.63636364,-1.72727273,2.0318201781,0.2539775223,0
0.64646465,-1.72727273,2.0310524706,0.2538815588,0
0.65656566,-1.72727273,2.0301662881,0.2537707860,0
0.66666667,-1.72727273,2.0291792794,0.2536474099,0
0.67676768,-1.72727273,2.0281101705,0.2535137713,0
0.68686869,-1.72727273,2.0269777856,0.2533722232,0
0.69696970,-1.72727273,2.0258002028,0.2532250254,0
0.70707071,-1.72727273,2.0245940980,0.2530742622,0
0.71717172,-1.72727273,2.0233742996,0.2529217875,0
0.72727273,-1.72727273,2.0221535458,0.2527691932,0
0.73737374,-1.72727273,2.0209424154,0.2526178019,0
0.74747475,-1.72727273,2.0197493959,0.2524686745,0
0.75757576,-1.72727273,2.0185810466,0.2523226308,0
0.76767677,-1.72727273,2.0174422179,0.2521802772,0
0.77777778,-1.72727273,2.0163362982,0.2520420373,0
0.78787879,-1.72727273,2.0152654613,0.2519081827,0
0.79797980,-1.72727273,2.0142309016,0.2517788627,0
0.80808081,-1.72727273,2.0132330447,0.2516541306,0
0.81818182,-1.72727273,2.0122717307,0.2515339663,0
0.82828283,-1.72727273,2.0113463677,0.2514182960,0
0.83838384,-1.72727273,2.0104560579,0.2513070072,0
0.84848485,-1.72727273,2.0095996983,0.2511999623,0
0.85858586,-1.72727273,2.0087760591,0.2510970074,0
0.86868687,-1.72727273,2.0079838439,0.2509979805,0
0.87878788,-1.72727273,2.0072217348,0.2509027168,0
0.88888889,-1.72727273,2.0064884244,0.2508110530,0
0.89898990,-1.72727273,2.0057826390,0.2507228299,0
0.90909091,-1.72727273,2.0051031539,0.2506378942,0
0.91919192,-1.72727273,2.0044488027,0.2505561003,0
0.92929293,-1.72727273,2.0038184828,0.2504773104,0
0.93939394,-1.72727273,2.0032111574,0.2504013947,0
0.94949495,-1.72727273,2.0026258552,0.2503282319,0
0.95959596,-1.72727273,2.0020616688,0.2502577086,0
0.96969697,-1.72727273,2.0015177521,0.2501897190,0
0.97979798,-1.72727273,2.0009933166,0.2501241646,0
0.98989899,-1.72727273,2.0004876274,0.2500609534,0
1.00000000,-1.72727273,1.5000316997,0.1875039625,1
0.00000000,-1.66666667,2.0000000000,0.2500000000,0
0.01010101,-1.66666667,2.0002743337,0.2500342917,0
0.02020202,-1.66666667,2.0005570219,0.2500696277,0
0.03030303,-1.66666667,2.0008483778,0.2501060472,0
0.04040404,-1.66666667,2.0011487287,0.2501435911,0
0.05050505,-1.66666667,2.0014584162,0.2501823020,0
0.06060606,-1.66666667,2.0017777975,0.2502222247,0
0.07070707,-1.66666667,2.0021072459,0.2502634057,0
0.08080808,-1.66666667,2.0024471512,0.2503058939,0
0.09090909,-1.66666667,2.0027979212,0.2503497402,0
0.10101010,-1.66666667,2.0031599819,0.2503949977,0
0.11111111,-1.66666667,2.0035337784,0.2504417223,0
0.12121212,-1.66666667,2.0039197761,0.2504899720,0
0.13131313,-1.66666667,2.0043184613,0.2505398077,0
0.14141414,-1.66666667,2.0047303417,0.2505912927,0
0.15151515,-1.66666667,2.0051559478,0.2506444935,0
0.16161616,-1.66666667,2.0055958333,0.2506994792,0
0.17171717,-1.66666667,2.0060505758,0.2507563220,0
0.18181818,-1.66666667,2.0065207777,0.2508150972,0
0.19191919,-1.66666667,2.0070070661,0.2508758833,0
0.20202020,-1.66666667,2.0075100936,0.2509387617,0
0.21212121,-1.66666667,2.0080305381,0.2510038173,0
0.22222222,-1.66666667,2.0085691026,0.2510711378,0
0.23232323,-1.66666667,2.0091265147,0.2511408143,0
0.24242424,-1.66666667,2.0097035246,0.2512129406,0
0.25252525,-1.66666667,2.0103009044,0.2512876130,0
0.26262626,-1.66666667,2.0109194440,0.2513649305,0
0.27272727,-1.66666667,2.0115599481,0.2514449935,0
0.28282828,-1.66666667,2.0122232306,0.2515279038,0
0.29292929,-1.66666667,2.0129101071,0.2516137634,0
0.30303030,-1.66666667,2.0136213863,0.2517026733,0
0.31313131,-1.66666667,2.0143578571,0.2517947321,0
0.32323232,-1.66666667,2.0151202738,0.2518900342,0
0.33333333,-1.66666667,2.0159093359,0.2519886670,0
0.34343434,-1.66666667,2.0167256631,0.2520907079,0
0.35353535,-1.66666667,2.0175697645,0.2521962206,0
0.36363636,-1.66666667,2.0184419996,0.2523052499,0
0.37373737,-1.66666667,2.0193425300,0.2524178163,0
0.38383838,-1.66666667,2.0202712613,0.2525339077,0
0.39393939,-1.66666667,2.0212277713,0.2526534714,0
0.40404040,-1.66666667,2.0222112249,0.2527764031,0
0.41414141,-1.66666667,2.0232202721,0.2529025340,0
0.42424242,-1.66666667,2.0242529300,0.2530316162,0
0.43434343,-1.66666667,2.0253064454,0.2531633057,0
0.44444444,-1.66666667,2.0263771421,0.2532971428,0
0.45454545,-1.66666667,2.0274602531,0.2534325316,0
0.46464646,-1.66666667,2.0285497441,0.2535687180,0
0.47474747,-1.66666667,2.0296381379,0.2537047672,0
0.48484848,-1.66666667,2.0307163528,0.2538395441,0
0.49494949,-1.66666667,2.0317735752,0.2539716969,0
0.50505051,-1.66666667,2.0327971910,0.2540996489,0
0.51515152,-1.66666667,2.0337728068,0.2542216008,0
0.52525253,-1.66666667,2.0346843923,0.2543355490,0
0.53535354,-1.66666667,2.0355145789,0.2544393224,0
0.54545455,-1.66666667,2.0362451365,0.2545306421,0
0.55555556,-1.66666667,2.0368576416,0.2546072052,0
0.56565657,-1.66666667,2.0373343207,0.2546667901,0
0.57575758,-1.66666667,2.0376590288,0.2547073786,0
0.58585859,-1.66666667,2.0378182854,0.2547272857,0
0.59595960,-1.66666667,2.0378022665,0.2547252833,0
0.60606061,-1.66666667,2.0376056322,0.2547007040,0
0.61616162,-1.66666667,2.0372280776,0.2546535097,0
0.62626263,-1.66666667,2.0366745176,0.2545843147,0
0.63636364,-1.66666667,2.0359548693,0.2544943587,0
0.64646465,-1.66666667,2.0350834468,0.2543854309,0
0.65656566,-1.66666667,2.0340780449,0.2542597556,0
0.66666667,-1.66666667,2.0329588245,0.2541198531,0
0.67676768,-1.66666667,2.0317471341,0.2539683918,0
0.68686869,-1.66666667,2.0304643900,0.2538080487,0
0.69696970,-1.66666667,2.0291311166,0.2536413896,0
0.70707071,-1.66666667,2.0277662062,0.2534707758,0
0.71717172,-1.66666667,2.0263864215,0.2532983027,0
0.72727273,-1.66666667,2.0250061288,0.2531257661,0
0.73737374,-1.66666667,2.0236372311,0.2529546539,0
0.74747475,-1.66666667,2.0222892533,0.2527861567,0
0.75757576,-1.66666667,2.0209695348,0.2526211918,0
0.76767677,-1.66666667,2.0196834837,0.2524604355,0
0.77777778,-1.66666667,2.0184348601,0.2523043575,0
0.78787879,-1.66666667,2.0172260584,0.2521532573,0
0.79797980,-1.66666667,2.0160583745,0.2520072968,0
0.80808081,-1.66666667,2.0149322441,0.2518665305,0
0.81818182,-1.66666667,2.0138474495,0.2517309312,0
0.82828283,-1.66666667,2.0128032925,0.2516004116,0
0.83838384,-1.66666667,2.0117987358,0.2514748420,0
0.84848485,-1.66666667,2.0108325158,0.2513540645,0
0.85858586,-1.66666667,2.0099032300,0.2512379038,0
0.86868687,-1.66666667,2.0090094046,0.2511261756,0
0.87878788,-1.66666667,2.0081495438,0.2510186930,0
0.88888889,-1.66666667,2.0073221665,0.2509152708,0
0.89898990,-1.66666667,2.0065258308,0.2508157289,0
0.90909091,-1.66666667,2.0057591514,0.2507198939,0
0.91919192,-1.66666667,2.0050208098,0.2506276012,0
0.92929293,-1.66666667,2.0043095600,0.2505386950,0
0.93939394,-1.66666667,2.0036242304,0.2504530288,0
0.94949495,-1.66666667,2.0029637241,0.2503704655,0
0.95959596,-1.66666667,2.0023270160,0.2502908770,0
0.96969697,-1.66666667,2.0017131505,0.2502141438,0
0.97979798,-1.66666667,2.0011212366,0.2501401546,0
0.98989899,-1.66666667,2.0005504443,0.2500688055,0
1.00000000,-1.66666667,1.9990931344,0.2498866418,1
0.00000000,-1.60606061,2.0000000000,0.2500000000,0
0.01010101,-1.60606061,2.0003096764,0.2500387095,0
0.02020202,-1.60606061,2.0006287652,0.2500785956,0
0.03030303,-1.60606061,2.0009576196,0.2501197025,0
0.04040404,-1.60606061,2.0012966088,0.2501620761,0
0.05050505,-1.60606061,2.0016461182,0.2502057648,0
0.06060606,-1.60606061,2.0020065507,0.2502508188,0
0.07070707,-1.60606061,2.0023783274,0.2502972909,0
0.08080808,-1.60606061,2.0027618884,0.2503452360,0
0.09090909,-1.60606061,2.0031576937,0.2503947117,0
0.10101010,-1.60606061,2.0035662244,0.2504457780,0
0.11111111,-1.60606061,2.0039879830,0.2504984979,0
0.12121212,-1.60606061,2.0044234951,0.2505529369,0
0.13131313,-1.60606061,2.0048733099,0.2506091637,0
0.14141414,-1.60606061,2.0053380012,0.2506672502,0
0.15151515,-1.60606061,2.0058181685,0.2507272711,0
0.16161616,-1.60606061,2.0063144377,0.2507893047,0
0.17171717,-1.60606061,2.0068274619,0.2508534327,0
0.18181818,-1.60606061,2.0073579224,0.2509197403,0
0.19191919,-1.60606061,2.0079065291,0.2509883161,0
0.20202020,-1.60606061,2.0084740206,0.2510592526,0
0.21212121,-1.60606061,2.0090611646,0.2511326456,0
0.22222222,-1.60606061,2.0096687579,0.2512085947,0
0.23232323,-1.60606061,2.0102976250,0.2512872031,0
0.24242424,-1.60606061,2.0109486174,0.2513685772,0
0.25252525,-1.60606061,2.0116226111,0.2514528264,0
0.26262626,-1.60606061,2.0123205040,0.2515400630,0
0.27272727,-1.60606061,2.0130432111,0.2516304014,0
0.28282828,-1.60606061,2.0137916588,0.2517239573,0
0.29292929,-1.60606061,2.0145667771,0.2518208471,0
0.30303030,-1.60606061,2.0153694894,0.2519211862,0
0.31313131,-1.60606061,2.0162006983,0.2520250873,0
0.32323232,-1.60606061,2.0170612693,0.2521326587,0
0.33333333,-1.60606061,2.0179520079,0.2522440010,0
0.34343434,-1.60606061,2.0188736320,0.2523592040,0
0.35353535,-1.60606061,2.0198267369,0.2524783421,0
0.36363636,-1.60606061,2.0208117512,0.2526014689,0
0.37373737,-1.60606061,2.0218288834,0.2527286104,0
0.38383838,-1.60606061,2.0228780551,0.2528597569,0
0.39393939,-1.60606061,2.0239588208,0.2529948526,0
0.40404040,-1.60606061,2.0250702705,0.2531337838,0
0.41414141,-1.60606061,2.0262109149,0.2532763644,0
0.42424242,-1.60606061,2.0273785500,0.2534223187,0
0.43434343,-1.60606061,2.0285701014,0.2535712627,0
0.44444444,-1.60606061,2.0297814491,0.2537226811,0
0.45454545,-1.60606061,2.0310072352,0.2538759044,0
0.46464646,-1.60606061,2.0322406608,0.2540300826,0
0.47474747,-1.60606061,2.0334732831,0.2541841604,0
0.48484848,-1.60606061,2.0346948277,0.2543368535,0
0.49494949,-1.60606061,2.0358930391,0.2544866299,0
0.50505051,-1.60606061,2.0370535975,0.2546316997,0
0.51515152,-1.60606061,2.0381601380,0.2547700172,0
0.52525253,-1.60606061,2.0391944100,0.2548993012,0
0.53535354,-1.60606061,2.0401366144,0.2550170768,0
0.54545455,-1.60606061,2.0409659491,0.2551207436,0
0.55555556,-1.60606061,2.0416613740,0.2552076718,0
0.56565657,-1.60606061,2.0422025822,0.2552753228,0
0.57575758,-1.60606061,2.0425711261,0.2553213908,0
0.58585859,-1.60606061,2.0427516132,0.2553439516,0
0.59595960,-1.60606061,2.0427328484,0.2553416060,0
0.60606061,-1.60606061,2.0425087869,0.2553135984,0
0.61616162,-1.60606061,2.0420791635,0.2552598954,0
0.62626263,-1.60606061,2.0414496978,0.2551812122,0
0.63636364,-1.60606061,2.0406318316,0.2550789790,0
0.64646465,-1.60606061,2.0396420203,0.2549552525,0
0.65656566,-1.60606061,2.0385006670,0.2548125834,0
0.66666667,-1.60606061,2.0372308344,0.2546538543,0
0.67676768,-1.60606061,2.0358568875,0.2544821109,0
0.68686869,-1.60606061,2.0344032130,0.2543004016,0
0.69696970,-1.60606061,2.0328931273,0.2541116409,0
0.70707071,-1.60606061,2.0313480415,0.2539185052,0
0.71717172,-1.60606061,2.0297869057,0.2537233632,0
0.72727273,-1.60606061,2.0282259201,0.2535282400,0
0.73737374,-1.60606061,2.0266784703,0.2533348088,0
0.74747475,-1.60606061,2.0251552368,0.2531444046,0
0.75757576,-1.60606061,2.0236644216,0.2529580527,0
0.76767677,-1.60606061,2.0222120446,0.2527765056,0
0.77777778,-1.60606061,2.0208022679,0.2526002835,0
0.78787879,-1.60606061,2.0194377196,0.2524297150,0
0.79797980,-1.60606061,2.0181197964,0.2522649745,0
0.80808081,-1.60606061,2.0168489339,0.2521061167,0
0.81818182,-1.60606061,2.0156248397,0.2519531050,0
0.82828283,-1.60606061,2.0144466880,0.2518058360,0
0.83838384,-1.60606061,2.0133132778,0.2516641597,0
0.84848485,-1.60606061,2.0122231594,0.2515278949,0
0.85858586,-1.60606061,2.0111747320,0.2513968415,0
0.86868687,-1.60606061,2.0101663186,0.2512707898,0
0.87878788,-1.60606061,2.0091962211,0.2511495276,0
0.88888889,-1.60606061,2.0082627603,0.2510328450,0
0.89898990,-1.60606061,2.0073643037,0.2509205380,0
0.90909091,-1.60606061,2.0064992840,0.2508124105,0
0.91919192,-1.60606061,2.0056662104,0.2507082763,0
0.92929293,-1.60606061,2.0048636745,0.2506079593,0
0.93939394,-1.60606061,2.0040903527,0.2505112941,0
0.94949495,-1.60606061,2.0033450056,0.2504181257,0
0.95959596,-1.60606061,2.0026264755,0.2503283094,0
0.96969697,-1.60606061,2.0019336825,0.2502417103,0
0.97979798,-1.60606061,2.0012656202,0.2501582025,0
0.98989899,-1.60606061,2.0006213508,0.2500776689,0
1.00000000,-1.60606061,1.9999693948,0.2499961744,1
0.00000000,-1.54545455,2.0000000000,0.2500000000,0
0.01010101,-1.54545455,2.0003495711,0.2500436964,0
0.02020202,-1.54545455,2.0007097443,0.2500887180,0
0.03030303,-1.54545455,2.0010809179,0.2501351147,0
0.04040404,-1.54545455,2.0014635080,0.2501829385,0
0.05050505,-1.54545455,2.0018579495,0.2502322437,0
0.06060606,-1.54545455,2.0022646968,0.2502830871,0
0.07070707,-1.54545455,2.0026842251,0.2503355281,0
0.08080808,-1.54545455,2.0031170310,0.2503896289,0
0.09090909,-1.54545455,2.0035636337,0.2504454542,0
0.10101010,-1.54545455,2.0040245761,0.2505030720,0
0.11111111,-1.54545455,2.0045004259,0.2505625532,0
0.12121212,-1.54545455,2.0049917766,0.2506239721,0
0.13131313,-1.54545455,2.0054992484,0.2506874061,0
0.14141414,-1.54545455,2.0060234899,0.2507529362,0
0.15151515,-1.54545455,2.0065651786,0.2508206473,0
0.16161616,-1.54545455,2.0071250222,0.2508906278,0
0.17171717,-1.54545455,2.0077037595,0.2509629699,0
0.18181818,-1.54545455,2.0083021611,0.2510377701,0
0.19191919,-1.54545455,2.0089210306,0.2511151288,0
0.20202020,-1.54545455,2.0095612044,0.2511951506,0
0.21212121,-1.54545455,2.0102235524,0.2512779441,0
0.22222222,-1.54545455,2.0109089776,0.2513636222,0
0.23232323,-1.54545455,2.0116184153,0.2514523019,0
0.24242424,-1.54545455,2.0123528319,0.2515441040,0
0.25252525,-1.54545455,2.0131132226,0.2516391528,0
0.26262626,-1.54545455,2.0139006081,0.2517375760,0
0.27272727,-1.54545455,2.0147160298,0.2518395037,0
0.28282828,-1.54545455,2.0155605434,0.2519450679,0
0.29292929,-1.54545455,2.0164352103,0.2520544013,0
0.30303030,-1.54545455,2.0173410858,0.2521676357,0
0.31313131,-1.54545455,2.0182792045,0.2522849006,0
0.32323232,-1.54545455,2.0192505607,0.2524063201,0
0.33333333,-1.54545455,2.0202560839,0.2525320105,0
0.34343434,-1.54545455,2.0212966075,0.2526620759,0
0.35353535,-1.54545455,2.0223728293,0.2527966037,0
0.36363636,-1.54545455,2.0234852627,0.2529356578,0
0.37373737,-1.54545455,2.0246341754,0.2530792719,0
0.38383838,-1.54545455,2.0258195150,0.2532274394,0
0.39393939,-1.54545455,2.0270408176,0.2533801022,0
0.40404040,-1.54545455,2.0282970980,0.2535371373,0
0.41414141,-1.54545455,2.0295867187,0.2536983398,0
0.42424242,-1.54545455,2.0309072359,0.2538634045,0
0.43434343,-1.54545455,2.0322552218,0.2540319027,0
0.44444444,-1.54545455,2.0336260642,0.2542032580,0
0.45454545,-1.54545455,2.0350137449,0.2543767181,0
0.46464646,-1.54545455,2.0364106062,0.2545513258,0
0.47474747,-1.54545455,2.0378071158,0.2547258895,0
0.48484848,-1.54545455,2.0391916477,0.2548989560,0
0.49494949,-1.54545455,2.0405503063,0.2550687883,0
0.50505051,-1.54545455,2.0418668254,0.2552333532,0
0.51515152,-1.54545455,2.0431225835,0.2553903229,0
0.52525253,-1.54545455,2.0442967810,0.2555370976,0
0.53535354,-1.54545455,2.0453668227,0.2556708528,0
0.54545455,-1.54545455,2.0463089406,0.2557886176,0
0.55555556,-1.54545455,2.0470990734,0.2558873842,0
0.56565657,-1.54545455,2.0477139853,0.2559642482,0
0.57575758,-1.54545455,2.0481325674,0.2560165709,0
0.58585859,-1.54545455,2.0483372188,0.2560421524,0
0.59595960,-1.54545455,2.0483151675,0.2560393959,0
0.60606061,-1.54545455,2.0480595687,0.2560074461,0
0.61616162,-1.54545455,2.0475702255,0.2559462782,0
0.62626263,-1.54545455,2.0468538151,0.2558567269,0
0.63636364,-1.54545455,2.0459235709,0.2557404464,0
0.64646465,-1.54545455,2.0447984490,0.2555998061,0
0.65656566,-1.54545455,2.0435018851,0.2554377356,0
0.66666667,-1.54545455,2.0420603006,0.2552575376,0
0.67676768,-1.54545455,2.0405015378,0.2550626922,0
0.68686869,-1.54545455,2.0388533924,0.2548566740,0
0.69696970,-1.54545455,2.0371423702,0.2546427963,0
0.70707071,-1.54545455,2.0353927457,0.2544240932,0
0.71717172,-1.54545455,2.0336259440,0.2542032430,0
0.72727273,-1.54545455,2.0318602281,0.2539825285,0
0.73737374,-1.54545455,2.0301106428,0.2537638304,0
0.74747475,-1.54545455,2.0283891523,0.2535486440,0
0.75757576,-1.54545455,2.0267049102,0.2533381138,0
0.76767677,-1.54545455,2.0250646038,0.2531330755,0
0.77777778,-1.54545455,2.0234728277,0.2529341035,0
0.78787879,-1.54545455,2.0219324540,0.2527415567,0
0.79797980,-1.54545455,2.0204449760,0.2525556220,0
0.80808081,-1.54545455,2.0190108151,0.2523763519,0
0.81818182,-1.54545455,2.0176295827,0.2522036978,0
0.82828283,-1.54545455,2.0163002990,0.2520375374,0
0.83838384,-1.54545455,2.0150215711,0.2518776964,0
0.84848485,-1.54545455,2.0137917333,0.2517239667,0
0.85858586,-1.54545455,2.0126089564,0.2515761195,0
0.86868687,-1.54545455,2.0114713307,0.2514339163,0
0.87878788,-1.54545455,2.0103769271,0.2512971159,0
0.88888889,-1.54545455,2.0093238413,0.2511654802,0
0.89898990,-1.54545455,2.0083102243,0.2510387780,0
0.90909091,-1.54545455,2.0073343023,0.2509167878,0
0.91919192,-1.54545455,2.0063943893,0.2507992987,0
0.92929293,-1.54545455,2.0054888933,0.2506861117,0
0.93939394,-1.54545455,2.0046163187,0.2505770398,0
0.94949495,-1.54545455,2.0037752650,0.2504719081,0
0.95959596,-1.54545455,2.0029644242,0.2503705530,0
0.96969697,-1.54545455,2.0021825764,0.2502728220,0
0.97979798,-1.54545455,2.0014285843,0.2501785730,0
0.98989899,-1.54545455,2.0007013883,0.2500876735,0
1.00000000,-1.54545455,1.5000195577,0.1875024447,1
0.00000000,-1.48484848,2.0000000000,0.2500000000,0
0.01010101,-1.48484848,2.0003946040,0.2500493255,0
0.02020202,-1.48484848,2.0008011474,0.2501001434,0
0.03030303,-1.48484848,2.0012200791,0.2501525099,0
0.04040404,-1.48484848,2.0016518684,0.2502064835,0
0.05050505,-1.48484848,2.0020970057,0.2502621257,0
0.06060606,-1.48484848,2.0025560037,0.2503195005,0
0.07070707,-1.48484848,2.0030293984,0.2503786748,0
0.08080808,-1.48484848,2.0035177501,0.2504397188,0
0.09090909,-1.48484848,2.0040216450,0.2505027056,0
0.10101010,-1.48484848,2.0045416959,0.2505677120,0
0.11111111,-1.48484848,2.0050785438,0.2506348180,0
0.12121212,-1.48484848,2.0056328589,0.2507041074,0
0.13131313,-1.48484848,2.0062053421,0.2507756678,0
0.14141414,-1.48484848,2.0067967263,0.2508495908,0
0.15151515,-1.48484848,2.0074077773,0.2509259722,0
0.16161616,-1.48484848,2.0080392953,0.2510049119,0
0.17171717,-1.48484848,2.0086921163,0.2510865145,0
0.18181818,-1.48484848,2.0093671124,0.2511708890,0
0.19191919,-1.48484848,2.0100651932,0.2512581492,0
0.20202020,-1.48484848,2.0107873064,0.2513484133,0
0.21212121,-1.48484848,2.0115344378,0.2514418047,0
0.22222222,-1.48484848,2.0123076115,0.2515384514,0
0.23232323,-1.48484848,2.0131078889,0.2516384861,0
0.24242424,-1.48484848,2.0139363675,0.2517420459,0
0.25252525,-1.48484848,2.0147941786,0.2518492723,0
0.26262626,-1.48484848,2.0156824835,0.2519603104,0
0.27272727,-1.48484848,2.0166024684,0.2520753085,0
0.28282828,-1.48484848,2.0175553374,0.2521944172,0
0.29292929,-1.48484848,2.0185423031,0.2523177879,0
0.30303030,-1.48484848,2.0195645735,0.2524455717,0
0.31313131,-1.48484848,2.0206233357,0.2525779170,0
0.32323232,-1.48484848,2.0217197343,0.2527149668,0
0.33333333,-1.48484848,2.0228548440,0.2528568555,0
0.34343434,-1.48484848,2.0240296343,0.2530037043,0
0.35353535,-1.48484848,2.0252449259,0.2531556157,0
0.36363636,-1.48484848,2.0265013352,0.2533126669,0
0.37373737,-1.48484848,2.0277992056,0.2534749007,0
0.38383838,-1.48484848,2.0291385235,0.2536423154,0
0.39393939,-1.48484848,2.0305188148,0.2538148519,0
0.40404040,-1.48484848,2.0319390207,0.2539923776,0
0.41414141,-1.48484848,2.0333973482,0.2541746685,0
0.42424242,-1.48484848,2.0348910953,0.2543613869,0
0.43434343,-1.48484848,2.0364164473,0.2545520559,0
0.44444444,-1.48484848,2.0379682471,0.2547460309,0
0.45454545,-1.48484848,2.0395397403,0.2549424675,0
0.46464646,-1.48484848,2.0411223057,0.2551402882,0
0.47474747,-1.48484848,2.0427051817,0.2553381477,0
0.48484848,-1.48484848,2.0442752106,0.2555344013,0
0.49494949,-1.48484848,2.0458166302,0.2557270788,0
0.50505051,-1.48484848,2.0473109504,0.2559138688,0
0.51515152,-1.48484848,2.0487369632,0.2560921204,0
0.52525253,-1.48484848,2.0500709381,0.2562588673,0
0.53535354,-1.48484848,2.0512870557,0.2564108820,0
0.54545455,-1.48484848,2.0523581207,0.2565447651,0
0.55555556,-1.48484848,2.0532565742,0.2566570718,0
0.56565657,-1.48484848,2.0539557863,0.2567444733,0
0.57575758,-1.48484848,2.0544315627,0.2568039453,0
0.58585859,-1.48484848,2.0546637464,0.2568329683,0
0.59595960,-1.48484848,2.0546377474,0.2568297184,0
0.60606061,-1.48484848,2.0543458127,0.2567932266,0
0.61616162,-1.48484848,2.0537878530,0.2567234816,0
0.62626263,-1.48484848,2.0529716903,0.2566214613,0
0.63636364,-1.48484848,2.0519126713,0.2564890839,0
0.64646465,-1.48484848,2.0506326825,0.2563290853,0
0.65656566,-1.48484848,2.0491586956,0.2561448370,0
0.66666667,-1.48484848,2.0475210296,0.2559401287,0
0.67676768,-1.48484848,2.0457515434,0.2557189429,0
0.68686869,-1.48484848,2.0438819508,0.2554852438,0
0.69696970,-1.48484848,2.0419424051,0.2552428006,0
0.70707071,-1.48484848,2.0399604379,0.2549950547,0
0.71717172,-1.48484848,2.0379602736,0.2547450342,0
0.72727273,-1.48484848,2.0359624951,0.2544953119,0
0.73737374,-1.48484848,2.0339839998,0.2542480000,0
0.74747475,-1.48484848,2.0320381755,0.2540047719,0
0.75757576,-1.48484848,2.0301352212,0.2537669026,0
0.76767677,-1.48484848,2.0282825486,0.2535353186,0
0.77777778,-1.48484848,2.0264852135,0.2533106517,0
0.78787879,-1.48484848,2.0247463386,0.2530932923,0
0.79797980,-1.48484848,2.0230675057,0.2528834382,0
0.80808081,-1.48484848,2.0214491016,0.2526811377,0
0.81818182,-1.48484848,2.0198906144,0.2524863268,0
0.82828283,-1.48484848,2.0183908790,0.2522988599,0
0.83838384,-1.48484848,2.0169482761,0.2521185345,0
0.84848485,-1.48484848,2.0155608891,0.2519451111,0
0.85858586,-1.48484848,2.0142266255,0.2517783282,0
0.86868687,-1.48484848,2.0129433088,0.2516179136,0
0.87878788,-1.48484848,2.0117087461,0.2514635933,0
0.88888889,-1.48484848,2.0105207767,0.2513150971,0
0.89898990,-1.48484848,2.0093773054,0.2511721632,0
0.90909091,-1.48484848,2.0082763245,0.2510345406,0
0.91919192,-1.48484848,2.0072159266,0.2509019908,0
0.92929293,-1.48484848,2.0061943121,0.2507742890,0
0.93939394,-1.48484848,2.0052097903,0.2506512238,0
0.94949495,-1.48484848,2.0042607787,0.2505325973,0
0.95959596,-1.48484848,2.0033457995,0.2504182249,0
0.96969697,-1.48484848,2.0024634741,0.2503079343,0
0.97979798,-1.48484848,2.0016125175,0.2502015647,0
0.98989899,-1.48484848,2.0007917318,0.2500989665,0
1.00000000,-1.48484848,1.9999352284,0.2499919036,1
0.00000000,-1.42424242,2.0000000000,0.2500000000,0
0.01010101,-1.42424242,2.0004454366,0.2500556796,0
0.02020202,-1.42424242,2.0009043151,0.2501130394,0
0.03030303,-1.42424242,2.0013771415,0.2501721427,0
0.04040404,-1.42424242,2.0018644450,0.2502330556,0
0.05050505,-1.42424242,2.0023667786,0.2502958473,0
0.06060606,-1.42424242,2.0028847206,0.2503605901,0
0.07070707,-1.42424242,2.0034188757,0.2504273595,0
0.08080808,-1.42424242,2.0039698761,0.2504962345,0
0.09090909,-1.42424242,2.0045383833,0.2505672979,0
0.10101010,-1.42424242,2.0051250893,0.2506406362,0
0.11111111,-1.42424242,2.0057307177,0.2507163397,0
0.12121212,-1.42424242,2.0063560258,0.2507945032,0
0.13131313,-1.42424242,2.0070018053,0.2508752257,0
0.14141414,-1.42424242,2.0076688844,0.2509586106,0
0.15151515,-1.42424242,2.0083581293,0.2510447662,0
0.16161616,-1.42424242,2.0090704449,0.2511338056,0
0.17171717,-1.42424242,2.0098067771,0.2512258471,0
0.18181818,-1.42424242,2.0105681131,0.2513210141,0
0.19191919,-1.42424242,2.0113554833,0.2514194354,0
0.20202020,-1.42424242,2.0121699614,0.2515212452,0
0.21212121,-1.42424242,2.0130126654,0.2516265832,0
0.22222222,-1.42424242,2.0138847570,0.2517355946,0
0.23232323,-1.42424242,2.0147874416,0.2518484302,0
0.24242424,-1.42424242,2.0157219664,0.2519652458,0
0.25252525,-1.42424242,2.0166896180,0.2520862023,0
0.26262626,-1.42424242,2.0176917189,0.2522114649,0
0.27272727,-1.42424242,2.0187296216,0.2523412027,0
0.28282828,-1.42424242,2.0198047008,0.2524755876,0
0.29292929,-1.42424242,2.0209183434,0.2526147929,0
0.30303030,-1.42424242,2.0220719341,0.2527589918,0
0.31313131,-1.42424242,2.0232668372,0.2529083546,0
0.32323232,-1.42424242,2.0245043724,0.2530630466,0
0.33333333,-1.42424242,2.0257857850,0.2532232231,0
0.34343434,-1.42424242,2.0271122058,0.2533890257,0
0.35353535,-1.42424242,2.0284846025,0.2535605753,0
0.36363636,-1.42424242,2.0299037175,0.2537379647,0
0.37373737,-1.42424242,2.0313699907,0.2539212488,0
0.38383838,-1.42424242,2.0328834641,0.2541104330,0
0.39393939,-1.42424242,2.0344436656,0.2543054582,0
0.40404040,-1.42424242,2.0360494674,0.2545061834,0
0.41414141,-1.42424242,2.0376989163,0.2547123645,0
0.42424242,-1.42424242,2.0393890343,0.2549236293,0
0.43434343,-1.42424242,2.0411155854,0.2551394482,0
0.44444444,-1.42424242,2.0428728115,0.2553591014,0
0.45454545,-1.42424242,2.0446531394,0.2555816424,0
0.46464646,-1.42424242,2.0464468677,0.2558058585,0
0.47474747,-1.42424242,2.0482418487,0.2560302311,0
0.48484848,-1.42424242,2.0500231885,0.2562528986,0
0.49494949,-1.42424242,2.0517729990,0.2564716249,0
0.50505051,-1.42424242,2.0534702469,0.2566837809,0
0.51515152,-1.42424242,2.0550907545,0.2568863443,0
0.52525253,-1.42424242,2.0566074147,0.2570759268,0
0.53535354,-1.42424242,2.0579906825,0.2572488353,0
0.54545455,-1.42424242,2.0592093920,0.2574011740,0
0.55555556,-1.42424242,2.0602319244,0.2575289905,0
0.56565657,-1.42424242,2.0610277048,0.2576284631,0
0.57575758,-1.42424242,2.0615689525,0.2576961191,0
0.58585859,-1.42424242,2.0618325426,0.2577290678,0
0.59595960,-1.42424242,2.0618017848,0.2577252231,0
0.60606061,-1.42424242,2.0614678947,0.2576834868,0
0.61616162,-1.42424242,2.0608309440,0.2576038680,0
0.62626263,-1.42424242,2.0599001298,0.2574875162,0
0.63636364,-1.42424242,2.0586933018,0.2573366627,0
0.64646465,-1.42424242,2.0572357930,0.2571544741,0
0.65656566,-1.42424242,2.0555587103,0.2569448388,0
0.66666667,-1.42424242,2.0536969085,0.2567121136,0
0.67676768,-1.42424242,2.0516868955,0.2564608619,0
0.68686869,-1.42424242,2.0495648960,0.2561956120,0
0.69696970,-1.42424242,2.0473652393,0.2559206549,0
0.70707071,-1.42424242,2.0451191634,0.2556398954,0
0.71717172,-1.42424242,2.0428540591,0.2553567574,0
0.72727273,-1.42424242,2.0405931145,0.2550741393,0
0.73737374,-1.42424242,2.0383552930,0.2547944116,0
0.74747475,-1.42424242,2.0361555562,0.2545194445,0
0.75757576,-1.42424242,2.0340052466,0.2542506558,0
0.76767677,-1.42424242,2.0319125575,0.2539890697,0
0.77777778,-1.42424242,2.0298830311,0.2537353789,0
0.78787879,-1.42424242,2.0279200427,0.2534900053,0
0.79797980,-1.42424242,2.0260252470,0.2532531559,0
0.80808081,-1.42424242,2.0241989697,0.2530248712,0
0.81818182,-1.42424242,2.0224405416,0.2528050677,0
0.82828283,-1.42424242,2.0207485737,0.2525935717,0
0.83838384,-1.42424242,2.0191211797,0.2523901475,0
0.84848485,-1.42424242,2.0175561506,0.2521945188,0
0.85858586,-1.42424242,2.0160510899,0.2520063862,0
0.86868687,-1.42424242,2.0146035149,0.2518254394,0
0.87878788,-1.42424242,2.0132109311,0.2516513664,0
0.88888889,-1.42424242,2.0118708856,0.2514838607,0
0.89898990,-1.42424242,2.0105810033,0.2513226254,0
0.90909091,-1.42424242,2.0093390108,0.2511673764,0
0.91919192,-1.42424242,2.0081427502,0.2510178438,0
0.92929293,-1.42424242,2.0069901860,0.2508737733,0
0.93939394,-1.42424242,2.0058794074,0.2507349259,0
0.94949495,-1.42424242,2.0048086257,0.2506010782,0
0.95959596,-1.42424242,2.0037761708,0.2504720213,0
0.96969697,-1.42424242,2.0027804847,0.2503475606,0
0.97979798,-1.42424242,2.0018201150,0.2502275144,0
0.98989899,-1.42424242,2.0008937079,0.2501117135,0
1.00000000,-1.42424242,1.9999391323,0.2499923915,1
0.00000000,-1.36363636,2.0000000000,0.2500000000,0
0.01010101,-1.36363636,2.0005028155,0.2500628519,0
0.02020202,-1.36363636,2.0010207603,0.2501275950,0
0.03030303,-1.36363636,2.0015544049,0.2501943006,0
0.04040404,-1.36363636,2.0021043459,0.2502630432,0
0.05050505,-1.36363636,2.0026712068,0.2503339009,0
0.06060606,-1.36363636,2.0032556399,0.2504069550,0
0.07070707,-1.36363636,2.0038583271,0.2504822909,0
0.08080808,-1.36363636,2.0044799821,0.2505599978,0
0.09090909,-1.36363636,2.0051213514,0.2506401689,0
0.10101010,-1.36363636,2.0057832160,0.2507229020,0
0.11111111,-1.36363636,2.0064663933,0.2508082992,0
0.12121212,-1.36363636,2.0071717384,0.2508964673,0
0.13131313,-1.36363636,2.0079001463,0.2509875183,0
0.14141414,-1.36363636,2.0086525531,0.2510815691,0
0.15151515,-1.36363636,2.0094299381,0.2511787423,0
0.16161616,-1.36363636,2.0102333252,0.2512791657,0
0.17171717,-1.36363636,2.0110637849,0.2513829731,0
0.18181818,-1.36363636,2.0119224352,0.2514903044,0
0.19191919,-1.36363636,2.0128104434,0.2516013054,0
0.20202020,-1.36363636,2.0137290267,0.2517161283,0
0.21212121,-1.36363636,2.0146794534,0.2518349317,0
0.22222222,-1.36363636,2.0156630423,0.2519578803,0
0.23232323,-1.36363636,2.0166811628,0.2520851454,0
0.24242424,-1.36363636,2.0177352333,0.2522169042,0
0.25252525,-1.36363636,2.0188267184,0.2523533398,0
0.26262626,-1.36363636,2.0199571252,0.2524946407,0
0.27272727,-1.36363636,2.0211279972,0.2526409997,0
0.28282828,-1.36363636,2.0223409060,0.2527926132,0
0.29292929,-1.36363636,2.0235974396,0.2529496800,0
0.30303030,-1.36363636,2.0248991875,0.2531123984,0
0.31313131,-1.36363636,2.0262477200,0.2532809650,0
0.32323232,-1.36363636,2.0276445621,0.2534555703,0
0.33333333,-1.36363636,2.0290911593,0.2536363949,0
0.34343434,-1.36363636,2.0305888342,0.2538236043,0
0.35353535,-1.36363636,2.0321387310,0.2540173414,0
0.36363636,-1.36363636,2.0337417465,0.2542177183,0
0.37373737,-1.36363636,2.0353984430,0.2544248054,0
0.38383838,-1.36363636,2.0371089407,0.2546386176,0
0.39393939,-1.36363636,2.0388727864,0.2548590983,0
0.40404040,-1.36363636,2.0406887923,0.2550860990,0
0.41414141,-1.36363636,2.0425548441,0.2553193555,0
0.42424242,-1.36363636,2.0444676716,0.2555584590,0
0.43434343,-1.36363636,2.0464225833,0.2558028229,0
0.44444444,-1.36363636,2.0484131610,0.2560516451,0
0.45454545,-1.36363636,2.0504309227,0.2563038653,0
0.46464646,-1.36363636,2.0524649579,0.2565581197,0
0.47474747,-1.36363636,2.0545015572,0.2568126947,0
0.48484848,-1.36363636,2.0565238583,0.2570654823,0
0.49494949,-1.36363636,2.0585115506,0.2573139438,0
0.50505051,-1.36363636,2.0604406887,0.2575550861,0
0.51515152,-1.36363636,2.0622836798,0.2577854600,0
0.52525253,-1.36363636,2.0640095191,0.2580011899,0
0.53535354,-1.36363636,2.0655843459,0.2581980432,0
0.54545455,-1.36363636,2.0669723823,0.2583715478,0
0.55555556,-1.36363636,2.0681372825,0.2585171603,0
0.56565657,-1.36363636,2.0690438729,0.2586304841,0
0.57575758,-1.36363636,2.0696601901,0.2587075238,0
0.58585859,-1.36363636,2.0699596533,0.2587449567,0
0.59595960,-1.36363636,2.0699231390,0.2587403924,0
0.60606061,-1.36363636,2.0695406912,0.2586925864,0
0.61616162,-1.36363636,2.0688126152,0.2586015769,0
0.62626263,-1.36363636,2.0677497683,0.2584687210,0
0.63636364,-1.36363636,2.0663729770,0.2582966221,0
0.64646465,-1.36363636,2.0647116428,0.2580889553,0
0.65656566,-1.36363636,2.0628017258,0.2578502157,0
0.66666667,-1.36363636,2.0606833728,0.2575854216,0
0.67676768,-1.36363636,2.0583984858,0.2572998107,0
0.68686869,-1.36363636,2.0559884919,0.2569985615,0
0.69696970,-1.36363636,2.0534925059,0.2566865632,0
0.70707071,-1.36363636,2.0509459865,0.2563682483,0
0.71717172,-1.36363636,2.0483799033,0.2560474879,0
0.72727273,-1.36363636,2.0458203682,0.2557275460,0
0.73737374,-1.36363636,2.0432886434,0.2554110804,0
0.74747475,-1.36363636,2.0408014241,0.2551001780,0
0.75757576,-1.36363636,2.0383712978,0.2547964122,0
0.76767677,-1.36363636,2.0360072945,0.2545009118,0
0.77777778,-1.36363636,2.0337154624,0.2542144328,0
0.78787879,-1.36363636,2.0314994241,0.2539374280,0
0.79797980,-1.36363636,2.0293608838,0.2536701105,0
0.80808081,-1.36363636,2.0273000708,0.2534125088,0
0.81818182,-1.36363636,2.0253161155,0.2531645144,0
0.82828283,-1.36363636,2.0234073583,0.2529259198,0
0.83838384,-1.36363636,2.0215715970,0.2526964496,0
0.84848485,-1.36363636,2.0198062820,0.2524757852,0
0.85858586,-1.36363636,2.0181086650,0.2522635831,0
0.86868687,-1.36363636,2.0164759113,0.2520594889,0
0.87878788,-1.36363636,2.0149051814,0.2518631477,0
0.88888889,-1.36363636,2.0133936889,0.2516742111,0
0.89898990,-1.36363636,2.0119387404,0.2514923426,0
0.90909091,-1.36363636,2.0105377607,0.2513172201,0
0.91919192,-1.36363636,2.0091883076,0.2511485384,0
0.92929293,-1.36363636,2.0078880787,0.2509860098,0
0.93939394,-1.36363636,2.0066349134,0.2508293642,0
0.94949495,-1.36363636,2.0054267899,0.2506783487,0
0.95959596,-1.36363636,2.0042618204,0.2505327275,0
0.96969697,-1.36363636,2.0031382438,0.2503922805,0
0.97979798,-1.36363636,2.0020544185,0.2502568023,0
0.98989899,-1.36363636,2.0010088134,0.2501261017,0
1.00000000,-1.36363636,1.5003571441,0.1875446430,1
0.00000000,-1.30303030,2.0000000000,0.2500000000,0
0.01010101,-1.30303030,2.0005675833,0.2500709479,0
0.02020202,-1.30303030,2.0011521904,0.2501440238,0
0.03030303,-1.30303030,2.0017544643,0.2502193080,0
0.04040404,-1.30303030,2.0023750774,0.2502968847,0
0.05050505,-1.30303030,2.0030147328,0.2503768416,0
0.06060606,-1.30303030,2.0036741661,0.2504592708,0
0.07070707,-1.30303030,2.0043541465,0.2505442683,0
0.08080808,-1.30303030,2.0050554793,0.2506319349,0
0.09090909,-1.30303030,2.0057790069,0.2507223759,0
0.10101010,-1.30303030,2.0065256113,0.2508157014,0
0.11111111,-1.30303030,2.0072962153,0.2509120269,0
0.12121212,-1.30303030,2.0080917851,0.2510114731,0
0.13131313,-1.30303030,2.0089133321,0.2511141665,0
0.14141414,-1.30303030,2.0097619147,0.2512202393,0
0.15151515,-1.30303030,2.0106386404,0.2513298300,0
0.16161616,-1.30303030,2.0115446679,0.2514430835,0
0.17171717,-1.30303030,2.0124812091,0.2515601511,0
0.18181818,-1.30303030,2.0134495304,0.2516811913,0
0.19191919,-1.30303030,2.0144509548,0.2518063694,0
0.20202020,-1.30303030,2.0154868630,0.2519358579,0
0.21212121,-1.30303030,2.0165586942,0.2520698368,0
0.22222222,-1.30303030,2.0176679466,0.2522084933,0
0.23232323,-1.30303030,2.0188161769,0.2523520221,0
0.24242424,-1.30303030,2.0200049991,0.2525006249,0
0.25252525,-1.30303030,2.0212360821,0.2526545103,0
0.26262626,-1.30303030,2.0225111448,0.2528138931,0
0.27272727,-1.30303030,2.0238319507,0.2529789938,0
0.28282828,-1.30303030,2.0252002981,0.2531500373,0
0.29292929,-1.30303030,2.0266180082,0.2533272510,0
0.30303030,-1.30303030,2.0280869080,0.2535108635,0
0.31313131,-1.30303030,2.0296088083,0.2537011010,0
0.32323232,-1.30303030,2.0311854744,0.2538981843,0
0.33333333,-1.30303030,2.0328185883,0.2541023235,0
0.34343434,-1.30303030,2.0345097004,0.2543137125,0
0.35353535,-1.30303030,2.0362601678,0.2545325210,0
0.36363636,-1.30303030,2.0380710767,0.2547588846,0
0.37373737,-1.30303030,2.0399431445,0.2549928931,0
0.38383838,-1.30303030,2.0418765989,0.2552345749,0
0.39393939,-1.30303030,2.0438710289,0.2554838786,0
0.40404040,-1.30303030,2.0459252024,0.2557406503,0
0.41414141,-1.30303030,2.0480368469,0.2560046059,0
0.42424242,-1.30303030,2.0502023884,0.2562752986,0
0.43434343,-1.30303030,2.0524166459,0.2565520807,0
0.44444444,-1.30303030,2.0546724805,0.2568340601,0
0.45454545,-1.30303030,2.0569604038,0.2571200505,0
0.46464646,-1.30303030,2.0592681554,0.2574085194,0
0.47474747,-1.30303030,2.0615802669,0.2576975334,0
0.48484848,-1.30303030,2.0638776448,0.2579847056,0
0.49494949,-1.30303030,2.0661372162,0.2582671520,0
0.50505051,-1.30303030,2.0683316970,0.2585414621,0
0.51515152,-1.30303030,2.0704295607,0.2588036951,0
0.52525253,-1.30303030,2.0723952930,0.2590494116,0
0.53535354,-1.30303030,2.0741900220,0.2592737528,0
0.54545455,-1.30303030,2.0757725965,0.2594715746,0
0.55555556,-1.30303030,2.0771011506,0.2596376438,0
0.56565657,-1.30303030,2.0781351309,0.2597668914,0
0.57575758,-1.30303030,2.0788376797,0.2598547100,0
0.58585859,-1.30303030,2.0791781790,0.2598972724,0
0.59595960,-1.30303030,2.0791346781,0.2598918348,0
0.60606061,-1.30303030,2.0786958899,0.2598369862,0
0.61616162,-1.30303030,2.0778624515,0.2597328064,0
0.62626263,-1.30303030,2.0766472343,0.2595809043,0
0.63636364,-1.30303030,2.0750746213,0.2593843277,0
0.64646465,-1.30303030,2.0731788365,0.2591473546,0
0.65656566,-1.30303030,2.0710015547,0.2588751943,0
0.66666667,-1.30303030,2.0685891163,0.2585736395,0
0.67676768,-1.30303030,2.0659896960,0.2582487120,0
0.68686869,-1.30303030,2.0632507313,0.2579063414,0
0.69696970,-1.30303030,2.0604168277,0.2575521035,0
0.70707071,-1.30303030,2.0575282505,0.2571910313,0
0.71717172,-1.30303030,2.0546200143,0.2568275018,0
0.72727273,-1.30303030,2.0517215066,0.2564651883,0
0.73737374,-1.30303030,2.0488565409,0.2561070676,0
0.74747475,-1.30303030,2.0460437152,0.2557554644,0
0.75757576,-1.30303030,2.0432969640,0.2554121205,0
0.76767677,-1.30303030,2.0406262042,0.2550782755,0
0.77777778,-1.30303030,2.0380380025,0.2547547503,0
0.78787879,-1.30303030,2.0355362131,0.2544420266,0
0.79797980,-1.30303030,2.0331225554,0.2541403194,0
0.80808081,-1.30303030,2.0307971161,0.2538496395,0
0.81818182,-1.30303030,2.0285587718,0.2535698465,0
0.82828283,-1.30303030,2.0264055349,0.2533006919,0
0.83838384,-1.30303030,2.0243348297,0.2530418537,0
0.84848485,-1.30303030,2.0223437081,0.2527929635,0
0.85858586,-1.30303030,2.0204290148,0.2525536268,0
0.86868687,-1.30303030,2.0185875097,0.2523234387,0
0.87878788,-1.30303030,2.0168159580,0.2521019948,0
0.88888889,-1.30303030,2.0151111930,0.2518888991,0
0.89898990,-1.30303030,2.0134701586,0.2516837698,0
0.90909091,-1.30303030,2.0118899366,0.2514862421,0
0.91919192,-1.30303030,2.0103677619,0.2512959702,0
0.92929293,-1.30303030,2.0089010299,0.2511126287,0
0.93939394,-1.30303030,2.0074872968,0.2509359121,0
0.94949495,-1.30303030,2.0061242768,0.2507655346,0
0.95959596,-1.30303030,2.0048098356,0.2506012294,0
0.96969697,-1.30303030,2.0035419821,0.2504427478,0
0.97979798,-1.30303030,2.0023188600,0.2502898575,0
0.98989899,-1.30303030,2.0011387379,0.2501423422,0
1.00000000,-1.30303030,1.9998608783,0.2499826098,1
0.00000000,-1.24242424,2.0000000000,0.2500000000,0
0.01010101,-1.24242424,2.0006406911,0.2500800864,0
0.02020202,-1.24242424,2.0013005320,0.2501625665,0
0.03030303,-1.24242424,2.0019802474,0.2502475309,0
0.04040404,-1.24242424,2.0026805950,0.2503350744,0
0.05050505,-1.24242424,2.0034023676,0.2504252960,0
0.06060606,-1.24242424,2.0041463946,0.2505182993,0
0.07070707,-1.24242424,2.0049135438,0.2506141930,0
0.08080808,-1.24242424,2.0057047236,0.2507130904,0
0.09090909,-1.24242424,2.0065208849,0.2508151106,0
0.10101010,-1.24242424,2.0073630234,0.2509203779,0
0.11111111,-1.24242424,2.0082321815,0.2510290227,0
0.12121212,-1.24242424,2.0091294508,0.2511411813,0
0.13131313,-1.24242424,2.0100559742,0.2512569968,0
0.14141414,-1.24242424,2.0110129487,0.2513766186,0
0.15151515,-1.24242424,2.0120016273,0.2515002034,0
0.16161616,-1.24242424,2.0130233214,0.2516279152,0
0.17171717,-1.24242424,2.0140794033,0.2517599254,0
0.18181818,-1.24242424,2.0151713082,0.2518964135,0
0.19191919,-1.24242424,2.0163005362,0.2520375670,0
0.20202020,-1.24242424,2.0174686539,0.2521835817,0
0.21212121,-1.24242424,2.0186772957,0.2523346620,0
0.22222222,-1.24242424,2.0199281642,0.2524910205,0
0.23232323,-1.24242424,2.0212230306,0.2526528788,0
0.24242424,-1.24242424,2.0225637330,0.2528204666,0
0.25252525,-1.24242424,2.0239521742,0.2529940218,0
0.26262626,-1.24242424,2.0253903172,0.2531737896,0
0.27272727,-1.24242424,2.0268801786,0.2533600223,0
0.28282828,-1.24242424,2.0284238189,0.2535529774,0
0.29292929,-1.24242424,2.0300233295,0.2537529162,0
0.30303030,-1.24242424,2.0316808138,0.2539601017,0
0.31313131,-1.24242424,2.0333983635,0.2541747954,0
0.32323232,-1.24242424,2.0351780259,0.2543972532,0
0.33333333,-1.24242424,2.0370217630,0.2546277204,0
0.34343434,-1.24242424,2.0389313969,0.2548664246,0
0.35353535,-1.24242424,2.0409085416,0.2551135677,0
0.36363636,-1.24242424,2.0429545158,0.2553693145,0
0.37373737,-1.24242424,2.0450702336,0.2556337792,0
0.38383838,-1.24242424,2.0472560680,0.2559070085,0
0.39393939,-1.24242424,2.0495116819,0.2561889602,0
0.40404040,-1.24242424,2.0518358221,0.2564794778,0
0.41414141,-1.24242424,2.0542260687,0.2567782586,0
0.42424242,-1.24242424,2.0566785369,0.2570848171,0
0.43434343,-1.24242424,2.0591875254,0.2573984407,0
0.44444444,-1.24242424,2.0617451125,0.2577181391,0
0.45454545,-1.24242424,2.0643407008,0.2580425876,0
0.46464646,-1.24242424,2.0669605245,0.2583700656,0
0.47474747,-1.24242424,2.0695871370,0.2586983921,0
0.48484848,-1.24242424,2.0721989162,0.2590248645,0
0.49494949,-1.24242424,2.0747696371,0.2593462046,0
0.50505051,-1.24242424,2.0772681836,0.2596585229,0
0.51515152,-1.24242424,2.0796584897,0.2599573112,0
0.52525253,-1.24242424,2.0818998124,0.2602374766,0
0.53535354,-1.24242424,2.0839474445,0.2604934306,0
0.54545455,-1.24242424,2.0857539558,0.2607192445,0
0.55555556,-1.24242424,2.0872710118,0.2609088765,0
0.56565657,-1.24242424,2.0884517437,0.2610564680,0
0.57575758,-1.24242424,2.0892535456,0.2611566932,0
0.58585859,-1.24242424,2.0896410652,0.2612051332,0
0.59595960,-1.24242424,2.0895890582,0.2611986323,0
0.60606061,-1.24242424,2.0890847239,0.2611355905,0
0.61616162,-1.24242424,2.0881291640,0.2610161455,0
0.62626263,-1.24242424,2.0867377056,0.2608422132,0
0.63636364,-1.24242424,2.0849390012,0.2606173752,0
0.64646465,-1.24242424,2.0827730143,0.2603466268,0
0.65656566,-1.24242424,2.0802881737,0.2600360217,0
0.66666667,-1.24242424,2.0775380904,0.2596922613,0
0.67676768,-1.24242424,2.0745782518,0.2593222815,0
0.68686869,-1.24242424,2.0714630514,0.2589328814,0
0.69696970,-1.24242424,2.0682434012,0.2585304251,0
0.70707071,-1.24242424,2.0649650422,0.2581206303,0
0.71717172,-1.24242424,2.0616675569,0.2577084446,0
0.72727273,-1.24242424,2.0583839973,0.2572979997,0
0.73737374,-1.24242424,2.0551409996,0.2568926249,0
0.74747475,-1.24242424,2.0519592405,0.2564949051,0
0.75757576,-1.24242424,2.0488541016,0.2561067627,0
0.76767677,-1.24242424,2.0458364293,0.2557295537,0
0.77777778,-1.24242424,2.0429133090,0.2553641636,0
0.78787879,-1.24242424,2.0400887982,0.2550110998,0
0.79797980,-1.24242424,2.0373645835,0.2546705729,0
0.80808081,-1.24242424,2.0347405489,0.2543425686,0
0.81818182,-1.24242424,2.0322152506,0.2540269063,0
0.82828283,-1.24242424,2.0297863039,0.2537232880,0
0.83838384,-1.24242424,2.0274506897,0.2534313362,0
0.84848485,-1.24242424,2.0252049941,0.2531506243,0
0.85858586,-1.24242424,2.0230455893,0.2528806987,0
0.86868687,-1.24242424,2.0209687686,0.2526210961,0
0.87878788,-1.24242424,2.0189708436,0.2523713554,0
0.88888889,-1.24242424,2.0170482128,0.2521310266,0
0.89898990,-1.24242424,2.0151974070,0.2518996759,0
0.90909091,-1.24242424,2.0134151178,0.2516768897,0
0.91919192,-1.24242424,2.0116982136,0.2514622767,0
0.92929293,-1.24242424,2.0100437466,0.2512554683,0
0.93939394,-1.24242424,2.0084489522,0.2510561190,0
0.94949495,-1.24242424,2.0069112452,0.2508639057,0
0.95959596,-1.24242424,2.0054282119,0.2506785265,0
0.96969697,-1.24242424,2.0039976009,0.2504997001,0
0.97979798,-1.24242424,2.0026173126,0.2503271641,0
0.98989899,-1.24242424,2.0012853885,0.2501606736,0
1.00000000,-1.24242424,1.7724698369,0.2215587296,1
0.00000000,-1.18181818,2.0000000000,0.2500000000,0
0.01010101,-1.18181818,2.0007232125,0.2500904016,0
0.02020202,-1.18181818,2.0014679597,0.2501834950,0
0.03030303,-1.18181818,2.0022350580,0.2502793823,0
0.04040404,-1.18181818,2.0030253616,0.2503781702,0
0.05050505,-1.18181818,2.0038397640,0.2504799705,0
0.06060606,-1.18181818,2.0046792005,0.2505849001,0
0.07070707,-1.18181818,2.0055446500,0.2506930812,0
0.08080808,-1.18181818,2.0064371373,0.2508046422,0
0.09090909,-1.18181818,2.0073577359,0.2509197170,0
0.10101010,-1.18181818,2.0083075696,0.2510384462,0
0.11111111,-1.18181818,2.0092878162,0.2511609770,0
0.12121212,-1.18181818,2.0102997088,0.2512874636,0
0.13131313,-1.18181818,2.0113445398,0.2514180675,0
0.14141414,-1.18181818,2.0124236628,0.2515529578,0
0.15151515,-1.18181818,2.0135384955,0.2516923119,0
0.16161616,-1.18181818,2.0146905228,0.2518363154,0
0.17171717,-1.18181818,2.0158812994,0.2519851624,0
0.18181818,-1.18181818,2.0171124521,0.2521390565,0
0.19191919,-1.18181818,2.0183856826,0.2522982103,0
0.20202020,-1.18181818,2.0197027695,0.2524628462,0
0.21212121,-1.18181818,2.0210655697,0.2526331962,0
0.22222222,-1.18181818,2.0224760197,0.2528095025,0
0.23232323,-1.18181818,2.0239361359,0.2529920170,0
0.24242424,-1.18181818,2.0254480134,0.2531810017,0
0.25252525,-1.18181818,2.0270138239,0.2533767280,0
0.26262626,-1.18181818,2.0286358111,0.2535794764,0
0.27272727,-1.18181818,2.0303162840,0.2537895355,0
0.28282828,-1.18181818,2.0320576065,0.2540072008,0
0.29292929,-1.18181818,2.0338621835,0.2542327729,0
0.30303030,-1.18181818,2.0357324408,0.2544665551,0
0.31313131,-1.18181818,2.0376707987,0.2547088498,0
0.32323232,-1.18181818,2.0396796369,0.2549599546,0
0.33333333,-1.18181818,2.0417612487,0.2552201561,0
0.34343434,-1.18181818,2.0439177809,0.2554897226,0
0.35353535,-1.18181818,2.0461511584,0.2557688948,0
0.36363636,-1.18181818,2.0484629860,0.2560578733,0
0.37373737,-1.18181818,2.0508544264,0.2563568033,0
0.38383838,-1.18181818,2.0533260463,0.2566657558,0
0.39393939,-1.18181818,2.0558776257,0.2569847032,0
0.40404040,-1.18181818,2.0585079236,0.2573134904,0
0.41414141,-1.18181818,2.0612143930,0.2576517991,0
0.42424242,-1.18181818,2.0639928391,0.2579991049,0
0.43434343,-1.18181818,2.0668370151,0.2583546269,0
0.44444444,-1.18181818,2.0697381549,0.2587172694,0
0.45454545,-1.18181818,2.0726844445,0.2590855556,0
0.46464646,-1.18181818,2.0756604443,0.2594575555,0
0.47474747,-1.18181818,2.0786464861,0.2598308108,0
0.48484848,-1.18181818,2.0816180823,0.2602022603,0
0.49494949,-1.18181818,2.0845454097,0.2605681762,0
0.50505051,-1.18181818,2.0873929488,0.2609241186,0
0.51515152,-1.18181818,2.0901193854,0.2612649232,0
0.52525253,-1.18181818,2.0926778992,0.2615847374,0
0.53535354,-1.18181818,2.0950169690,0.2618771211,0
0.54545455,-1.18181818,2.0970818031,0.2621352254,0
0.55555556,-1.18181818,2.0988164598,0.2623520575,0
0.56565657,-1.18181818,2.1001666278,0.2625208285,0
0.57575758,-1.18181818,2.1010829232,0.2626353654,0
0.58585859,-1.18181818,2.1015244219,0.2626905527,0
0.59595960,-1.18181818,2.1014620281,0.2626827535,0
0.60606061,-1.18181818,2.1008812212,0.2626101526,0
0.61616162,-1.18181818,2.0997837450,0.2624729681,0
0.62626263,-1.18181818,2.0981879372,0.2622734922,0
0.63636364,-1.18181818,2.0961276001,0.2620159500,0
0.64646465,-1.18181818,2.0936495574,0.2617061947,0
0.65656566,-1.18181818,2.0908102505,0.2613512813,0
0.66666667,-1.18181818,2.0876718522,0.2609589815,0
0.67676768,-1.18181818,2.0842983963,0.2605372995,0
0.68686869,-1.18181818,2.0807523412,0.2600940426,0
0.69696970,-1.18181818,2.0770918488,0.2596364811,0
0.70707071,-1.18181818,2.0733688992,0.2591711124,0
0.71717172,-1.18181818,2.0696282290,0.2587035286,0
0.72727273,-1.18181818,2.0659069804,0.2582383725,0
0.73737374,-1.18181818,2.0622349024,0.2577793628,0
0.74747475,-1.18181818,2.0586349298,0.2573293662,0
0.75757576,-1.18181818,2.0551239849,0.2568904981,0
0.76767677,-1.18181818,2.0517138738,0.2564642342,0
0.77777778,-1.18181818,2.0484121862,0.2560515233,0
0.78787879,-1.18181818,2.0452231364,0.2556528920,0
0.79797980,-1.18181818,2.0421483130,0.2552685391,0
0.80808081,-1.18181818,2.0391873202,0.2548984150,0
0.81818182,-1.18181818,2.0363383115,0.2545422889,0
0.82828283,-1.18181818,2.0335984206,0.2541998026,0
0.83838384,-1.18181818,2.0309641024,0.2538705128,0
0.84848485,-1.18181818,2.0284313969,0.2535539246,0
0.85858586,-1.18181818,2.0259961277,0.2532495160,0
0.86868687,-1.18181818,2.0236540495,0.2529567562,0
0.87878788,-1.18181818,2.0214009536,0.2526751192,0
0.88888889,-1.18181818,2.0192327409,0.2524040926,0
0.89898990,-1.18181818,2.0171454709,0.2521431839,0
0.90909091,-1.18181818,2.0151353910,0.2518919239,0
0.91919192,-1.18181818,2.0131989533,0.2516498692,0
0.92929293,-1.18181818,2.0113328200,0.2514166025,0
0.93939394,-1.18181818,2.0095338627,0.2511917328,0
0.94949495,-1.18181818,2.0077991566,0.2509748946,0
0.95959596,-1.18181818,2.0061259714,0.2507657464,0
0.96969697,-1.18181818,2.0045117602,0.2505639700,0
0.97979798,-1.18181818,2.0029541476,0.2503692685,0
0.98989899,-1.18181818,2.0014509174,0.2501813647,0
1.00000000,-1.18181818,1.5019197535,0.1877399692,1
0.00000000,-1.12121212,2.0000000000,0.2500000000,0
0.01010101,-1.12121212,2.0008163591,0.2501020449,0
0.02020202,-1.12121212,2.0016569272,0.2502071159,0
0.03030303,-1.12121212,2.0025226241,0.2503153280,0
0.04040404,-1.12121212,2.0034144124,0.2504268015,0
0.05050505,-1.12121212,2.0043332992,0.2505416624,0
0.06060606,-1.12121212,2.0052803391,0.2506600424,0
0.07070707,-1.12121212,2.0062566362,0.2507820795,0
0.08080808,-1.12121212,2.0072633469,0.2509079184,0
0.09090909,-1.12121212,2.0083016826,0.2510377103,0
0.10101010,-1.12121212,2.0093729127,0.2511716141,0
0.11111111,-1.12121212,2.0104783672,0.2513097959,0
0.12121212,-1.12121212,2.0116194400,0.2514524300,0
0.13131313,-1.12121212,2.0127975921,0.2515996990,0
0.14141414,-1.12121212,2.0140143549,0.2517517944,0
0.15151515,-1.12121212,2.0152713330,0.2519089166,0
0.16161616,-1.12121212,2.0165702083,0.2520712760,0
0.17171717,-1.12121212,2.0179127423,0.2522390928,0
0.18181818,-1.12121212,2.0193007803,0.2524125975,0
0.19191919,-1.12121212,2.0207362535,0.2525920317,0
0.20202020,-1.12121212,2.0222211820,0.2527776478,0
0.21212121,-1.12121212,2.0237576772,0.2529697097,0
0.22222222,-1.12121212,2.0253479430,0.2531684929,0
0.23232323,-1.12121212,2.0269942766,0.2533742846,0
0.24242424,-1.12121212,2.0286990683,0.2535873835,0
0.25252525,-1.12121212,2.0304647989,0.2538080999,0
0.26262626,-1.12121212,2.0322940358,0.2540367545,0
0.27272727,-1.12121212,2.0341894258,0.2542736782,0
0.28282828,-1.12121212,2.0361536848,0.2545192106,0
0.29292929,-1.12121212,2.0381895821,0.2547736978,0
0.30303030,-1.12121212,2.0402999200,0.2550374900,0
0.31313131,-1.12121212,2.0424875042,0.2553109380,0
0.32323232,-1.12121212,2.0447551063,0.2555943883,0
0.33333333,-1.12121212,2.0471054129,0.2558881766,0
0.34343434,-1.12121212,2.0495409601,0.2561926200,0
0.35353535,-1.12121212,2.0520640488,0.2565080061,0
0.36363636,-1.12121212,2.0546766364,0.2568345795,0
0.37373737,-1.12121212,2.0573801991,0.2571725249,0
0.38383838,-1.12121212,2.0601755598,0.2575219450,0
0.39393939,-1.12121212,2.0630626721,0.2578828340,0
0.40404040,-1.12121212,2.0660403547,0.2582550443,0
0.41414141,-1.12121212,2.0691059664,0.2586382458,0
0.42424242,-1.12121212,2.0722550145,0.2590318768,0
0.43434343,-1.12121212,2.0754806894,0.2594350862,0
0.44444444,-1.12121212,2.0787733234,0.2598466654,0
0.45454545,-1.12121212,2.0821197745,0.2602649718,0
0.46464646,-1.12121212,2.0855027490,0.2606878436,0
0.47474747,-1.12121212,2.0889000869,0.2611125109,0
0.48484848,-1.12121212,2.0922840565,0.2615355071,0
0.49494949,-1.12121212,2.0956207254,0.2619525907,0
0.50505051,-1.12121212,2.0988695074,0.2623586884,0
0.51515152,-1.12121212,2.1019830098,0.2627478762,0
0.52525253,-1.12121212,2.1049073318,0.2631134165,0
0.53535354,-1.12121212,2.1075829709,0.2634478714,0
0.54545455,-1.12121212,2.1099464760,0.2637433095,0
0.55555556,-1.12121212,2.1119329244,0.2639916156,0
0.56565657,-1.12121212,2.1134791986,0.2641848998,0
0.57575758,-1.12121212,2.1145278893,0.2643159862,0
0.58585859,-1.12121212,2.1150314866,0.2643789358,0
0.59595960,-1.12121212,2.1149563762,0.2643695470,0
0.60606061,-1.12121212,2.1142860820,0.2642857602,0
0.61616162,-1.12121212,2.1130232291,0.2641279036,0
0.62626263,-1.12121212,2.1111898649,0.2638987331,0
0.63636364,-1.12121212,2.1088260339,0.2636032542,0
0.64646465,-1.12121212,2.1059867964,0.2632483496,0
0.65656566,-1.12121212,2.1027381357,0.2628422670,0
0.66666667,-1.12121212,2.0991523394,0.2623940424,0
0.67676768,-1.12121212,2.0953034541,0.2619129318,0
0.68686869,-1.12121212,2.0912633052,0.2614079132,0
0.69696970,-1.12121212,2.0870983968,0.2608872996,0
0.70707071,-1.12121212,2.0828678169,0.2603584771,0
0.71717172,-1.12121212,2.0786221105,0.2598277638,0
0.72727273,-1.12121212,2.0744029747,0.2593003718,0
0.73737374,-1.12121212,2.0702435760,0.2587804470,0
0.74747475,-1.12121212,2.0661692861,0.2582711608,0
0.75757576,-1.12121212,2.0621986502,0.2577748313,0
0.76767677,-1.12121212,2.0583444468,0.2572930559,0
0.77777778,-1.12121212,2.0546147334,0.2568268417,0
0.78787879,-1.12121212,2.0510138137,0.2563767267,0
0.79797980,-1.12121212,2.0475430907,0.2559428863,0
0.80808081,-1.12121212,2.0442017910,0.2555252239,0
0.81818182,-1.12121212,2.0409875632,0.2551234454,0
0.82828283,-1.12121212,2.0378969577,0.2547371197,0
0.83838384,-1.12121212,2.0349258043,0.2543657255,0
0.84848485,-1.12121212,2.0320695022,0.2540086878,0
0.85858586,-1.12121212,2.0293232373,0.2536654047,0
0.86868687,-1.12121212,2.0266821422,0.2533352678,0
0.87878788,-1.12121212,2.0241414097,0.2530176762,0
0.88888889,-1.12121212,2.0216963713,0.2527120464,0
0.89898990,-1.12121212,2.0193425481,0.2524178185,0
0.90909091,-1.12121212,2.0170756817,0.2521344602,0
0.91919192,-1.12121212,2.0148917501,0.2518614688,0
0.92929293,-1.12121212,2.0127869727,0.2515983716,0
0.93939394,-1.12121212,2.0107578078,0.2513447260,0
0.94949495,-1.12121212,2.0088009452,0.2511001181,0
0.95959596,-1.12121212,2.0069132952,0.2508641619,0
0.96969697,-1.12121212,2.0050919758,0.2506364970,0
0.97979798,-1.12121212,2.0033342985,0.2504167873,0
0.98989899,-1.12121212,2.0016377544,0.2502047193,0
1.00000000,-1.12121212,1.5001594977,0.1875199372,1
0.00000000,-1.06060606,2.0000000000,0.2500000000,0
0.01010101,-1.06060606,2.0009214986,0.2501151873,0
0.02020202,-1.06060606,2.0018702042,0.2502337755,0
0.03030303,-1.06060606,2.0028471529,0.2503558941,0
0.04040404,-1.06060606,2.0038534292,0.2504816786,0
0.05050505,-1.06060606,2.0048901685,0.2506112711,0
0.06060606,-1.06060606,2.0059585598,0.2507448200,0
0.07070707,-1.06060606,2.0070598483,0.2508824810,0
0.08080808,-1.06060606,2.0081953391,0.2510244174,0
0.09090909,-1.06060606,2.0093663993,0.2511707999,0
0.10101010,-1.06060606,2.0105744625,0.2513218078,0
0.11111111,-1.06060606,2.0118210313,0.2514776289,0
0.12121212,-1.06060606,2.0131076813,0.2516384602,0
0.13131313,-1.06060606,2.0144360647,0.2518045081,0
0.14141414,-1.06060606,2.0158079142,0.2519759893,0
0.15151515,-1.06060606,2.0172250468,0.2521531308,0
0.16161616,-1.06060606,2.0186893677,0.2523361710,0
0.17171717,-1.06060606,2.0202028744,0.2525253593,0
0.18181818,-1.06060606,2.0217676601,0.2527209575,0
0.19191919,-1.06060606,2.0233859180,0.2529232397,0
0.20202020,-1.06060606,2.0250599439,0.2531324930,0
0.21212121,-1.06060606,2.0267921400,0.2533490175,0
0.22222222,-1.06060606,2.0285850163,0.2535731270,0
0.23232323,-1.06060606,2.0304411924,0.2538051491,0
0.24242424,-1.06060606,2.0323633975,0.2540454247,0
0.25252525,-1.06060606,2.0343544686,0.2542943086,0
0.26262626,-1.06060606,2.0364173467,0.2545521683,0
0.27272727,-1.06060606,2.0385550697,0.2548193837,0
0.28282828,-1.06060606,2.0407707617,0.2550963452,0
0.29292929,-1.06060606,2.0430676171,0.2553834521,0
0.30303030,-1.06060606,2.0454488780,0.2556811098,0
0.31313131,-1.06060606,2.0479178033,0.2559897254,0
0.32323232,-1.06060606,2.0504776275,0.2563097034,0
0.33333333,-1.06060606,2.0531315052,0.2566414381,0
0.34343434,-1.06060606,2.0558824391,0.2569853049,0
0.35353535,-1.06060606,2.0587331865,0.2573416483,0
0.36363636,-1.06060606,2.0616861385,0.2577107673,0
0.37373737,-1.06060606,2.0647431669,0.2580928959,0
0.38383838,-1.06060606,2.0679054299,0.2584881787,0
0.39393939,-1.06060606,2.0711731291,0.2588966411,0
0.40404040,-1.06060606,2.0745452079,0.2593181510,0
0.41414141,-1.06060606,2.0780189809,0.2597523726,0
0.42424242,-1.06060606,2.0815896850,0.2601987106,0
0.43434343,-1.06060606,2.0852499432,0.2606562429,0
0.44444444,-1.06060606,2.0889891360,0.2611236420,0
0.45454545,-1.06060606,2.0927926826,0.2615990853,0
0.46464646,-1.06060606,2.0966412429,0.2620801554,0
0.47474747,-1.06060606,2.1005098695,0.2625637337,0
0.48484848,-1.06060606,2.1043671599,0.2630458950,0
0.49494949,-1.06060606,2.1081744883,0.2635218110,0
0.50505051,-1.06060606,2.1118854326,0.2639856791,0
0.51515152,-1.06060606,2.1154455470,0.2644306934,0
0.52525253,-1.06060606,2.1187926599,0.2648490825,0
0.53535354,-1.06060606,2.1218578929,0.2652322366,0
0.54545455,-1.06060606,2.1245675706,0.2655709463,0
0.55555556,-1.06060606,2.1268461265,0.2658557658,0
0.56565657,-1.06060606,2.1286199784,0.2660774973,0
0.57575758,-1.06060606,2.1298221718,0.2662277715,0
0.58585859,-1.06060606,2.1303973788,0.2662996723,0
0.59595960,-1.06060606,2.1303066634,0.2662883329,0
0.60606061,-1.06060606,2.1295313273,0.2661914159,0
0.61616162,-1.06060606,2.1280751966,0.2660093996,0
0.62626263,-1.06060606,2.1259649142,0.2657456143,0
0.63636364,-1.06060606,2.1232481289,0.2654060161,0
0.64646465,-1.06060606,2.1199898344,0.2649987293,0
0.65656566,-1.06060606,2.1162674214,0.2645334277,0
0.66666667,-1.06060606,2.1121651652,0.2640206457,0
0.67676768,-1.06060606,2.1077688728,0.2634711091,0
0.68686869,-1.06060606,2.1031612659,0.2628951582,0
0.69696970,-1.06060606,2.0984184551,0.2623023069,0
0.70707071,-1.06060606,2.0936076235,0.2617009529,0
0.71717172,-1.06060606,2.0887858524,0.2610982316,0
0.72727273,-1.06060606,2.0839998952,0.2604999869,0
0.73737374,-1.06060606,2.0792866525,0.2599108316,0
0.74747475,-1.06060606,2.0746741040,0.2593342630,0
0.75757576,-1.06060606,2.0701824823,0.2587728103,0
0.76767677,-1.06060606,2.0658255258,0.2582281907,0
0.77777778,-1.06060606,2.0616116966,0.2577014621,0
0.78787879,-1.06060606,2.0575452915,0.2571931614,0
0.79797980,-1.06060606,2.0536274133,0.2567034267,0
0.80808081,-1.06060606,2.0498567879,0.2562320985,0
0.81818182,-1.06060606,2.0462304333,0.2557788042,0
0.82828283,-1.06060606,2.0427441935,0.2553430242,0
0.83838384,-1.06060606,2.0393931552,0.2549241444,0
0.84848485,-1.06060606,2.0361719649,0.2545214956,0
0.85858586,-1.06060606,2.0330750660,0.2541343832,0
0.86868687,-1.06060606,2.0300968716,0.2537621089,0
0.87878788,-1.06060606,2.0272318860,0.2534039858,0
0.88888889,-1.06060606,2.0244747878,0.2530593485,0
0.89898990,-1.06060606,2.0218204826,0.2527275603,0
0.90909091,-1.06060606,2.0192641349,0.2524080169,0
0.91919192,-1.06060606,2.0168011828,0.2521001479,0
0.92929293,-1.06060606,2.0144273421,0.2518034178,0
0.93939394,-1.06060606,2.0121386011,0.2515173251,0
0.94949495,-1.06060606,2.0099312120,0.2512414015,0
0.95959596,-1.06060606,2.0078016766,0.2509752096,0
0.96969697,-1.06060606,2.0057467320,0.2507183415,0
0.97979798,-1.06060606,2.0037633343,0.2504704168,0
0.98989899,-1.06060606,2.0018486418,0.2502310802,0
1.00000000,-1.06060606,1.5004219058,0.1875527382,1
0.00000000,-1.00000000,2.0000000000,0.2500000000,0
0.01010101,-1.00000000,2.0010401748,0.2501300219,0
0.02020202,-1.00000000,2.0021109167,0.2502638646,0
0.03030303,-1.00000000,2.0032133926,0.2504016741,0
0.04040404,-1.00000000,2.0043488245,0.2505436031,0
0.05050505,-1.00000000,2.0055184922,0.2506898115,0
0.06060606,-1.00000000,2.0067237361,0.2508404670,0
0.07070707,-1.00000000,2.0079659611,0.2509957451,0
0.08080808,-1.00000000,2.0092466394,0.2511558299,0
0.09090909,-1.00000000,2.0105673147,0.2513209143,0
0.10101010,-1.00000000,2.0119296059,0.2514912007,0
0.11111111,-1.00000000,2.0133352110,0.2516669014,0
0.12121212,-1.00000000,2.0147859112,0.2518482389,0
0.13131313,-1.00000000,2.0162835755,0.2520354469,0
0.14141414,-1.00000000,2.0178301651,0.2522287706,0
0.15151515,-1.00000000,2.0194277379,0.2524284672,0
0.16161616,-1.00000000,2.0210784532,0.2526348067,0
0.17171717,-1.00000000,2.0227845766,0.2528480721,0
0.18181818,-1.00000000,2.0245484844,0.2530685606,0
0.19191919,-1.00000000,2.0263726682,0.2532965835,0
0.20202020,-1.00000000,2.0282597393,0.2535324674,0
0.21212121,-1.00000000,2.0302124321,0.2537765540,0
0.22222222,-1.00000000,2.0322336077,0.2540292010,0
0.23232323,-1.00000000,2.0343262559,0.2542907820,0
0.24242424,-1.00000000,2.0364934958,0.2545616870,0
0.25252525,-1.00000000,2.0387385751,0.2548423219,0
0.26262626,-1.00000000,2.0410648667,0.2551331083,0
0.27272727,-1.00000000,2.0434758618,0.2554344827,0
0.28282828,-1.00000000,2.0459751593,0.2557468949,0
0.29292929,-1.00000000,2.0485664492,0.2560708062,0
0.30303030,-1.00000000,2.0512534891,0.2564066861,0
0.31313131,-1.00000000,2.0540400712,0.2567550089,0
0.32323232,-1.00000000,2.0569299777,0.2571162472,0
0.33333333,-1.00000000,2.0599269206,0.2574908651,0
0.34343434,-1.00000000,2.0630344635,0.2578793079,0
0.35353535,-1.00000000,2.0662559175,0.2582819897,0
0.36363636,-1.00000000,2.0695942080,0.2586992760,0
0.37373737,-1.00000000,2.0730517039,0.2591314630,0
0.38383838,-1.00000000,2.0766299997,0.2595787500,0
0.39393939,-1.00000000,2.0803296415,0.2600412052,0
0.40404040,-1.00000000,2.0841497850,0.2605187231,0
0.41414141,-1.00000000,2.0880877731,0.2610109716,0
0.42424242,-1.00000000,2.0921386210,0.2615173276,0
0.43434343,-1.00000000,2.0962943970,0.2620367996,0
0.44444444,-1.00000000,2.1005434927,0.2625679366,0
0.45454545,-1.00000000,2.1048697815,0.2631087227,0
0.46464646,-1.00000000,2.1092516766,0.2636564596,0
0.47474747,-1.00000000,2.1136611207,0.2642076401,0
0.48484848,-1.00000000,2.1180625633,0.2647578204,0
0.49494949,-1.00000000,2.1224120178,0.2653015022,0
0.50505051,-1.00000000,2.1266563340,0.2658320417,0
0.51515152,-1.00000000,2.1307328668,0.2663416083,0
0.52525253,-1.00000000,2.1345697600,0.2668212200,0
0.53535354,-1.00000000,2.1380870853,0.2672608857,0
0.54545455,-1.00000000,2.1411990524,0.2676498815,0
0.55555556,-1.00000000,2.1438174269,0.2679771784,0
0.56565657,-1.00000000,2.1458561360,0.2682320170,0
0.57575758,-1.00000000,2.1472368194,0.2684046024,0
0.58585859,-1.00000000,2.1478948254,0.2684868532,0
0.59595960,-1.00000000,2.1477849246,0.2684731156,0
0.60606061,-1.00000000,2.1468858945,0.2683607368,0
0.61616162,-1.00000000,2.1452031903,0.2681503988,0
0.62626263,-1.00000000,2.1427691775,0.2678461472,0
0.63636364,-1.00000000,2.1396408145,0.2674551018,0
0.64646465,-1.00000000,2.1358951286,0.2669868911,0
0.65656566,-1.00000000,2.1316232009,0.2664529001,0
0.66666667,-1.00000000,2.1269235594,0.2658654449,0
0.67676768,-1.00000000,2.1218958567,0.2652369821,0
0.68686869,-1.00000000,2.1166355100,0.2645794387,0
0.69696970,-1.00000000,2.1112296969,0.2639037121,0
0.70707071,-1.00000000,2.1057548151,0.2632193519,0
0.71717172,-1.00000000,2.1002752872,0.2625344109,0
0.72727273,-1.00000000,2.0948434593,0.2618554324,0
0.73737374,-1.00000000,2.0895002873,0.2611875359,0
0.74747475,-1.00000000,2.0842765156,0.2605345645,0
0.75757576,-1.00000000,2.0791941013,0.2598992627,0
0.76767677,-1.00000000,2.0742676976,0.2592834622,0
0.77777778,-1.00000000,2.0695060717,0.2586882590,0
0.78787879,-1.00000000,2.0649133827,0.2581141728,0
0.79797980,-1.00000000,2.0604902852,0.2575612856,0
0.80808081,-1.00000000,2.0562348497,0.2570293562,0
0.81818182,-1.00000000,2.0521433106,0.2565179138,0
0.82828283,-1.00000000,2.0482106571,0.2560263321,0
0.83838384,-1.00000000,2.0444310912,0.2555538864,0
0.84848485,-1.00000000,2.0407983750,0.2550997969,0
0.85858586,-1.00000000,2.0373060867,0.2546632608,0
0.86868687,-1.00000000,2.0339478062,0.2542434758,0
0.87878788,-1.00000000,2.0307172444,0.2538396555,0
0.88888889,-1.00000000,2.0276083302,0.2534510413,0
0.89898990,-1.00000000,2.0246152651,0.2530769081,0
0.90909091,-1.00000000,2.0217325543,0.2527165693,0
0.91919192,-1.00000000,2.0189550204,0.2523693775,0
0.92929293,-1.00000000,2.0162778050,0.2520347256,0
0.93939394,-1.00000000,2.0136963622,0.2517120453,0
0.94949495,-1.00000000,2.0112064456,0.2514008057,0
0.95959596,-1.00000000,2.0088040929,0.2511005116,0
0.96969697,-1.00000000,2.0064856079,0.2508107010,0
0.97979798,-1.00000000,2.0042475422,0.2505309428,0
0.98989899,-1.00000000,2.0020866759,0.2502608345,0
1.00000000,-1.00000000,1.5000000593,0.1875000074,1
0.00000000,-0.93939394,2.0000000000,0.2500000000,0
0.01010101,-0.93939394,2.0011741305,0.2501467663,0
0.02020202,-0.93939394,2.0023825934,0.2502978242,0
0.03030303,-0.93939394,2.0036267032,0.2504533379,0
0.04040404,-0.93939394,2.0049078366,0.2506134796,0
0.05050505,-0.93939394,2.0062274361,0.2507784295,0
0.06060606,-0.93939394,2.0075870132,0.2509483767,0
0.07070707,-0.93939394,2.0089881525,0.2511235191,0
0.08080808,-0.93939394,2.0104325155,0.2513040644,0
0.09090909,-0.93939394,2.0119218451,0.2514902306,0
0.10101010,-0.93939394,2.0134579701,0.2516822463,0
0.11111111,-0.93939394,2.0150428093,0.2518803512,0
0.12121212,-0.93939394,2.0166783772,0.2520847972,0
0.13131313,-0.93939394,2.0183667886,0.2522958486,0
0.14141414,-0.93939394,2.0201102640,0.2525137830,0
0.15151515,-0.93939394,2.0219111351,0.2527388919,0
0.16161616,-0.93939394,2.0237718503,0.2529714813,0
0.17171717,-0.93939394,2.0256949805,0.2532118726,0
0.18181818,-0.93939394,2.0276832247,0.2534604031,0
0.19191919,-0.93939394,2.0297394155,0.2537174269,0
0.20202020,-0.93939394,2.0318665247,0.2539833156,0
0.21212121,-0.93939394,2.0340676677,0.2542584585,0
0.22222222,-0.93939394,2.0363461083,0.2545432635,0
0.23232323,-0.93939394,2.0387052616,0.2548381577,0
0.24242424,-0.93939394,2.0411486961,0.2551435870,0
0.25252525,-0.93939394,2.0436801337,0.2554600167,0
0.26262626,-0.93939394,2.0463034470,0.2557879309,0
0.27272727,-0.93939394,2.0490226537,0.2561278317,0
0.28282828,-0.93939394,2.0518419052,0.2564802381,0
0.29292929,-0.93939394,2.0547654707,0.2568456838,0
0.30303030,-0.93939394,2.0577977126,0.2572247141,0
0.31313131,-0.93939394,2.0609430515,0.2576178814,0
0.32323232,-0.93939394,2.0642059187,0.2580257398,0
0.33333333,-0.93939394,2.0675906916,0.2584488364,0
0.34343434,-0.93939394,2.0711016075,0.2588877009,0
0.35353535,-0.93939394,2.0747426507,0.2593428313,0
0.36363636,-0.93939394,2.0785174045,0.2598146756,0
0.37373737,-0.93939394,2.0824288616,0.2603036077,0
0.38383838,-0.93939394,2.0864791798,0.2608098975,0
0.39393939,-0.93939394,2.0906693742,0.2613336718,0
0.40404040,-0.93939394,2.0949989292,0.2618748662,0
0.41414141,-0.93939394,2.0994653176,0.2624331647,0
0.42424242,-0.93939394,2.1040634091,0.2630079261,0
0.43434343,-0.93939394,2.1087847557,0.2635980945,0
0.44444444,-0.93939394,2.1136167422,0.2642020928,0
0.45454545,-0.93939394,2.1185415993,0.2648176999,0
0.46464646,-0.93939394,2.1235352890,0.2654419111,0
0.47474747,-0.93939394,2.1285662968,0.2660707871,0
0.48484848,-0.93939394,2.1335943926,0.2666992991,0
0.49494949,-0.93939394,2.1385694684,0.2673211836,0
0.50505051,-0.93939394,2.1434306113,0.2679288264,0
0.51515152,-0.93939394,2.1481056288,0.2685132036,0
0.52525253,-0.93939394,2.1525112963,0.2690639120,0
0.53535354,-0.93939394,2.1565546217,0.2695693277,0
0.54545455,-0.93939394,2.1601354055,0.2700169257,0
0.55555556,-0.93939394,2.1631502734,0.2703937842,0
0.56565657,-0.93939394,2.1654981744,0.2706872718,0
0.57575758,-0.93939394,2.1670870531,0.2708858816,0
0.58585859,-0.93939394,2.1678410841,0.2709801355,0
0.59595960,-0.93939394,2.1677075634,0.2709634454,0
0.60606061,-0.93939394,2.1666624036,0.2708328005,0
0.61616162,-0.93939394,2.1647132620,0.2705891577,0
0.62626263,-0.93939394,2.1618996651,0.2702374581,0
0.63636364,-0.93939394,2.1582900250,0.2697862531,0
0.64646465,-0.93939394,2.1539760116,0.2692470015,0
0.65656566,-0.93939394,2.1490651991,0.2686331499,0
0.66666667,-0.93939394,2.1436731131,0.2679591391,0
0.67676768,-0.93939394,2.1379157433,0.2672394679,0
0.68686869,-0.93939394,2.1319033172,0.2664879147,0
0.69696970,-0.93939394,2.1257357674,0.2657169709,0
0.70707071,-0.93939394,2.1194999701,0.2649374963,0
0.71717172,-0.93939394,2.1132685735,0.2641585717,0
0.72727273,-0.93939394,2.1071000839,0.2633875105,0
0.73737374,-0.93939394,2.1010398298,0.2626299787,0
0.74747475,-0.93939394,2.0951214516,0.2618901815,0
0.75757576,-0.93939394,2.0893686303,0.2611710788,0
0.76767677,-0.93939394,2.0837968452,0.2604746057,0
0.77777778,-0.93939394,2.0784150252,0.2598018781,0
0.78787879,-0.93939394,2.0732270168,0.2591533771,0
0.79797980,-0.93939394,2.0682328375,0.2585291047,0
0.80808081,-0.93939394,2.0634297116,0.2579287139,0
0.81818182,-0.93939394,2.0588129021,0.2573516128,0
0.82828283,-0.93939394,2.0543763648,0.2567970456,0
0.83838384,-0.93939394,2.0501132498,0.2562641562,0
0.84848485,-0.93939394,2.0460162783,0.2557520348,0
0.85858586,-0.93939394,2.0420780192,0.2552597524,0
0.86868687,-0.93939394,2.0382910865,0.2547863858,0
0.87878788,-0.93939394,2.0346482757,0.2543310345,0
0.88888889,-0.93939394,2.0311426540,0.2538928318,0
0.89898990,-0.93939394,2.0277676156,0.2534709519,0
0.90909091,-0.93939394,2.0245169115,0.2530646139,0
0.91919192,-0.93939394,2.0213846614,0.2526730827,0
0.92929293,-0.93939394,2.0183653522,0.2522956690,0
0.93939394,-0.93939394,2.0154538284,0.2519317285,0
0.94949495,-0.93939394,2.0126452760,0.2515806595,0
0.95959596,-0.93939394,2.0099352039,0.2512419005,0
0.96969697,-0.93939394,2.0073194223,0.2509149278,0
0.97979798,-0.93939394,2.0047940220,0.2505992527,0
0.98989899,-0.93939394,2.0023553521,0.2502944190,0
1.00000000,-0.93939394,1.5000168854,0.1875021107,1
0.00000000,-0.87878788,2.0000000000,0.2500000000,0
0.01010101,-0.87878788,2.0013253331,0.2501656666,0
0.02020202,-0.87878788,2.0026892182,0.2503361523,0
0.03030303,-0.87878788,2.0040931361,0.2505116420,0
0.04040404,-0.87878788,2.0055386381,0.2506923298,0
0.05050505,-0.87878788,2.0070273498,0.2508784187,0
0.06060606,-0.87878788,2.0085609760,0.2510701220,0
0.07070707,-0.87878788,2.0101413042,0.2512676630,0
0.08080808,-0.87878788,2.0117702100,0.2514712762,0
0.09090909,-0.87878788,2.0134496614,0.2516812077,0
0.10101010,-0.87878788,2.0151817245,0.2518977156,0
0.11111111,-0.87878788,2.0169685689,0.2521210711,0
0.12121212,-0.87878788,2.0188124732,0.2523515592,0
0.13131313,-0.87878788,2.0207158312,0.2525894789,0
0.14141414,-0.87878788,2.0226811579,0.2528351447,0
0.15151515,-0.87878788,2.0247110965,0.2530888871,0
0.16161616,-0.87878788,2.0268084247,0.2533510531,0
0.17171717,-0.87878788,2.0289760613,0.2536220077,0
0.18181818,-0.87878788,2.0312170738,0.2539021342,0
0.19191919,-0.87878788,2.0335346847,0.2541918356,0
0.20202020,-0.87878788,2.0359322782,0.2544915348,0
0.21212121,-0.87878788,2.0384134068,0.2548016759,0
0.22222222,-0.87878788,2.0409817968,0.2551227246,0
0.23232323,-0.87878788,2.0436413530,0.2554551691,0
0.24242424,-0.87878788,2.0463961623,0.2557995203,0
0.25252525,-0.87878788,2.0492504945,0.2561563118,0
0.26262626,-0.87878788,2.0522088017,0.2565261002,0
0.27272727,-0.87878788,2.0552757131,0.2569094641,0
0.28282828,-0.87878788,2.0584560245,0.2573070031,0
0.29292929,-0.87878788,2.0617546830,0.2577193354,0
0.30303030,-0.87878788,2.0651767610,0.2581470951,0
0.31313131,-0.87878788,2.0687274211,0.2585909276,0
0.32323232,-0.87878788,2.0724118648,0.2590514831,0
0.33333333,-0.87878788,2.0762352636,0.2595294080,0
0.34343434,-0.87878788,2.0802026664,0.2600253333,0
0.35353535,-0.87878788,2.0843188749,0.2605398594,0
0.36363636,-0.87878788,2.0885882823,0.2610735353,0
0.37373737,-0.87878788,2.0930146617,0.2616268327,0
0.38383838,-0.87878788,2.0976008945,0.2622001118,0
0.39393939,-0.87878788,2.1023486238,0.2627935780,0
0.40404040,-0.87878788,2.1072578159,0.2634072270,0
0.41414141,-0.87878788,2.1123262116,0.2640407765,0
0.42424242,-0.87878788,2.1175486485,0.2646935811,0
0.43434343,-0.87878788,2.1229162343,0.2653645293,0
0.44444444,-0.87878788,2.1284153578,0.2660519197,0
0.45454545,-0.87878788,2.1340265283,0.2667533160,0
0.46464646,-0.87878788,2.1397230545,0.2674653818,0
0.47474747,-0.87878788,2.1454695953,0.2681836994,0
0.48484848,-0.87878788,2.1512206534,0.2689025817,0
0.49494949,-0.87878788,2.1569191356,0.2696148920,0
0.50505051,-0.87878788,2.1624951673,0.2703118959,0
0.51515152,-0.87878788,2.1678654222,0.2709831778,0
0.52525253,-0.87878788,2.1729332987,0.2716166623,0
0.53535354,-0.87878788,2.1775903128,0.2721987891,0
0.54545455,-0.87878788,2.1817190623,0.2727148828,0
0.55555556,-0.87878788,2.1851980012,0.2731497502,0
0.56565657,-0.87878788,2.1879080329,0.2734885041,0
0.57575758,-0.87878788,2.1897405763,0.2737175720,0
0.58585859,-0.87878788,2.1906063479,0.2738257935,0
0.59595960,-0.87878788,2.1904437257,0.2738054657,0
0.60606061,-0.87878788,2.1892253748,0.2736531718,0
0.61616162,-0.87878788,2.1869619193,0.2733702399,0
0.62626263,-0.87878788,2.1837018905,0.2729627363,0
0.63636364,-0.87878788,2.1795278593,0.2724409824,0
0.64646465,-0.87878788,2.1745493890,0.2718186736,0
0.65656566,-0.87878788,2.1688939958,0.2711117495,0
0.66666667,-0.87878788,2.1626975352,0.2703371919,0
0.67676768,-0.87878788,2.1560953132,0.2695119141,0
0.68686869,-0.87878788,2.1492148546,0.2686518568,0
0.69696970,-0.87878788,2.1421707912,0.2677713489,0
0.70707071,-0.87878788,2.1350619003,0.2668827375,0
0.71717172,-0.87878788,2.1279700206,0.2659962526,0
0.72727273,-0.87878788,2.1209604088,0.2651200511,0
0.73737374,-0.87878788,2.1140830685,0.2642603836,0
0.74747475,-0.87878788,2.1073746292,0.2634218286,0
0.75757576,-0.87878788,2.1008604448,0.2626075556,0
0.76767677,-0.87878788,2.0945566766,0.2618195846,0
0.77777778,-0.87878788,2.0884722156,0.2610590270,0
0.78787879,-0.87878788,2.0826103684,0.2603262960,0
0.79797980,-0.87878788,2.0769702778,0.2596212847,0
0.80808081,-0.87878788,2.0715480853,0.2589435107,0
0.81818182,-0.87878788,2.0663378560,0.2582922320,0
0.82828283,-0.87878788,2.0613322979,0.2576665372,0
0.83838384,-0.87878788,2.0565233095,0.2570654137,0
0.84848485,-0.87878788,2.0519023871,0.2564877984,0
0.85858586,-0.87878788,2.0474609207,0.2559326151,0
0.86868687,-0.87878788,2.0431904032,0.2553988004,0
0.87878788,-0.87878788,2.0390825723,0.2548853215,0
0.88888889,-0.87878788,2.0351295031,0.2543911879,0
0.89898990,-0.87878788,2.0313236627,0.2539154578,0
0.90909091,-0.87878788,2.0276579380,0.2534572423,0
0.91919192,-0.87878788,2.0241256445,0.2530157056,0
0.92929293,-0.87878788,2.0207205207,0.2525900651,0
0.93939394,-0.87878788,2.0174367151,0.2521795894,0
0.94949495,-0.87878788,2.0142687657,0.2517835957,0
0.95959596,-0.87878788,2.0112115776,0.2514014472,0
0.96969697,-0.87878788,2.0082603983,0.2510325498,0
0.97979798,-0.87878788,2.0054107925,0.2506763491,0
0.98989899,-0.87878788,2.0026586176,0.2503323272,0
1.00000000,-0.87878788,1.9999503110,0.2499937889,1
0.00000000,-0.81818182,2.0000000000,0.2500000000,0
0.01010101,-0.81818182,2.0014960036,0.2501870005,0
0.02020202,-0.81818182,2.0030352893,0.2503794112,0
0.03030303,-0.81818182,2.0046195251,0.2505774406,0
0.04040404,-0.81818182,2.0062504589,0.2507813074,0
0.05050505,-0.81818182,2.0079299237,0.2509912405,0
0.06060606,-0.81818182,2.0096598420,0.2512074802,0
0.07070707,-0.81818182,2.0114422308,0.2514302789,0
0.08080808,-0.81818182,2.0132792077,0.2516599010,0
0.09090909,-0.81818182,2.0151729956,0.2518966245,0
0.10101010,-0.81818182,2.0171259298,0.2521407412,0
0.11111111,-0.81818182,2.0191404637,0.2523925580,0
0.12121212,-0.81818182,2.0212191758,0.2526523970,0
0.13131313,-0.81818182,2.0233647769,0.2529205971,0
0.14141414,-0.81818182,2.0255801171,0.2531975146,0
0.15151515,-0.81818182,2.0278681941,0.2534835243,0
0.16161616,-0.81818182,2.0302321606,0.2537790201,0
0.17171717,-0.81818182,2.0326753331,0.2540844166,0
0.18181818,-0.81818182,2.0352011999,0.2544001500,0
0.19191919,-0.81818182,2.0378134295,0.2547266787,0
0.20202020,-0.81818182,2.0405158793,0.2550644849,0
0.21212121,-0.81818182,2.0433126034,0.2554140754,0
0.22222222,-0.81818182,2.0462078601,0.2557759825,0
0.23232323,-0.81818182,2.0492061186,0.2561507648,0
0.24242424,-0.81818182,2.0523120642,0.2565390080,0
0.25252525,-0.81818182,2.0555306015,0.2569413252,0
0.26262626,-0.81818182,2.0588668548,0.2573583568,0
0.27272727,-0.81818182,2.0623261647,0.2577907706,0
0.28282828,-0.81818182,2.0659140799,0.2582392600,0
0.29292929,-0.81818182,2.0696363410,0.2587045426,0
0.30303030,-0.81818182,2.0734988562,0.2591873570,0
0.31313131,-0.81818182,2.0775076642,0.2596884580,0
0.32323232,-0.81818182,2.0816688815,0.2602086102,0
0.33333333,-0.81818182,2.0859886289,0.2607485786,0
0.34343434,-0.81818182,2.0904729319,0.2613091165,0
0.35353535,-0.81818182,2.0951275862,0.2618909483,0
0.36363636,-0.81818182,2.0999579799,0.2624947475,0
0.37373737,-0.81818182,2.1049688609,0.2631211076,0
0.38383838,-0.81818182,2.1101640344,0.2637705043,0
0.39393939,-0.81818182,2.1155459735,0.2644432467,0
0.40404040,-0.81818182,2.1211153246,0.2651394156,0
0.41414141,-0.81818182,2.1268702824,0.2658587853,0
0.42424242,-0.81818182,2.1328058129,0.2666007266,0
0.43434343,-0.81818182,2.1389126973,0.2673640872,0
0.44444444,-0.81818182,2.1451763784,0.2681470473,0
0.45454545,-0.81818182,2.1515755955,0.2689469494,0
0.46464646,-0.81818182,2.1580808128,0.2697601016,0
0.47474747,-0.81818182,2.1646524770,0.2705815596,0
0.48484848,-0.81818182,2.1712391791,0.2714048974,0
0.49494949,-0.81818182,2.1777758639,0.2722219830,0
0.50505051,-0.81818182,2.1841823087,0.2730227886,0
0.51515152,-0.81818182,2.1903621863,0.2737952733,0
0.52525253,-0.81818182,2.1962031203,0.2745253900,0
0.53535354,-0.81818182,2.2015782000,0.2751972750,0
0.54545455,-0.81818182,2.2063494108,0.2757936763,0
0.55555556,-0.81818182,2.2103733031,0.2762966629,0
0.56565657,-0.81818182,2.2135089365,0.2766886171,0
0.57575758,-0.81818182,2.2156276883,0.2769534610,0
0.58585859,-0.81818182,2.2166239812,0.2770779977,0
0.59595960,-0.81818182,2.2164255036,0.2770531879,0
0.60606061,-0.81818182,2.2150012440,0.2768751555,0
0.61616162,-0.81818182,2.2123658149,0.2765457269,0
0.62626263,-0.81818182,2.2085791205,0.2760723901,0
0.63636364,-0.81818182,2.2037413132,0.2754676642,0
0.64646465,-0.81818182,2.1979839110,0.2747479889,0
0.65656566,-0.81818182,2.1914586247,0.2739323281,0
0.66666667,-0.81818182,2.1843256899,0.2730407112,0
0.67676768,-0.81818182,2.1767432922,0.2720929115,0
0.68686869,-0.81818182,2.1688591742,0.2711073968,0
0.69696970,-0.81818182,2.1608049023,0.2701006128,0
0.70707071,-0.81818182,2.1526927489,0.2690865936,0
0.71717172,-0.81818182,2.1446147859,0.2680768482,0
0.72727273,-0.81818182,2.1366436239,0.2670804530,0
0.73737374,-0.81818182,2.1288342147,0.2661042768,0
0.74747475,-0.81818182,2.1212262168,0.2651532771,0
0.75757576,-0.81818182,2.1138465400,0.2642308175,0
0.76767677,-0.81818182,2.1067118142,0.2633389768,0
0.77777778,-0.81818182,2.0998306254,0.2624788282,0
0.78787879,-0.81818182,2.0932054482,0.2616506810,0
0.79797980,-0.81818182,2.0868342548,0.2608542819,0
0.80808081,-0.81818182,2.0807118152,0.2600889769,0
0.81818182,-0.81818182,2.0748307219,0.2593538402,0
0.82828283,-0.81818182,2.0691821790,0.2586477724,0
0.83838384,-0.81818182,2.0637565963,0.2579695745,0
0.84848485,-0.81818182,2.0585440277,0.2573180035,0
0.85858586,-0.81818182,2.0535344850,0.2566918106,0
0.86868687,-0.81818182,2.0487181577,0.2560897697,0
0.87878788,-0.81818182,2.0440855594,0.2555106949,0
0.88888889,-0.81818182,2.0396276207,0.2549534526,0
0.89898990,-0.81818182,2.0353357422,0.2544169678,0
0.90909091,-0.81818182,2.0312018185,0.2539002273,0
0.91919192,-0.81818182,2.0272182428,0.2534022803,0
0.92929293,-0.81818182,2.0233778967,0.2529222371,0
0.93939394,-0.81818182,2.0196741317,0.2524592665,0
0.94949495,-0.81818182,2.0161007447,0.2520125931,0
0.95959596,-0.81818182,2.0126519503,0.2515814938,0
0.96969697,-0.81818182,2.0093223522,0.2511652940,0
0.97979798,-0.81818182,2.0061069137,0.2507633642,0
0.98989899,-0.81818182,2.0030009298,0.2503751162,0
1.00000000,-0.81818182,1.9994960285,0.2499370036,1
0.00000000,-0.75757576,2.0000000000,0.2500000000,0
0.01010101,-0.75757576,2.0016886500,0.2502110813,0
0.02020202,-0.75757576,2.0034258866,0.2504282358,0
0.03030303,-0.75757576,2.0052135890,0.2506516986,0
0.04040404,-0.75757576,2.0070537273,0.2508817159,0
0.05050505,-0.75757576,2.0089483684,0.2511185460,0
0.06060606,-0.75757576,2.0108996811,0.2513624601,0
0.07070707,-0.75757576,2.0129099422,0.2516137428,0
0.08080808,-0.75757576,2.0149815430,0.2518726929,0
0.09090909,-0.75757576,2.0171169955,0.2521396244,0
0.10101010,-0.75757576,2.0193189400,0.2524148675,0
0.11111111,-0.75757576,2.0215901523,0.2526987690,0
0.12121212,-0.75757576,2.0239335516,0.2529916940,0
0.13131313,-0.75757576,2.0263522092,0.2532940262,0
0.14141414,-0.75757576,2.0288493569,0.2536061696,0
0.15151515,-0.75757576,2.0314283962,0.2539285495,0
0.16161616,-0.75757576,2.0340929084,0.2542616136,0
0.17171717,-0.75757576,2.0368466638,0.2546058330,0
0.18181818,-0.75757576,2.0396936325,0.2549617041,0
0.19191919,-0.75757576,2.0426379943,0.2553297493,0
0.20202020,-0.75757576,2.0456841495,0.2557105187,0
0.21212121,-0.75757576,2.0488367290,0.2561045911,0
0.22222222,-0.75757576,2.0521006039,0.2565125755,0
0.23232323,-0.75757576,2.0554808947,0.2569351118,0
0.24242424,-0.75757576,2.0589829787,0.2573728723,0
0.25252525,-0.75757576,2.0626124963,0.2578265620,0
0.26262626,-0.75757576,2.0663753529,0.2582969191,0
0.27272727,-0.75757576,2.0702777186,0.2587847148,0
0.28282828,-0.75757576,2.0743260215,0.2592907527,0
0.29292929,-0.75757576,2.0785269333,0.2598158667,0
0.30303030,-0.75757576,2.0828873460,0.2603609182,0
0.31313131,-0.75757576,2.0874143347,0.2609267918,0
0.32323232,-0.75757576,2.0921151036,0.2615143880,0
0.33333333,-0.75757576,2.0969969087,0.2621246136,0
0.34343434,-0.75757576,2.1020669515,0.2627583689,0
0.35353535,-0.75757576,2.1073322346,0.2634165293,0
0.36363636,-0.75757576,2.1127993684,0.2640999211,0
0.37373737,-0.75757576,2.1184743144,0.2648092893,0
0.38383838,-0.75757576,2.1243620501,0.2655452563,0
0.39393939,-0.75757576,2.1304661342,0.2663082668,0
0.40404040,-0.75757576,2.1367881476,0.2670985185,0
0.41414141,-0.75757576,2.1433269843,0.2679158730,0
0.42424242,-0.75757576,2.1500779593,0.2687597449,0
0.43434343,-0.75757576,2.1570317045,0.2696289631,0
0.44444444,-0.75757576,2.1641728216,0.2705216027,0
0.45454545,-0.75757576,2.1714782737,0.2714347842,0
0.46464646,-0.75757576,2.1789155141,0.2723644393,0
0.47474747,-0.75757576,2.1864403836,0.2733050480,0
0.48484848,-0.75757576,2.1939948621,0.2742493578,0
0.49494949,-0.75757576,2.2015048339,0.2751881042,0
0.50505051,-0.75757576,2.2088781291,0.2761097661,0
0.51515152,-0.75757576,2.2160032240,0.2770004030,0
0.52525253,-0.75757576,2.2227491037,0.2778436380,0
0.53535354,-0.75757576,2.2289668793,0.2786208599,0
0.54545455,-0.75757576,2.2344937513,0.2793117189,0
0.55555556,-0.75757576,2.2391597599,0.2798949700,0
0.56565657,-0.75757576,2.2427974010,0.2803496751,0
0.57575758,-0.75757576,2.2452536233,0.2806567029,0
0.58585859,-0.75757576,2.2464030217,0.2808003777,0
0.59595960,-0.75757576,2.2461604076,0.2807700509,0
0.60606061,-0.75757576,2.2444906157,0.2805613270,0
0.61616162,-0.75757576,2.2414136069,0.2801767009,0
0.62626263,-0.75757576,2.2370037067,0.2796254633,0
0.63636364,-0.75757576,2.2313829890,0.2789228736,0
0.64646465,-0.75757576,2.2247100093,0.2780887512,0
0.65656566,-0.75757576,2.2171659231,0.2771457404,0
0.66666667,-0.75757576,2.2089402708,0.2761175338,0
0.67676768,-0.75757576,2.2002183785,0.2750272973,0
0.68686869,-0.75757576,2.1911716313,0.2738964539,0
0.69696970,-0.75757576,2.1819510940,0.2727438867,0
0.70707071,-0.75757576,2.1726843096,0.2715855387,0
0.71717172,-0.75757576,2.1634747005,0.2704343376,0
0.72727273,-0.75757576,2.1544028344,0.2693003543,0
0.73737374,-0.75757576,2.1455288389,0.2681911049,0
0.74747475,-0.75757576,2.1368953689,0.2671119211,0
0.75757576,-0.75757576,2.1285306913,0.2660663364,0
0.76767677,-0.75757576,2.1204516057,0.2650564507,0
0.77777778,-0.75757576,2.1126660439,0.2640832555,0
0.78787879,-0.75757576,2.1051752811,0.2631469101,0
0.79797980,-0.75757576,2.0979757529,0.2622469691,0
0.80808081,-0.75757576,2.0910605068,0.2613825634,0
0.81818182,-0.75757576,2.0844203328,0.2605525416,0
0.82828283,-0.75757576,2.0780446250,0.2597555781,0
0.83838384,-0.75757576,2.0719220234,0.2589902529,0
0.84848485,-0.75757576,2.0660408819,0.2582551102,0
0.85858586,-0.75757576,2.0603895995,0.2575486999,0
0.86868687,-0.75757576,2.0549568482,0.2568696060,0
0.87878788,-0.75757576,2.0497317221,0.2562164653,0
0.88888889,-0.75757576,2.0447038288,0.2555879786,0
0.89898990,-0.75757576,2.0398633390,0.2549829174,0
0.90909091,-0.75757576,2.0352010050,0.2544001256,0
0.91919192,-0.75757576,2.0307081598,0.2538385200,0
0.92929293,-0.75757576,2.0263767007,0.2532970876,0
0.93939394,-0.75757576,2.0221990647,0.2527748831,0
0.94949495,-0.75757576,2.0181681984,0.2522710248,0
0.95959596,-0.75757576,2.0142775246,0.2517846906,0
0.96969697,-0.75757576,2.0105209088,0.2513151136,0
0.97979798,-0.75757576,2.0068926251,0.2508615781,0
0.98989899,-0.75757576,2.0033873237,0.2504234155,0
1.00000000,-0.75757576,1.9999932852,0.2499991606,1
0.00000000,-0.69696970,2.0000000000,0.2500000000,0
0.01010101,-0.69696970,2.0019061042,0.2502382630,0
0.02020202,-0.69696970,2.0038667482,0.2504833435,0
0.03030303,-0.69696970,2.0058840496,0.2507355062,0
0.04040404,-0.69696970,2.0079602299,0.2509950287,0
0.05050505,-0.69696970,2.0100976204,0.2512622026,0
0.06060606,-0.69696970,2.0122986689,0.2515373336,0
0.07070707,-0.69696970,2.0145659464,0.2518207433,0
0.08080808,-0.69696970,2.0169021545,0.2521127693,0
0.09090909,-0.69696970,2.0193101333,0.2524137667,0
0.10101010,-0.69696970,2.0217928694,0.2527241087,0
0.11111111,-0.69696970,2.0243535052,0.2530441882,0
0.12121212,-0.69696970,2.0269953477,0.2533744185,0
0.13131313,-0.69696970,2.0297218787,0.2537152348,0
0.14141414,-0.69696970,2.0325367652,0.2540670956,0
0.15151515,-0.69696970,2.0354438701,0.2544304838,0
0.16161616,-0.69696970,2.0384472640,0.2548059080,0
0.17171717,-0.69696970,2.0415512371,0.2551939046,0
0.18181818,-0.69696970,2.0447603115,0.2555950389,0
0.19191919,-0.69696970,2.0480792540,0.2560099067,0
0.20202020,-0.69696970,2.0515130889,0.2564391361,0
0.21212121,-0.69696970,2.0550671112,0.2568833889,0
0.22222222,-0.69696970,2.0587468989,0.2573433624,0
0.23232323,-0.69696970,2.0625583254,0.2578197907,0
0.24242424,-0.69696970,2.0665075697,0.2583134462,0
0.25252525,-0.69696970,2.0706011258,0.2588251407,0
0.26262626,-0.69696970,2.0748458085,0.2593557261,0
0.27272727,-0.69696970,2.0792487556,0.2599060945,0
0.28282828,-0.69696970,2.0838174243,0.2604771780,0
0.29292929,-0.69696970,2.0885595800,0.2610699475,0
0.30303030,-0.69696970,2.0934832741,0.2616854093,0
0.31313131,-0.69696970,2.0985968088,0.2623246011,0
0.32323232,-0.69696970,2.1039086814,0.2629885852,0
0.33333333,-0.69696970,2.1094275060,0.2636784382,0
0.34343434,-0.69696970,2.1151619003,0.2643952375,0
0.35353535,-0.69696970,2.1211203323,0.2651400415,0
0.36363636,-0.69696970,2.1273109099,0.2659138637,0
0.37373737,-0.69696970,2.1337411018,0.2667176377,0
0.38383838,-0.69696970,2.1404173662,0.2675521708,0
0.39393939,-0.69696970,2.1473446665,0.2684180833,0
0.40404040,-0.69696970,2.1545258426,0.2693157303,0
0.41414141,-0.69696970,2.1619608061,0.2702451008,0
0.42424242,-0.69696970,2.1696455185,0.2712056898,0
0.43434343,-0.69696970,2.1775707156,0.2721963394,0
0.44444444,-0.69696970,2.1857203346,0.2732150418,0
0.45454545,-0.69696970,2.1940696181,0.2742587023,0
0.46464646,-0.69696970,2.2025828810,0.2753228601,0
0.47474747,-0.69696970,2.2112109705,0.2764013713,0
0.48484848,-0.69696970,2.2198885060,0.2774860633,0
0.49494949,-0.69696970,2.2285310832,0.2785663854,0
0.50505051,-0.69696970,2.2370327472,0.2796290934,0
0.51515152,-0.69696970,2.2452642003,0.2806580250,0
0.52525253,-0.69696970,2.2530723699,0.2816340462,0
0.53535354,-0.69696970,2.2602820877,0.2825352610,0
0.54545455,-0.69696970,2.2667006576,0.2833375822,0
0.55555556,-0.69696970,2.2721259087,0.2840157386,0
0.56565657,-0.69696970,2.2763578906,0.2845447363,0
0.57575758,-0.69696970,2.2792136326,0.2849017041,0
0.58585859,-0.69696970,2.2805434759,0.2850679345,0
0.59595960,-0.69696970,2.2802466441,0.2850308305,0
0.60606061,-0.69696970,2.2782832886,0.2847854111,0
0.61616162,-0.69696970,2.2746805247,0.2843350656,0
0.62626263,-0.69696970,2.2695310258,0.2836913782,0
0.63636364,-0.69696970,2.2629842967,0.2828730371,0
0.64646465,-0.69696970,2.2552322978,0.2819040372,0
0.65656566,-0.69696970,2.2464921128,0.2808115141,0
0.66666667,-0.69696970,2.2369885745,0.2796235718,0
0.67676768,-0.69696970,2.2269392386,0.2783674048,0
0.68686869,-0.69696970,2.2165431424,0.2770678928,0
0.69696970,-0.69696970,2.2059737793,0.2757467224,0
0.70707071,-0.69696970,2.1953759325,0.2744219916,0
0.71717172,-0.69696970,2.1848655595,0.2731081949,0
0.72727273,-0.69696970,2.1745317733,0.2718164717,0
0.73737374,-0.69696970,2.1644400395,0.2705550049,0
0.74747475,-0.69696970,2.1546358860,0.2693294858,0
0.75757576,-0.69696970,2.1451486359,0.2681435795,0
0.76767677,-0.69696970,2.1359948586,0.2669993573,0
0.77777778,-0.69696970,2.1271813853,0.2658976732,0
0.78787879,-0.69696970,2.1187078343,0.2648384793,0
0.79797980,-0.69696970,2.1105686577,0.2638210822,0
0.80808081,-0.69696970,2.1027547562,0.2628443445,0
0.81818182,-0.69696970,2.0952547216,0.2619068402,0
0.82828283,-0.69696970,2.0880557734,0.2610069717,0
0.83838384,-0.69696970,2.0811444480,0.2601430560,0
0.84848485,-0.69696970,2.0745070948,0.2593133869,0
0.85858586,-0.69696970,2.0681302229,0.2585162779,0
0.86868687,-0.69696970,2.0620007342,0.2577500918,0
0.87878788,-0.69696970,2.0561060729,0.2570132591,0
0.88888889,-0.69696970,2.0504343136,0.2563042892,0
0.89898990,-0.69696970,2.0449742043,0.2556217755,0
0.90909091,-0.69696970,2.0397151788,0.2549643973,0
0.91919192,-0.69696970,2.0346473472,0.2543309184,0
0.92929293,-0.69696970,2.0297614728,0.2537201841,0
0.93939394,-0.69696970,2.0250489398,0.2531311175,0
0.94949495,-0.69696970,2.0205017161,0.2525627145,0
0.95959596,-0.69696970,2.0161123139,0.2520140392,0
0.96969697,-0.69696970,2.0118737495,0.2514842187,0
0.97979798,-0.69696970,2.0077795043,0.2509724380,0
0.98989899,-0.69696970,2.0038234873,0.2504779359,0
1.00000000,-0.69696970,1.5000014205,0.1875001776,1
0.00000000,-0.63636364,2.0000000000,0.2500000000,0
0.01010101,-0.63636364,2.0021515644,0.2502689455,0
0.02020202,-0.63636364,2.0043643569,0.2505455446,0
0.03030303,-0.63636364,2.0066407651,0.2508300956,0
0.04040404,-0.63636364,2.0089832950,0.2511229119,0
0.05050505,-0.63636364,2.0113945776,0.2514243222,0
0.06060606,-0.63636364,2.0138773769,0.2517346721,0
0.07070707,-0.63636364,2.0164345979,0.2520543247,0
0.08080808,-0.63636364,2.0190692947,0.2523836618,0
0.09090909,-0.63636364,2.0217846801,0.2527230850,0
0.10101010,-0.63636364,2.0245841352,0.2530730169,0
0.11111111,-0.63636364,2.0274712196,0.2534339025,0
0.12121212,-0.63636364,2.0304496824,0.2538062103,0
0.13131313,-0.63636364,2.0335234740,0.2541904343,0
0.14141414,-0.63636364,2.0366967585,0.2545870948,0
0.15151515,-0.63636364,2.0399739265,0.2549967408,0
0.16161616,-0.63636364,2.0433596093,0.2554199512,0
0.17171717,-0.63636364,2.0468586928,0.2558573366,0
0.18181818,-0.63636364,2.0504763332,0.2563095416,0
0.19191919,-0.63636364,2.0542179720,0.2567772465,0
0.20202020,-0.63636364,2.0580893524,0.2572611691,0
0.21212121,-0.63636364,2.0620965356,0.2577620669,0
0.22222222,-0.63636364,2.0662459164,0.2582807395,0
0.23232323,-0.63636364,2.0705442396,0.2588180300,0
0.24242424,-0.63636364,2.0749986145,0.2593748268,0
0.25252525,-0.63636364,2.0796165275,0.2599520659,0
0.26262626,-0.63636364,2.0844058533,0.2605507317,0
0.27272727,-0.63636364,2.0893748604,0.2611718575,0
0.28282828,-0.63636364,2.0945322121,0.2618165265,0
0.29292929,-0.63636364,2.0998869593,0.2624858699,0
0.30303030,-0.63636364,2.1054485217,0.2631810652,0
0.31313131,-0.63636364,2.1112266545,0.2639033318,0
0.32323232,-0.63636364,2.1172313946,0.2646539243,0
0.33333333,-0.63636364,2.1234729800,0.2654341225,0
0.34343434,-0.63636364,2.1299617339,0.2662452167,0
0.35353535,-0.63636364,2.1367079005,0.2670884876,0
0.36363636,-0.63636364,2.1437214210,0.2679651776,0
0.37373737,-0.63636364,2.1510116290,0.2688764536,0
0.38383838,-0.63636364,2.1585868433,0.2698233554,0
0.39393939,-0.63636364,2.1664538292,0.2708067287,0
0.40404040,-0.63636364,2.1746170944,0.2718271368,0
0.41414141,-0.63636364,2.1830779766,0.2728847471,0
0.42424242,-0.63636364,2.1918334761,0.2739791845,0
0.43434343,-0.63636364,2.2008747816,0.2751093477,0
0.44444444,-0.63636364,2.2101854363,0.2762731795,0
0.45454545,-0.63636364,2.2197390998,0.2774673875,0
0.46464646,-0.63636364,2.2294968823,0.2786871103,0
0.47474747,-0.63636364,2.2394042702,0.2799255338,0
0.48484848,-0.63636364,2.2493877331,0.2811734666,0
0.49494949,-0.63636364,2.2593512155,0.2824189019,0
0.50505051,-0.63636364,2.2691728736,0.2836466092,0
0.51515152,-0.63636364,2.2787026179,0.2848378272,0
0.52525253,-0.63636364,2.2877612397,0.2859701550,0
0.53535354,-0.63636364,2.2961420853,0.2870177607,0
0.54545455,-0.63636364,2.3036162935,0.2879520367,0
0.55555556,-0.63636364,2.3099424206,0.2887428026,0
0.56565657,-0.63636364,2.3148807235,0.2893600904,0
0.57575758,-0.63636364,2.3182114199,0.2897764275,0
0.58585859,-0.63636364,2.3197550392,0.2899693799,0
0.59595960,-0.63636364,2.3193918411,0.2899239801,0
0.60606061,-0.63636364,2.3170767072,0.2896345884,0
0.61616162,-0.63636364,2.3128462960,0.2891057870,0
0.62626263,-0.63636364,2.3068166835,0.2883520854,0
0.63636364,-0.63636364,2.2991717985,0.2873964748,0
0.64646465,-0.63636364,2.2901449798,0.2862681225,0
0.65656566,-0.63636364,2.2799972417,0.2849996552,0
0.66666667,-0.63636364,2.2689959812,0.2836244977,0
0.67676768,-0.63636364,2.2573970534,0.2821746317,0
0.68686869,-0.63636364,2.2454318324,0.2806789790,0
0.69696970,-0.63636364,2.2332995808,0.2791624476,0
0.70707071,-0.63636364,2.2211644970,0.2776455621,0
0.71717172,-0.63636364,2.2091563198,0.2761445400,0
0.72727273,-0.63636364,2.1973732647,0.2746716581,0
0.73737374,-0.63636364,2.1858862122,0.2732357765,0
0.74747475,-0.63636364,2.1747433294,0.2718429162,0
0.75757576,-0.63636364,2.1639745743,0.2704968218,0
0.76767677,-0.63636364,2.1535957663,0.2691994708,0
0.77777778,-0.63636364,2.1436120767,0.2679515096,0
0.78787879,-0.63636364,2.1340209051,0.2667526131,0
0.79797980,-0.63636364,2.1248141784,0.2656017723,0
0.80808081,-0.63636364,2.1159801402,0.2644975175,0
0.81818182,-0.63636364,2.1075047116,0.2634380889,0
0.82828283,-0.63636364,2.0993725032,0.2624215629,0
0.83838384,-0.63636364,2.0915675518,0.2614459440,0
0.84848485,-0.63636364,2.0840738413,0.2605092302,0
0.85858586,-0.63636364,2.0768756618,0.2596094577,0
0.86868687,-0.63636364,2.0699578461,0.2587447308,0
0.87878788,-0.63636364,2.0633059161,0.2579132395,0
0.88888889,-0.63636364,2.0569061637,0.2571132705,0
0.89898990,-0.63636364,2.0507456866,0.2563432108,0
0.90909091,-0.63636364,2.0448123903,0.2556015488,0
0.91919192,-0.63636364,2.0390949698,0.2548868712,0
0.92929293,-0.63636364,2.0335828769,0.2541978596,0
0.93939394,-0.63636364,2.0282662789,0.2535332849,0
0.94949495,-0.63636364,2.0231360133,0.2528920017,0
0.95959596,-0.63636364,2.0181835402,0.2522729425,0
0.96969697,-0.63636364,2.0134008960,0.2516751120,0
0.97979798,-0.63636364,2.0087806475,0.2510975809,0
0.98989899,-0.63636364,2.0043158486,0.2505394811,0
1.00000000,-0.63636364,1.9455410108,0.2431926263,1
0.00000000,-0.57575758,2.0000000000,0.2500000000,0
0.01010101,-0.57575758,2.0024286427,0.2503035803,0
0.02020202,-0.57575758,2.0049260391,0.2506157549,0
0.03030303,-0.57575758,2.0074948826,0.2509368603,0
0.04040404,-0.57575758,2.0101380020,0.2512672503,0
0.05050505,-0.57575758,2.0128583689,0.2516072961,0
0.06060606,-0.57575758,2.0156591066,0.2519573883,0
0.07070707,-0.57575758,2.0185434999,0.2523179375,0
0.08080808,-0.57575758,2.0215150042,0.2526893755,0
0.09090909,-0.57575758,2.0245772572,0.2530721572,0
0.10101010,-0.57575758,2.0277340895,0.2534667612,0
0.11111111,-0.57575758,2.0309895371,0.2538736921,0
0.12121212,-0.57575758,2.0343478543,0.2542934818,0
0.13131313,-0.57575758,2.0378135275,0.2547266909,0
0.14141414,-0.57575758,2.0413912900,0.2551739112,0
0.15151515,-0.57575758,2.0450861374,0.2556357672,0
0.16161616,-0.57575758,2.0489033443,0.2561129180,0
0.17171717,-0.57575758,2.0528484816,0.2566060602,0
0.18181818,-0.57575758,2.0569274349,0.2571159294,0
0.19191919,-0.57575758,2.0611464236,0.2576433029,0
0.20202020,-0.57575758,2.0655120203,0.2581890025,0
0.21212121,-0.57575758,2.0700311718,0.2587538965,0
0.22222222,-0.57575758,2.0747112190,0.2593389024,0
0.23232323,-0.57575758,2.0795599176,0.2599449897,0
0.24242424,-0.57575758,2.0845854579,0.2605731822,0
0.25252525,-0.57575758,2.0897964826,0.2612245603,0
0.26262626,-0.57575758,2.0952021034,0.2619002629,0
0.27272727,-0.57575758,2.1008119121,0.2626014890,0
0.28282828,-0.57575758,2.1066359877,0.2633294985,0
0.29292929,-0.57575758,2.1126848940,0.2640856117,0
0.30303030,-0.57575758,2.1189696664,0.2648712083,0
0.31313131,-0.57575758,2.1255017827,0.2656877228,0
0.32323232,-0.57575758,2.1322931125,0.2665366391,0
0.33333333,-0.57575758,2.1393558372,0.2674194796,0
0.34343434,-0.57575758,2.1467023308,0.2683377913,0
0.35353535,-0.57575758,2.1543449899,0.2692931237,0
0.36363636,-0.57575758,2.1622959941,0.2702869993,0
0.37373737,-0.57575758,2.1705669780,0.2713208722,0
0.38383838,-0.57575758,2.1791685857,0.2723960732,0
0.39393939,-0.57575758,2.1881098756,0.2735137345,0
0.40404040,-0.57575758,2.1973975331,0.2746746916,0
0.41414141,-0.57575758,2.2070348402,0.2758793550,0
0.42424242,-0.57575758,2.2170203433,0.2771275429,0
0.43434343,-0.57575758,2.2273461530,0.2784182691,0
0.44444444,-0.57575758,2.2379958056,0.2797494757,0
0.45454545,-0.57575758,2.2489416228,0.2811177029,0
0.46464646,-0.57575758,2.2601415284,0.2825176911,0
0.47474747,-0.57575758,2.2715353233,0.2839419154,0
0.48484848,-0.57575758,2.2830405090,0.2853800636,0
0.49494949,-0.57575758,2.2945478803,0.2868184850,0
0.50505051,-0.57575758,2.3059173079,0.2882396635,0
0.51515152,-0.57575758,2.3169743863,0.2896217983,0
0.52525253,-0.57575758,2.3275089190,0.2909386149,0
0.53535354,-0.57575758,2.3372764721,0.2921595590,0
0.54545455,-0.57575758,2.3460043398,0.2932505425,0
0.55555556,-0.57575758,2.3534030575,0.2941753822,0
0.56565657,-0.57575758,2.3591839089,0.2948979886,0
0.57575758,-0.57575758,2.3630816385,0.2953852048,0
0.58585859,-0.57575758,2.3648799665,0.2956099958,0
0.59595960,-0.57575758,2.3644359699,0.2955544962,0
0.60606061,-0.57575758,2.3616986094,0.2952123262,0
0.61616162,-0.57575758,2.3567172254,0.2945896532,0
0.62626263,-0.57575758,2.3496377881,0.2937047235,0
0.63636364,-0.57575758,2.3406875092,0.2925859387,0
0.64646465,-0.57575758,2.3301510751,0.2912688844,0
0.65656566,-0.57575758,2.3183432897,0.2897929112,0
0.66666667,-0.57575758,2.3055829284,0.2881978661,0
0.67676768,-0.57575758,2.2921713709,0.2865214214,0
0.68686869,-0.57575758,2.2783777915,0.2847972239,0
0.69696970,-0.57575758,2.2644310238,0.2830538780,0
0.70707071,-0.57575758,2.2505170788,0.2813146349,0
0.71717172,-0.57575758,2.2367807817,0.2795975977,0
0.72727273,-0.57575758,2.2233299634,0.2779162454,0
0.73737374,-0.57575758,2.2102408958,0.2762801120,0
0.74747475,-0.57575758,2.1975640211,0.2746955026,0
0.75757576,-0.57575758,2.1853293730,0.2731661716,0
0.76767677,-0.57575758,2.1735513649,0.2716939206,0
0.77777778,-0.57575758,2.1622328187,0.2702791023,0
0.78787879,-0.57575758,2.1513682338,0.2689210292,0
0.79797980,-0.57575758,2.1409463598,0.2676182950,0
0.80808081,-0.57575758,2.1309521732,0.2663690216,0
0.81818182,-0.57575758,2.1213683606,0.2651710451,0
0.82828283,-0.57575758,2.1121764076,0.2640220509,0
0.83838384,-0.57575758,2.1033573789,0.2629196724,0
0.84848485,-0.57575758,2.0948924638,0.2618615580,0
0.85858586,-0.57575758,2.0867633425,0.2608454178,0
0.86868687,-0.57575758,2.0789524221,0.2598690528,0
0.87878788,-0.57575758,2.0714429766,0.2589303721,0
0.88888889,-0.57575758,2.0642192185,0.2580274023,0
0.89898990,-0.57575758,2.0572663222,0.2571582903,0
0.90909091,-0.57575758,2.0505704154,0.2563213019,0
0.91919192,-0.57575758,2.0441185479,0.2555148185,0
0.92929293,-0.57575758,2.0378986476,0.2547373310,0
0.93939394,-0.57575758,2.0318994692,0.2539874336,0
0.94949495,-0.57575758,2.0261105380,0.2532638172,0
0.95959596,-0.57575758,2.0205220944,0.2525652618,0
0.96969697,-0.57575758,2.0151250384,0.2518906298,0
0.97979798,-0.57575758,2.0099108766,0.2512388596,0
0.98989899,-0.57575758,2.0048716725,0.2506089591,0
1.00000000,-0.57575758,1.5000030473,0.1875003809,1
0.00000000,-0.51515152,2.0000000000,0.2500000000,0
0.01010101,-0.51515152,2.0027414199,0.2503426775,0
0.02020202,-0.51515152,2.0055600767,0.2506950096,0
0.03030303,-0.51515152,2.0084590119,0.2510573765,0
0.04040404,-0.51515152,2.0114414216,0.2514301777,0
0.05050505,-0.51515152,2.0145106649,0.2518138331,0
0.06060606,-0.51515152,2.0176702751,0.2522087844,0
0.07070707,-0.51515152,2.0209239697,0.2526154962,0
0.08080808,-0.51515152,2.0242756627,0.2530344578,0
0.09090909,-0.51515152,2.0277294769,0.2534661846,0
0.10101010,-0.51515152,2.0312897572,0.2539112196,0
0.11111111,-0.51515152,2.0349610848,0.2543701356,0
0.12121212,-0.51515152,2.0387482930,0.2548435366,0
0.13131313,-0.51515152,2.0426564829,0.2553320604,0
0.14141414,-0.51515152,2.0466910414,0.2558363802,0
0.15151515,-0.51515152,2.0508576597,0.2563572075,0
0.16161616,-0.51515152,2.0551623529,0.2568952941,0
0.17171717,-0.51515152,2.0596114811,0.2574514351,0
0.18181818,-0.51515152,2.0642117716,0.2580264714,0
0.19191919,-0.51515152,2.0689703423,0.2586212928,0
0.20202020,-0.51515152,2.0738947260,0.2592368408,0
0.21212121,-0.51515152,2.0789928956,0.2598741119,0
0.22222222,-0.51515152,2.0842732900,0.2605341612,0
0.23232323,-0.51515152,2.0897448405,0.2612181051,0
0.24242424,-0.51515152,2.0954169966,0.2619271246,0
0.25252525,-0.51515152,2.1012997508,0.2626624688,0
0.26262626,-0.51515152,2.1074036614,0.2634254577,0
0.27272727,-0.51515152,2.1137398720,0.2642174840,0
0.28282828,-0.51515152,2.1203201251,0.2650400156,0
0.29292929,-0.51515152,2.1271567679,0.2658945960,0
0.30303030,-0.51515152,2.1342627459,0.2667828432,0
0.31313131,-0.51515152,2.1416515808,0.2677064476,0
0.32323232,-0.51515152,2.1493373245,0.2686671656,0
0.33333333,-0.51515152,2.1573344828,0.2696668104,0
0.34343434,-0.51515152,2.1656578965,0.2707072371,0
0.35353535,-0.51515152,2.1743225655,0.2717903207,0
0.36363636,-0.51515152,2.1833433971,0.2729179246,0
0.37373737,-0.51515152,2.1927348549,0.2740918569,0
0.38383838,-0.51515152,2.2025104748,0.2753138093,0
0.39393939,-0.51515152,2.2126822103,0.2765852763,0
0.40404040,-0.51515152,2.2232595554,0.2779074444,0
0.41414141,-0.51515152,2.2342483851,0.2792810481,0
0.42424242,-0.51515152,2.2456494380,0.2807061798,0
0.43434343,-0.51515152,2.2574563589,0.2821820449,0
0.44444444,-0.51515152,2.2696532084,0.2837066511,0
0.45454545,-0.51515152,2.2822113509,0.2852764189,0
0.46464646,-0.51515152,2.2950856523,0.2868857065,0
0.47474747,-0.51515152,2.3082099687,0.2885262461,0
0.48484848,-0.51515152,2.3214920017,0.2901865002,0
0.49494949,-0.51515152,2.3348077605,0.2918509701,0
0.50505051,-0.51515152,2.3479961129,0.2934995141,0
0.51515152,-0.51515152,2.3608542397,0.2951067800,0
0.52525253,-0.51515152,2.3731352007,0.2966419001,0
0.53535354,-0.51515152,2.3845491926,0.2980686491,0
0.54545455,-0.51515152,2.3947702773,0.2993462847,0
0.55555556,-0.51515152,2.4034501505,0.3004312688,0
0.56565657,-0.51515152,2.4102396639,0.3012799580,0
0.57575758,-0.51515152,2.4148172068,0.3018521509,0
0.58585859,-0.51515152,2.4169208772,0.3021151096,0
0.59595960,-0.51515152,2.4163792824,0.3020474103,0
0.60606061,-0.51515152,2.4131347306,0.3016418413,0
0.61616162,-0.51515152,2.4072533316,0.3009066665,0
0.62626263,-0.51515152,2.3989192439,0.2998649055,0
0.63636364,-0.51515152,2.3884141428,0.2985517678,0
0.64646465,-0.51515152,2.3760864803,0.2970108100,0
0.65656566,-0.51515152,2.3623169579,0.2952896197,0
0.66666667,-0.51515152,2.3474863835,0.2934357979,0
0.67676768,-0.51515152,2.3319502428,0.2914937804,0
0.68686869,-0.51515152,2.3160218742,0.2895027343,0
0.69696970,-0.51515152,2.2999640112,0.2874955014,0
0.70707071,-0.51515152,2.2839871264,0.2854983908,0
0.71717172,-0.51515152,2.2682525036,0.2835315629,0
0.72727273,-0.51515152,2.2528780553,0.2816097569,0
0.73737374,-0.51515152,2.2379453100,0.2797431637,0
0.74747475,-0.51515152,2.2235064805,0.2779383101,0
0.75757576,-0.51515152,2.2095909644,0.2761988705,0
0.76767677,-0.51515152,2.1962109603,0.2745263700,0
0.77777778,-0.51515152,2.1833661067,0.2729207633,0
0.78787879,-0.51515152,2.1710471834,0.2713808979,0
0.79797980,-0.51515152,2.1592389842,0.2699048730,0
0.80808081,-0.51515152,2.1479224913,0.2684903114,0
0.81818182,-0.51515152,2.1370764852,0.2671345607,0
0.82828283,-0.51515152,2.1266787104,0.2658348388,0
0.83838384,-0.51515152,2.1167066974,0.2645883372,0
0.84848485,-0.51515152,2.1071383268,0.2633922909,0
0.85858586,-0.51515152,2.0979522008,0.2622440251,0
0.86868687,-0.51515152,2.0891278734,0.2611409842,0
0.87878788,-0.51515152,2.0806459801,0.2600807475,0
0.88888889,-0.51515152,2.0724882960,0.2590610370,0
0.89898990,-0.51515152,2.0646377449,0.2580797181,0
0.90909091,-0.51515152,2.0570783747,0.2571347968,0
0.91919192,-0.51515152,2.0497953129,0.2562244141,0
0.92929293,-0.51515152,2.0427747081,0.2553468385,0
0.93939394,-0.51515152,2.0360036656,0.2545004582,0
0.94949495,-0.51515152,2.0294701806,0.2536837726,0
0.95959596,-0.51515152,2.0231630708,0.2528953839,0
0.96969697,-0.51515152,2.0170719120,0.2521339890,0
0.97979798,-0.51515152,2.0111869760,0.2513983720,0
0.98989899,-0.51515152,2.0054991735,0.2506873967,0
1.00000000,-0.51515152,1.9999305899,0.2499913237,1
0.00000000,-0.45454545,2.0000000000,0.2500000000,0
0.01010101,-0.45454545,2.0030945062,0.2503868133,0
0.02020202,-0.45454545,2.0062758346,0.2507844793,0
0.03030303,-0.45454545,2.0095474241,0.2511934280,0
0.04040404,-0.45454545,2.0129128898,0.2516141112,0
0.05050505,-0.45454545,2.0163760341,0.2520470043,0
0.06060606,-0.45454545,2.0199408586,0.2524926073,0
0.07070707,-0.45454545,2.0236115767,0.2529514471,0
0.08080808,-0.45454545,2.0273926273,0.2534240784,0
0.09090909,-0.45454545,2.0312886894,0.2539110862,0
0.10101010,-0.45454545,2.0353046980,0.2544130873,0
0.11111111,-0.45454545,2.0394458610,0.2549307326,0
0.12121212,-0.45454545,2.0437176769,0.2554647096,0
0.13131313,-0.45454545,2.0481259545,0.2560157443,0
0.14141414,-0.45454545,2.0526768340,0.2565846043,0
0.15151515,-0.45454545,2.0573768086,0.2571721011,0
0.16161616,-0.45454545,2.0622327484,0.2577790935,0
0.17171717,-0.45454545,2.0672519261,0.2584064908,0
0.18181818,-0.45454545,2.0724420434,0.2590552554,0
0.19191919,-0.45454545,2.0778112598,0.2597264075,0
0.20202020,-0.45454545,2.0833682220,0.2604210278,0
0.21212121,-0.45454545,2.0891220960,0.2611402620,0
0.22222222,-0.45454545,2.0950825989,0.2618853249,0
0.23232323,-0.45454545,2.1012600326,0.2626575041,0
0.24242424,-0.45454545,2.1076653173,0.2634581647,0
0.25252525,-0.45454545,2.1143100246,0.2642887531,0
0.26262626,-0.45454545,2.1212064093,0.2651508012,0
0.27272727,-0.45454545,2.1283674378,0.2660459297,0
0.28282828,-0.45454545,2.1358068115,0.2669758514,0
0.29292929,-0.45454545,2.1435389829,0.2679423729,0
0.30303030,-0.45454545,2.1515791588,0.2689473948,0
0.31313131,-0.45454545,2.1599432873,0.2699929109,0
0.32323232,-0.45454545,2.1686480210,0.2710810026,0
0.33333333,-0.45454545,2.1777106464,0.2722138308,0
0.34343434,-0.45454545,2.1871489682,0.2733936210,0
0.35353535,-0.45454545,2.1969811313,0.2746226414,0
0.36363636,-0.45454545,2.2072253595,0.2759031699,0
0.37373737,-0.45454545,2.2178995824,0.2772374478,0
0.38383838,-0.45454545,2.2290209138,0.2786276142,0
0.39393939,-0.45454545,2.2406049349,0.2800756169,0
0.40404040,-0.45454545,2.2526647217,0.2815830902,0
0.41414141,-0.45454545,2.2652095434,0.2831511929,0
0.42424242,-0.45454545,2.2782431398,0.2847803925,0
0.43434343,-0.45454545,2.2917614718,0.2864701840,0
0.44444444,-0.45454545,2.3057498259,0.2882187282,0
0.45454545,-0.45454545,2.3201791506,0.2900223938,0
0.46464646,-0.45454545,2.3350015202,0.2918751900,0
0.47474747,-0.45454545,2.3501446728,0.2937680841,0
0.48484848,-0.45454545,2.3655056784,0.2956882098,0
0.49494949,-0.45454545,2.3809439844,0.2976179980,0
0.50505051,-0.45454545,2.3962743874,0.2995342984,0
0.51515152,-0.45454545,2.4112609072,0.3014076134,0
0.52525253,-0.45454545,2.4256130601,0.3032016325,0
0.53535354,-0.45454545,2.4389865622,0.3048733203,0
0.54545455,-0.45454545,2.4509908156,0.3063738520,0
0.55555556,-0.45454545,2.4612053489,0.3076506686,0
0.56565657,-0.45454545,2.4692063297,0.3086507912,0
0.57575758,-0.45454545,2.4746021599,0.3093252700,0
0.58585859,-0.45454545,2.4770742332,0.3096342791,0
0.59595960,-0.45454545,2.4764160557,0.3095520070,0
0.60606061,-0.45454545,2.4725624358,0.3090703045,0
0.61616162,-0.45454545,2.4656015069,0.3082001884,0
0.62626263,-0.45454545,2.4557661274,0.3069707659,0
0.63636364,-0.45454545,2.4434064500,0.3054258063,0
0.64646465,-0.45454545,2.4289500729,0.3036187591,0
0.65656566,-0.45454545,2.4128583892,0.3016072987,0
0.66666667,-0.45454545,2.3955870681,0.2994483835,0
0.67676768,-0.45454545,2.3775558735,0.2971944842,0
0.68686869,-0.45454545,2.3591297225,0.2948912153,0
0.69696970,-0.45454545,2.3406101971,0.2925762746,0
0.70707071,-0.45454545,2.3222351881,0.2902793985,0
0.71717172,-0.45454545,2.3041839090,0.2880229886,0
0.72727273,-0.45454545,2.2865847902,0.2858230988,0
0.73737374,-0.45454545,2.2695243786,0.2836905473,0
0.74747475,-0.45454545,2.2530560104,0.2816320013,0
0.75757576,-0.45454545,2.2372075767,0.2796509471,0
0.76767677,-0.45454545,2.2219880900,0.2777485112,0
0.77777778,-0.45454545,2.2073930097,0.2759241262,0
0.78787879,-0.45454545,2.1934084237,0.2741760530,0
0.79797980,-0.45454545,2.1800142447,0.2725017806,0
0.80808081,-0.45454545,2.1671865957,0.2708983245,0
0.81818182,-0.45454545,2.1548995510,0.2693624439,0
0.82828283,-0.45454545,2.1431263776,0.2678907972,0
0.83838384,-0.45454545,2.1318403975,0.2664800497,0
0.84848485,-0.45454545,2.1210155654,0.2651269457,0
0.85858586,-0.45454545,2.1106268405,0.2638283551,0
0.86868687,-0.45454545,2.1006504070,0.2625813009,0
0.87878788,-0.45454545,2.0910637886,0.2613829736,0
0.88888889,-0.45454545,2.0818458891,0.2602307361,0
0.89898990,-0.45454545,2.0729769826,0.2591221228,0
0.90909091,-0.45454545,2.0644386713,0.2580548339,0
0.91919192,-0.45454545,2.0562138224,0.2570267278,0
0.92929293,-0.45454545,2.0482864937,0.2560358117,0
0.93939394,-0.45454545,2.0406418541,0.2550802318,0
0.94949495,-0.45454545,2.0332661023,0.2541582628,0
0.95959596,-0.45454545,2.0261463874,0.2532682984,0
0.96969697,-0.45454545,2.0192707326,0.2524088416,0
0.97979798,-0.45454545,2.0126279635,0.2515784954,0
0.98989899,-0.45454545,2.0062076412,0.2507759551,0
1.00000000,-0.45454545,1.5000056205,0.1875007026,1
0.00000000,-0.39393939,2.0000000000,0.2500000000,0
0.01010101,-0.39393939,2.0034931110,0.2504366389,0
0.02020202,-0.39393939,2.0070839057,0.2508854882,0
0.03030303,-0.39393939,2.0107762778,0.2513470347,0
0.04040404,-0.39393939,2.0145743234,0.2518217904,0
0.05050505,-0.39393939,2.0184823530,0.2523102941,0
0.06060606,-0.39393939,2.0225049063,0.2528131133,0
0.07070707,-0.39393939,2.0266467662,0.2533308458,0
0.08080808,-0.39393939,2.0309129756,0.2538641220,0
0.09090909,-0.39393939,2.0353088541,0.2544136068,0
0.10101010,-0.39393939,2.0398400165,0.2549800021,0
0.11111111,-0.39393939,2.0445123931,0.2555640491,0
0.12121212,-0.39393939,2.0493322510,0.2561665314,0
0.13131313,-0.39393939,2.0543062168,0.2567882771,0
0.14141414,-0.39393939,2.0594413016,0.2574301627,0
0.15151515,-0.39393939,2.0647449276,0.2580931159,0
0.16161616,-0.39393939,2.0702249565,0.2587781196,0
0.17171717,-0.39393939,2.0758897200,0.2594862150,0
0.18181818,-0.39393939,2.0817480519,0.2602185065,0
0.19191919,-0.39393939,2.0878093235,0.2609761654,0
0.20202020,-0.39393939,2.0940834796,0.2617604350,0
0.21212121,-0.39393939,2.1005810775,0.2625726347,0
0.22222222,-0.39393939,2.1073133275,0.2634141659,0
0.23232323,-0.39393939,2.1142921348,0.2642865169,0
0.24242424,-0.39393939,2.1215301429,0.2651912679,0
0.25252525,-0.39393939,2.1290407766,0.2661300971,0
0.26262626,-0.39393939,2.1368382848,0.2671047856,0
0.27272727,-0.39393939,2.1449377809,0.2681172226,0
0.28282828,-0.39393939,2.1533552784,0.2691694098,0
0.29292929,-0.39393939,2.1621077197,0.2702634650,0
0.30303030,-0.39393939,2.1712129924,0.2714016241,0
0.31313131,-0.39393939,2.1806899297,0.2725862412,0
0.32323232,-0.39393939,2.1905582847,0.2738197856,0
0.33333333,-0.39393939,2.2008386705,0.2751048338,0
0.34343434,-0.39393939,2.2115524516,0.2764440565,0
0.35353535,-0.39393939,2.2227215674,0.2778401959,0
0.36363636,-0.39393939,2.2343682642,0.2792960330,0
0.37373737,-0.39393939,2.2465147036,0.2808143380,0
0.38383838,-0.39393939,2.2591824033,0.2823978004,0
0.39393939,-0.39393939,2.2723914567,0.2840489321,0
0.40404040,-0.39393939,2.2861594593,0.2857699324,0
0.41414141,-0.39393939,2.3005000521,0.2875625065,0
0.42424242,-0.39393939,2.3154209706,0.2894276213,0
0.43434343,-0.39393939,2.3309214665,0.2913651833,0
0.44444444,-0.39393939,2.3469889470,0.2933736184,0
0.45454545,-0.39393939,2.3635946689,0.2954493336,0
0.46464646,-0.39393939,2.3806883358,0.2975860420,0
0.47474747,-0.39393939,2.3981914949,0.2997739369,0
0.48484848,-0.39393939,2.4159897562,0.3019987195,0
0.49494949,-0.39393939,2.4339240754,0.3042405094,0
0.50505051,-0.39393939,2.4517817181,0.3064727148,0
0.51515152,-0.39393939,2.4692880614,0.3086610077,0
0.52525253,-0.39393939,2.4861010857,0.3107626357,0
0.53535354,-0.39393939,2.5018111529,0.3127263941,0
0.54545455,-0.39393939,2.5159491859,0.3144936482,0
0.55555556,-0.39393939,2.5280062424,0.3160007803,0
0.56565657,-0.39393939,2.5374661982,0.3171832748,0
0.57575758,-0.39393939,2.5438504965,0.3179813121,0
0.58585859,-0.39393939,2.5467699599,0.3183462450,0
0.59595960,-0.39393939,2.5459746859,0.3182468357,0
0.60606061,-0.39393939,2.5413909535,0.3176738692,0
0.61616162,-0.39393939,2.5331355486,0.3166419436,0
0.62626263,-0.39393939,2.5215031812,0.3151878977,0
0.63636364,-0.39393939,2.5069298621,0.3133662328,0
0.64646465,-0.39393939,2.4899412131,0.3112426516,0
0.65656566,-0.39393939,2.4710972689,0.3088871586,0
0.66666667,-0.39393939,2.4509439319,0.3063679915,0
0.67676768,-0.39393939,2.4299772797,0.3037471600,0
0.68686869,-0.39393939,2.4086224730,0.3010778091,0
0.69696970,-0.39393939,2.3872256539,0.2984032067,0
0.70707071,-0.39393939,2.3660554998,0.2957569375,0
0.71717172,-0.39393939,2.3453107991,0.2931638499,0
0.72727273,-0.39393939,2.3251309609,0.2906413701,0
0.73737374,-0.39393939,2.3056072435,0.2882009054,0
0.74747475,-0.39393939,2.2867933377,0.2858491672,0
0.75757576,-0.39393939,2.2687146060,0.2835893257,0
0.76767677,-0.39393939,2.2513757368,0.2814219671,0
0.77777778,-0.39393939,2.2347668437,0.2793458555,0
0.78787879,-0.39393939,2.2188681779,0.2773585222,0
0.79797980,-0.39393939,2.2036536778,0.2754567097,0
0.80808081,-0.39393939,2.1890935799,0.2736366975,0
0.81818182,-0.39393939,2.1751562968,0.2718945371,0
0.82828283,-0.39393939,2.1618097354,0.2702262169,0
0.83838384,-0.39393939,2.1490221950,0.2686277744,0
0.84848485,-0.39393939,2.1367629575,0.2670953697,0
0.85858586,-0.39393939,2.1250026524,0.2656253316,0
0.86868687,-0.39393939,2.1137134638,0.2642141830,0
0.87878788,-0.39393939,2.1028692246,0.2628586531,0
0.88888889,-0.39393939,2.0924454352,0.2615556794,0
0.89898990,-0.39393939,2.0824192309,0.2603024039,0
0.90909091,-0.39393939,2.0727693172,0.2590961647,0
0.91919192,-0.39393939,2.0634758862,0.2579344858,0
0.92929293,-0.39393939,2.0545205221,0.2568150653,0
0.93939394,-0.39393939,2.0458861035,0.2557357629,0
0.94949495,-0.39393939,2.0375567060,0.2546945883,0
0.95959596,-0.39393939,2.0295175079,0.2536896885,0
0.96969697,-0.39393939,2.0217547000,0.2527193375,0
0.97979798,-0.39393939,2.0142554022,0.2517819253,0
0.98989899,-0.39393939,2.0070075855,0.2508759482,0
1.00000000,-0.39393939,1.9999888291,0.2499986036,1
0.00000000,-0.33333333,2.0000000000,0.2500000000,0
0.01010101,-0.33333333,2.0039431221,0.2504928903,0
0.02020202,-0.33333333,2.0079962758,0.2509995345,0
0.03030303,-0.33333333,2.0121638786,0.2515204848,0
0.04040404,-0.33333333,2.0164505804,0.2520563226,0
0.05050505,-0.33333333,2.0208612780,0.2526076597,0
0.06060606,-0.33333333,2.0254011315,0.2531751414,0
0.07070707,-0.33333333,2.0300755820,0.2537594478,0
0.08080808,-0.33333333,2.0348903703,0.2543612963,0
0.09090909,-0.33333333,2.0398515568,0.2549814446,0
0.10101010,-0.33333333,2.0449655439,0.2556206930,0
0.11111111,-0.33333333,2.0502390992,0.2562798874,0
0.12121212,-0.33333333,2.0556793811,0.2569599226,0
0.13131313,-0.33333333,2.0612939658,0.2576617457,0
0.14141414,-0.33333333,2.0670908772,0.2583863596,0
0.15151515,-0.33333333,2.0730786183,0.2591348273,0
0.16161616,-0.33333333,2.0792662055,0.2599082757,0
0.17171717,-0.33333333,2.0856632053,0.2607079007,0
0.18181818,-0.33333333,2.0922797735,0.2615349717,0
0.19191919,-0.33333333,2.0991266973,0.2623908372,0
0.20202020,-0.33333333,2.1062154400,0.2632769300,0
0.21212121,-0.33333333,2.1135581892,0.2641947736,0
0.22222222,-0.33333333,2.1211679062,0.2651459883,0
0.23232323,-0.33333333,2.1290583794,0.2661322974,0
0.24242424,-0.33333333,2.1372442788,0.2671555348,0
0.25252525,-0.33333333,2.1457412117,0.2682176515,0
0.26262626,-0.33333333,2.1545657793,0.2693207224,0
0.27272727,-0.33333333,2.1637356313,0.2704669539,0
0.28282828,-0.33333333,2.1732695173,0.2716586897,0
0.29292929,-0.33333333,2.1831873315,0.2728984164,0
0.30303030,-0.33333333,2.1935101467,0.2741887683,0
0.31313131,-0.33333333,2.2042602303,0.2755325288,0
0.32323232,-0.33333333,2.2154610360,0.2769326295,0
0.33333333,-0.33333333,2.2271371584,0.2783921448,0
0.34343434,-0.33333333,2.2393142354,0.2799142794,0
0.35353535,-0.33333333,2.2520187784,0.2815023473,0
0.36363636,-0.33333333,2.2652779020,0.2831597378,0
0.37373737,-0.33333333,2.2791189158,0.2848898645,0
0.38383838,-0.33333333,2.2935687300,0.2866960912,0
0.39393939,-0.33333333,2.3086530097,0.2885816262,0
0.40404040,-0.33333333,2.3243949934,0.2905493742,0
0.41414141,-0.33333333,2.3408138678,0.2926017335,0
0.42424242,-0.33333333,2.3579225644,0.2947403205,0
0.43434343,-0.33333333,2.3757248083,0.2969656010,0
0.44444444,-0.33333333,2.3942112273,0.2992764034,0
0.45454545,-0.33333333,2.4133543009,0.3016692876,0
0.46464646,-0.33333333,2.4331019372,0.3041377421,0
0.47474747,-0.33333333,2.4533695100,0.3066711888,0
0.48484848,-0.33333333,2.4740303213,0.3092537902,0
0.49494949,-0.33333333,2.4949047125,0.3118630891,0
0.50505051,-0.33333333,2.5157485013,0.3144685627,0
0.51515152,-0.33333333,2.5362421034,0.3170302629,0
0.52525253,-0.33333333,2.5559826182,0.3194978273,0
0.53535354,-0.33333333,2.5744821801,0.3218102725,0
0.54545455,-0.33333333,2.5911766832,0.3238970854,0
0.55555556,-0.33333333,2.6054489843,0.3256811230,0
0.56565657,-0.33333333,2.6166691582,0.3270836448,0
0.57575758,-0.33333333,2.6242507918,0.3280313490,0
0.58585859,-0.33333333,2.6277169526,0.3284646191,0
0.59595960,-0.33333333,2.6267639749,0.3283454969,0
0.60606061,-0.33333333,2.6213082697,0.3276635337,0
0.61616162,-0.33333333,2.6115034169,0.3264379271,0
0.62626263,-0.33333333,2.5977221193,0.3247152649,0
0.63636364,-0.33333333,2.5805074589,0.3225634324,0
0.64646465,-0.33333333,2.5605059487,0.3200632436,0
0.65656566,-0.33333333,2.5383978228,0.3172997278,0
0.66666667,-0.33333333,2.5148375251,0.3143546906,0
0.67676768,-0.33333333,2.4904116752,0.3113014594,0
0.68686869,-0.33333333,2.4656158672,0.3082019834,0
0.69696970,-0.33333333,2.4408475076,0.3051059385,0
0.70707071,-0.33333333,2.4164100293,0.3020512537,0
0.71717172,-0.33333333,2.3925237682,0.2990654710,0
0.72727273,-0.33333333,2.3693397116,0.2961674640,0
0.73737374,-0.33333333,2.3469535387,0.2933691923,0
0.74747475,-0.33333333,2.3254184584,0.2906773073,0
0.75757576,-0.33333333,2.3047561612,0.2880945202,0
0.76767677,-0.33333333,2.2849657183,0.2856207148,0
0.77777778,-0.33333333,2.2660305534,0.2832538192,0
0.78787879,-0.33333333,2.2479237484,0.2809904685,0
0.79797980,-0.33333333,2.2306119816,0.2788264977,0
0.80808081,-0.33333333,2.2140583837,0.2767572980,0
0.81818182,-0.33333333,2.1982245621,0.2747780703,0
0.82828283,-0.33333333,2.1830719981,0.2728839998,0
0.83838384,-0.33333333,2.1685629818,0.2710703727,0
0.84848485,-0.33333333,2.1546612087,0.2693326511,0
0.85858586,-0.33333333,2.1413321371,0.2676665171,0
0.86868687,-0.33333333,2.1285431746,0.2660678968,0
0.87878788,-0.33333333,2.1162637484,0.2645329685,0
0.88888889,-0.33333333,2.1044652964,0.2630581621,0
0.89898990,-0.33333333,2.0931212082,0.2616401510,0
0.90909091,-0.33333333,2.0822067333,0.2602758417,0
0.91919192,-0.33333333,2.0716988725,0.2589623591,0
0.92929293,-0.33333333,2.0615762604,0.2576970325,0
0.93939394,-0.33333333,2.0518190461,0.2564773808,0
0.94949495,-0.33333333,2.0424087765,0.2553010971,0
0.95959596,-0.33333333,2.0333282837,0.2541660355,0
0.96969697,-0.33333333,2.0245615795,0.2530701974,0
0.97979798,-0.33333333,2.0160937572,0.2520117196,0
0.98989899,-0.33333333,2.0079109004,0.2509888625,0
1.00000000,-0.33333333,1.9999983176,0.2499997897,1
0.00000000,-0.27272727,2.0000000000,0.2500000000,0
0.01010101,-0.27272727,2.0044511946,0.2505563993,0
0.02020202,-0.27272727,2.0090265114,0.2511283139,0
0.03030303,-0.27272727,2.0137309744,0.2517163718,0
0.04040404,-0.27272727,2.0185698747,0.2523212343,0
0.05050505,-0.27272727,2.0235487889,0.2529435986,0
0.06060606,-0.27272727,2.0286735975,0.2535841997,0
0.07070707,-0.27272727,2.0339505055,0.2542438132,0
0.08080808,-0.27272727,2.0393860651,0.2549232581,0
0.09090909,-0.27272727,2.0449871988,0.2556233999,0
0.10101010,-0.27272727,2.0507612259,0.2563451532,0
0.11111111,-0.27272727,2.0567158901,0.2570894863,0
0.12121212,-0.27272727,2.0628593894,0.2578574237,0
0.13131313,-0.27272727,2.0692004091,0.2586500511,0
0.14141414,-0.27272727,2.0757481567,0.2594685196,0
0.15151515,-0.27272727,2.0825123999,0.2603140500,0
0.16161616,-0.27272727,2.0895035074,0.2611879384,0
0.17171717,-0.27272727,2.0967324932,0.2620915617,0
0.18181818,-0.27272727,2.1042110643,0.2630263830,0
0.19191919,-0.27272727,2.1119516715,0.2639939589,0
0.20202020,-0.27272727,2.1199675639,0.2649959455,0
0.21212121,-0.27272727,2.1282728479,0.2660341060,0
0.22222222,-0.27272727,2.1368825489,0.2671103186,0
0.23232323,-0.27272727,2.1458126771,0.2682265846,0
0.24242424,-0.27272727,2.1550802963,0.2693850370,0
0.25252525,-0.27272727,2.1647035950,0.2705879494,0
0.26262626,-0.27272727,2.1747019598,0.2718377450,0
0.27272727,-0.27272727,2.1850960475,0.2731370059,0
0.28282828,-0.27272727,2.1959078562,0.2744884820,0
0.29292929,-0.27272727,2.2071607903,0.2758950988,0
0.30303030,-0.27272727,2.2188797148,0.2773599644,0
0.31313131,-0.27272727,2.2310909943,0.2788863743,0
0.32323232,-0.27272727,2.2438225045,0.2804778131,0
0.33333333,-0.27272727,2.2571036077,0.2821379510,0
0.34343434,-0.27272727,2.2709650713,0.2838706339,0
0.35353535,-0.27272727,2.2854389094,0.2856798637,0
0.36363636,-0.27272727,2.3005581142,0.2875697643,0
0.37373737,-0.27272727,2.3163562354,0.2895445294,0
0.38383838,-0.27272727,2.3328667506,0.2916083438,0
0.39393939,-0.27272727,2.3501221526,0.2937652691,0
0.40404040,-0.27272727,2.3681526516,0.2960190814,0
0.41414141,-0.27272727,2.3869843661,0.2983730458,0
0.42424242,-0.27272727,2.4066368361,0.3008296045,0
0.43434343,-0.27272727,2.4271196532,0.3033899567,0
0.44444444,-0.27272727,2.4484279606,0.3060534951,0
0.45454545,-0.27272727,2.4705365406,0.3088170676,0
0.46464646,-0.27272727,2.4933921980,0.3116740247,0
0.47474747,-0.27272727,2.5169041846,0.3146130231,0
0.48484848,-0.27272727,2.5409325523,0.3176165690,0
0.49494949,-0.27272727,2.5652746167,0.3206593271,0
0.50505051,-0.27272727,2.5896502556,0.3237062819,0
0.51515152,-0.27272727,2.6136876255,0.3267109532,0
0.52525253,-0.27272727,2.6369120741,0.3296140093,0
0.53535354,-0.27272727,2.6587424232,0.3323428029,0
0.54545455,-0.27272727,2.6784999924,0.3348124991,0
0.55555556,-0.27272727,2.6954359466,0.3369294933,0
0.56565657,-0.27272727,2.7087807464,0.3385975933,0
0.57575758,-0.27272727,2.7178148490,0.3397268561,0
0.58585859,-0.27272727,2.7219526214,0.3402440777,0
0.59595960,-0.27272727,2.7208238694,0.3401029837,0
0.60606061,-0.27272727,2.7143332690,0.3392916586,0
0.61616162,-0.27272727,2.7026808012,0.3378351002,0
0.62626263,-0.27272727,2.6863364058,0.3357920507,0
0.63636364,-0.27272727,2.6659755164,0.3332469396,0
0.64646465,-0.27272727,2.6423927042,0.3302990880,0
0.65656566,-0.27272727,2.6164139288,0.3270517411,0
0.66666667,-0.27272727,2.5888238077,0.3236029760,0
0.67676768,-0.27272727,2.5603163246,0.3200395406,0
0.68686869,-0.27272727,2.5314696180,0.3164337022,0
0.69696970,-0.27272727,2.5027404266,0.3128425533,0
0.70707071,-0.27272727,2.4744718373,0.3093089797,0
0.71717172,-0.27272727,2.4469083080,0.3058635385,0
0.72727273,-0.27272727,2.4202133633,0.3025266704,0
0.73737374,-0.27272727,2.3944869894,0.2993108737,0
0.74747475,-0.27272727,2.3697811224,0.2962226403,0
0.75757576,-0.27272727,2.3461125859,0.2932640732,0
0.76767677,-0.27272727,2.3234734193,0.2904341774,0
0.77777778,-0.27272727,2.3018388446,0.2877298556,0
0.78787879,-0.27272727,2.2811732424,0.2851466553,0
0.79797980,-0.27272727,2.2614345271,0.2826793159,0
0.80808081,-0.27272727,2.2425772773,0.2803221597,0
0.81818182,-0.27272727,2.2245549223,0.2780693653,0
0.82828283,-0.27272727,2.2073212267,0.2759151533,0
0.83838384,-0.27272727,2.1908312639,0.2738539080,0
0.84848485,-0.27272727,2.1750420204,0.2718802525,0
0.85858586,-0.27272727,2.1599127407,0.2699890926,0
0.86868687,-0.27272727,2.1454050908,0.2681756364,0
0.87878788,-0.27272727,2.1314831999,0.2664354000,0
0.88888889,-0.27272727,2.1181136196,0.2647642024,0
0.89898990,-0.27272727,2.1052652325,0.2631581541,0
0.90909091,-0.27272727,2.0929091301,0.2616136413,0
0.91919192,-0.27272727,2.0810184741,0.2601273093,0
0.92929293,-0.27272727,2.0695683518,0.2586960440,0
0.93939394,-0.27272727,2.0585356310,0.2573169539,0
0.94949495,-0.27272727,2.0478988204,0.2559873525,0
0.95959596,-0.27272727,2.0376379359,0.2547047420,0
0.96969697,-0.27272727,2.0277343760,0.2534667970,0
0.97979798,-0.27272727,2.0181708060,0.2522713507,0
0.98989899,-0.27272727,2.0089310512,0.2511163814,0
1.00000000,-0.27272727,1.5010086856,0.1876260857,1
0.00000000,-0.21212121,2.0000000000,0.2500000000,0
0.01010101,-0.21212121,2.0050248526,0.2506281066,0
0.02020202,-0.21212121,2.0101899737,0.2512737467,0
0.03030303,-0.21212121,2.0155010934,0.2519376367,0
0.04040404,-0.21212121,2.0209642510,0.2526205314,0
0.05050505,-0.21212121,2.0265858157,0.2533232270,0
0.06060606,-0.21212121,2.0323725094,0.2540465637,0
0.07070707,-0.21212121,2.0383314303,0.2547914288,0
0.08080808,-0.21212121,2.0444700795,0.2555587599,0
0.09090909,-0.21212121,2.0507963892,0.2563495486,0
0.10101010,-0.21212121,2.0573187531,0.2571648441,0
0.11111111,-0.21212121,2.0640460599,0.2580057575,0
0.12121212,-0.21212121,2.0709877284,0.2588734661,0
0.13131313,-0.21212121,2.0781537473,0.2597692184,0
0.14141414,-0.21212121,2.0855547161,0.2606943395,0
0.15151515,-0.21212121,2.0932018915,0.2616502364,0
0.16161616,-0.21212121,2.1011072361,0.2626384045,0
0.17171717,-0.21212121,2.1092834713,0.2636604339,0
0.18181818,-0.21212121,2.1177441355,0.2647180169,0
0.19191919,-0.21212121,2.1265036452,0.2658129557,0
0.20202020,-0.21212121,2.1355773622,0.2669471703,0
0.21212121,-0.21212121,2.1449816648,0.2681227081,0
0.22222222,-0.21212121,2.1547340244,0.2693417531,0
0.23232323,-0.21212121,2.1648530867,0.2706066358,0
0.24242424,-0.21212121,2.1753587577,0.2719198447,0
0.25252525,-0.21212121,2.1862722936,0.2732840367,0
0.26262626,-0.21212121,2.1976163943,0.2747020493,0
0.27272727,-0.21212121,2.2094152973,0.2761769122,0
0.28282828,-0.21212121,2.2216948727,0.2777118591,0
0.29292929,-0.21212121,2.2344827123,0.2793103390,0
0.30303030,-0.21212121,2.2478082108,0.2809760263,0
0.31313131,-0.21212121,2.2617026308,0.2827128289,0
0.32323232,-0.21212121,2.2761991419,0.2845248927,0
0.33333333,-0.21212121,2.2913328201,0.2864166025,0
0.34343434,-0.21212121,2.3071405898,0.2883925737,0
0.35353535,-0.21212121,2.3236610805,0.2904576351,0
0.36363636,-0.21212121,2.3409343640,0.2926167955,0
0.37373737,-0.21212121,2.3590015237,0.2948751905,0
0.38383838,-0.21212121,2.3779039898,0.2972379987,0
0.39393939,-0.21212121,2.3976825536,0.2997103192,0
0.40404040,-0.21212121,2.4183759428,0.3022969929,0
0.41414141,-0.21212121,2.4400188065,0.3050023508,0
0.42424242,-0.21212121,2.4626389080,0.3078298635,0
0.43434343,-0.21212121,2.4862532771,0.3107816596,0
0.44444444,-0.21212121,2.5108630113,0.3138578764,0
0.45454545,-0.21212121,2.5364463650,0.3170557956,0
0.46464646,-0.21212121,2.5629497395,0.3203687174,0
0.47474747,-0.21212121,2.5902762092,0.3237845261,0
0.48484848,-0.21212121,2.6182713662,0.3272839208,0
0.49494949,-0.21212121,2.6467065978,0.3308383247,0
0.50505051,-0.21212121,2.6752605565,0.3344075696,0
0.51515152,-0.21212121,2.7035006442,0.3379375805,0
0.52525253,-0.21212121,2.7308678657,0.3413584832,0
0.53535354,-0.21212121,2.7566702797,0.3445837850,0
0.54545455,-0.21212121,2.7800919925,0.3475114991,0
0.55555556,-0.21212121,2.8002251782,0.3500281473,0
0.56565657,-0.21212121,2.8161305380,0.3520163172,0
0.57575758,-0.21212121,2.8269256952,0.3533657119,0
0.58585859,-0.21212121,2.8318914758,0.3539864345,0
0.59595960,-0.21212121,2.8305757359,0.3538219670,0
0.60606061,-0.21212121,2.8228686684,0.3528585836,0
0.61616162,-0.21212121,2.8090273119,0.3511284140,0
0.62626263,-0.21212121,2.7896407874,0.3487050984,0
0.63636364,-0.21212121,2.7655459287,0.3456932411,0
0.64646465,-0.21212121,2.7377167182,0.3422145898,0
0.65656566,-0.21212121,2.7071544433,0.3383943054,0
0.66666667,-0.21212121,2.6747991724,0.3343498965,0
0.67676768,-0.21212121,2.6414721539,0.3301840192,0
0.68686869,-0.21212121,2.6078486740,0.3259810843,0
0.69696970,-0.21212121,2.5744548241,0.3218068530,0
0.70707071,-0.21212121,2.5416797217,0.3177099652,0
0.71717172,-0.21212121,2.5097955961,0.3137244495,0
0.72727273,-0.21212121,2.4789802077,0.3098725260,0
0.73737374,-0.21212121,2.4493382046,0.3061672756,0
0.74747475,-0.21212121,2.4209197104,0.3026149638,0
0.75757576,-0.21212121,2.3937355712,0.2992169464,0
0.76767677,-0.21212121,2.3677693395,0.2959711674,0
0.77777778,-0.21212121,2.3429863906,0.2928732988,0
0.78787879,-0.21212121,2.3193406746,0.2899175843,0
0.79797980,-0.21212121,2.2967795993,0.2870974499,0
0.80808081,-0.21212121,2.2752474799,0.2844059350,0
0.81818182,-0.21212121,2.2546879172,0.2818359897,0
0.82828283,-0.21212121,2.2350453872,0.2793806734,0
0.83838384,-0.21212121,2.2162662618,0.2770332827,0
0.84848485,-0.21212121,2.1982994253,0.2747874282,0
0.85858586,-0.21212121,2.1810966073,0.2726370759,0
0.86868687,-0.21212121,2.1646125220,0.2705765652,0
0.87878788,-0.21212121,2.1488048763,0.2686006095,0
0.88888889,-0.21212121,2.1336342945,0.2667042868,0
0.89898990,-0.21212121,2.1190641895,0.2648830237,0
0.90909091,-0.21212121,2.1050606045,0.2631325756,0
0.91919192,-0.21212121,2.0915920405,0.2614490051,0
0.92929293,-0.21212121,2.0786292787,0.2598286598,0
0.93939394,-0.21212121,2.0661452059,0.2582681507,0
0.94949495,-0.21212121,2.0541146467,0.2567643308,0
0.95959596,-0.21212121,2.0425142051,0.2553142756,0
0.96969697,-0.21212121,2.0313221166,0.2539152646,0
0.97979798,-0.21212121,2.0205181111,0.2525647639,0
0.98989899,-0.21212121,2.0100832878,0.2512604110,0
1.00000000,-0.21212121,1.9962812208,0.2495351526,1
0.00000000,-0.15151515,2.0000000000,0.2500000000,0
0.01010101,-0.15151515,2.0056726041,0.2507090755,0
0.02020202,-0.15151515,2.0115040619,0.2514380077,0
0.03030303,-0.15151515,2.0175009319,0.2521876165,0
0.04040404,-0.15151515,2.0236701314,0.2529587664,0
0.05050505,-0.15151515,2.0300189615,0.2537523702,0
0.06060606,-0.15151515,2.0365551333,0.2545693917,0
0.07070707,-0.15151515,2.0432867965,0.2554108496,0
0.08080808,-0.15151515,2.0502225705,0.2562778213,0
0.09090909,-0.15151515,2.0573715779,0.2571714472,0
0.10101010,-0.15151515,2.0647434809,0.2580929351,0
0.11111111,-0.15151515,2.0723485206,0.2590435651,0
0.12121212,-0.15151515,2.0801975598,0.2600246950,0
0.13131313,-0.15151515,2.0883021294,0.2610377662,0
0.14141414,-0.15151515,2.0966744786,0.2620843098,0
0.15151515,-0.15151515,2.1053276292,0.2631659537,0
0.16161616,-0.15151515,2.1142754351,0.2642844294,0
0.17171717,-0.15151515,2.1235326461,0.2654415808,0
0.18181818,-0.15151515,2.1331149772,0.2666393722,0
0.19191919,-0.15151515,2.1430391841,0.2678798980,0
0.20202020,-0.15151515,2.1533231437,0.2691653930,0
0.21212121,-0.15151515,2.1639859418,0.2704982427,0
0.22222222,-0.15151515,2.1750479665,0.2718809958,0
0.23232323,-0.15151515,2.1865310089,0.2733163761,0
0.24242424,-0.15151515,2.1984583692,0.2748072961,0
0.25252525,-0.15151515,2.2108549696,0.2763568712,0
0.26262626,-0.15151515,2.2237474718,0.2779684340,0
0.27272727,-0.15151515,2.2371643979,0.2796455497,0
0.28282828,-0.15151515,2.2511362527,0.2813920316,0
0.29292929,-0.15151515,2.2656956440,0.2832119555,0
0.30303030,-0.15151515,2.2808773940,0.2851096743,0
0.31313131,-0.15151515,2.2967186377,0.2870898297,0
0.32323232,-0.15151515,2.3132588929,0.2891573616,0
0.33333333,-0.15151515,2.3305400914,0.2913175114,0
0.34343434,-0.15151515,2.3486065469,0.2935758184,0
0.35353535,-0.15151515,2.3675048318,0.2959381040,0
0.36363636,-0.15151515,2.3872835225,0.2984104403,0
0.37373737,-0.15151515,2.4079927574,0.3009990947,0
0.38383838,-0.15151515,2.4296835323,0.3037104415,0
0.39393939,-0.15151515,2.4524066315,0.3065508289,0
0.40404040,-0.15151515,2.4762110569,0.3095263821,0
0.41414141,-0.15151515,2.5011417737,0.3126427217,0
0.42424242,-0.15151515,2.5272365339,0.3159045667,0
0.43434343,-0.15151515,2.5545214737,0.3193151842,0
0.44444444,-0.15151515,2.5830051023,0.3228756378,0
0.45454545,-0.15151515,2.6126702311,0.3265837789,0
0.46464646,-0.15151515,2.6434633366,0.3304329171,0
0.47474747,-0.15151515,2.6752808650,0.3344101081,0
0.48484848,-0.15151515,2.7079521263,0.3384940158,0
0.49494949,-0.15151515,2.7412188016,0.3426523502,0
0.50505051,-0.15151515,2.7747118445,0.3468389806,0
0.51515152,-0.15151515,2.8079278567,0.3509909821,0
0.52525253,-0.15151515,2.8402089498,0.3550261187,0
0.53535354,-0.15151515,2.8707325648,0.3588415706,0
0.54545455,-0.15151515,2.8985200909,0.3623150114,0
0.55555556,-0.15151515,2.9224741229,0.3653092654,0
0.56565657,-0.15151515,2.9414518663,0.3676814833,0
0.57575758,-0.15151515,2.9543747617,0.3692968452,0
0.58585859,-0.15151515,2.9603619335,0.3700452417,0
0.59595960,-0.15151515,2.9588613155,0.3698576644,0
0.60606061,-0.15151515,2.9497444806,0.3687180601,0
0.61616162,-0.15151515,2.9333361678,0.3666670210,0
0.62626263,-0.15151515,2.9103679557,0.3637959945,0
0.63636364,-0.15151515,2.8818695727,0.3602336966,0
0.64646465,-0.15151515,2.8490289868,0.3561286233,0
0.65656566,-0.15151515,2.8130560609,0.3516320076,0
0.66666667,-0.15151515,2.7750753499,0.3468844187,0
0.67676768,-0.15151515,2.7360588874,0.3420073609,0
0.68686869,-0.15151515,2.6967970066,0.3370996258,0
0.69696970,-0.15151515,2.6578980255,0.3322372532,0
0.70707071,-0.15151515,2.6198058235,0.3274757279,0
0.71717172,-0.15151515,2.5828259014,0.3228532377,0
0.72727273,-0.15151515,2.5471533340,0.3183941668,0
0.73737374,-0.15151515,2.5128987511,0.3141123439,0
0.74747475,-0.15151515,2.4801105426,0.3100138178,0
0.75757576,-0.15151515,2.4487928043,0.3060991005,0
0.76767677,-0.15151515,2.4189192662,0.3023649083,0
0.77777778,-0.15151515,2.3904437689,0.2988054711,0
0.78787879,-0.15151515,2.3633079414,0.2954134927,0
0.79797980,-0.15151515,2.3374466984,0.2921808373,0
0.80808081,-0.15151515,2.3127920838,0.2890990105,0
0.81818182,-0.15151515,2.2892758908,0.2861594863,0
0.82828283,-0.15151515,2.2668313893,0.2833539237,0
0.83838384,-0.15151515,2.2453944169,0.2806743021,0
0.84848485,-0.15151515,2.2249040181,0.2781130023,0
0.85858586,-0.15151515,2.2053027731,0.2756628466,0
0.86868687,-0.15151515,2.1865369133,0.2733171142,0
0.87878788,-0.15151515,2.1685562970,0.2710695371,0
0.88888889,-0.15151515,2.1513142945,0.2689142868,0
0.89898990,-0.15151515,2.1347676191,0.2668459524,0
0.90909091,-0.15151515,2.1188761275,0.2648595159,0
0.91919192,-0.15151515,2.1036026073,0.2629503259,0
0.92929293,-0.15151515,2.0889125619,0.2611140702,0
0.93939394,-0.15151515,2.0747740003,0.2593467500,0
0.94949495,-0.15151515,2.0611572363,0.2576446545,0
0.95959596,-0.15151515,2.0480346995,0.2560043374,0
0.96969697,-0.15151515,2.0353807596,0.2544225950,0
0.97979798,-0.15151515,2.0231715637,0.2528964455,0
0.98989899,-0.15151515,2.0113848878,0.2514231110,0
1.00000000,-0.15151515,1.9999677835,0.2499959729,1
0.00000000,-0.09090909,2.0000000000,0.2500000000,0
0.01010101,-0.09090909,2.0064040712,0.2508005089,0
0.02020202,-0.09090909,2.0129884910,0.2516235614,0
0.03030303,-0.09090909,2.0197607968,0.2524700996,0
0.04040404,-0.09090909,2.0267289448,0.2533411181,0
0.05050505,-0.09090909,2.0339013391,0.2542376674,0
0.06060606,-0.09090909,2.0412868635,0.2551608579,0
0.07070707,-0.09090909,2.0488949149,0.2561118644,0
0.08080808,-0.09090909,2.0567354405,0.2570919301,0
0.09090909,-0.09090909,2.0648189779,0.2581023722,0
0.10101010,-0.09090909,2.0731566982,0.2591445873,0
0.11111111,-0.09090909,2.0817604531,0.2602200566,0
0.12121212,-0.09090909,2.0906428260,0.2613303533,0
0.13131313,-0.09090909,2.0998171877,0.2624771485,0
0.14141414,-0.09090909,2.1092977564,0.2636622195,0
0.15151515,-0.09090909,2.1190996633,0.2648874579,0
0.16161616,-0.09090909,2.1292390240,0.2661548780,0
0.17171717,-0.09090909,2.1397330155,0.2674666269,0
0.18181818,-0.09090909,2.1505999602,0.2688249950,0
0.19191919,-0.09090909,2.1618594169,0.2702324271,0
0.20202020,-0.09090909,2.1735322792,0.2716915349,0
0.21212121,-0.09090909,2.1856408819,0.2732051102,0
0.22222222,-0.09090909,2.1982091154,0.2747761394,0
0.23232323,-0.09090909,2.2112625493,0.2764078187,0
0.24242424,-0.09090909,2.2248285634,0.2781035704,0
0.25252525,-0.09090909,2.2389364873,0.2798670609,0
0.26262626,-0.09090909,2.2536177472,0.2817022184,0
0.27272727,-0.09090909,2.2689060185,0.2836132523,0
0.28282828,-0.09090909,2.2848373813,0.2856046727,0
0.29292929,-0.09090909,2.3014504760,0.2876813095,0
0.30303030,-0.09090909,2.3187866525,0.2898483316,0
0.31313131,-0.09090909,2.3368901047,0.2921112631,0
0.32323232,-0.09090909,2.3558079787,0.2944759973,0
0.33333333,-0.09090909,2.3755904384,0.2969488048,0
0.34343434,-0.09090909,2.3962906627,0.2995363328,0
0.35353535,-0.09090909,2.4179647435,0.3022455929,0
0.36363636,-0.09090909,2.4406714362,0.3050839295,0
0.37373737,-0.09090909,2.4644717004,0.3080589626,0
0.38383838,-0.09090909,2.4894279424,0.3111784928,0
0.39393939,-0.09090909,2.5156028413,0.3144503552,0
0.40404040,-0.09090909,2.5430575974,0.3178821997,0
0.41414141,-0.09090909,2.5718493878,0.3214811735,0
0.42424242,-0.09090909,2.6020277456,0.3252534682,0
0.43434343,-0.09090909,2.6336294959,0.3292036870,0
0.44444444,-0.09090909,2.6666717852,0.3333339731,0
0.45454545,-0.09090909,2.7011426447,0.3376428306,0
0.46464646,-0.09090909,2.7369884522,0.3421235565,0
0.47474747,-0.09090909,2.7740976481,0.3467622060,0
0.48484848,-0.09090909,2.8122802028,0.3515350253,0
0.49494949,-0.09090909,2.8512427544,0.3564053443,0
0.50505051,-0.09090909,2.8905602184,0.3613200273,0
0.51515152,-0.09090909,2.9296462353,0.3662057794,0
0.52525253,-0.09090909,2.9677272212,0.3709659026,0
0.53535354,-0.09090909,3.0038279041,0.3754784880,0
0.54545455,-0.09090909,3.0367793870,0.3795974234,0
0.55555556,-0.09090909,3.0652623227,0.3831577903,0
0.56565657,-0.09090909,3.0878952096,0.3859869012,0
0.57575758,-0.09090909,3.1033686455,0.3879210807,0
0.58585859,-0.09090909,3.1106105071,0.3888263134,0
0.59595960,-0.09090909,3.1089491576,0.3886186447,0
0.60606061,-0.09090909,3.0982314145,0.3872789268,0
0.61616162,-0.09090909,3.0788582912,0.3848572864,0
0.62626263,-0.09090909,3.0517254604,0.3814656825,0
0.63636364,-0.09090909,3.0180863843,0.3772607980,0
0.64646465,-0.09090909,2.9793783066,0.3724222883,0
0.65656566,-0.09090909,2.9370550689,0.3671318836,0
0.66666667,-0.09090909,2.8924580949,0.3615572619,0
0.67676768,-0.09090909,2.8467378125,0.3558422266,0
0.68686869,-0.09090909,2.8008218385,0.3501027298,0
0.69696970,-0.09090909,2.7554177530,0.3444272191,0
0.70707071,-0.09090909,2.7110366262,0.3388795783,0
0.71717172,-0.09090909,2.6680258119,0.3335032265,0
0.72727273,-0.09090909,2.6266032023,0.3283254003,0
0.73737374,-0.09090909,2.5868885308,0.3233610663,0
0.74747475,-0.09090909,2.5489297861,0.3186162233,0
0.75757576,-0.09090909,2.5127243399,0.3140905425,0
0.76767677,-0.09090909,2.4782351994,0.3097793999,0
0.77777778,-0.09090909,2.4454031379,0.3056753922,0
0.78787879,-0.09090909,2.4141555209,0.3017694401,0
0.79797980,-0.09090909,2.3844125822,0.2980515728,0
0.80808081,-0.09090909,2.3560917824,0.2945114728,0
0.81818182,-0.09090909,2.3291107569,0.2911388446,0
0.82828283,-0.09090909,2.3033892435,0.2879236554,0
0.83838384,-0.09090909,2.2788502825,0.2848562853,0
0.84848485,-0.09090909,2.2554209086,0.2819276136,0
0.85858586,-0.09090909,2.2330324902,0.2791290613,0
0.86868687,-0.09090909,2.2116208318,0.2764526040,0
0.87878788,-0.09090909,2.1911261199,0.2738907650,0
0.88888889,-0.09090909,2.1714927694,0.2714365962,0
0.89898990,-0.09090909,2.1526692114,0.2690836514,0
0.90909091,-0.09090909,2.1346076479,0.2668259560,0
0.91919192,-0.09090909,2.1172637943,0.2646579743,0
0.92929293,-0.09090909,2.1005966204,0.2625745775,0
0.93939394,-0.09090909,2.0845680982,0.2605710123,0
0.94949495,-0.09090909,2.0691429620,0.2586428703,0
0.95959596,-0.09090909,2.0542884822,0.2567860603,0
0.96969697,-0.09090909,2.0399742556,0.2549967820,0
0.97979798,-0.09090909,2.0261720117,0.2532715015,0
0.98989899,-0.09090909,2.0128554345,0.2516069293,0
1.00000000,-0.09090909,1.5001649510,0.1875206189,1
0.00000000,-0.03030303,2.0000000000,0.2500000000,0
0.01010101,-0.03030303,2.0072301385,0.2509037673,0
0.02020202,-0.03030303,2.0146656090,0.2518332011,0
0.03030303,-0.03030303,2.0223151152,0.2527893894,0
0.04040404,-0.03030303,2.0301878520,0.2537734815,0
0.05050505,-0.03030303,2.0382935404,0.2547866926,0
0.06060606,-0.03030303,2.0466424652,0.2558303082,0
0.07070707,-0.03030303,2.0552455152,0.2569056894,0
0.08080808,-0.03030303,2.0641142275,0.2580142784,0
0.09090909,-0.03030303,2.0732608352,0.2591576044,0
0.10101010,-0.03030303,2.0826983195,0.2603372899,0
0.11111111,-0.03030303,2.0924404658,0.2615550582,0
0.12121212,-0.03030303,2.1025019253,0.2628127407,0
0.13131313,-0.03030303,2.1128982817,0.2641122852,0
0.14141414,-0.03030303,2.1236461236,0.2654557654,0
0.15151515,-0.03030303,2.1347631234,0.2668453904,0
0.16161616,-0.03030303,2.1462681237,0.2682835155,0
0.17171717,-0.03030303,2.1581812297,0.2697726537,0
0.18181818,-0.03030303,2.1705239117,0.2713154890,0
0.19191919,-0.03030303,2.1833191146,0.2729148893,0
0.20202020,-0.03030303,2.1965913779,0.2745739222,0
0.21212121,-0.03030303,2.2103669647,0.2762958706,0
0.22222222,-0.03030303,2.2246740018,0.2780842502,0
0.23232323,-0.03030303,2.2395426299,0.2799428287,0
0.24242424,-0.03030303,2.2550051647,0.2818756456,0
0.25252525,-0.03030303,2.2710962684,0.2838870335,0
0.26262626,-0.03030303,2.2878531311,0.2859816414,0
0.27272727,-0.03030303,2.3053156601,0.2881644575,0
0.28282828,-0.03030303,2.3235266744,0.2904408343,0
0.29292929,-0.03030303,2.3425321011,0.2928165126,0
0.30303030,-0.03030303,2.3623811658,0.2952976457,0
0.31313131,-0.03030303,2.3831265697,0.2978908212,0
0.32323232,-0.03030303,2.4048246374,0.3006030797,0
0.33333333,-0.03030303,2.4275354180,0.3034419272,0
0.34343434,-0.03030303,2.4513227112,0.3064153389,0
0.35353535,-0.03030303,2.4762539798,0.3095317475,0
0.36363636,-0.03030303,2.5024000958,0.3128000120,0
0.37373737,-0.03030303,2.5298348443,0.3162293555,0
0.38383838,-0.03030303,2.5586340859,0.3198292607,0
0.39393939,-0.03030303,2.5888744347,0.3236093043,0
0.40404040,-0.03030303,2.6206312656,0.3275789082,0
0.41414141,-0.03030303,2.6539757958,0.3317469745,0
0.42424242,-0.03030303,2.6889709037,0.3361213630,0
0.43434343,-0.03030303,2.7256652487,0.3407081561,0
0.44444444,-0.03030303,2.7640851359,0.3455106420,0
0.45454545,-0.03030303,2.8042234504,0.3505279313,0
0.46464646,-0.03030303,2.8460248825,0.3557531103,0
0.47474747,-0.03030303,2.8893666438,0.3611708305,0
0.48484848,-0.03030303,2.9340340194,0.3667542524,0
0.49494949,-0.03030303,2.9796905799,0.3724613225,0
0.50505051,-0.03030303,3.0258439099,0.3782304887,0
0.51515152,-0.03030303,3.0718095691,0.3839761961,0
0.52525253,-0.03030303,3.1166789013,0.3895848627,0
0.53535354,-0.03030303,3.1593001387,0.3949125173,0
0.54545455,-0.03030303,3.1982862208,0.3997857776,0
0.55555556,-0.03030303,3.2320648581,0.4040081073,0
0.56565657,-0.03030303,3.2589834914,0.4073729364,0
0.57575758,-0.03030303,3.2774707623,0.4096838453,0
0.58585859,-0.03030303,3.2862366016,0.4107795752,0
0.59595960,-0.03030303,3.2844707984,0.4105588498,0
0.60606061,-0.03030303,3.2719867874,0.4089983484,0
0.61616162,-0.03030303,3.2492650123,0.4061581265,0
0.62626263,-0.03030303,3.2173799078,0.4021724885,0
0.63636364,-0.03030303,3.1778329640,0.3972291205,0
0.64646465,-0.03030303,3.1323416118,0.3915427015,0
0.65656566,-0.03030303,3.0826377798,0.3853297225,0
0.66666667,-0.03030303,3.0303139003,0.3787892375,0
0.67676768,-0.03030303,2.9767305077,0.3720913135,0
0.68686869,-0.03030303,2.9229802038,0.3653725255,0
0.69696970,-0.03030303,2.8698927690,0.3587365961,0
0.70707071,-0.03030303,2.8180645388,0.3522580674,0
0.71717172,-0.03030303,2.7678982671,0.3459872834,0
0.72727273,-0.03030303,2.7196442587,0.3399555323,0
0.73737374,-0.03030303,2.6734376609,0.3341797076,0
0.74747475,-0.03030303,2.6293297464,0.3286662183,0
0.75757576,-0.03030303,2.5873128187,0.3234141023,0
0.76767677,-0.03030303,2.5473393011,0.3184174126,0
0.77777778,-0.03030303,2.5093359373,0.3136669922,0
0.78787879,-0.03030303,2.4732141003,0.3091517625,0
0.79797980,-0.03030303,2.4388771043,0.3048596380,0
0.80808081,-0.03030303,2.4062252743,0.3007781593,0
0.81818182,-0.03030303,2.3751593679,0.2968949210,0
0.82828283,-0.03030303,2.3455828079,0.2931978510,0
0.83838384,-0.03030303,2.3174030703,0.2896753838,0
0.84848485,-0.03030303,2.2905324787,0.2863165598,0
0.85858586,-0.03030303,2.2648885913,0.2831110739,0
0.86868687,-0.03030303,2.2403943120,0.2800492890,0
0.87878788,-0.03030303,2.2169778194,0.2771222274,0
0.88888889,-0.03030303,2.1945723806,0.2743215476,0
0.89898990,-0.03030303,2.1731160967,0.2716395121,0
0.90909091,-0.03030303,2.1525516101,0.2690689513,0
0.91919192,-0.03030303,2.1328257968,0.2666032246,0
0.92929293,-0.03030303,2.1138894577,0.2642361822,0
0.93939394,-0.03030303,2.0956970175,0.2619621272,0
0.94949495,-0.03030303,2.0782062379,0.2597757797,0
0.95959596,-0.03030303,2.0613779470,0.2576722434,0
0.96969697,-0.03030303,2.0451757879,0.2556469735,0
0.97979798,-0.03030303,2.0295659858,0.2536957482,0
0.98989899,-0.03030303,2.0145171346,0.2518146418,0
1.00000000,-0.03030303,1.9927226167,0.2490903271,1
0.00000000,0.03030303,2.0000000000,0.2500000000,0
0.01010101,0.03030303,2.0081631210,0.2510203901,0
0.02020202,0.03030303,2.0165607593,0.2520700949,0
0.03030303,0.03030303,2.0252030192,0.2531503774,0
0.04040404,0.03030303,2.0341005854,0.2542625732,0
0.05050505,0.03030303,2.0432647642,0.2554080955,0
0.06060606,0.03030303,2.0527075288,0.2565884411,0
0.07070707,0.03030303,2.0624415678,0.2578051960,0
0.08080808,0.03030303,2.0724803383,0.2590600423,0
0.09090909,0.03030303,2.0828381233,0.2603547654,0
0.10101010,0.03030303,2.0935300938,0.2616912617,0
0.11111111,0.03030303,2.1045723776,0.2630715472,0
0.12121212,0.03030303,2.1159821325,0.2644977666,0
0.13131313,0.03030303,2.1277776269,0.2659722034,0
0.14141414,0.03030303,2.1399783278,0.2674972910,0
0.15151515,0.03030303,2.1526049956,0.2690756244,0
0.16161616,0.03030303,2.1656797883,0.2707099735,0
0.17171717,0.03030303,2.1792263743,0.2724032968,0
0.18181818,0.03030303,2.1932700555,0.2741587569,0
0.19191919,0.03030303,2.2078379008,0.2759797376,0
0.20202020,0.03030303,2.2229588909,0.2778698614,0
0.21212121,0.03030303,2.2386640756,0.2798330094,0
0.22222222,0.03030303,2.2549867435,0.2818733429,0
0.23232323,0.03030303,2.2719626048,0.2839953256,0
0.24242424,0.03030303,2.2896299875,0.2862037484,0
0.25252525,0.03030303,2.3080300465,0.2885037558,0
0.26262626,0.03030303,2.3272069845,0.2909008731,0
0.27272727,0.03030303,2.3472082837,0.2934010355,0
0.28282828,0.03030303,2.3680849442,0.2960106180,0
0.29292929,0.03030303,2.3898917248,0.2987364656,0
0.30303030,0.03030303,2.4126873788,0.3015859223,0
0.31313131,0.03030303,2.4365348728,0.3045668591,0
0.32323232,0.03030303,2.4615015741,0.3076876968,0
0.33333333,0.03030303,2.4876593820,0.3109574227,0
0.34343434,0.03030303,2.5150847715,0.3143855964,0
0.35353535,0.03030303,2.5438587039,0.3179823380,0
0.36363636,0.03030303,2.5740663405,0.3217582926,0
0.37373737,0.03030303,2.6057964719,0.3257245590,0
0.38383838,0.03030303,2.6391405419,0.3298925677,0
0.39393939,0.03030303,2.6741911017,0.3342738877,0
0.40404040,0.03030303,2.7110394702,0.3388799338,0
0.41414141,0.03030303,2.7497723012,0.3437215377,0
0.42424242,0.03030303,2.7904666608,0.3488083326,0
0.43434343,0.03030303,2.8331830974,0.3541478872,0
0.44444444,0.03030303,2.8779560531,0.3597445066,0
0.45454545,0.03030303,2.9247808172,0.3655976021,0
0.46464646,0.03030303,2.9735961075,0.3716995134,0
0.47474747,0.03030303,3.0242613378,0.3780326672,0
0.48484848,0.03030303,3.0765278001,0.3845659750,0
0.49494949,0.03030303,3.1300035547,0.3912504443,0
0.50505051,0.03030303,3.1841130318,0.3980141290,0
0.51515152,0.03030303,3.2380545336,0.4047568167,0
0.52525253,0.03030303,3.2907622241,0.4113452780,0
0.53535354,0.03030303,3.3408836969,0.4176104621,0
0.54545455,0.03030303,3.3867888723,0.4233486090,0
0.55555556,0.03030303,3.4266284668,0.4283285584,0
0.56565657,0.03030303,3.4584569341,0.4323071168,0
0.57575758,0.03030303,3.4804218634,0.4350527329,0
0.58585859,0.03030303,3.4909989797,0.4363748725,0
0.59595960,0.03030303,3.4892257794,0.4361532224,0
0.60606061,0.03030303,3.4748713495,0.4343589187,0
0.61616162,0.03030303,3.4484886816,0.4310610852,0
0.62626263,0.03030303,3.4113304413,0.4264163052,0
0.63636364,0.03030303,3.3651541651,0.4206442706,0
0.64646465,0.03030303,3.3119749600,0.4139968700,0
0.65656566,0.03030303,3.2538288271,0.4067286034,0
0.66666667,0.03030303,3.1925911012,0.3990738876,0
0.67676768,0.03030303,3.1298668790,0.3912333599,0
0.68686869,0.03030303,3.0669475839,0.3833684480,0
0.69696970,0.03030303,3.0048159950,0.3756019994,0
0.70707071,0.03030303,2.9441800255,0.3680225032,0
0.71717172,0.03030303,2.8855190827,0.3606898853,0
0.72727273,0.03030303,2.8291321543,0.3536415193,0
0.73737374,0.03030303,2.7751815596,0.3468976950,0
0.74747475,0.03030303,2.7237297652,0.3404662207,0
0.75757576,0.03030303,2.6747687811,0.3343460976,0
0.76767677,0.03030303,2.6282427570,0.3285303446,0
0.77777778,0.03030303,2.5840648489,0.3230081061,0
0.78787879,0.03030303,2.5421295040,0.3177661880,0
0.79797980,0.03030303,2.5023212110,0.3127901514,0
0.80808081,0.03030303,2.4645205947,0.3080650743,0
0.81818182,0.03030303,2.4286085544,0.3035760693,0
0.82828283,0.03030303,2.3944689843,0.2993086230,0
0.83838384,0.03030303,2.3619904828,0.2952488104,0
0.84848485,0.03030303,2.3310673480,0.2913834185,0
0.85858586,0.03030303,2.3016000801,0.2877000100,0
0.86868687,0.03030303,2.2734955483,0.2841869435,0
0.87878788,0.03030303,2.2466669331,0.2808333666,0
0.88888889,0.03030303,2.2210335257,0.2776291907,0
0.89898990,0.03030303,2.1965204404,0.2745650551,0
0.90909091,0.03030303,2.1730582774,0.2716322847,0
0.91919192,0.03030303,2.1505827631,0.2688228454,0
0.92929293,0.03030303,2.1290343873,0.2661292984,0
0.93939394,0.03030303,2.1083580459,0.2635447557,0
0.94949495,0.03030303,2.0885026990,0.2610628374,0
0.95959596,0.03030303,2.0694210474,0.2586776309,0
0.96969697,0.03030303,2.0510692301,0.2563836538,0
0.97979798,0.03030303,2.0334065433,0.2541758179,0
0.98989899,0.03030303,2.0163951817,0.2520493977,0
1.00000000,0.03030303,1.5100849304,0.1887606163,1
0.00000000,0.09090909,2.0000000000,0.2500000000,0
0.01010101,0.09090909,2.0092169556,0.2511521194,0
0.02020202,0.09090909,2.0187026952,0.2523378369,0
0.03030303,0.09090909,2.0284690202,0.2535586275,0
0.04040404,0.09090909,2.0385284218,0.2548160527,0
0.05050505,0.09090909,2.0488941317,0.2561117665,0
0.06060606,0.09090909,2.0595801758,0.2574475220,0
0.07070707,0.09090909,2.0706014330,0.2588251791,0
0.08080808,0.09090909,2.0819736996,0.2602467125,0
0.09090909,0.09090909,2.0937137585,0.2617142198,0
0.10101010,0.09090909,2.1058394549,0.2632299319,0
0.11111111,0.09090909,2.1183697783,0.2647962223,0
0.12121212,0.09090909,2.1313249522,0.2664156190,0
0.13131313,0.09090909,2.1447265316,0.2680908165,0
0.14141414,0.09090909,2.1585975092,0.2698246886,0
0.15151515,0.09090909,2.1729624303,0.2716203038,0
0.16161616,0.09090909,2.1878475196,0.2734809400,0
0.17171717,0.09090909,2.2032808174,0.2754101022,0
0.18181818,0.09090909,2.2192923287,0.2774115411,0
0.19191919,0.09090909,2.2359141851,0.2794892731,0
0.20202020,0.09090909,2.2531808204,0.2816476025,0
0.21212121,0.09090909,2.2711291604,0.2838911451,0
0.22222222,0.09090909,2.2897988287,0.2862248536,0
0.23232323,0.09090909,2.3092323671,0.2886540459,0
0.24242424,0.09090909,2.3294754726,0.2911844341,0
0.25252525,0.09090909,2.3505772492,0.2938221562,0
0.26262626,0.09090909,2.3725904737,0.2965738092,0
0.27272727,0.09090909,2.3955718732,0.2994464842,0
0.28282828,0.09090909,2.4195824103,0.3024478013,0
0.29292929,0.09090909,2.4446875696,0.3055859462,0
0.30303030,0.09090909,2.4709576357,0.3088697045,0
0.31313131,0.09090909,2.4984679503,0.3123084938,0
0.32323232,0.09090909,2.5272991259,0.3159123907,0
0.33333333,0.09090909,2.5575371910,0.3196921489,0
0.34343434,0.09090909,2.5892736236,0.3236592030,0
0.35353535,0.09090909,2.6226052203,0.3278256525,0
0.36363636,0.09090909,2.6576337218,0.3322042152,0
0.37373737,0.09090909,2.6944650897,0.3368081362,0
0.38383838,0.09090909,2.7332082901,0.3416510363,0
0.39393939,0.09090909,2.7739733847,0.3467466731,0
0.40404040,0.09090909,2.8168686669,0.3521085834,0
0.41414141,0.09090909,2.8619964865,0.3577495608,0
0.42424242,0.09090909,2.9094472991,0.3636809124,0
0.43434343,0.09090909,2.9592913409,0.3699114176,0
0.44444444,0.09090909,3.0115671759,0.3764458970,0
0.45454545,0.09090909,3.0662662099,0.3832832762,0
0.46464646,0.09090909,3.1233121494,0.3904140187,0
0.47474747,0.09090909,3.1825343793,0.3978167974,0
0.48484848,0.09090909,3.2436344729,0.4054543091,0
0.49494949,0.09090909,3.3061457399,0.4132682175,0
0.50505051,0.09090909,3.3693871551,0.4211733944,0
0.51515152,0.09090909,3.4324155272,0.4290519409,0
0.52525253,0.09090909,3.4939836013,0.4367479502,0
0.53535354,0.09090909,3.5525167499,0.4440645937,0
0.54545455,0.09090909,3.6061258811,0.4507657351,0
0.55555556,0.09090909,3.6526765881,0.4565845735,0
0.56565657,0.09090909,3.6899304076,0.4612413010,0
0.57575758,0.09090909,3.7157595186,0.4644699398,0
0.58585859,0.09090909,3.7284111443,0.4660513930,0
0.59595960,0.09090909,3.7267697223,0.4658462153,0
0.60606061,0.09090909,3.7105483706,0.4638185463,0
0.61616162,0.09090909,3.6803506842,0.4600438355,0
0.62626263,0.09090909,3.6375811479,0.4546976435,0
0.63636364,0.09090909,3.5842311859,0.4480288982,0
0.64646465,0.09090909,3.5226034449,0.4403254306,0
0.65656566,0.09090909,3.4550438171,0.4318804771,0
0.66666667,0.09090909,3.3837317128,0.4229664641,0
0.67676768,0.09090909,3.3105494064,0.4138186758,0
0.68686869,0.09090909,3.2370259272,0.4046282409,0
0.69696970,0.09090909,3.1643370371,0.3955421296,0
0.70707071,0.09090909,3.0933396590,0.3866674574,0
0.71717172,0.09090909,3.0246224425,0.3780778053,0
0.72727273,0.09090909,2.9585597826,0.3698199728,0
0.73737374,0.09090909,2.8953619291,0.3619202411,0
0.74747475,0.09090909,2.8351177968,0.3543897246,0
0.75757576,0.09090909,2.7778295967,0.3472286996,0
0.76767677,0.09090909,2.7234397769,0.3404299721,0
0.77777778,0.09090909,2.6718513620,0.3339814202,0
0.78787879,0.09090909,2.6229429374,0.3278678672,0
0.79797980,0.09090909,2.5765794509,0.3220724314,0
0.80808081,0.09090909,2.5326198327,0.3165774791,0
0.81818182,0.09090909,2.4909222484,0.3113652811,0
0.82828283,0.09090909,2.4513476162,0.3064184520,0
0.83838384,0.09090909,2.4137618718,0.3017202340,0
0.84848485,0.09090909,2.3780373418,0.2972546677,0
0.85858586,0.09090909,2.3440534892,0.2930066862,0
0.86868687,0.09090909,2.3116972276,0.2889621534,0
0.87878788,0.09090909,2.2808629404,0.2851078676,0
0.88888889,0.09090909,2.2514523087,0.2814315386,0
0.89898990,0.09090909,2.2233740156,0.2779217519,0
0.90909091,0.09090909,2.1965433792,0.2745679224,0
0.91919192,0.09090909,2.1708819478,0.2713602435,0
0.92929293,0.09090909,2.1463170806,0.2682896351,0
0.93939394,0.09090909,2.1227815311,0.2653476914,0
0.94949495,0.09090909,2.1002130421,0.2625266303,0
0.95959596,0.09090909,2.0785539591,0.2598192449,0
0.96969697,0.09090909,2.0577508671,0.2572188584,0
0.97979798,0.09090909,2.0377542497,0.2547192812,0
0.98989899,0.09090909,2.0185181741,0.2523147718,0
1.00000000,0.09090909,1.9999998532,0.2499999817,1
0.00000000,0.15151515,2.0000000000,0.2500000000,0
0.01010101,0.15151515,2.0104074187,0.2513009273,0
0.02020202,0.15151515,2.0211240567,0.2526405071,0
0.03030303,0.15151515,2.0321637888,0.2540204736,0
0.04040404,0.15151515,2.0435413168,0.2554426646,0
0.05050505,0.15151515,2.0552722306,0.2569090288,0
0.06060606,0.15151515,2.0673730734,0.2584216342,0
0.07070707,0.15151515,2.0798614141,0.2599826768,0
0.08080808,0.15151515,2.0927559243,0.2615944905,0
0.09090909,0.15151515,2.1060764633,0.2632595579,0
0.10101010,0.15151515,2.1198441697,0.2649805212,0
0.11111111,0.15151515,2.1340815617,0.2667601952,0
0.12121212,0.15151515,2.1488126459,0.2686015807,0
0.13131313,0.15151515,2.1640630354,0.2705078794,0
0.14141414,0.15151515,2.1798600794,0.2724825099,0
0.15151515,0.15151515,2.1962330030,0.2745291254,0
0.16161616,0.15151515,2.2132130602,0.2766516325,0
0.17171717,0.15151515,2.2308336998,0.2788542125,0
0.18181818,0.15151515,2.2491307458,0.2811413432,0
0.19191919,0.15151515,2.2681425931,0.2835178241,0
0.20202020,0.15151515,2.2879104192,0.2859888024,0
0.21212121,0.15151515,2.3084784133,0.2885598017,0
0.22222222,0.15151515,2.3298940227,0.2912367528,0
0.23232323,0.15151515,2.3522082169,0.2940260271,0
0.24242424,0.15151515,2.3754757702,0.2969344713,0
0.25252525,0.15151515,2.3997555595,0.2999694449,0
0.26262626,0.15151515,2.4251108777,0.3031388597,0
0.27272727,0.15151515,2.4516097574,0.3064512197,0
0.28282828,0.15151515,2.4793253000,0.3099156625,0
0.29292929,0.15151515,2.5083360015,0.3135420002,0
0.30303030,0.15151515,2.5387260606,0.3173407576,0
0.31313131,0.15151515,2.5705856539,0.3213232067,0
0.32323232,0.15151515,2.6040111483,0.3255013935,0
0.33333333,0.15151515,2.6391052159,0.3298881520,0
0.34343434,0.15151515,2.6759768010,0.3344971001,0
0.35353535,0.15151515,2.7147408661,0.3393426083,0
0.36363636,0.15151515,2.7555178229,0.3444397279,0
0.37373737,0.15151515,2.7984325161,0.3498040645,0
0.38383838,0.15151515,2.8436125816,0.3554515727,0
0.39393939,0.15151515,2.8911859430,0.3613982429,0
0.40404040,0.15151515,2.9412771269,0.3676596409,0
0.41414141,0.15151515,2.9940019850,0.3742502481,0
0.42424242,0.15151515,3.0494602820,0.3811825352,0
0.43434343,0.15151515,3.1077254731,0.3884656841,0
0.44444444,0.15151515,3.1688308371,0.3961038546,0
0.45454545,0.15151515,3.2327509926,0.4040938741,0
0.46464646,0.15151515,3.2993777467,0.4124222183,0
0.47474747,0.15151515,3.3684892978,0.4210611622,0
0.48484848,0.15151515,3.4397121825,0.4299640228,0
0.49494949,0.15151515,3.5124762498,0.4390595312,0
0.50505051,0.15151515,3.5859646421,0.4482455803,0
0.51515152,0.15151515,3.6590635752,0.4573829469,0
0.52525253,0.15151515,3.7303207727,0.4662900966,0
0.53535354,0.15151515,3.7979263853,0.4747407982,0
0.54545455,0.15151515,3.8597347997,0.4824668500,0
0.55555556,0.15151515,3.9133472419,0.4891684052,0
0.56565657,0.15151515,3.9562697083,0.4945337135,0
0.57575758,0.15151515,3.9861452440,0.4982681555,0
0.58585859,0.15151515,4.0010344794,0.5001293099,0
0.59595960,0.15151515,3.9996911903,0.4999613988,0
0.60606061,0.15151515,3.9817643952,0.4977205494,0
0.61616162,0.15151515,3.9478681512,0.4934835189,0
0.62626263,0.15151515,3.8994961087,0.4874370136,0
0.63636364,0.15151515,3.8388052098,0.4798506512,0
0.64646465,0.15151515,3.7683289547,0.4710411193,0
0.65656566,0.15151515,3.6906901696,0.4613362712,0
0.66666667,0.15151515,3.6083672229,0.4510459029,0
0.67676768,0.15151515,3.5235394039,0.4404424255,0
0.68686869,0.15151515,3.4380111340,0.4297513917,0
0.69696970,0.15151515,3.3531987731,0.4191498466,0
0.70707071,0.15151515,3.2701585547,0.4087698193,0
0.71717172,0.15151515,3.1896361484,0.3987045186,0
0.72727273,0.15151515,3.1121234467,0.3890154308,0
0.73737374,0.15151515,3.0379135679,0.3797391960,0
0.74747475,0.15151515,2.9671494010,0.3708936751,0
0.75757576,0.15151515,2.8998639550,0.3624829944,0
0.76767677,0.15151515,2.8360125106,0.3545015638,0
0.77777778,0.15151515,2.7754974391,0.3469371799,0
0.78787879,0.15151515,2.7181868803,0.3397733600,0
0.79797980,0.15151515,2.6639284977,0.3329910622,0
0.80808081,0.15151515,2.6125594008,0.3265699251,0
0.81818182,0.15151515,2.5639131546,0.3204891443,0
0.82828283,0.15151515,2.5178246103,0.3147280763,0
0.83838384,0.15151515,2.4741331329,0.3092666416,0
0.84848485,0.15151515,2.4326846638,0.3040855830,0
0.85858586,0.15151515,2.3933329469,0.2991666184,0
0.86868687,0.15151515,2.3559401641,0.2944925205,0
0.87878788,0.15151515,2.3203771590,0.2900471449,0
0.88888889,0.15151515,2.2865233814,0.2858154227,0
0.89898990,0.15151515,2.2542666453,0.2817833307,0
0.90909091,0.15151515,2.2235027704,0.2779378463,0
0.91919192,0.15151515,2.1941351541,0.2742668943,0
0.92929293,0.15151515,2.1660743082,0.2707592885,0
0.93939394,0.15151515,2.1392373835,0.2674046729,0
0.94949495,0.15151515,2.1135476984,0.2641934623,0
0.95959596,0.15151515,2.0889342817,0.2611167852,0
0.96969697,0.15151515,2.0653314362,0.2581664295,0
0.97979798,0.15151515,2.0426783268,0.2553347908,0
0.98989899,0.15151515,2.0209185948,0.2526148243,0
1.00000000,0.15151515,1.5001101744,0.1875137718,1
0.00000000,0.21212121,2.0000000000,0.2500000000,0
0.01010101,0.21212121,2.0117523746,0.2514690468,0
0.02020202,0.21212121,2.0238619178,0.2529827397,0
0.03030303,0.21212121,2.0363450597,0.2545431325,0
0.04040404,0.21212121,2.0492192299,0.2561524037,0
0.05050505,0.21212121,2.0625029320,0.2578128665,0
0.06060606,0.21212121,2.0762158243,0.2595269780,0
0.07070707,0.21212121,2.0903788072,0.2612973509,0
0.08080808,0.21212121,2.1050141182,0.2631267648,0
0.09090909,0.21212121,2.1201454356,0.2650181795,0
0.10101010,0.21212121,2.1357979908,0.2669747489,0
0.11111111,0.21212121,2.1519986904,0.2689998363,0
0.12121212,0.21212121,2.1687762492,0.2710970312,0
0.13131313,0.21212121,2.1861613347,0.2732701668,0
0.14141414,0.21212121,2.2041867243,0.2755233405,0
0.15151515,0.21212121,2.2228874757,0.2778609345,0
0.16161616,0.21212121,2.2423011126,0.2802876391,0
0.17171717,0.21212121,2.2624678256,0.2828084782,0
0.18181818,0.21212121,2.2834306901,0.2854288363,0
0.19191919,0.21212121,2.3052359015,0.2881544877,0
0.20202020,0.21212121,2.3279330295,0.2909916287,0
0.21212121,0.21212121,2.3515752910,0.2939469114,0
0.22222222,0.21212121,2.3762198423,0.2970274803,0
0.23232323,0.21212121,2.4019280905,0.3002410113,0
0.24242424,0.21212121,2.4287660225,0.3035957528,0
0.25252525,0.21212121,2.4568045492,0.3071005686,0
0.26262626,0.21212121,2.4861198623,0.3107649828,0
0.27272727,0.21212121,2.5167937959,0.3145992245,0
0.28282828,0.21212121,2.5489141847,0.3186142731,0
0.29292929,0.21212121,2.5825752067,0.3228219008,0
0.30303030,0.21212121,2.6178776893,0.3272347112,0
0.31313131,0.21212121,2.6549293550,0.3318661694,0
0.32323232,0.21212121,2.6938449685,0.3367306211,0
0.33333333,0.21212121,2.7347463362,0.3418432920,0
0.34343434,0.21212121,2.7777620891,0.3472202611,0
0.35353535,0.21212121,2.8230271571,0.3528783946,0
0.36363636,0.21212121,2.8706818107,0.3588352263,0
0.37373737,0.21212121,2.9208701031,0.3651087629,0
0.38383838,0.21212121,2.9737374937,0.3717171867,0
0.39393939,0.21212121,3.0294273644,0.3786784206,0
0.40404040,0.21212121,3.0880760534,0.3860095067,0
0.41414141,0.21212121,3.1498059267,0.3937257408,0
0.42424242,0.21212121,3.2147158888,0.4018394861,0
0.43434343,0.21212121,3.2828685984,0.4103585748,0
0.44444444,0.21212121,3.3542735337,0.4192841917,0
0.45454545,0.21212121,3.4288649681,0.4286081210,0
0.46464646,0.21212121,3.5064739366,0.4383092421,0
0.47474747,0.21212121,3.5867934971,0.4483491871,0
0.48484848,0.21212121,3.6693371741,0.4586671468,0
0.49494949,0.21212121,3.7533916168,0.4691739521,0
0.50505051,0.21212121,3.8379664492,0.4797458061,0
0.51515152,0.21212121,3.9217472250,0.4902184031,0
0.52525253,0.21212121,4.0030612667,0.5003826583,0
0.53535354,0.21212121,4.0798704116,0.5099838015,0
0.54545455,0.21212121,4.1498078872,0.5187259859,0
0.55555556,0.21212121,4.2102762516,0.5262845314,0
0.56565657,0.21212121,4.2586166062,0.5323270758,0
0.57575758,0.21212121,4.2923441428,0.5365430179,0
0.58585859,0.21212121,4.3094230153,0.5386778769,0
0.59595960,0.21212121,4.3085313668,0.5385664208,0
0.60606061,0.21212121,4.2892560586,0.5361570073,0
0.61616162,0.21212121,4.2521656980,0.5315207122,0
0.62626263,0.21212121,4.1987404796,0.5248425600,0
0.63636364,0.21212121,4.1311769225,0.5163971153,0
0.64646465,0.21212121,4.0521175246,0.5065146906,0
0.65656566,0.21212121,3.9643670286,0.4955458786,0
0.66666667,0.21212121,3.8706473148,0.4838309143,0
0.67676768,0.21212121,3.7734207271,0.4716775909,0
0.68686869,0.21212121,3.6747883796,0.4593485474,0
0.69696970,0.21212121,3.5764534063,0.4470566758,0
0.70707071,0.21212121,3.4797313888,0.4349664236,0
0.71717172,0.21212121,3.3855895150,0.4231986894,0
0.72727273,0.21212121,3.2946992974,0.4118374122,0
0.73737374,0.21212121,3.2074922279,0.4009365285,0
0.74747475,0.21212121,3.1242119590,0.3905264949,0
0.75757576,0.21212121,3.0449598194,0.3806199774,0
0.76767677,0.21212121,2.9697326072,0.3712165759,0
0.77777778,0.21212121,2.8984528585,0.3623066073,0
0.78787879,0.21212121,2.8309924192,0.3538740524,0
0.79797980,0.21212121,2.7671903806,0.3458987976,0
0.80808081,0.21212121,2.7068664478,0.3383583060,0
0.81818182,0.21212121,2.6498307081,0.3312288385,0
0.82828283,0.21212121,2.5958906210,0.3244863276,0
0.83838384,0.21212121,2.5448558984,0.3181069873,0
0.84848485,0.21212121,2.4965418064,0.3120677258,0
0.85858586,0.21212121,2.4507713014,0.3063464127,0
0.86868687,0.21212121,2.4073763151,0.3009220394,0
0.87878788,0.21212121,2.3661984291,0.2957748036,0
0.88888889,0.21212121,2.3270891163,0.2908861395,0
0.89898990,0.21212121,2.2899096827,0.2862387103,0
0.90909091,0.21212121,2.2545310062,0.2818163758,0
0.91919192,0.21212121,2.2208331449,0.2776041431,0
0.92929293,0.21212121,2.1887048657,0.2735881082,0
0.93939394,0.21212121,2.1580431296,0.2697553912,0
0.94949495,0.21212121,2.1287525606,0.2660940701,0
0.95959596,0.21212121,2.1007449151,0.2625931144,0
0.96969697,0.21212121,2.0739385653,0.2592423207,0
0.97979798,0.21212121,2.0482580019,0.2560322502,0
0.98989899,0.21212121,2.0236333648,0.2529541706,0
1.00000000,0.21212121,1.9976384395,0.2497048049,1
0.00000000,0.27272727,2.0000000000,0.2500000000,0
0.01010101,0.27272727,2.0132720583,0.2516590073,0
0.02020202,0.27272727,2.0269584179,0.2533698022,0
0.03030303,0.27272727,2.0410786841,0.2551348355,0
0.04040404,0.27272727,2.0556536813,0.2569567102,0
0.05050505,0.27272727,2.0707055445,0.2588381931,0
0.06060606,0.27272727,2.0862578187,0.2607822273,0
0.07070707,0.27272727,2.1023355667,0.2627919458,0
0.08080808,0.27272727,2.1189654863,0.2648706858,0
0.09090909,0.27272727,2.1361760373,0.2670220047,0
0.10101010,0.27272727,2.1539975797,0.2692496975,0
0.11111111,0.27272727,2.1724625237,0.2715578155,0
0.12121212,0.27272727,2.1916054922,0.2739506865,0
0.13131313,0.27272727,2.2114634974,0.2764329372,0
0.14141414,0.27272727,2.2320761327,0.2790095166,0
0.15151515,0.27272727,2.2534857793,0.2816857224,0
0.16161616,0.27272727,2.2757378314,0.2844672289,0
0.17171717,0.27272727,2.2988809379,0.2873601172,0
0.18181818,0.27272727,2.3229672639,0.2903709080,0
0.19191919,0.27272727,2.3480527711,0.2935065964,0
0.20202020,0.27272727,2.3741975184,0.2967746898,0
0.21212121,0.27272727,2.4014659817,0.3001832477,0
0.22222222,0.27272727,2.4299273932,0.3037409241,0
0.23232323,0.27272727,2.4596560970,0.3074570121,0
0.24242424,0.27272727,2.4907319198,0.3113414900,0
0.25252525,0.27272727,2.5232405501,0.3154050688,0
0.26262626,0.27272727,2.5572739196,0.3196592400,0
0.27272727,0.27272727,2.5929305760,0.3241163220,0
0.28282828,0.27272727,2.6303160322,0.3287895040,0
0.29292929,0.27272727,2.6695430708,0.3336928838,0
0.30303030,0.27272727,2.7107319751,0.3388414969,0
0.31313131,0.27272727,2.7540106479,0.3442513310,0
0.32323232,0.27272727,2.7995145642,0.3499393205,0
0.33333333,0.27272727,2.8473864877,0.3559233110,0
0.34343434,0.27272727,2.8977758573,0.3622219822,0
0.35353535,0.27272727,2.9508377181,0.3688547148,0
0.36363636,0.27272727,3.0067310359,0.3758413795,0
0.37373737,0.27272727,3.0656161834,0.3832020229,0
0.38383838,0.27272727,3.1276513272,0.3909564159,0
0.39393939,0.27272727,3.1929873720,0.3991234215,0
0.40404040,0.27272727,3.2617610330,0.4077201291,0
0.41414141,0.27272727,3.3340855130,0.4167606891,0
0.42424242,0.27272727,3.4100381614,0.4262547702,0
0.43434343,0.27272727,3.4896444102,0.4362055513,0
0.44444444,0.27272727,3.5728572355,0.4466071544,0
0.45454545,0.27272727,3.6595314355,0.4574414294,0
0.46464646,0.27272727,3.7493922133,0.4686740267,0
0.47474747,0.27272727,3.8419980112,0.4802497514,0
0.48484848,0.27272727,3.9366983838,0.4920872980,0
0.49494949,0.27272727,4.0325890742,0.5040736343,0
0.50505051,0.27272727,4.1284684703,0.5160585588,0
0.51515152,0.27272727,4.2228022544,0.5278502818,0
0.52525253,0.27272727,4.3137060366,0.5392132546,0
0.53535354,0.27272727,4.3989583492,0.5498697937,0
0.54545455,0.27272727,4.4760573062,0.5595071633,0
0.55555556,0.27272727,4.5423317817,0.5677914727,0
0.56565657,0.27272727,4.5951105777,0.5743888222,0
0.57575758,0.27272727,4.6319403661,0.5789925458,0
0.58585859,0.27272727,4.6508273116,0.5813534140,0
0.59595960,0.27272727,4.6504631970,0.5813078996,0
0.60606061,0.27272727,4.6303911849,0.5787988981,0
0.61616162,0.27272727,4.5910739285,0.5738842411,0
0.62626263,0.27272727,4.5338472552,0.5667309069,0
0.63636364,0.27272727,4.4607694851,0.5575961856,0
0.64646465,0.27272727,4.3743996327,0.5467999541,0
0.65656566,0.27272727,4.2775492520,0.5346936565,0
0.66666667,0.27272727,4.1730502829,0.5216312854,0
0.67676768,0.27272727,4.0635686582,0.5079460823,0
0.68686869,0.27272727,3.9514771527,0.4939346441,0
0.69696970,0.27272727,3.8387867652,0.4798483456,0
0.70707071,0.27272727,3.7271267996,0.4658908500,0
0.71717172,0.27272727,3.6177600237,0.4522200030,0
0.72727273,0.27272727,3.5116194604,0.4389524325,0
0.73737374,0.27272727,3.4093557419,0.4261694677,0
0.74747475,0.27272727,3.3113870477,0.4139233810,0
0.75757576,0.27272727,3.2179465622,0.4022433203,0
0.76767677,0.27272727,3.1291247005,0.3911405876,0
0.77777778,0.27272727,3.0449049794,0.3806131224,0
0.78787879,0.27272727,2.9651934515,0.3706491814,0
0.79797980,0.27272727,2.8898421942,0.3612302743,0
0.80808081,0.27272727,2.8186676250,0.3523334531,0
0.81818182,0.27272727,2.7514644852,0.3439330607,0
0.82828283,0.27272727,2.6880163047,0.3360020381,0
0.83838384,0.27272727,2.6281030697,0.3285128837,0
0.84848485,0.27272727,2.5715067096,0.3214383387,0
0.85858586,0.27272727,2.5180149071,0.3147518634,0
0.86868687,0.27272727,2.4674236406,0.3084279551,0
0.87878788,0.27272727,2.4195387773,0.3024423472,0
0.88888889,0.27272727,2.3741769689,0.2967721211,0
0.89898990,0.27272727,2.3311660405,0.2913957551,0
0.90909091,0.27272727,2.2903450198,0.2862931275,0
0.91919192,0.27272727,2.2515639161,0.2814454895,0
0.92929293,0.27272727,2.2146833315,0.2768354164,0
0.93939394,0.27272727,2.1795739650,0.2724467456,0
0.94949495,0.27272727,2.1461160540,0.2682645068,0
0.95959596,0.27272727,2.1141987856,0.2642748482,0
0.96969697,0.27272727,2.0837196996,0.2604649624,0
0.97979798,0.27272727,2.0545840997,0.2568230125,0
0.98989899,0.27272727,2.0267044839,0.2533380605,0
1.00000000,0.27272727,1.9997894968,0.2499736871,1
0.00000000,0.33333333,2.0000000000,0.2500000000,0
0.01010101,0.33333333,2.0149893999,0.2518736750,0
0.02020202,0.33333333,2.0304614924,0.2538076865,0
0.03030303,0.33333333,2.0464398612,0.2558049826,0
0.04040404,0.33333333,2.0629495903,0.2578686988,0
0.05050505,0.33333333,2.0800173778,0.2600021722,0
0.06060606,0.33333333,2.0976716592,0.2622089574,0
0.07070707,0.33333333,2.1159427408,0.2644928426,0
0.08080808,0.33333333,2.1348629451,0.2668578681,0
0.09090909,0.33333333,2.1544667672,0.2693083459,0
0.10101010,0.33333333,2.1747910454,0.2718488807,0
0.11111111,0.33333333,2.1958751452,0.2744843932,0
0.12121212,0.33333333,2.2177611588,0.2772201449,0
0.13131313,0.33333333,2.2404941205,0.2800617651,0
0.14141414,0.33333333,2.2641222392,0.2830152799,0
0.15151515,0.33333333,2.2886971492,0.2860871436,0
0.16161616,0.33333333,2.3142741795,0.2892842724,0
0.17171717,0.33333333,2.3409126427,0.2926140803,0
0.18181818,0.33333333,2.3686761430,0.2960845179,0
0.19191919,0.33333333,2.3976329044,0.2997041131,0
0.20202020,0.33333333,2.4278561168,0.3034820146,0
0.21212121,0.33333333,2.4594242988,0.3074280373,0
0.22222222,0.33333333,2.4924216750,0.3115527094,0
0.23232323,0.33333333,2.5269385614,0.3158673202,0
0.24242424,0.33333333,2.5630717537,0.3203839692,0
0.25252525,0.33333333,2.6009249078,0.3251156135,0
0.26262626,0.33333333,2.6406088984,0.3300761123,0
0.27272727,0.33333333,2.6822421378,0.3352802672,0
0.28282828,0.33333333,2.7259508282,0.3407438535,0
0.29292929,0.33333333,2.7718691143,0.3464836393,0
0.30303030,0.33333333,2.8201390884,0.3525173860,0
0.31313131,0.33333333,2.8709105910,0.3588638239,0
0.32323232,0.33333333,2.9243407257,0.3655425907,0
0.33333333,0.33333333,2.9805929875,0.3725741234,0
0.34343434,0.33333333,3.0398358742,0.3799794843,0
0.35353535,0.33333333,3.1022408141,0.3877801018,0
0.36363636,0.33333333,3.1679791998,0.3959974000,0
0.37373737,0.33333333,3.2372182683,0.4046522835,0
0.38383838,0.33333333,3.3101155076,0.4137644384,0
0.39393939,0.33333333,3.3868112091,0.4233514011,0
0.40404040,0.33333333,3.4674187200,0.4334273400,0
0.41414141,0.33333333,3.5520118967,0.4440014871,0
0.42424242,0.33333333,3.6406092332,0.4550761542,0
0.43434343,0.33333333,3.7331541566,0.4666442696,0
0.44444444,0.33333333,3.8294910891,0.4786863861,0
0.45454545,0.33333333,3.9293371173,0.4911671397,0
0.46464646,0.33333333,4.0322495434,0.5040311929,0
0.47474747,0.33333333,4.1375902934,0.5171987867,0
0.48484848,0.33333333,4.2444891729,0.5305611466,0
0.49494949,0.33333333,4.3518093147,0.5439761643,0
0.50505051,0.33333333,4.4581197764,0.5572649721,0
0.51515152,0.33333333,4.5616819122,0.5702102390,0
0.52525253,0.33333333,4.6604574352,0.5825571794,0
0.53535354,0.33333333,4.7521464019,0.5940183002,0
0.54545455,0.33333333,4.8342619358,0.6042827420,0
0.55555556,0.33333333,4.9042447553,0.6130305944,0
0.56565657,0.33333333,4.9596143195,0.6199517899,0
0.57575758,0.33333333,4.9981453752,0.6247681719,0
0.58585859,0.33333333,5.0180506021,0.6272563253,0
0.59595960,0.33333333,5.0181444022,0.6272680503,0
0.60606061,0.33333333,4.9979620630,0.6247452579,0
0.61616162,0.33333333,4.9578137955,0.6197267244,0
0.62626263,0.33333333,4.8987637726,0.6123454716,0
0.63636364,0.33333333,4.8225375982,0.6028171998,0
0.64646465,0.33333333,4.7313739317,0.5914217415,0
0.65656566,0.33333333,4.6278440391,0.5784805049,0
0.66666667,0.33333333,4.5146652282,0.5643331535,0
0.67676768,0.33333333,4.3945308238,0.5493163530,0
0.68686869,0.33333333,4.2699724115,0.5337465514,0
0.69696970,0.33333333,4.1432619521,0.5179077440,0
0.70707071,0.33333333,4.0163540882,0.5020442610,0
0.71717172,0.33333333,3.8908637565,0.4863579696,0
0.72727273,0.33333333,3.7680714053,0.4710089257,0
0.73737374,0.33333333,3.6489473719,0.4561184215,0
0.74747475,0.33333333,3.5341876643,0.4417734580,0
0.75757576,0.33333333,3.4242548512,0.4280318564,0
0.76767677,0.33333333,3.3194194610,0.4149274326,0
0.77777778,0.33333333,3.2197988785,0.4024748598,0
0.78787879,0.33333333,3.1253920305,0.3906740038,0
0.79797980,0.33333333,3.0361091189,0.3795136399,0
0.80808081,0.33333333,2.9517963178,0.3689745397,0
0.81818182,0.33333333,2.8722557480,0.3590319685,0
0.82828283,0.33333333,2.7972612568,0.3496576571,0
0.83838384,0.33333333,2.7265706127,0.3408213266,0
0.84848485,0.33333333,2.6599347225,0.3324918403,0
0.85858586,0.33333333,2.5971044362,0.3246380545,0
0.86868687,0.33333333,2.5378354325,0.3172294291,0
0.87878788,0.33333333,2.4818916064,0.3102364508,0
0.88888889,0.33333333,2.4290473037,0.3036309130,0
0.89898990,0.33333333,2.3790886836,0.2973860855,0
0.90909091,0.33333333,2.3318144324,0.2914768040,0
0.91919192,0.33333333,2.2870360015,0.2858795002,0
0.92929293,0.33333333,2.2445775071,0.2805721884,0
0.93939394,0.33333333,2.2042753929,0.2755344241,0
0.94949495,0.33333333,2.1659779353,0.2707472419,0
0.95959596,0.33333333,2.1295446502,0.2661930813,0
0.96969697,0.33333333,2.0948456422,0.2618557053,0
0.97979798,0.33333333,2.0617609308,0.2577201163,0
0.98989899,0.33333333,2.0301797729,0.2537724716,0
1.00000000,0.33333333,1.7898185210,0.2237273151,1
0.00000000,0.39393939,2.0000000000,0.2500000000,0
0.01010101,0.39393939,2.0169303950,0.2521162994,0
0.02020202,0.39393939,2.0344257198,0.2543032150,0
0.03030303,0.39393939,2.0525145822,0.2565643228,0
0.04040404,0.39393939,2.0712274540,0.2589034317,0
0.05050505,0.39393939,2.0905968133,0.2613246017,0
0.06060606,0.39393939,2.1106572980,0.2638321623,0
0.07070707,0.39393939,2.1314458724,0.2664307340,0
0.08080808,0.39393939,2.1530020067,0.2691252508,0
0.09090909,0.39393939,2.1753678718,0.2719209840,0
0.10101010,0.39393939,2.1985885486,0.2748235686,0
0.11111111,0.39393939,2.2227122542,0.2778390318,0
0.12121212,0.39393939,2.2477905853,0.2809738232,0
0.13131313,0.39393939,2.2738787795,0.2842348474,0
0.14141414,0.39393939,2.3010359950,0.2876294994,0
0.15151515,0.39393939,2.3293256096,0.2911657012,0
0.16161616,0.39393939,2.3588155383,0.2948519423,0
0.17171717,0.39393939,2.3895785694,0.2986973212,0
0.18181818,0.39393939,2.4216927180,0.3027115898,0
0.19191919,0.39393939,2.4552415935,0.3069051992,0
0.20202020,0.39393939,2.4903147794,0.3112893474,0
0.21212121,0.39393939,2.5270082186,0.3158760273,0
0.22222222,0.39393939,2.5654245974,0.3206780747,0
0.23232323,0.39393939,2.6056737178,0.3257092147,0
0.24242424,0.39393939,2.6478728433,0.3309841054,0
0.25252525,0.39393939,2.6921469999,0.3365183750,0
0.26262626,0.39393939,2.7386292051,0.3423286506,0
0.27272727,0.39393939,2.7874605935,0.3484325742,0
0.28282828,0.39393939,2.8387903932,0.3548487992,0
0.29292929,0.39393939,2.8927756981,0.3615969623,0
0.30303030,0.39393939,2.9495809623,0.3686976203,0
0.31313131,0.39393939,3.0093771269,0.3761721409,0
0.32323232,0.39393939,3.0723402609,0.3840425326,0
0.33333333,0.39393939,3.1386495773,0.3923311972,0
0.34343434,0.39393939,3.2084846447,0.4010605806,0
0.35353535,0.39393939,3.2820215858,0.4102526982,0
0.36363636,0.39393939,3.3594280091,0.4199285011,0
0.37373737,0.39393939,3.4408563859,0.4301070482,0
0.38383838,0.39393939,3.5264355461,0.4408044433,0
0.39393939,0.39393939,3.6162599472,0.4520324934,0
0.40404040,0.39393939,3.7103763711,0.4637970464,0
0.41414141,0.39393939,3.8087677475,0.4760959684,0
0.42424242,0.39393939,3.9113339020,0.4889167378,0
0.43434343,0.39393939,4.0178692230,0.5022336529,0
0.44444444,0.39393939,4.1280375441,0.5160046930,0
0.45454545,0.39393939,4.2413449879,0.5301681235,0
0.46464646,0.39393939,4.3571121172,0.5446390147,0
0.47474747,0.39393939,4.4744474801,0.5593059350,0
0.48484848,0.39393939,4.5922254548,0.5740281818,0
0.49494949,0.39393939,4.7090720860,0.5886340107,0
0.50505051,0.39393939,4.8233631647,0.6029203956,0
0.51515152,0.39393939,4.9332389055,0.6166548632,0
0.52525253,0.39393939,5.0366389742,0.6295798718,0
0.53535354,0.39393939,5.1313601341,0.6414200168,0
0.54545455,0.39393939,5.2151364165,0.6518920521,0
0.55555556,0.39393939,5.2857387005,0.6607173376,0
0.56565657,0.39393939,5.3410874189,0.6676359274,0
0.57575758,0.39393939,5.3793694138,0.6724211767,0
0.58585859,0.39393939,5.3991483815,0.6748935477,0
0.59595960,0.39393939,5.3994582462,0.6749322808,0
0.60606061,0.39393939,5.3798702174,0.6724837772,0
0.61616162,0.39393939,5.3405269025,0.6675658628,0
0.62626263,0.39393939,5.2821401725,0.6602675216,0
0.63636364,0.39393939,5.2059530117,0.6507441265,0
0.64646465,0.39393939,5.1136689493,0.6392086187,0
0.65656566,0.39393939,5.0073555950,0.6259194494,0
0.66666667,0.39393939,4.8893310477,0.6111663810,0
0.67676768,0.39393939,4.7620432749,0.5952554094,0
0.68686869,0.39393939,4.6279527216,0.5784940902,0
0.69696970,0.39393939,4.4894273272,0.5611784159,0
0.70707071,0.39393939,4.3486569245,0.5435821156,0
0.71717172,0.39393939,4.2075910857,0.5259488857,0
0.72727273,0.39393939,4.0679014022,0.5084876753,0
0.73737374,0.39393939,3.9309664863,0.4913708108,0
0.74747475,0.39393939,3.7978760495,0.4747345062,0
0.75757576,0.39393939,3.6694493876,0.4586811735,0
0.76767677,0.39393939,3.5462634185,0.4432829273,0
0.77777778,0.39393939,3.4286858680,0.4285857335,0
0.78787879,0.39393939,3.3169100192,0.4146137524,0
0.79797980,0.39393939,3.2109883897,0.4013735487,0
0.80808081,0.39393939,3.1108636173,0.3888579522,0
0.81818182,0.39393939,3.0163956034,0.3770494504,0
0.82828283,0.39393939,2.9273845520,0.3659230690,0
0.83838384,0.39393939,2.8435899543,0.3554487443,0
0.84848485,0.39393939,2.7647458195,0.3455932274,0
0.85858586,0.39393939,2.6905725915,0.3363215739,0
0.86868687,0.39393939,2.6207862402,0.3275982800,0
0.87878788,0.39393939,2.5551050116,0.3193881265,0
0.88888889,0.39393939,2.4932542823,0.3116567853,0
0.89898990,0.39393939,2.4349699122,0.3043712390,0
0.90909091,0.39393939,2.3800004284,0.2975000536,0
0.91919192,0.39393939,2.3281083182,0.2910135398,0
0.92929293,0.39393939,2.2790706527,0.2848838316,0
0.93939394,0.39393939,2.2326792216,0.2790849027,0
0.94949495,0.39393939,2.1887403171,0.2735925396,0
0.95959596,0.39393939,2.1470742761,0.2683842845,0
0.96969697,0.39393939,2.1075148615,0.2634393577,0
0.97979798,0.39393939,2.0699085450,0.2587385681,0
0.98989899,0.39393939,2.0341137377,0.2542642172,0
1.00000000,0.39393939,1.9996609488,0.2499576186,1
0.00000000,0.45454545,2.0000000000,0.2500000000,0
0.01010101,0.45454545,2.0191245304,0.2523905663,0
0.02020202,0.45454545,2.0389133075,0.2548641634,0
0.03030303,0.45454545,2.0594013330,0.2574251666,0
0.04040404,0.45454545,2.0806259464,0.2600782433,0
0.05050505,0.45454545,2.1026270032,0.2628283754,0
0.06060606,0.45454545,2.1254470674,0.2656808834,0
0.07070707,0.45454545,2.1491316193,0.2686414524,0
0.08080808,0.45454545,2.1737292787,0.2717161598,0
0.09090909,0.45454545,2.1992920447,0.2749115056,0
0.10101010,0.45454545,2.2258755535,0.2782344442,0
0.11111111,0.45454545,2.2535393535,0.2816924192,0
0.12121212,0.45454545,2.2823471992,0.2852933999,0
0.13131313,0.45454545,2.3123673630,0.2890459204,0
0.14141414,0.45454545,2.3436729652,0.2929591207,0
0.15151515,0.45454545,2.3763423204,0.2970427901,0
0.16161616,0.45454545,2.4104592987,0.3013074123,0
0.17171717,0.45454545,2.4461136987,0.3057642123,0
0.18181818,0.45454545,2.4834016275,0.3104252034,0
0.19191919,0.45454545,2.5224258814,0.3153032352,0
0.20202020,0.45454545,2.5632963181,0.3204120398,0
0.21212121,0.45454545,2.6061302080,0.3257662760,0
0.22222222,0.45454545,2.6510525496,0.3313815687,0
0.23232323,0.45454545,2.6981963255,0.3372745407,0
0.24242424,0.45454545,2.7477026732,0.3434628342,0
0.25252525,0.45454545,2.7997209333,0.3499651167,0
0.26262626,0.45454545,2.8544085300,0.3568010662,0
0.27272727,0.45454545,2.9119306262,0.3639913283,0
0.28282828,0.45454545,2.9724594797,0.3715574350,0
0.29292929,0.45454545,3.0361734118,0.3795216765,0
0.30303030,0.45454545,3.1032552773,0.3879069097,0
0.31313131,0.45454545,3.1738903033,0.3967362879,0
0.32323232,0.45454545,3.2482631403,0.4060328925,0
0.33333333,0.45454545,3.3265539393,0.4158192424,0
0.34343434,0.45454545,3.4089332487,0.4261166561,0
0.35353535,0.45454545,3.4955555012,0.4369444377,0
0.36363636,0.45454545,3.5865508519,0.4483188565,0
0.37373737,0.45454545,3.6820151339,0.4602518917,0
0.38383838,0.45454545,3.7819977338,0.4727497167,0
0.39393939,0.45454545,3.8864872585,0.4858109073,0
0.40404040,0.45454545,3.9953949918,0.4994243740,0
0.41414141,0.45454545,4.1085363316,0.5135670415,0
0.42424242,0.45454545,4.2256106663,0.5282013333,0
0.43434343,0.45454545,4.3461805000,0.5432725625,0
0.44444444,0.45454545,4.4696510538,0.5587063817,0
0.45454545,0.45454545,4.5952520162,0.5744065020,0
0.46464646,0.45454545,4.7220235373,0.5902529422,0
0.47474747,0.45454545,4.8488088499,0.6061011062,0
0.48484848,0.45454545,4.9742559534,0.6217819942,0
0.49494949,0.45454545,5.0968305013,0.6371038127,0
0.50505051,0.45454545,5.2148413072,0.6518551634,0
0.51515152,0.45454545,5.3264787507,0.6658098438,0
0.52525253,0.45454545,5.4298649304,0.6787331163,0
0.53535354,0.45454545,5.5231129274,0.6903891159,0
0.54545455,0.45454545,5.6043913118,0.7005489140,0
0.55555556,0.45454545,5.6719893605,0.7089986701,0
0.56565657,0.45454545,5.7243785388,0.7155473173,0
0.57575758,0.45454545,5.7602666228,0.7200333278,0
0.58585859,0.45454545,5.7786421778,0.7223302722,0
0.59595960,0.45454545,5.7788085721,0.7223510715,0
0.60606061,0.45454545,5.7604078762,0.7200509845,0
0.61616162,0.45454545,5.7234355493,0.7154294437,0
0.62626263,0.45454545,5.6682466431,0.7085308304,0
0.63636364,0.45454545,5.5955534912,0.6994441864,0
0.64646465,0.45454545,5.5064138588,0.6883017324,0
0.65656566,0.45454545,5.4022077670,0.6752759709,0
0.66666667,0.45454545,5.2846011153,0.6605751394,0
0.67676768,0.45454545,5.1554950652,0.6444368832,0
0.68686869,0.45454545,5.0169618582,0.6271202323,0
0.69696970,0.45454545,4.8711699714,0.6088962464,0
0.70707071,0.45454545,4.7203036563,0.5900379570,0
0.71717172,0.45454545,4.5664833286,0.5708104161,0
0.72727273,0.45454545,4.4116935445,0.5514616931,0
0.73737374,0.45454545,4.2577243158,0.5322155395,0
0.74747475,0.45454545,4.1061295562,0.5132661945,0
0.75757576,0.45454545,3.9582040370,0.4947755046,0
0.76767677,0.45454545,3.8149779231,0.4768722404,0
0.77777778,0.45454545,3.6772261979,0.4596532747,0
0.78787879,0.45454545,3.5454892824,0.4431861603,0
0.79797980,0.45454545,3.4201008862,0.4275126108,0
0.80808081,0.45454545,3.3012194458,0.4126524307,0
0.81818182,0.45454545,3.1888601723,0.3986075215,0
0.82828283,0.45454545,3.0829255374,0.3853656922,0
0.83838384,0.45454545,2.9832328067,0.3729041008,0
0.84848485,0.45454545,2.8895378968,0.3611922371,0
0.85858586,0.45454545,2.8015553322,0.3501944165,0
0.86868687,0.45454545,2.7189744315,0.3398718039,0
0.87878788,0.45454545,2.6414720563,0.3301840070,0
0.88888889,0.45454545,2.5687223669,0.3210902959,0
0.89898990,0.45454545,2.5004040591,0.3125505074,0
0.90909091,0.45454545,2.4362055400,0.3045256925,0
0.91919192,0.45454545,2.3758284591,0.2969785574,0
0.92929293,0.45454545,2.3189899566,0.2898737446,0
0.93939394,0.45454545,2.2654239313,0.2831779914,0
0.94949495,0.45454545,2.2148815771,0.2768601971,0
0.95959596,0.45454545,2.1671313852,0.2708914231,0
0.96969697,0.45454545,2.1219587696,0.2652448462,0
0.97979798,0.45454545,2.0791654349,0.2598956794,0
0.98989899,0.45454545,2.0385685793,0.2548210724,0
1.00000000,0.45454545,1.5032489089,0.1879061136,1
0.00000000,0.51515152,2.0000000000,0.2500000000,0
0.01010101,0.51515152,2.0216052730,0.2527006591,0
0.02020202,0.51515152,2.0439952433,0.2554994054,0
0.03030303,0.51515152,2.0672131106,0.2584016388,0
0.04040404,0.51515152,2.0913050330,0.2614131291,0
0.05050505,0.51515152,2.1163203515,0.2645400439,0
0.06060606,0.51515152,2.1423118312,0.2677889789,0
0.07070707,0.51515152,2.1693359199,0.2711669900,0
0.08080808,0.51515152,2.1974530241,0.2746816280,0
0.09090909,0.51515152,2.2267278034,0.2783409754,0
0.10101010,0.51515152,2.2572294823,0.2821536853,0
0.11111111,0.51515152,2.2890321804,0.2861290226,0
0.12121212,0.51515152,2.3222152581,0.2902769073,0
0.13131313,0.51515152,2.3568636774,0.2946079597,0
0.14141414,0.51515152,2.3930683742,0.2991335468,0
0.15151515,0.51515152,2.4309266375,0.3038658297,0
0.16161616,0.51515152,2.4705424900,0.3088178113,0
0.17171717,0.51515152,2.5120270610,0.3140033826,0
0.18181818,0.51515152,2.5554989407,0.3194373676,0
0.19191919,0.51515152,2.6010845006,0.3251355626,0
0.20202020,0.51515152,2.6489181605,0.3311147701,0
0.21212121,0.51515152,2.6991425764,0.3373928221,0
0.22222222,0.51515152,2.7519087176,0.3439885897,0
0.23232323,0.51515152,2.8073757907,0.3509219738,0
0.24242424,0.51515152,2.8657109608,0.3582138701,0
0.25252525,0.51515152,2.9270888052,0.3658861006,0
0.26262626,0.51515152,2.9916904215,0.3739613027,0
0.27272727,0.51515152,3.0597020976,0.3824627622,0
0.28282828,0.51515152,3.1313134297,0.3914141787,0
0.29292929,0.51515152,3.2067147582,0.4008393448,0
0.30303030,0.51515152,3.2860937717,0.4107617215,0
0.31313131,0.51515152,3.3696311116,0.4212038890,0
0.32323232,0.51515152,3.4574947997,0.4321868500,0
0.33333333,0.51515152,3.5498333059,0.4437291632,0
0.34343434,0.51515152,3.6467670903,0.4558458863,0
0.35353535,0.51515152,3.7483784826,0.4685473103,0
0.36363636,0.51515152,3.8546998321,0.4818374790,0
0.37373737,0.51515152,3.9656999665,0.4957124958,0
0.38383838,0.51515152,4.0812691484,0.5101586435,0
0.39393939,0.51515152,4.2012029315,0.5251503664,0
0.40404040,0.51515152,4.3251855726,0.5406481966,0
0.41414141,0.51515152,4.4527739537,0.5565967442,0
0.42424242,0.51515152,4.5833832756,0.5729229095,0
0.43434343,0.51515152,4.7162760493,0.5895345062,0
0.44444444,0.51515152,4.8505560716,0.6063195089,0
0.45454545,0.51515152,4.9851690602,0.6231461325,0
0.46464646,0.51515152,5.1189113490,0.6398639186,0
0.47474747,0.51515152,5.2504474928,0.6563059366,0
0.48484848,0.51515152,5.3783367921,0.6722920990,0
0.49494949,0.51515152,5.5010677237,0.6876334655,0
0.50505051,0.51515152,5.6170981987,0.7021372748,0
0.51515152,0.51515152,5.7248986877,0.7156123360,0
0.52525253,0.51515152,5.8229947517,0.7278743440,0
0.53535354,0.51515152,5.9100055530,0.7387506941,0
0.54545455,0.51515152,5.9846755296,0.7480844412,0
0.55555556,0.51515152,6.0458975055,0.7557371882,0
0.56565657,0.51515152,6.0927268759,0.7615908595,0
0.57575758,0.51515152,6.1243878915,0.7655484864,0
0.58585859,0.51515152,6.1402742119,0.7675342765,0
0.59595960,0.51515152,6.1399466288,0.7674933286,0
0.60606061,0.51515152,6.1231310598,0.7653913825,0
0.61616162,0.51515152,6.0897195762,0.7612149470,0
0.62626263,0.51515152,6.0397763909,0.7549720489,0
0.63636364,0.51515152,5.9735494943,0.7466936868,0
0.64646465,0.51515152,5.8914871017,0.7364358877,0
0.65656566,0.51515152,5.7942564590,0.7242820574,0
0.66666667,0.51515152,5.6827610762,0.7103451345,0
0.67676768,0.51515152,5.5581514312,0.6947689289,0
0.68686869,0.51515152,5.4218239528,0.6777279941,0
0.69696970,0.51515152,5.2754038988,0.6594254873,0
0.70707071,0.51515152,5.1207096808,0.6400887101,0
0.71717172,0.51515152,4.9596990105,0.6199623763,0
0.72727273,0.51515152,4.7944004090,0.5993000511,0
0.73737374,0.51515152,4.6268363807,0.5783545476,0
0.74747475,0.51515152,4.4589461877,0.5573682735,0
0.75757576,0.51515152,4.2925162438,0.5365645305,0
0.76767677,0.51515152,4.1291247087,0.5161405886,0
0.77777778,0.51515152,3.9701043412,0.4962630426,0
0.78787879,0.51515152,3.8165247693,0.4770655962,0
0.79797980,0.51515152,3.6691927225,0.4586490903,0
0.80808081,0.51515152,3.5286669220,0.4410833653,0
0.81818182,0.51515152,3.3952834032,0.4244104254,0
0.82828283,0.51515152,3.2691869654,0.4086483707,0
0.83838384,0.51515152,3.1503649710,0.3937956214,0
0.84848485,0.51515152,3.0386805578,0.3798350697,0
0.85858586,0.51515152,2.9339032620,0.3667379077,0
0.86868687,0.51515152,2.8357358861,0.3544669858,0
0.87878788,0.51515152,2.7438371280,0.3429796410,0
0.88888889,0.51515152,2.6578399663,0.3322299958,0
0.89898990,0.51515152,2.5773661085,0.3221707636,0
0.90909091,0.51515152,2.5020369746,0.3127546218,0
0.91919192,0.51515152,2.4314817536,0.3039352192,0
0.92929293,0.51515152,2.3653430659,0.2956678832,0
0.93939394,0.51515152,2.3032807227,0.2879100903,0
0.94949495,0.51515152,2.2449740124,0.2806217516,0
0.95959596,0.51515152,2.1901228713,0.2737653589,0
0.96969697,0.51515152,2.1384482341,0.2673060293,0
0.97979798,0.51515152,2.0896917973,0.2612114747,0
0.98989899,0.51515152,2.0436153769,0.2554519221,0
1.00000000,0.51515152,1.9856277693,0.2482034712,1
0.00000000,0.57575758,2.0000000000,0.2500000000,0
0.01010101,0.57575758,2.0244106331,0.2530513291,0
0.02020202,0.57575758,2.0497526446,0.2562190806,0
0.03030303,0.57575758,2.0760798210,0.2595099776,0
0.04040404,0.57575758,2.1034497246,0.2629312156,0
0.05050505,0.57575758,2.1319239764,0.2664904971,0
0.06060606,0.57575758,2.1615685571,0.2701960696,0
0.07070707,0.57575758,2.1924541263,0.2740567658,0
0.08080808,0.57575758,2.2246563601,0.2780820450,0
0.09090909,0.57575758,2.2582563051,0.2822820381,0
0.10101010,0.57575758,2.2933407472,0.2866675934,0
0.11111111,0.57575758,2.3300025922,0.2912503240,0
0.12121212,0.57575758,2.3683412546,0.2960426568,0
0.13131313,0.57575758,2.4084630468,0.3010578808,0
0.14141414,0.57575758,2.4504815623,0.3063101953,0
0.15151515,0.57575758,2.4945180405,0.3118147551,0
0.16161616,0.57575758,2.5407016982,0.3175877123,0
0.17171717,0.57575758,2.5891700099,0.3236462512,0
0.18181818,0.57575758,2.6400689104,0.3300086138,0
0.19191919,0.57575758,2.6935528900,0.3366941112,0
0.20202020,0.57575758,2.7497849413,0.3437231177,0
0.21212121,0.57575758,2.8089363104,0.3511170388,0
0.22222222,0.57575758,2.8711859897,0.3588982487,0
0.23232323,0.57575758,2.9367198814,0.3670899852,0
0.24242424,0.57575758,3.0057295423,0.3757161928,0
0.25252525,0.57575758,3.0784104069,0.3848013009,0
0.26262626,0.57575758,3.1549593687,0.3943699211,0
0.27272727,0.57575758,3.2355715856,0.4044464482,0
0.28282828,0.57575758,3.3204363606,0.4150545451,0
0.29292929,0.57575758,3.4097319440,0.4262164930,0
0.30303030,0.57575758,3.5036191053,0.4379523882,0
0.31313131,0.57575758,3.6022333392,0.4502791674,0
0.32323232,0.57575758,3.7056756111,0.4632094514,0
0.33333333,0.57575758,3.8140016103,0.4767502013,0
0.34343434,0.57575758,3.9272095844,0.4909011981,0
0.35353535,0.57575758,4.0452269705,0.5056533713,0
0.36363636,0.57575758,4.1678962215,0.5209870277,0
0.37373737,0.57575758,4.2949604558,0.5368700570,0
0.38383838,0.57575758,4.4260498039,0.5532562255,0
0.39393939,0.57575758,4.5606695692,0.5700836961,0
0.40404040,0.57575758,4.6981915240,0.5872739405,0
0.41414141,0.57575758,4.8378497552,0.6047312194,0
0.42424242,0.57575758,4.9787424178,0.6223428022,0
0.43434343,0.57575758,5.1198404823,0.6399800603,0
0.44444444,0.57575758,5.2600040537,0.6575005067,0
0.45454545,0.57575758,5.3980061223,0.6747507653,0
0.46464646,0.57575758,5.5325627383,0.6915703423,0
0.47474747,0.57575758,5.6623677326,0.7077959666,0
0.48484848,0.57575758,5.7861293799,0.7232661725,0
0.49494949,0.57575758,5.9026059845,0.7378257481,0
0.50505051,0.57575758,6.0106373699,0.7513296712,0
0.51515152,0.57575758,6.1091696921,0.7636462115,0
0.52525253,0.57575758,6.1972718121,0.7746589765,0
0.53535354,0.57575758,6.2741425024,0.7842678128,0
0.54545455,0.57575758,6.3391088417,0.7923886052,0
0.55555556,0.57575758,6.3916171137,0.7989521392,0
0.56565657,0.57575758,6.4312182289,0.8039022786,0
0.57575758,0.57575758,6.4575501080,0.8071937635,0
0.58585859,0.57575758,6.4703195983,0.8087899498,0
0.59595960,0.57575758,6.4692864075,0.8086608009,0
0.60606061,0.57575758,6.4542513035,0.8067814129,0
0.61616162,0.57575758,6.4250504951,0.8031313119,0
0.62626263,0.57575758,6.3815577067,0.7976947133,0
0.63636364,0.57575758,6.3236949752,0.7904618719,0
0.64646465,0.57575758,6.2514525691,0.7814315711,0
0.65656566,0.57575758,6.1649176044,0.7706147005,0
0.66666667,0.57575758,6.0643098489,0.7580387311,0
0.67676768,0.57575758,5.9500218710,0.7437527339,0
0.68686869,0.57575758,5.8226592243,0.7278324030,0
0.69696970,0.57575758,5.6830750211,0.7103843776,0
0.70707071,0.57575758,5.5323924333,0.6915490542,0
0.71717172,0.57575758,5.3720088249,0.6715011031,0
0.72727273,0.57575758,5.2035767315,0.6504470914,0
0.73737374,0.57575758,5.0289598013,0.6286199752,0
0.74747475,0.57575758,4.8501657209,0.6062707151,0
0.75757576,0.57575758,4.6692622210,0.5836577776,0
0.76767677,0.57575758,4.4882854316,0.5610356790,0
0.77777778,0.57575758,4.3091512479,0.5386439060,0
0.78787879,0.57575758,4.1335795721,0.5166974465,0
0.79797980,0.57575758,3.9630386305,0.4953798288,0
0.80808081,0.57575758,3.7987128271,0.4748391034,0
0.81818182,0.57575758,3.6414938155,0.4551867269,0
0.82828283,0.57575758,3.4919914821,0.4364989353,0
0.83838384,0.57575758,3.3505597738,0.4188199717,0
0.84848485,0.57575758,3.2173317962,0.4021664745,0
0.85858586,0.57575758,3.0922590664,0.3865323833,0
0.86868687,0.57575758,2.9751508403,0.3718938550,0
0.87878788,0.57575758,2.8657106672,0.3582138334,0
0.88888889,0.57575758,2.7635684862,0.3454460608,0
0.89898990,0.57575758,2.6683075289,0.3335384411,0
0.90909091,0.57575758,2.5794859722,0.3224357465,0
0.91919192,0.57575758,2.4966537197,0.3120817150,0
0.92929293,0.57575758,2.4193649212,0.3024206152,0
0.93939394,0.57575758,2.3471869270,0.2933983659,0
0.94949495,0.57575758,2.2797063640,0.2849632955,0
0.95959596,0.57575758,2.2165329612,0.2770666202,0
0.96969697,0.57575758,2.1573016658,0.2696627082,0
0.97979798,0.57575758,2.1016734947,0.2627091868,0
0.98989899,0.57575758,2.0493354817,0.2561669352,0
1.00000000,0.57575758,1.9982686788,0.2497835849,1
0.00000000,0.63636364,2.0000000000,0.2500000000,0
0.01010101,0.63636364,2.0275838149,0.2534479769,0
0.02020202,0.63636364,2.0562783463,0.2570347933,0
0.03030303,0.63636364,2.0861511470,0.2607688934,0
0.04040404,0.63636364,2.1172746270,0.2646593284,0
0.05050505,0.63636364,2.1497264073,0.2687158009,0
0.06060606,0.63636364,2.1835896917,0.2729487115,0
0.07070707,0.63636364,2.2189536545,0.2773692068,0
0.08080808,0.63636364,2.2559138423,0.2819892303,0
0.09090909,0.63636364,2.2945725840,0.2868215730,0
0.10101010,0.63636364,2.3350394043,0.2918799255,0
0.11111111,0.63636364,2.3774314320,0.2971789290,0
0.12121212,0.63636364,2.4218737905,0.3027342238,0
0.13131313,0.63636364,2.4684999575,0.3085624947,0
0.14141414,0.63636364,2.5174520737,0.3146815092,0
0.15151515,0.63636364,2.5688811750,0.3211101469,0
0.16161616,0.63636364,2.6229473166,0.3278684146,0
0.17171717,0.63636364,2.6798195506,0.3349774438,0
0.18181818,0.63636364,2.7396757054,0.3424594632,0
0.19191919,0.63636364,2.8027019073,0.3503377384,0
0.20202020,0.63636364,2.8690917713,0.3586364714,0
0.21212121,0.63636364,2.9390451716,0.3673806465,0
0.22222222,0.63636364,3.0127664905,0.3765958113,0
0.23232323,0.63636364,3.0904622260,0.3863077782,0
0.24242424,0.63636364,3.1723378266,0.3965422283,0
0.25252525,0.63636364,3.2585936097,0.4073242012,0
0.26262626,0.63636364,3.3494196157,0.4186774520,0
0.27272727,0.63636364,3.4449892566,0.4306236571,0
0.28282828,0.63636364,3.5454516380,0.4431814547,0
0.29292929,0.63636364,3.6509224765,0.4563653096,0
0.30303030,0.63636364,3.7614736072,0.4701842009,0
0.31313131,0.63636364,3.8771211791,0.4846401474,0
0.32323232,0.63636364,3.9978127849,0.4997265981,0
0.33333333,0.63636364,4.1234139527,0.5154267441,0
0.34343434,0.63636364,4.2536946488,0.5317118311,0
0.35353535,0.63636364,4.3883166731,0.5485395841,0
0.36363636,0.63636364,4.5268230520,0.5658528815,0
0.37373737,0.63636364,4.6686306997,0.5835788375,0
0.38383838,0.63636364,4.8130276843,0.6016284605,0
0.39393939,0.63636364,4.9591763336,0.6198970417,0
0.40404040,0.63636364,5.1061231185,0.6382653898,0
0.41414141,0.63636364,5.2528157370,0.6566019671,0
0.42424242,0.63636364,5.3981271188,0.6747658899,0
0.43434343,0.63636364,5.5408852626,0.6926106578,0
0.44444444,0.63636364,5.6799070229,0.7099883779,0
0.45454545,0.63636364,5.8140333391,0.7267541674,0
0.46464646,0.63636364,5.9421630633,0.7427703829,0
0.47474747,0.63636364,6.0632826000,0.7579103250,0
0.48484848,0.63636364,6.1764890055,0.7720611257,0
0.49494949,0.63636364,6.2810049464,0.7851256183,0
0.50505051,0.63636364,6.3761848369,0.7970231046,0
0.51515152,0.63636364,6.4615124027,0.8076890503,0
0.52525253,0.63636364,6.5365907078,0.8170738385,0
0.53535354,0.63636364,6.6011262291,0.8251407786,0
0.54545455,0.63636364,6.6549088456,0.8318636057,0
0.55555556,0.63636364,6.6977896397,0.8372237050,0
0.56565657,0.63636364,6.7296582550,0.8412072819,0
0.57575758,0.63636364,6.7504213058,0.8438026632,0
0.58585859,0.63636364,6.7599830504,0.8449978813,0
0.59595960,0.63636364,6.7582293042,0.8447786630,0
0.60606061,0.63636364,6.7450154034,0.8431269254,0
0.61616162,0.63636364,6.7201589611,0.8400198701,0
0.62626263,0.63636364,6.6834381713,0.8354297714,0
0.63636364,0.63636364,6.6345964934,0.8293245617,0
0.64646465,0.63636364,6.5733546210,0.8216693276,0
0.65656566,0.63636364,6.4994306486,0.8124288311,0
0.66666667,0.63636364,6.4125691769,0.8015711471,0
0.67676768,0.63636364,6.3125796320,0.7890724540,0
0.68686869,0.63636364,6.1993831925,0.7749228991,0
0.69696970,0.63636364,6.0730663480,0.7591332935,0
0.70707071,0.63636364,5.9339372887,0.7417421611,0
0.71717172,0.63636364,5.7825792623,0.7228224078,0
0.72727273,0.63636364,5.6198932053,0.7024866507,0
0.73737374,0.63636364,5.4471210056,0.6808901257,0
0.74747475,0.63636364,5.2658414337,0.6582301792,0
0.75757576,0.63636364,5.0779335407,0.6347416926,0
0.76767677,0.63636364,4.8855070850,0.6106883856,0
0.77777778,0.63636364,4.6908054159,0.5863506770,0
0.78787879,0.63636364,4.4960917030,0.5620114629,0
0.79797980,0.63636364,4.3035328113,0.5379416014,0
0.80808081,0.63636364,4.1150953991,0.5143869249,0
0.81818182,0.63636364,3.9324659219,0.4915582402,0
0.82828283,0.63636364,3.7570011648,0.4696251456,0
0.83838384,0.63636364,3.5897102737,0.4487137842,0
0.84848485,0.63636364,3.4312644851,0.4289080606,0
0.85858586,0.63636364,3.2820277746,0.4102534718,0
0.86868687,0.63636364,3.1421006168,0.3927625771,0
0.87878788,0.63636364,3.0113695912,0.3764211989,0
0.88888889,0.63636364,2.8895570587,0.3611946323,0
0.89898990,0.63636364,2.7762669498,0.3470333687,0
0.90909091,0.63636364,2.6710244117,0.3338780515,0
0.91919192,0.63636364,2.5733084286,0.3216635536,0
0.92929293,0.63636364,2.4825774793,0.3103221849,0
0.93939394,0.63636364,2.3982888699,0.2997861087,0
0.94949495,0.63636364,2.3199126630,0.2899890829,0
0.95959596,0.63636364,2.2469411948,0.2808676493,0
0.96969697,0.63636364,2.1788951311,0.2723618914,0
0.97979798,0.63636364,2.1153268951,0.2644158619,0
0.98989899,0.63636364,2.0558221647,0.2569777706,0
1.00000000,0.63636364,1.7332723202,0.2166590400,1
0.00000000,0.69696970,2.0000000000,0.2500000000,0
0.01010101,0.69696970,2.0311739693,0.2538967462,0
0.02020202,0.69696970,2.0636787771,0.2579598471,0
0.03030303,0.69696970,2.0975999954,0.2621999994,0
0.04040404,0.69696970,2.1330294882,0.2666286860,0
0.05050505,0.69696970,2.1700658467,0.2712582308,0
0.06060606,0.69696970,2.2088148386,0.2761018548,0
0.07070707,0.69696970,2.2493898627,0.2811737328,0
0.08080808,0.69696970,2.2919124025,0.2864890503,0
0.09090909,0.69696970,2.3365124658,0.2920640582,0
0.10101010,0.69696970,2.3833289974,0.2979161247,0
0.11111111,0.69696970,2.4325102429,0.3040637804,0
0.12121212,0.69696970,2.4842140394,0.3105267549,0
0.13131313,0.69696970,2.5386079995,0.3173259999,0
0.14141414,0.69696970,2.5958695482,0.3244836935,0
0.15151515,0.69696970,2.6561857599,0.3320232200,0
0.16161616,0.69696970,2.7197529334,0.3399691167,0
0.17171717,0.69696970,2.7867758263,0.3483469783,0
0.18181818,0.69696970,2.8574664576,0.3571833072,0
0.19191919,0.69696970,2.9320423690,0.3665052961,0
0.20202020,0.69696970,3.0107242214,0.3763405277,0
0.21212121,0.69696970,3.0937325850,0.3867165731,0
0.22222222,0.69696970,3.1812837746,0.3976604718,0
0.23232323,0.69696970,3.2735845726,0.4091980716,0
0.24242424,0.69696970,3.3708256928,0.4213532116,0
0.25252525,0.69696970,3.4731738620,0.4341467328,0
0.26262626,0.69696970,3.5807624406,0.4475953051,0
0.27272727,0.69696970,3.6936805865,0.4617100733,0
0.28282828,0.69696970,3.8119610784,0.4764951348,0
0.29292929,0.69696970,3.9355670754,0.4919458844,0
0.30303030,0.69696970,4.0643782845,0.5080472856,0
0.31313131,0.69696970,4.1981772440,0.5247721555,0
0.32323232,0.69696970,4.3366366732,0.5420795842,0
0.33333333,0.69696970,4.4793090644,0.5599136331,0
0.34343434,0.69696970,4.6256198576,0.5782024822,0
0.35353535,0.69696970,4.7748655742,0.5968581968,0
0.36363636,0.69696970,4.9262181553,0.6157772694,0
0.37373737,0.69696970,5.0787363973,0.6348420497,0
0.38383838,0.69696970,5.2313848096,0.6539231012,0
0.39393939,0.69696970,5.3830594643,0.6728824330,0
0.40404040,0.69696970,5.5326195702,0.6915774463,0
0.41414141,0.69696970,5.6789227122,0.7098653390,0
0.42424242,0.69696970,5.8208611041,0.7276076380,0
0.43434343,0.69696970,5.9573959451,0.7446744931,0
0.44444444,0.69696970,6.0875871064,0.7609483883,0
0.45454545,0.69696970,6.2106158979,0.7763269872,0
0.46464646,0.69696970,6.3257994734,0.7907249342,0
0.47474747,0.69696970,6.4325963795,0.8040745474,0
0.48484848,0.69696970,6.5306036610,0.8163254576,0
0.49494949,0.69696970,6.6195466712,0.8274433339,0
0.50505051,0.69696970,6.6992632139,0.8374079017,0
0.51515152,0.69696970,6.7696838307,0.8462104788,0
0.52525253,0.69696970,6.8308100020,0.8538512502,0
0.53535354,0.69696970,6.8826917921,0.8603364740,0
0.54545455,0.69696970,6.9254061406,0.8656757676,0
0.55555556,0.69696970,6.9590366447,0.8698795806,0
0.56565657,0.69696970,6.9836553509,0.8729569189,0
0.57575758,0.69696970,6.9993068133,0.8749133517,0
0.58585859,0.69696970,7.0059945004,0.8757493125,0
0.59595960,0.69696970,7.0036695448,0.8754586931,0
0.60606061,0.69696970,6.9922218286,0.8740277286,0
0.61616162,0.69696970,6.9714734773,0.8714341847,0
0.62626263,0.69696970,6.9411749903,0.8676468738,0
0.63636364,0.69696970,6.9010044549,0.8626255569,0
0.64646465,0.69696970,6.8505705667,0.8563213208,0
0.65656566,0.69696970,6.7894204932,0.8486775616,0
0.66666667,0.69696970,6.7170539282,0.8396317410,0
0.67676768,0.69696970,6.6329449338,0.8291181167,0
0.68686869,0.69696970,6.5365732384,0.8170716548,0
0.69696970,0.69696970,6.4274664189,0.8034333024,0
0.70707071,0.69696970,6.3052536315,0.7881567039,0
0.71717172,0.69696970,6.1697300967,0.7712162621,0
0.72727273,0.69696970,6.0209292717,0.7526161590,0
0.73737374,0.69696970,5.8591966562,0.7323995820,0
0.74747475,0.69696970,5.6852559487,0.7106569936,0
0.75757576,0.69696970,5.5002556745,0.6875319593,0
0.76767677,0.69696970,5.3057836883,0.6632229610,0
0.77777778,0.69696970,5.1038392732,0.6379799092,0
0.78787879,0.69696970,4.8967584023,0.6120948003,0
0.79797980,0.69696970,4.6870963007,0.5858870376,0
0.80808081,0.69696970,4.4774805703,0.5596850713,0
0.81818182,0.69696970,4.2704549001,0.5338068625,0
0.82828283,0.69696970,4.0683354173,0.5085419272,0
0.83838384,0.69696970,3.8730983353,0.4841372919,0
0.84848485,0.69696970,3.6863100704,0.4607887588,0
0.85858586,0.69696970,3.5091020627,0.4386377578,0
0.86868687,0.69696970,3.3421848411,0.4177731051,0
0.87878788,0.69696970,3.1858911031,0.3982363879,0
0.88888889,0.69696970,3.0402360766,0.3800295096,0
0.89898990,0.69696970,2.9049845008,0.3631230626,0
0.90909091,0.69696970,2.7797160759,0.3474645095,0
0.91919192,0.69696970,2.6638841393,0.3329855174,0
0.92929293,0.69696970,2.5568649192,0.3196081149,0
0.93939394,0.69696970,2.4579966685,0.3072495836,0
0.94949495,0.69696970,2.3666092437,0.2958261555,0
0.95959596,0.69696970,2.2820453684,0.2852556710,0
0.96969697,0.69696970,2.2036750777,0.2754593847,0
0.97979798,0.69696970,2.1309048249,0.2663631031,0
0.98989899,0.69696970,2.0631825756,0.2578978220,0
1.00000000,0.69696970,1.9979651932,0.2497456491,1
0.00000000,0.75757576,2.0000000000,0.2500000000,0
0.01010101,0.75757576,2.0352370682,0.2544046335,0
0.02020202,0.75757576,2.0720761865,0.2590095233,0
0.03030303,0.75757576,2.1106266630,0.2638283329,0
0.04040404,0.75757576,2.1510060012,0.2688757501,0
0.05050505,0.75757576,2.1933404227,0.2741675528,0
0.06060606,0.75757576,2.2377653846,0.2797206731,0
0.07070707,0.75757576,2.2844260757,0.2855532595,0
0.08080808,0.75757576,2.3334778742,0.2916847343,0
0.09090909,0.75757576,2.3850867376,0.2981358422,0
0.10101010,0.75757576,2.4394294947,0.3049286868,0
0.11111111,0.75757576,2.4966939935,0.3120867492,0
0.12121212,0.75757576,2.5570790527,0.3196348816,0
0.13131313,0.75757576,2.6207941494,0.3275992687,0
0.14141414,0.75757576,2.6880587580,0.3360073447,0
0.15151515,0.75757576,2.7591012428,0.3448876554,0
0.16161616,0.75757576,2.8341571841,0.3542696480,0
0.17171717,0.75757576,2.9134669990,0.3641833749,0
0.18181818,0.75757576,2.9972727034,0.3746590879,0
0.19191919,0.75757576,3.0858136417,0.3857267052,0
0.20202020,0.75757576,3.1793210098,0.3974151262,0
0.21212121,0.75757576,3.2780109969,0.4097513746,0
0.22222222,0.75757576,3.3820764005,0.4227595501,0
0.23232323,0.75757576,3.4916766170,0.4364595771,0
0.24242424,0.75757576,3.6069259970,0.4508657496,0
0.25252525,0.75757576,3.7278806866,0.4659850858,0
0.26262626,0.75757576,3.8545242509,0.4818155314,0
0.27272727,0.75757576,3.9867526047,0.4983440756,0
0.28282828,0.75757576,4.1243590428,0.5155448803,0
0.29292929,0.75757576,4.2670204411,0.5333775551,0
0.30303030,0.75757576,4.4142859628,0.5517857454,0
0.31313131,0.75757576,4.5655697825,0.5706962228,0
0.32323232,0.75757576,4.7201493790,0.5900186724,0
0.33333333,0.75757576,4.8771707824,0.6096463478,0
0.34343434,0.75757576,5.0356617349,0.6294577169,0
0.35353535,0.75757576,5.1945530564,0.6493191320,0
0.36363636,0.75757576,5.3527076298,0.6690884537,0
0.37373737,0.75757576,5.5089554687,0.6886194336,0
0.38383838,0.75757576,5.6621324563,0.7077665570,0
0.39393939,0.75757576,5.8111197356,0.7263899670,0
0.40404040,0.75757576,5.9548805147,0.7443600643,0
0.41414141,0.75757576,6.0924913003,0.7615614125,0
0.42424242,0.75757576,6.2231652458,0.7778956557,0
0.43434343,0.75757576,6.3462662589,0.7932832824,0
0.44444444,0.75757576,6.4613135833,0.8076641979,0
0.45454545,0.75757576,6.5679775504,0.8209971938,0
0.46464646,0.75757576,6.6660679444,0.8332584931,0
0.47474747,0.75757576,6.7555168652,0.8444396081,0
0.48484848,0.75757576,6.8363580943,0.8545447618,0
0.49494949,0.75757576,6.9087048405,0.8635881051,0
0.50505051,0.75757576,6.9727274232,0.8715909279,0
0.51515152,0.75757576,7.0286320628,0.8785790079,0
0.52525253,0.75757576,7.0766415314,0.8845801914,0
0.53535354,0.75757576,7.1169780573,0.8896222572,0
0.54545455,0.75757576,7.1498485801,0.8937310725,0
0.55555556,0.75757576,7.1754322376,0.8969290297,0
0.56565657,0.75757576,7.1938698351,0.8992337294,0
0.57575758,0.75757576,7.2052549719,0.9006568715,0
0.58585859,0.75757576,7.2096264916,0.9012033114,0
0.59595960,0.75757576,7.2069619434,0.9008702429,0
0.60606061,0.75757576,7.1971718106,0.8996464763,0
0.61616162,0.75757576,7.1800943502,0.8975117938,0
0.62626263,0.75757576,7.1554910186,0.8944363773,0
0.63636364,0.75757576,7.1230426211,0.8903803276,0
0.64646465,0.75757576,7.0823465345,0.8852933168,0
0.65656566,0.75757576,7.0329156277,0.8791144535,0
0.66666667,0.75757576,6.9741798435,0.8717724804,0
0.67676768,0.75757576,6.9054918201,0.8631864775,0
0.68686869,0.75757576,6.8261383985,0.8532672998,0
0.69696970,0.75757576,6.7353603335,0.8419200417,0
0.70707071,0.75757576,6.6323828925,0.8290478616,0
0.71717172,0.75757576,6.5164601010,0.8145575126,0
0.72727273,0.75757576,6.3869348824,0.7983668603,0
0.73737374,0.75757576,6.2433158991,0.7804144874,0
0.74747475,0.75757576,6.0853691691,0.7606711461,0
0.75757576,0.75757576,5.9132183782,0.7391522973,0
0.76767677,0.75757576,5.7274425777,0.7159303222,0
0.77777778,0.75757576,5.5291547876,0.6911443485,0
0.78787879,0.75757576,5.3200419036,0.6650052379,0
0.79797980,0.75757576,5.1023476018,0.6377934502,0
0.80808081,0.75757576,4.8787873249,0.6098484156,0
0.81818182,0.75757576,4.6523974743,0.5815496843,0
0.82828283,0.75757576,4.4263363613,0.5532920452,0
0.83838384,0.75757576,4.2036669806,0.5254583726,0
0.84848485,0.75757576,3.9871563633,0.4983945454,0
0.85858586,0.75757576,3.7791212694,0.4723901587,0
0.86868687,0.75757576,3.5813374996,0.4476671874,0
0.87878788,0.75757576,3.3950151071,0.4243768884,0
0.88888889,0.75757576,3.2208293164,0.4026036646,0
0.89898990,0.75757576,3.0589899541,0.3823737443,0
0.90909091,0.75757576,2.9093309124,0.3636663641,0
0.91919192,0.75757576,2.7714039758,0.3464254970,0
0.92929293,0.75757576,2.6445660479,0.3305707560,0
0.93939394,0.75757576,2.5280536181,0.3160067023,0
0.94949495,0.75757576,2.4210421799,0.3026302725,0
0.95959596,0.75757576,2.3226909198,0.2903363650,0
0.96969697,0.75757576,2.2321744482,0.2790218060,0
0.97979798,0.75757576,2.1487039390,0.2685879924,0
0.98989899,0.75757576,2.0715400811,0.2589425101,0
1.00000000,0.75757576,1.9996772701,0.2499596588,1
0.00000000,0.81818182,2.0000000000,0.2500000000,0
0.01010101,0.81818182,2.0398369218,0.2549796152,0
0.02020202,0.81818182,2.0816113013,0.2602014127,0
0.03030303,0.81818182,2.1254638998,0.2656829875,0
0.04040404,0.81818182,2.1715461978,0.2714432747,0
0.05050505,0.81818182,2.2200209870,0.2775026234,0
0.06060606,0.81818182,2.2710629137,0.2838828642,0
0.07070707,0.81818182,2.3248589376,0.2906073672,0
0.08080808,0.81818182,2.3816086638,0.2977010830,0
0.09090909,0.81818182,2.4415244923,0.3051905615,0
0.10101010,0.81818182,2.5048315121,0.3131039390,0
0.11111111,0.81818182,2.5717670524,0.3214708816,0
0.12121212,0.81818182,2.6425797812,0.3303224726,0
0.13131313,0.81818182,2.7175282181,0.3396910273,0
0.14141414,0.81818182,2.7968785065,0.3496098133,0
0.15151515,0.81818182,2.8809012629,0.3601126579,0
0.16161616,0.81818182,2.9698673024,0.3712334128,0
0.17171717,0.81818182,3.0640420239,0.3830052530,0
0.18181818,0.81818182,3.1636782380,0.3954597797,0
0.19191919,0.81818182,3.2690072387,0.4086259048,0
0.20202020,0.81818182,3.3802279711,0.4225284964,0
0.21212121,0.81818182,3.4974942378,0.4371867797,0
0.22222222,0.81818182,3.6209000316,0.4526125039,0
0.23232323,0.81818182,3.7504632876,0.4688079109,0
0.24242424,0.81818182,3.8861086180,0.4857635773,0
0.25252525,0.81818182,4.0276499163,0.5034562395,0
0.26262626,0.81818182,4.1747740705,0.5218467588,0
0.27272727,0.81818182,4.3270273608,0.5408784201,0
0.28282828,0.81818182,4.4838063602,0.5604757950,0
0.29292929,0.81818182,4.6443552299,0.5805444037,0
0.30303030,0.81818182,4.8077711179,0.6009713897,0
0.31313131,0.81818182,4.9730188629,0.6216273579,0
0.32323232,0.81818182,5.1389553796,0.6423694225,0
0.33333333,0.81818182,5.3043630196,0.6630453774,0
0.34343434,0.81818182,5.4679900198,0.6834987525,0
0.35353535,0.81818182,5.6285950890,0.7035743861,0
0.36363636,0.81818182,5.7849924582,0.7231240573,0
0.37373737,0.81818182,5.9360935217,0.7420116902,0
0.38383838,0.81818182,6.0809415761,0.7601176970,0
0.39393939,0.81818182,6.2187370590,0.7773421324,0
0.40404040,0.81818182,6.3488519157,0.7936064895,0
0.41414141,0.81818182,6.4708330252,0.8088541281,0
0.42424242,0.81818182,6.5843957648,0.8230494706,0
0.43434343,0.81818182,6.6894096194,0.8361762024,0
0.44444444,0.81818182,6.7858781618,0.8482347702,0
0.45454545,0.81818182,6.8739157818,0.8592394727,0
0.46464646,0.81818182,6.9537232923,0.8692154115,0
0.47474747,0.81818182,7.0255641199,0.8781955150,0
0.48484848,0.81818182,7.0897422864,0.8862177858,0
0.49494949,0.81818182,7.1465829143,0.8933228643,0
0.50505051,0.81818182,7.1964155738,0.8995519467,0
0.51515152,0.81818182,7.2395604793,0.9049450599,0
0.52525253,0.81818182,7.2763173206,0.9095396651,0
0.53535354,0.81818182,7.3069563848,0.9133695481,0
0.54545455,0.81818182,7.3317115582,0.9164639448,0
0.55555556,0.81818182,7.3507747832,0.9188468479,0
0.56565657,0.81818182,7.3642915605,0.9205364451,0
0.57575758,0.81818182,7.3723571217,0.9215446402,0
0.58585859,0.81818182,7.3750129422,0.9218766178,0
0.59595960,0.81818182,7.3722433138,0.9215304142,0
0.60606061,0.81818182,7.3639717475,0.9204964684,0
0.61616162,0.81818182,7.3500570290,0.9187571286,0
0.62626263,0.81818182,7.3302888166,0.9162861021,0
0.63636364,0.81818182,7.3043827437,0.9130478430,0
0.64646465,0.81818182,7.2719750922,0.9089968865,0
0.65656566,0.81818182,7.2326172473,0.9040771559,0
0.66666667,0.81818182,7.1857703458,0.8982212932,0
0.67676768,0.81818182,7.1308008157,0.8913501020,0
0.68686869,0.81818182,7.0669779060,0.8833722383,0
0.69696970,0.81818182,6.9934748304,0.8741843538,0
0.70707071,0.81818182,6.9093758269,0.8636719784,0
0.71717172,0.81818182,6.8136922182,0.8517115273,0
0.72727273,0.81818182,6.7053913617,0.8381739202,0
0.73737374,0.81818182,6.5834429610,0.8229303701,0
0.74747475,0.81818182,6.4468871927,0.8058608991,0
0.75757576,0.81818182,6.2949278533,0.7868659817,0
0.76767677,0.81818182,6.1270505342,0.7658813168,0
0.77777778,0.81818182,5.9431600608,0.7428950076,0
0.78787879,0.81818182,5.7437231207,0.7179653901,0
0.79797980,0.81818182,5.5298925372,0.6912365671,0
0.80808081,0.81818182,5.3035822508,0.6629477814,0
0.81818182,0.81818182,5.0674614007,0.6334326751,0
0.82828283,0.81818182,4.8248460487,0.6031057561,0
0.83838384,0.81818182,4.5794884892,0.5724360611,0
0.84848485,0.81818182,4.3352911810,0.5419113976,0
0.85858586,0.81818182,4.0959947731,0.5119993466,0
0.86868687,0.81818182,3.8648974615,0.4831121827,0
0.87878788,0.81818182,3.6446524637,0.4555815580,0
0.88888889,0.81818182,3.4371668666,0.4296458583,0
0.89898990,0.81818182,3.2435989104,0.4054498638,0
0.90909091,0.81818182,3.0644314175,0.3830539272,0
0.91919192,0.81818182,2.8995907971,0.3624488496,0
0.92929293,0.81818182,2.7485826552,0.3435728319,0
0.93939394,0.81818182,2.6106223614,0.3263277952,0
0.94949495,0.81818182,2.4847477411,0.3105934676,0
0.95959596,0.81818182,2.3699086260,0.2962385782,0
0.96969697,0.81818182,2.2650331917,0.2831291490,0
0.97979798,0.81818182,2.1690739072,0.2711342384,0
0.98989899,0.81818182,2.0810370741,0.2601296343,1
1.00000000,0.81818182,1.9999869960,0.2499983745,1
0.00000000,0.87878788,2.0000000000,0.2500000000,0
0.01010101,0.87878788,2.0450463681,0.2556307960,0
0.02020202,0.87878788,2.0924465101,0.2615558138,0
0.03030303,0.87878788,2.1423831019,0.2677978877,0
0.04040404,0.87878788,2.1950528674,0.2743816084,0
0.05050505,0.87878788,2.2506671756,0.2813333970,0
0.06060606,0.87878788,2.3094524879,0.2886815610,0
0.07070707,0.87878788,2.3716505824,0.2964563228,0
0.08080808,0.87878788,2.4375184643,0.3046898080,0
0.09090909,0.87878788,2.5073278432,0.3134159804,0
0.10101010,0.87878788,2.5813640348,0.3226705043,0
0.11111111,0.87878788,2.6599241077,0.3324905135,0
0.12121212,0.87878788,2.7433140674,0.3429142584,0
0.13131313,0.87878788,2.8318448325,0.3539806041,0
0.14141414,0.87878788,2.9258267337,0.3657283417,0
0.15151515,0.87878788,3.0255622465,0.3781952808,0
0.16161616,0.87878788,3.1313366763,0.3914170845,0
0.17171717,0.87878788,3.2434065495,0.4054258187,0
0.18181818,0.87878788,3.3619855511,0.4202481939,0
0.19191919,0.87878788,3.4872280029,0.4359035004,0
0.20202020,0.87878788,3.6192101047,0.4524012631,0
0.21212121,0.87878788,3.7579094843,0.4697386855,0
0.22222222,0.87878788,3.9031840106,0.4878980013,0
0.23232323,0.87878788,4.0547512868,0.5068439109,0
0.24242424,0.87878788,4.2121707180,0.5265213397,0
0.25252525,0.87878788,4.3748304275,0.5468538034,0
0.26262626,0.87878788,4.5419414884,0.5677426860,0
0.27272727,0.87878788,4.7125417882,0.5890677235,0
0.28282828,0.87878788,4.8855112795,0.6106889099,0
0.29292929,0.87878788,5.0595993399,0.6324499175,0
0.30303030,0.87878788,5.2334635612,0.6541829451,0
0.31313131,0.87878788,5.4057177093,0.6757147137,0
0.32323232,0.87878788,5.5749851473,0.6968731434,0
0.33333333,0.87878788,5.7399530214,0.7174941277,0
0.34343434,0.87878788,5.8994222281,0.7374277785,0
0.35353535,0.87878788,6.0523487039,0.7565435880,0
0.36363636,0.87878788,6.1978728015,0.7747341002,0
0.37373737,0.87878788,6.3353351630,0.7919168954,0
0.38383838,0.87878788,6.4642792262,0.8080349033,0
0.39393939,0.87878788,6.5844419597,0.8230552450,0
0.40404040,0.87878788,6.6957354156,0.8369669269,0
0.41414141,0.87878788,6.7982221310,0.8497777664,0
0.42424242,0.87878788,6.8920873572,0.8615109196,0
0.43434343,0.87878788,6.9776106876,0.8722013360,0
0.44444444,0.87878788,7.0551390522,0.8818923815,0
0.45454545,0.87878788,7.1250623942,0.8906327993,0
0.46464646,0.87878788,7.1877927472,0.8984740934,0
0.47474747,0.87878788,7.2437469480,0.9054683685,0
0.48484848,0.87878788,7.2933328680,0.9116666085,0
0.49494949,0.87878788,7.3369388250,0.9171173531,0
0.50505051,0.87878788,7.3749257129,0.9218657141,0
0.51515152,0.87878788,7.4076213462,0.9259526683,0
0.52525253,0.87878788,7.4353165245,0.9294145656,0
0.53535354,0.87878788,7.4582623592,0.9322827949,0
0.54545455,0.87878788,7.4766684614,0.9345835577,0
0.55555556,0.87878788,7.4907016425,0.9363377053,0
0.56565657,0.87878788,7.5004848380,0.9375606048,0
0.57575758,0.87878788,7.5060960056,0.9382620007,0
0.58585859,0.87878788,7.5075667909,0.9384458489,0
0.59595960,0.87878788,7.5048807827,0.9381100978,0
0.60606061,0.87878788,7.4979711997,0.9372464000,0
0.61616162,0.87878788,7.4867178702,0.9358397338,0
0.62626263,0.87878788,7.4709433813,0.9338679227,0
0.63636364,0.87878788,7.4504082876,0.9313010359,0
0.64646465,0.87878788,7.4248052998,0.9281006625,0
0.65656566,0.87878788,7.3937524137,0.9242190517,0
0.66666667,0.87878788,7.3567850139,0.9195981267,0
0.67676768,0.87878788,7.3133471106,0.9141683888,0
0.68686869,0.87878788,7.2627820698,0.9078477587,0
0.69696970,0.87878788,7.2043235084,0.9005404385,0
0.70707071,0.87878788,7.1370875045,0.8921359381,0
0.71717172,0.87878788,7.0600679622,0.8825084953,0
0.72727273,0.87878788,6.9721379290,0.8715172411,0
0.73737374,0.87878788,6.8720609037,0.8590076130,0
0.74747475,0.87878788,6.7585176299,0.8448147037,0
0.75757576,0.87878788,6.6301552980,0.8287694123,0
0.76767677,0.87878788,6.4856669196,0.8107083650,0
0.77777778,0.87878788,6.3239079161,0.7904884895,0
0.78787879,0.87878788,6.1440532422,0.7680066553,0
0.79797980,0.87878788,5.9457901032,0.7432237629,0
0.80808081,0.87878788,5.7295277788,0.7161909723,0
0.81818182,0.87878788,5.4965888792,0.6870736099,0
0.82828283,0.87878788,5.2493311410,0.6561663926,0
0.83838384,0.87878788,4.9911449918,0.6238931240,0
0.84848485,0.87878788,4.7262888490,0.5907861061,0
0.85858586,0.87878788,4.4595632373,0.5574454047,0
0.86868687,0.87878788,4.1958747058,0.5244843382,0
0.87878788,0.87878788,3.9397789434,0.4924723679,0
0.88888889,0.87878788,3.6950994795,0.4618874349,0
0.89898990,0.87878788,3.4646903631,0.4330862954,0
0.90909091,0.87878788,3.2503635219,0.4062954402,0
0.91919192,0.87878788,3.0529570286,0.3816196286,0
0.92929293,0.87878788,2.8724952060,0.3590619008,0
0.93939394,0.87878788,2.7083880202,0.3385485025,0
0.94949495,0.87878788,2.5596284478,0.3199535560,0
0.95959596,0.87878788,2.4249629018,0.3031203627,0
0.96969697,0.87878788,2.3030244906,0.2878780613,0
0.97979798,0.87878788,2.1924289396,0.2740536175,0
0.98989899,0.87878788,2.0918383662,0.2614797958,1
1.00000000,0.87878788,1.9997336598,0.2499667075,1
0.00000000,0.93939394,2.0000000000,0.2500000000,0
0.01010101,0.93939394,2.0509486673,0.2563685834,0
0.02020202,0.93939394,2.1047697024,0.2630962128,0
0.03030303,0.93939394,2.1617019281,0.2702127410,0
0.04040404,0.93939394,2.2220025657,0.2777503207,0
0.05050505,0.93939394,2.2859476646,0.2857434581,0
0.06060606,0.93939394,2.3538321675,0.2942290209,0
0.07070707,0.93939394,2.4259694572,0.3032461821,0
0.08080808,0.93939394,2.5026901956,0.3128362745,0
0.09090909,0.93939394,2.5843402181,0.3230425273,0
0.10101010,0.93939394,2.6712771976,0.3339096497,0
0.11111111,0.93939394,2.7638657440,0.3454832180,0
0.12121212,0.93939394,2.8624705628,0.3578088204,0
0.13131313,0.93939394,2.9674472690,0.3709309086,0
0.14141414,0.93939394,3.0791304621,0.3848913078,0
0.15151515,0.93939394,3.1978187224,0.3997273403,0
0.16161616,0.93939394,3.3237563255,0.4154695407,0
0.17171717,0.93939394,3.4571117076,0.4321389634,0
0.18181818,0.93939394,3.5979530764,0.4497441345,0
0.19191919,0.93939394,3.7462220659,0.4682777582,0
0.20202020,0.93939394,3.9017069523,0.4877133690,0
0.21212121,0.93939394,4.0640176414,0.5080022052,0
0.22222222,0.93939394,4.2325652896,0.5290706612,0
0.23232323,0.93939394,4.4065498705,0.5508187338,0
0.24242424,0.93939394,4.5849590554,0.5731198819,0
0.25252525,0.93939394,4.7665812469,0.5958226559,0
0.26262626,0.93939394,4.9500343962,0.6187542995,0
0.27272727,0.93939394,5.1338103850,0.6417262981,0
0.28282828,0.93939394,5.3163325277,0.6645415660,0
0.29292929,0.93939394,5.4960215741,0.6870026968,0
0.30303030,0.93939394,5.6713639911,0.7089204989,0
0.31313131,0.93939394,5.8409756953,0.7301219619,0
0.32323232,0.93939394,6.0036550075,0.7504568759,0
0.33333333,0.93939394,6.1584202615,0.7698025327,0
0.34343434,0.93939394,6.3045298366,0.7880662296,0
0.35353535,0.93939394,6.4414848241,0.8051856030,0
0.36363636,0.93939394,6.5690166033,0.8211270754,0
0.37373737,0.93939394,6.6870629376,0.8358828672,0
0.38383838,0.93939394,6.7957367352,0.8494670919,0
0.39393939,0.93939394,6.8952914425,0.8619114303,0
0.40404040,0.93939394,6.9860863848,0.8732607981,0
0.41414141,0.93939394,7.0685544800,0.8835693100,0
0.42424242,0.93939394,7.1431738465,0.8928967308,0
0.43434343,0.93939394,7.2104440288,0.9013055036,0
0.44444444,0.93939394,7.2708669605,0.9088583701,0
0.45454545,0.93939394,7.3249323698,0.9156165462,0
0.46464646,0.93939394,7.3731070909,0.9216383864,0
0.47474747,0.93939394,7.4158276405,0.9269784551,0
0.48484848,0.93939394,7.4534954023,0.9316869253,0
0.49494949,0.93939394,7.4864738096,0.9358092262,0
0.50505051,0.93939394,7.5150869873,0.9393858734,0
0.51515152,0.93939394,7.5396193998,0.9424524250,0
0.52525253,0.93939394,7.5603161350,0.9450395169,0
0.53535354,0.93939394,7.5773835267,0.9471729408,0
0.54545455,0.93939394,7.5909898810,0.9488737351,0
0.55555556,0.93939394,7.6012661224,0.9501582653,0
0.56565657,0.93939394,7.6083062097,0.9510382762,0
0.57575758,0.93939394,7.6121672019,0.9515209002,0
0.58585859,0.93939394,7.6128688659,0.9516086082,0
0.59595960,0.93939394,7.6103927319,0.9512990915,0
0.60606061,0.93939394,7.6046804970,0.9505850621,0
0.61616162,0.93939394,7.5956316780,0.9494539598,0
0.62626263,0.93939394,7.5831004026,0.9478875503,0
0.63636364,0.93939394,7.5668912171,0.9458614021,0
0.64646465,0.93939394,7.5467537759,0.9433442220,0
0.65656566,0.93939394,7.5223762677,0.9402970335,0
0.66666667,0.93939394,7.4933774335,0.9366721792,0
0.67676768,0.93939394,7.4592970466,0.9324121308,0
0.68686869,0.93939394,7.4195847760,0.9274480970,0
0.69696970,0.93939394,7.3735874612,0.9216984327,0
0.70707071,0.93939394,7.3205350263,0.9150668783,0
0.71717172,0.93939394,7.2595256133,0.9074407017,0
0.72727273,0.93939394,7.1895110913,0.8986888864,0
0.73737374,0.93939394,7.1092850057,0.8886606257,0
0.74747475,0.93939394,7.0174763981,0.8771845498,0
0.75757576,0.93939394,6.9125548473,0.8640693559,0
0.76767677,0.93939394,6.7928545863,0.8491068233,0
0.77777778,0.93939394,6.6566283897,0.8320785487,0
0.78787879,0.93939394,6.5021443507,0.8127680438,0
0.79797980,0.93939394,6.3278390390,0.7909798799,0
0.80808081,0.93939394,6.1325361137,0.7665670142,0
0.81818182,0.93939394,5.9157267507,0.7394658438,0
0.82828283,0.93939394,5.6778847324,0.7097355915,0
0.83838384,0.93939394,5.4207568536,0.6775946067,0
0.84848485,0.93939394,5.1475394717,0.6434424340,0
0.85858586,0.93939394,4.8628449713,0.6078556214,0
0.86868687,0.93939394,4.5723979110,0.5715497389,0
0.87878788,0.93939394,4.2824810704,0.5353101338,0
0.88888889,0.93939394,3.9992455642,0.4999056955,0
0.89898990,0.93939394,3.7280555615,0.4660069452,0
0.90909091,0.93939394,3.4730223263,0.4341277908,0
0.91919192,0.93939394,3.2368048124,0.4046006015,0
0.92929293,0.93939394,3.0206612291,0.3775826536,0
0.93939394,0.93939394,2.8246730621,0.3530841328,0
0.94949495,0.93939394,2.6480463676,0.3310057960,0
0.95959596,0.93939394,2.4894133076,0.3111766635,0
0.96969697,0.93939394,2.3470883864,0.2933860483,0
0.97979798,0.93939394,2.2192623395,0.2774077924,0
0.98989899,0.93939394,2.1041353109,0.2630169139,1
1.00000000,0.93939394,1.5000410053,0.1875051257,1
0.00000000,1.00000000,2.0000000000,0.2500000000,0
0.01010101,1.00000000,2.0576391428,0.2572048928,0
0.02020202,1.00000000,2.1187989220,0.2648498652,0
0.03030303,1.00000000,2.1837937285,0.2729742161,0
0.04040404,1.00000000,2.2529619446,0.2816202431,0
0.05050505,1.00000000,2.3266658118,0.2908332265,0
0.06060606,1.00000000,2.4052904817,0.3006613102,0
0.07070707,1.00000000,2.4892419364,0.3111552421,0
0.08080808,1.00000000,2.5789433950,0.3223679244,0
0.09090909,1.00000000,2.6748297408,0.3343537176,0
0.10101010,1.00000000,2.7773394359,0.3471674295,0
0.11111111,1.00000000,2.8869033335,0.3608629167,0
0.12121212,1.00000000,3.0039297970,0.3754912246,0
0.13131313,1.00000000,3.1287855973,0.3910981997,0
0.14141414,1.00000000,3.2617722530,0.4077215316,0
0.15151515,1.00000000,3.4030978208,0.4253872276,0
0.16161616,1.00000000,3.5528447014,0.4441055877,0
0.17171717,1.00000000,3.7109348003,0.4638668500,0
0.18181818,1.00000000,3.8770943566,0.4846367946,0
0.19191919,1.00000000,4.0508218223,0.5063527278,0
0.20202020,1.00000000,4.2313631384,0.5289203923,0
0.21212121,1.00000000,4.4176993323,0.5522124165,0
0.22222222,1.00000000,4.6085512002,0.5760689000,0
0.23232323,1.00000000,4.8024046700,0.6003005838,0
0.24242424,1.00000000,4.9975581616,0.6246947702,0
0.25252525,1.00000000,5.1921901016,0.6490237627,0
0.26262626,1.00000000,5.3844412995,0.6730551624,0
0.27272727,1.00000000,5.5725039828,0.6965629978,0
0.28282828,1.00000000,5.7547077362,0.7193384670,0
0.29292929,1.00000000,5.9295929114,0.7411991139,0
0.30303030,1.00000000,6.0959642033,0.7619955254,0
0.31313131,1.00000000,6.2529204782,0.7816150598,0
0.32323232,1.00000000,6.3998606718,0.7999825840,0
0.33333333,1.00000000,6.5364687892,0.8170585986,0
0.34343434,1.00000000,6.6626831418,0.8328353927,0
0.35353535,1.00000000,6.7786557695,0.8473319712,0
0.36363636,1.00000000,6.8847076942,0.8605884618,0
0.37373737,1.00000000,6.9812846229,0.8726605779,0
0.38383838,1.00000000,7.0689163550,0.8836145444,0
0.39393939,1.00000000,7.1481818104,0.8935227263,0
0.40404040,1.00000000,7.2196804602,0.9024600575,0
0.41414141,1.00000000,7.2840101229,0.9105012654,0
0.42424242,1.00000000,7.3417505591,0.9177188199,0
0.43434343,1.00000000,7.3934520309,0.9241815039,0
0.44444444,1.00000000,7.4396278984,0.9299534873,0
0.45454545,1.00000000,7.4807503586,0.9350937948,0
0.46464646,1.00000000,7.5172485267,0.9396560658,0
0.47474747,1.00000000,7.5495081864,0.9436885233,0
0.48484848,1.00000000,7.5778726631,0.9472340829,0
0.49494949,1.00000000,7.6026443923,0.9503305490,0
0.50505051,1.00000000,7.6240868608,0.9530108576,0
0.51515152,1.00000000,7.6424266766,0.9553033346,0
0.52525253,1.00000000,7.6578555921,0.9572319490,0
0.53535354,1.00000000,7.6705323533,0.9588165442,0
0.54545455,1.00000000,7.6805842820,0.9600730352,0
0.55555556,1.00000000,7.6881085218,0.9610135652,0
0.56565657,1.00000000,7.6931728954,0.9616466119,0
0.57575758,1.00000000,7.6958163245,0.9619770406,0
0.58585859,1.00000000,7.6960487677,0.9620060960,0
0.59595960,1.00000000,7.6938506262,0.9617313283,0
0.60606061,1.00000000,7.6891715567,0.9611464446,0
0.61616162,1.00000000,7.6819286208,0.9602410776,0
0.62626263,1.00000000,7.6720036799,0.9590004600,0
0.63636364,1.00000000,7.6592399235,0.9574049904,0
0.64646465,1.00000000,7.6434373929,0.9554296741,0
0.65656566,1.00000000,7.6243473321,0.9530434165,0
0.66666667,1.00000000,7.6016651646,0.9502081456,0
0.67676768,1.00000000,7.5750218618,0.9468777327,0
0.68686869,1.00000000,7.5439734413,0.9429966802,0
0.69696970,1.00000000,7.5079883171,0.9384985396,0
0.70707071,1.00000000,7.4664322446,0.9333040306,0
0.71717172,1.00000000,7.4185506825,0.9273188353,0
0.72727273,1.00000000,7.3634485862,0.9204310733,0
0.73737374,1.00000000,7.3000680371,0.9125085046,0
0.74747475,1.00000000,7.2271648224,0.9033956028,0
0.75757576,1.00000000,7.1432862971,0.8929107871,0
0.76767677,1.00000000,7.0467548450,0.8808443556,0
0.77777778,1.00000000,6.9356642761,0.8669580345,0
0.78787879,1.00000000,6.8079007861,0.8509875983,0
0.79797980,1.00000000,6.6612054855,0.8326506857,0
0.80808081,1.00000000,6.4933009225,0.8116626153,0
0.81818182,1.00000000,6.3021065778,0.7877633222,0
0.82828283,1.00000000,6.0860624580,0.7607578072,0
0.83838384,1.00000000,5.8445577384,0.7305697173,0
0.84848485,1.00000000,5.5784164335,0.6973020542,0
0.85858586,1.00000000,5.2903284863,0.6612910608,0
0.86868687,1.00000000,4.9850588065,0.6231323508,0
0.87878788,1.00000000,4.6692670784,0.5836583848,0
0.88888889,1.00000000,4.3508687941,0.5438585993,0
0.89898990,1.00000000,4.0380459140,0.5047557392,0
0.90909091,1.00000000,3.7381790676,0.4672723835,0
0.91919192,1.00000000,3.4570114655,0.4321264332,0
0.92929293,1.00000000,3.1982402727,0.3997800341,0
0.93939394,1.00000000,2.9635464236,0.3704433029,0
0.94949495,1.00000000,2.7529321886,0.3441165236,0
0.95959596,1.00000000,2.5651918244,0.3206489781,0
0.96969697,1.00000000,2.3983749021,0.2997968628,0
0.97979798,1.00000000,2.2501649834,0.2812706229,0
0.98989899,1.00000000,2.1181508467,0.2647688558,1
1.00000000,1.00000000,1.5700877868,0.1962609734,1
0.00000000,1.06060606,2.0000000000,0.2500000000,0
0.01010101,1.06060606,2.0652271225,0.2581533903,0
0.02020202,1.06060606,2.1347880425,0.2668485053,0
0.03030303,1.06060606,2.2090992832,0.2761374104,0
0.04040404,1.06060606,2.2886083523,0.2860760440,0
0.05050505,1.06060606,2.3737921939,0.2967240242,0
0.06060606,1.06060606,2.4651538896,0.3081442362,0
0.07070707,1.06060606,2.5632169797,0.3204021225,0
0.08080808,1.06060606,2.6685166443,0.3335645805,0
0.09090909,1.06060606,2.7815868769,0.3476983596,0
0.10101010,1.06060606,2.9029427218,0.3628678402,0
0.11111111,1.06060606,3.0330566925,0.3791320866,0
0.12121212,1.06060606,3.1723287020,0.3965410878,0
0.13131313,1.06060606,3.3210493033,0.4151311629,0
0.14141414,1.06060606,3.4793568420,0.4349196053,0
0.15151515,1.06060606,3.6471903091,0.4558987886,0
0.16161616,1.06060606,3.8242412250,0.4780301531,0
0.17171717,1.06060606,4.0099096260,0.5012387032,0
0.18181818,1.06060606,4.2032708045,0.5254088506,0
0.19191919,1.06060606,4.4030603636,0.5503825455,0
0.20202020,1.06060606,4.6076847514,0.5759605939,0
0.21212121,1.06060606,4.8152622656,0.6019077832,0
0.22222222,1.06060606,5.0236954747,0.6279619343,0
0.23232323,1.06060606,5.2307706502,0.6538463313,0
0.24242424,1.06060606,5.4342743810,0.6792842976,0
0.25252525,1.06060606,5.6321135912,0.7040141989,0
0.26262626,1.06060606,5.8224240237,0.7278030030,0
0.27272727,1.06060606,6.0036543496,0.7504567937,0
0.28282828,1.06060606,6.1746178065,0.7718272258,0
0.29292929,1.06060606,6.3345092294,0.7918136537,0
0.30303030,1.06060606,6.4828908589,0.8103613574,0
0.31313131,1.06060606,6.6196541591,0.8274567699,0
0.32323232,1.06060606,6.7449665444,0.8431208180,0
0.33333333,1.06060606,6.8592116346,0.8574014543,0
0.34343434,1.06060606,6.9629300612,0.8703662577,0
0.35353535,1.06060606,7.0567656906,0.8820957113,0
0.36363636,1.06060606,7.1414199970,0.8926774996,0
0.37373737,1.06060606,7.2176155734,0.9022019467,0
0.38383838,1.06060606,7.2860685379,0.9107585672,0
0.39393939,1.06060606,7.3474688609,0.9184336076,0
0.40404040,1.06060606,7.4024672996,0.9253084124,0
0.41414141,1.06060606,7.4516675577,0.9314584447,0
0.42424242,1.06060606,7.4956223935,0.9369527992,0
0.43434343,1.06060606,7.5348325713,0.9418540714,0
0.44444444,1.06060606,7.5697477649,0.9462184706,0
0.45454545,1.06060606,7.6007687131,0.9500960891,0
0.46464646,1.06060606,7.6282501065,0.9535312633,0
0.47474747,1.06060606,7.6525038230,0.9565629779,0
0.48484848,1.06060606,7.6738022452,0.9592252806,0
0.49494949,1.06060606,7.6923814778,0.9615476847,0
0.50505051,1.06060606,7.7084443450,0.9635555431,0
0.51515152,1.06060606,7.7221630929,0.9652703866,0
0.52525253,1.06060606,7.7336817530,0.9667102191,0
0.53535354,1.06060606,7.7431181403,0.9678897675,0
0.54545455,1.06060606,7.7505654738,0.9688206842,0
0.55555556,1.06060606,7.7560936089,0.9695117011,0
0.56565657,1.06060606,7.7597498758,0.9699687345,0
0.57575758,1.06060606,7.7615595108,0.9701949388,0
0.58585859,1.06060606,7.7615256638,0.9701907080,0
0.59595960,1.06060606,7.7596289561,0.9699536195,0
0.60606061,1.06060606,7.7558265489,0.9694783186,0
0.61616162,1.06060606,7.7500506706,0.9687563338,0
0.62626263,1.06060606,7.7422065304,0.9677758163,0
0.63636364,1.06060606,7.7321695243,0.9665211905,0
0.64646465,1.06060606,7.7197816121,0.9649727015,0
0.65656566,1.06060606,7.7048467094,0.9631058387,0
0.66666667,1.06060606,7.6871248998,0.9608906125,0
0.67676768,1.06060606,7.6663252212,0.9582906526,0
0.68686869,1.06060606,7.6420967268,0.9552620909,0
0.69696970,1.06060606,7.6140174542,0.9517521818,0
0.70707071,1.06060606,7.5815808705,0.9476976088,0
0.71717172,1.06060606,7.5441793008,0.9430224126,0
0.72727273,1.06060606,7.5010838119,0.9376354765,0
0.73737374,1.06060606,7.4514200533,0.9314275067,0
0.74747475,1.06060606,7.3941397236,0.9242674655,0
0.75757576,1.06060606,7.3279877547,0.9159984693,0
0.76767677,1.06060606,7.2514661984,0.9064332748,0
0.77777778,1.06060606,7.1627975009,0.8953496876,0
0.78787879,1.06060606,7.0598928532,0.8824866067,0
0.79797980,1.06060606,6.9403362760,0.8675420345,0
0.80808081,1.06060606,6.8014026803,0.8501753350,0
0.81818182,1.06060606,6.6401384678,0.8300173085,0
0.82828283,1.06060606,6.4535445907,0.8066930738,0
0.83838384,1.06060606,6.2389086517,0.7798635815,0
0.84848485,1.06060606,5.9943221824,0.7492902728,0
0.85858586,1.06060606,5.7193729499,0.7149216187,0
0.86868687,1.06060606,5.4159053574,0.6769881697,0
0.87878788,1.06060606,5.0886107722,0.6360763465,0
0.88888889,1.06060606,4.7451203190,0.5931400399,0
0.89898990,1.06060606,4.3953449278,0.5494181160,0
0.90909091,1.06060606,4.0500961058,0.5062620132,0
0.91919192,1.06060606,3.7193918729,0.4649239841,0
0.92929293,1.06060606,3.4110340997,0.4263792625,0
0.93939394,1.06060606,3.1298844413,0.3912355552,0
0.94949495,1.06060606,2.8779009514,0.3597376189,0
0.95959596,1.06060606,2.6546974046,0.3318371756,0
0.96969697,1.06060606,2.4582991486,0.3072873936,0
0.97979798,1.06060606,2.2858489078,0.2857311135,0
0.98989899,1.06060606,2.1341457050,0.2667682131,1
1.00000000,1.06060606,1.5064312501,0.1883039063,1
0.00000000,1.12121212,2.0000000000,0.2500000000,0
0.01010101,1.12121212,2.0738382447,0.2592297806,0
0.02020202,1.12121212,2.1530337293,0.2691292162,0
0.03030303,1.12121212,2.2381415019,0.2797676877,0
0.04040404,1.12121212,2.3297559166,0.2912194896,0
0.05050505,1.12121212,2.4285058864,0.3035632358,0
0.06060606,1.12121212,2.5350464826,0.3168808103,0
0.07070707,1.12121212,2.6500456263,0.3312557033,0
0.08080808,1.12121212,2.7741644378,0.3467705547,0
0.09090909,1.12121212,2.9080297391,0.3635037174,0
0.10101010,1.12121212,3.0521973539,0.3815246692,0
0.11111111,1.12121212,3.2071053737,0.4008881717,0
0.12121212,1.12121212,3.3730176045,0.4216272006,0
0.13131313,1.12121212,3.5499591347,0.4437448918,0
0.14141414,1.12121212,3.7376483872,0.4672060484,0
0.15151515,1.12121212,3.9354329296,0.4919291162,0
0.16161616,1.12121212,4.1422391739,0.5177798967,0
0.17171717,1.12121212,4.3565479333,0.5445684917,0
0.18181818,1.12121212,4.5764074573,0.5720509322,0
0.19191919,1.12121212,4.7994920251,0.5999365031,0
0.20202020,1.12121212,5.0232072551,0.6279009069,0
0.21212121,1.12121212,5.2448341178,0.6556042647,0
0.22222222,1.12121212,5.4616946548,0.6827118319,0
0.23232323,1.12121212,5.6713166183,0.7089145773,0
0.24242424,1.12121212,5.8715738576,0.7339467322,0
0.25252525,1.12121212,6.0607845911,0.7575980739,0
0.26262626,1.12121212,6.2377588965,0.7797198621,0
0.27272727,1.12121212,6.4017967540,0.8002245942,0
0.28282828,1.12121212,6.5526459035,0.8190807379,0
0.29292929,1.12121212,6.6904330120,0.8363041265,0
0.30303030,1.12121212,6.8155821273,0.8519477659,0
0.31313131,1.12121212,6.9287321617,0.8660915202,0
0.32323232,1.12121212,7.0306616216,0.8788327027,0
0.33333333,1.12121212,7.1222251755,0.8902781469,0
0.34343434,1.12121212,7.2043036845,0.9005379606,0
0.35353535,1.12121212,7.2777672613,0.9097209077,0
0.36363636,1.12121212,7.3434497538,0.9179312192,0
0.37373737,1.12121212,7.4021325526,0.9252665691,0
0.38383838,1.12121212,7.4545355845,0.9318169481,0
0.39393939,1.12121212,7.5013135623,0.9376641953,0
0.40404040,1.12121212,7.5430558887,0.9428819861,0
0.41414141,1.12121212,7.5802889531,0.9475361191,0
0.42424242,1.12121212,7.6134798735,0.9516849842,0
0.43434343,1.12121212,7.6430410015,0.9553801252,0
0.44444444,1.12121212,7.6693347156,0.9586668395,0
0.45454545,1.12121212,7.6926781875,0.9615847734,0
0.46464646,1.12121212,7.7133479208,0.9641684901,0
0.47474747,1.12121212,7.7315839459,0.9664479932,0
0.48484848,1.12121212,7.7475936082,0.9684492010,0
0.49494949,1.12121212,7.7615549251,0.9701943656,0
0.50505051,1.12121212,7.7736195120,0.9717024390,0
0.51515152,1.12121212,7.7839150869,0.9729893859,0
0.52525253,1.12121212,7.7925475735,0.9740684467,0
0.53535354,1.12121212,7.7996028226,0.9749503528,0
0.54545455,1.12121212,7.8051479701,0.9756434963,0
0.55555556,1.12121212,7.8092324461,0.9761540558,0
0.56565657,1.12121212,7.8118886456,0.9764860807,0
0.57575758,1.12121212,7.8131322617,0.9766415327,0
0.58585859,1.12121212,7.8129622765,0.9766202846,0
0.59595960,1.12121212,7.8113605931,0.9764200741,0
0.60606061,1.12121212,7.8082912840,0.9760364105,0
0.61616162,1.12121212,7.8036994135,0.9754624267,0
0.62626263,1.12121212,7.7975093790,0.9746886724,0
0.63636364,1.12121212,7.7896226960,0.9737028370,0
0.64646465,1.12121212,7.7799151244,0.9724893905,0
0.65656566,1.12121212,7.7682330084,0.9710291260,0
0.66666667,1.12121212,7.7543886594,0.9692985824,0
0.67676768,1.12121212,7.7381545669,0.9672693209,0
0.68686869,1.12121212,7.7192561609,0.9649070201,0
0.69696970,1.12121212,7.6973627753,0.9621703469,0
0.70707071,1.12121212,7.6720763676,0.9590095460,0
0.71717172,1.12121212,7.6429174417,0.9553646802,0
0.72727273,1.12121212,7.6093074871,0.9511634359,0
0.73737374,1.12121212,7.5705471122,0.9463183890,0
0.74747475,1.12121212,7.5257889190,0.9407236149,0
0.75757576,1.12121212,7.4740041008,0.9342505126,0
0.76767677,1.12121212,7.4139418383,0.9267427298,0
0.77777778,1.12121212,7.3440810234,0.9180101279,0
0.78787879,1.12121212,7.2625750069,0.9078218759,0
0.79797980,1.12121212,7.1671925823,0.8958990728,0
0.80808081,1.12121212,7.0552633052,0.8819079131,0
0.81818182,1.12121212,6.9236439918,0.8654554990,0
0.82828283,1.12121212,6.7687375655,0.8460921957,0
0.83838384,1.12121212,6.5866161036,0.8233270130,0
0.84848485,1.12121212,6.3733236694,0.7966654587,0
0.85858586,1.12121212,6.1254475802,0.7656809475,0
0.86868687,1.12121212,5.8410176188,0.7301272023,0
0.87878788,1.12121212,5.5206745942,0.6900843243,0
0.88888889,1.12121212,5.1688185237,0.6461023155,0
0.89898990,1.12121212,4.7941862490,0.5992732811,0
0.90909091,1.12121212,4.4092644777,0.5511580597,0
0.91919192,1.12121212,4.0283652258,0.5035456532,0
0.92929293,1.12121212,3.6649503822,0.4581187978,0
0.93939394,1.12121212,3.3292953245,0.4161619156,0
0.94949495,1.12121212,3.0273487486,0.3784185936,0
0.95959596,1.12121212,2.7609059815,0.3451132477,0
0.96969697,1.12121212,2.5286110712,0.3160763839,0
0.97979798,1.12121212,2.3271775178,0.2908971897,0
0.98989899,1.12121212,2.1524261058,0.2690532632,1
1.00000000,1.12121212,1.5000003168,0.1875000396,1
0.00000000,1.18181818,2.0000000000,0.2500000000,0
0.01010101,1.18181818,2.0836172098,0.2604521512,0
0.02020202,1.18181818,2.1738840349,0.2717355044,0
0.03030303,1.18181818,2.2715439280,0.2839429910,0
0.04040404,1.18181818,2.3773886424,0.2971735803,0
0.05050505,1.18181818,2.4922466401,0.3115308300,0
0.06060606,1.18181818,2.6169639897,0.3271204987,0
0.07070707,1.18181818,2.7523753354,0.3440469169,0
0.08080808,1.18181818,2.8992624036,0.3624078004,0
0.09090909,1.18181818,3.0582978482,0.3822872310,0
0.10101010,1.18181818,3.2299733399,0.4037466675,0
0.11111111,1.18181818,3.4145130080,0.4268141260,0
0.12121212,1.18181818,3.6117768955,0.4514721119,0
0.13131313,1.18181818,3.8211638841,0.4776454855,0
0.14141414,1.18181818,4.0415288707,0.5051911088,0
0.15151515,1.18181818,4.2711332468,0.5338916558,0
0.16161616,1.18181818,4.5076486659,0.5634560832,0
0.17171717,1.18181818,4.7482293911,0.5935286739,0
0.18181818,1.18181818,4.9896573013,0.6237071627,0
0.19191919,1.18181818,5.2285476555,0.6535684569,0
0.20202020,1.18181818,5.4615877145,0.6826984643,0
0.21212121,1.18181818,5.6857703230,0.7107212904,0
0.22222222,1.18181818,5.8985849278,0.7373231160,0
0.23232323,1.18181818,6.0981393692,0.7622674211,0
0.24242424,1.18181818,6.2832028409,0.7854003551,0
0.25252525,1.18181818,6.4531773280,0.8066471660,0
0.26262626,1.18181818,6.6080164452,0.8260020556,0
0.27272727,1.18181818,6.7481148937,0.8435143617,0
0.28282828,1.18181818,6.8741897883,0.8592737235,0
0.29292929,1.18181818,6.9871695306,0.8733961913,0
0.30303030,1.18181818,7.0880994221,0.8860124278,0
0.31313131,1.18181818,7.1780676304,0.8972584538,0
0.32323232,1.18181818,7.2581512120,0.9072689015,0
0.33333333,1.18181818,7.3293796783,0.9161724598,0
0.34343434,1.18181818,7.3927126810,0.9240890851,0
0.35353535,1.18181818,7.4490283390,0.9311285424,0
0.36363636,1.18181818,7.4991191298,0.9373898912,0
0.37373737,1.18181818,7.5436928465,0.9429616058,0
0.38383838,1.18181818,7.5833767167,0.9479220896,0
0.39393939,1.18181818,7.6187233026,0.9523404128,0
0.40404040,1.18181818,7.6502172234,0.9562771529,0
0.41414141,1.18181818,7.6782820671,0.9597852584,0
0.42424242,1.18181818,7.7032870951,0.9629108869,0
0.43434343,1.18181818,7.7255535054,0.9656941882,0
0.44444444,1.18181818,7.7453601377,0.9681700172,0
0.45454545,1.18181818,7.7629485724,0.9703685716,0
0.46464646,1.18181818,7.7785276249,0.9723159531,0
0.47474747,1.18181818,7.7922772604,0.9740346575,0
0.48484848,1.18181818,7.8043519707,0.9755439963,0
0.49494949,1.18181818,7.8148836589,0.9768604574,0
0.50505051,1.18181818,7.8239840787,0.9779980098,0
0.51515152,1.18181818,7.8317468710,0.9789683589,0
0.52525253,1.18181818,7.8382492386,0.9797811548,0
0.53535354,1.18181818,7.8435532905,0.9804441613,0
0.54545455,1.18181818,7.8477070832,0.9809633854,0
0.55555556,1.18181818,7.8507453789,0.9813431724,0
0.56565657,1.18181818,7.8526901341,0.9815862668,0
0.57575758,1.18181818,7.8535507239,0.9816938405,0
0.58585859,1.18181818,7.8533238999,0.9816654875,0
0.59595960,1.18181818,7.8519934722,0.9814991840,0
0.60606061,1.18181818,7.8495296951,0.9811912119,0
0.61616162,1.18181818,7.8458883249,0.9807360406,0
0.62626263,1.18181818,7.8410093072,0.9801261634,0
0.63636364,1.18181818,7.8348150329,0.9793518791,0
0.64646465,1.18181818,7.8272080829,0.9784010104,0
0.65656566,1.18181818,7.8180683567,0.9772585446,0
0.66666667,1.18181818,7.8072494499,0.9759061812,0
0.67676768,1.18181818,7.7945740992,0.9743217624,0
0.68686869,1.18181818,7.7798284684,0.9724785586,0
0.69696970,1.18181818,7.7627549730,0.9703443716,0
0.70707071,1.18181818,7.7430432540,0.9678804068,0
0.71717172,1.18181818,7.7203187981,0.9650398498,0
0.72727273,1.18181818,7.6941285459,0.9617660682,0
0.73737374,1.18181818,7.6639226456,0.9579903307,0
0.74747475,1.18181818,7.6290312709,0.9536289089,0
0.75757576,1.18181818,7.5886351453,0.9485793932,0
0.76767677,1.18181818,7.5417281168,0.9427160146,0
0.77777778,1.18181818,7.4870698657,0.9358837332,0
0.78787879,1.18181818,7.4231267700,0.9278908463,0
0.79797980,1.18181818,7.3479994019,0.9184999252,0
0.80808081,1.18181818,7.2593367762,0.9074170970,0
0.81818182,1.18181818,7.1542415595,0.8942801949,0
0.82828283,1.18181818,7.0291792268,0.8786474033,0
0.83838384,1.18181818,6.8799211395,0.8599901424,0
0.84848485,1.18181818,6.7015810998,0.8376976375,0
0.85858586,1.18181818,6.4888492840,0.8111061605,0
0.86868687,1.18181818,6.2365770203,0.7795721275,0
0.87878788,1.18181818,5.9408799199,0.7426099900,0
0.88888889,1.18181818,5.6008137215,0.7001017152,0
0.89898990,1.18181818,5.2203244570,0.6525405571,0
0.90909091,1.18181818,4.8096160314,0.6012020039,0
0.91919192,1.18181818,4.3847440563,0.5480930070,0
0.92929293,1.18181818,3.9648233202,0.4956029150,0
0.93939394,1.18181818,3.5677465318,0.4459683165,0
0.94949495,1.18181818,3.2064722623,0.4008090328,0
0.95959596,1.18181818,2.8874859960,0.3609357495,0
0.96969697,1.18181818,2.6114820131,0.3264352516,0
0.97979798,1.18181818,2.3752043380,0.2969005422,0
0.98989899,1.18181818,2.1733533604,0.2716691700,1
1.00000000,1.18181818,1.9892632973,0.2486579122,1
0.00000000,1.24242424,2.0000000000,0.2500000000,0
0.01010101,1.24242424,2.0947310832,0.2618413854,0
0.02020202,1.24242424,2.1977490716,0.2747186339,0
0.03030303,1.24242424,2.3100541291,0.2887567661,0
0.04040404,1.24242424,2.4327023992,0.3040877999,0
0.05050505,1.24242424,2.5667801998,0.3208475250,0
0.06060606,1.24242424,2.7133629676,0.3391703710,0
0.07070707,1.24242424,2.8734545201,0.3591818150,0
0.08080808,1.24242424,3.0479027660,0.3809878458,0
0.09090909,1.24242424,3.2372901056,0.4046612632,0
0.10101010,1.24242424,3.4418011434,0.4302251429,0
0.11111111,1.24242424,3.6610774484,0.4576346810,0
0.12121212,1.24242424,3.8940784903,0.4867598113,0
0.13131313,1.24242424,4.1389774803,0.5173721850,0
0.14141414,1.24242424,4.3931266083,0.5491408260,0
0.15151515,1.24242424,4.6531229304,0.5816403663,0
0.16161616,1.24242424,4.9149902407,0.6143737801,0
0.17171717,1.24242424,5.1744649664,0.6468081208,0
0.18181818,1.24242424,5.4273437100,0.6784179637,0
0.19191919,1.24242424,5.6698291300,0.7087286412,0
0.20202020,1.24242424,5.8988096307,0.7373512038,0
0.21212121,1.24242424,6.1120279457,0.7640034932,0
0.22222222,1.24242424,6.3081252189,0.7885156524,0
0.23232323,1.24242424,6.4865772468,0.8108221558,0
0.24242424,1.24242424,6.6475580306,0.8309447538,0
0.25252525,1.24242424,6.7917699631,0.8489712454,0
0.26262626,1.24242424,6.9202733649,0.8650341706,0
0.27272727,1.24242424,7.0343366519,0.8792920815,0
0.28282828,1.24242424,7.1353171407,0.8919146426,0
0.29292929,1.24242424,7.2245740663,0.9030717583,0
0.30303030,1.24242424,7.3034103730,0.9129262966,0
0.31313131,1.24242424,7.3730376640,0.9216297080,0
0.32323232,1.24242424,7.4345583754,0.9293197969,0
0.33333333,1.24242424,7.4889599192,0.9361199899,0
0.34343434,1.24242424,7.5371165915,0.9421395739,0
0.35353535,1.24242424,7.5797961178,0.9474745147,0
0.36363636,1.24242424,7.6176686402,0.9522085800,0
0.37373737,1.24242424,7.6513166806,0.9564145851,0
0.38383838,1.24242424,7.6812451559,0.9601556445,0
0.39393939,1.24242424,7.7078909007,0.9634863626,0
0.40404040,1.24242424,7.7316314071,0.9664539259,0
0.41414141,1.24242424,7.7527926584,0.9690990823,0
0.42424242,1.24242424,7.7716560341,0.9714570043,0
0.43434343,1.24242424,7.7884643219,0.9735580402,0
0.44444444,1.24242424,7.8034269075,0.9754283634,0
0.45454545,1.24242424,7.8167242205,0.9770905276,0
0.46464646,1.24242424,7.8285115239,0.9785639405,0
0.47474747,1.24242424,7.8389221251,0.9798652656,0
0.48484848,1.24242424,7.8480700848,0.9810087606,0
0.49494949,1.24242424,7.8560524869,0.9820065609,0
0.50505051,1.24242424,7.8629513280,0.9828689160,0
0.51515152,1.24242424,7.8688350728,0.9836043841,0
0.52525253,1.24242424,7.8737599167,0.9842199896,0
0.53535354,1.24242424,7.8777707858,0.9847213482,0
0.54545455,1.24242424,7.8809021004,0.9851127625,0
0.55555556,1.24242424,7.8831783202,0.9853972900,0
0.56565657,1.24242424,7.8846142821,0.9855767853,0
0.57575758,1.24242424,7.8852153367,0.9856519171,0
0.58585859,1.24242424,7.8849772821,0.9856221603,0
0.59595960,1.24242424,7.8838860871,0.9854857609,0
0.60606061,1.24242424,7.8819173894,0.9852396737,0
0.61616162,1.24242424,7.8790357426,0.9848794678,0
0.62626263,1.24242424,7.8751935794,0.9843991974,0
0.63636364,1.24242424,7.8703298436,0.9837912305,0
0.64646465,1.24242424,7.8643682277,0.9830460285,0
0.65656566,1.24242424,7.8572149341,0.9821518668,0
0.66666667,1.24242424,7.8487558525,0.9810944816,0
0.67676768,1.24242424,7.8388530107,0.9798566263,0
0.68686869,1.24242424,7.8273401167,0.9784175146,0
0.69696970,1.24242424,7.8140169465,0.9767521183,0
0.70707071,1.24242424,7.7986422625,0.9748302828,0
0.71717172,1.24242424,7.7809248379,0.9726156047,0
0.72727273,1.24242424,7.7605120313,0.9700640039,0
0.73737374,1.24242424,7.7369751680,0.9671218960,0
0.74747475,1.24242424,7.7097907406,0.9637238426,0
0.75757576,1.24242424,7.6783161177,0.9597895147,0
0.76767677,1.24242424,7.6417580211,0.9552197526,0
0.77777778,1.24242424,7.5991315064,0.9498914383,0
0.78787879,1.24242424,7.5492065443,0.9436508180,0
0.79797980,1.24242424,7.4904386623,0.9363048328,0
0.80808081,1.24242424,7.4208796894,0.9276099612,0
0.81818182,1.24242424,7.3380650689,0.9172581336,0
0.82828283,1.24242424,7.2388768165,0.9048596021,0
0.83838384,1.24242424,7.1193888322,0.8899236040,0
0.84848485,1.24242424,6.9747193055,0.8718399132,0
0.85858586,1.24242424,6.7989524113,0.8498690514,0
0.86868687,1.24242424,6.5852596756,0.8231574594,0
0.87878788,1.24242424,6.3264530864,0.7908066358,0
0.88888889,1.24242424,6.0162967502,0.7520370938,0
0.89898990,1.24242424,5.6518428428,0.7064803553,0
0.90909091,1.24242424,5.2365604468,0.6545700559,0
0.91919192,1.24242424,4.7829489403,0.5978686175,0
0.92929293,1.24242424,4.3123689782,0.5390461223,0
0.93939394,1.24242424,3.8506500237,0.4813312530,0
0.94949495,1.24242424,3.4210965224,0.4276370653,0
0.95959596,1.24242424,3.0388920491,0.3798615061,0
0.96969697,1.24242424,2.7096082169,0.3387010271,0
0.97979798,1.24242424,2.4312226345,0.3039028293,0
0.98989899,1.24242424,2.1973559328,0.2746694916,1
1.00000000,1.24242424,1.9943884408,0.2492985551,1
0.00000000,1.30303030,2.0000000000,0.2500000000,0
0.01010101,1.30303030,2.1073732809,0.2634216601,0
0.02020202,1.30303030,2.2251143459,0.2781392932,0
0.03030303,1.30303030,2.3545733582,0.2943216698,0
0.04040404,1.30303030,2.4971579669,0.3121447459,0
0.05050505,1.30303030,2.6542785171,0.3317848146,0
0.06060606,1.30303030,2.8272626848,0.3534078356,0
0.07070707,1.30303030,3.0172321980,0.3771540248,0
0.08080808,1.30303030,3.2249378871,0.4031172359,0
0.09090909,1.30303030,3.4505575321,0.4313196915,0
0.10101010,1.30303030,3.6934748879,0.4616843610,0
0.11111111,1.30303030,3.9520766796,0.4940095849,0
0.12121212,1.30303030,4.2236219781,0.5279527473,0
0.13131313,1.30303030,4.5042453212,0.5630306651,0
0.14141414,1.30303030,4.7891400085,0.5986425011,0
0.15151515,1.30303030,5.0729265491,0.6341158186,0
0.16161616,1.30303030,5.3501534145,0.6687691768,0
0.17171717,1.30303030,5.6158279599,0.7019784950,0
0.18181818,1.30303030,5.8658609535,0.7332326192,0
0.19191919,1.30303030,6.0973377471,0.7621672184,0
0.20202020,1.30303030,6.3085871724,0.7885733966,0
0.21212121,1.30303030,6.4990768083,0.8123846010,0
0.22222222,1.30303030,6.6691974758,0.8336496845,0
0.23232323,1.30303030,6.8200050528,0.8525006316,0
0.24242424,1.30303030,6.9529726272,0.8691215784,0
0.25252525,1.30303030,7.0697837182,0.8837229648,0
0.26262626,1.30303030,7.1721775262,0.8965221908,0
0.27272727,1.30303030,7.2618440660,0.9077305083,0
0.28282828,1.30303030,7.3403605323,0.9175450665,0
0.29292929,1.30303030,7.4091584523,0.9261448065,0
0.30303030,1.30303030,7.4695120103,0.9336890013,0
0.31313131,1.30303030,7.5225398237,0.9403174780,0
0.32323232,1.30303030,7.5692145116,0.9461518139,0
0.33333333,1.30303030,7.6103761744,0.9512970218,0
0.34343434,1.30303030,7.6467472891,0.9558434111,0
0.35353535,1.30303030,7.6789475087,0.9598684386,0
0.36363636,1.30303030,7.7075075294,0.9634384412,0
0.37373737,1.30303030,7.7328816200,0.9666102025,0
0.38383838,1.30303030,7.7554586761,0.9694323345,0
0.39393939,1.30303030,7.7755718151,0.9719464769,0
0.40404040,1.30303030,7.7935066117,0.9741883265,0
0.41414141,1.30303030,7.8095081103,0.9761885138,0
0.42424242,1.30303030,7.8237867646,0.9779733456,0
0.43434343,1.30303030,7.8365234466,0.9795654308,0
0.44444444,1.30303030,7.8478736608,0.9809842076,0
0.45454545,1.30303030,7.8579710799,0.9822463850,0
0.46464646,1.30303030,7.8669305066,0.9833663133,0
0.47474747,1.30303030,7.8748503483,0.9843562935,0
0.48484848,1.30303030,7.8818146790,0.9852268349,0
0.49494949,1.30303030,7.8878949499,0.9859868687,0
0.50505051,1.30303030,7.8931513997,0.9866439250,0
0.51515152,1.30303030,7.8976342062,0.9872042758,0
0.52525253,1.30303030,7.9013844125,0.9876730516,0
0.53535354,1.30303030,7.9044346535,0.9880543317,0
0.54545455,1.30303030,7.9068097038,0.9883512130,0
0.55555556,1.30303030,7.9085268604,0.9885658575,0
0.56565657,1.30303030,7.9095961691,0.9886995211,0
0.57575758,1.30303030,7.9100204998,0.9887525625,0
0.58585859,1.30303030,7.9097954681,0.9887244335,0
0.59595960,1.30303030,7.9089091976,0.9886136497,0
0.60606061,1.30303030,7.9073419109,0.9884177389,0
0.61616162,1.30303030,7.9050653292,0.9881331662,0
0.62626263,1.30303030,7.9020418553,0.9877552319,0
0.63636364,1.30303030,7.8982235013,0.9872779377,0
0.64646465,1.30303030,7.8935505140,0.9866938142,0
0.65656566,1.30303030,7.8879496328,0.9859937041,0
0.66666667,1.30303030,7.8813318966,0.9851664871,0
0.67676768,1.30303030,7.8735898884,0.9841987361,0
0.68686869,1.30303030,7.8645942741,0.9830742843,0
0.69696970,1.30303030,7.8541894440,0.9817736805,0
0.70707071,1.30303030,7.8421880043,0.9802735005,0
0.71717172,1.30303030,7.8283637827,0.9785454728,0
0.72727273,1.30303030,7.8124428960,0.9765553620,0
0.73737374,1.30303030,7.7940922731,0.9742615341,0
0.74747475,1.30303030,7.7729048073,0.9716131009,0
0.75757576,1.30303030,7.7483800136,0.9685475017,0
0.76767677,1.30303030,7.7198986515,0.9649873314,0
0.77777778,1.30303030,7.6866892025,0.9608361503,0
0.78787879,1.30303030,7.6477833122,0.9559729140,0
0.79797980,1.30303030,7.6019562770,0.9502445346,0
0.80808081,1.30303030,7.5476473537,0.9434559192,0
0.81818182,1.30303030,7.4828532132,0.9353566517,0
0.82828283,1.30303030,7.4049866834,0.9256233354,0
0.83838384,1.30303030,7.3106933165,0.9138366646,0
0.84848485,1.30303030,7.1956234588,0.8994529323,0
0.85858586,1.30303030,7.0541746368,0.8817718296,0
0.86868687,1.30303030,6.8792629612,0.8599078701,0
0.87878788,1.30303030,6.6622781907,0.8327847738,0
0.88888889,1.30303030,6.3935530088,0.7991941261,0
0.89898990,1.30303030,6.0639118362,0.7579889795,0
0.90909091,1.30303030,5.6679397052,0.7084924631,0
0.91919192,1.30303030,5.2089314183,0.6511164273,0
0.92929293,1.30303030,4.7034440649,0.5879305081,0
0.93939394,1.30303030,4.1811409334,0.5226426167,0
0.94949495,1.30303030,3.6771149213,0.4596393652,0
0.95959596,1.30303030,3.2203753860,0.4025469233,0
0.96969697,1.30303030,2.8263258857,0.3532907357,0
0.97979798,1.30303030,2.4968285411,0.3121035676,1
0.98989899,1.30303030,2.2249446872,0.2781180859,1
1.00000000,1.30303030,1.9968521103,0.2496065138,1
0.00000000,1.36363636,2.0000000000,0.2500000000,0
0.01010101,1.36363636,2.1217684061,0.2652210508,0
0.02020202,1.36363636,2.2565575055,0.2820696882,0
0.03030303,1.36363636,2.4061941983,0.3007742748,0
0.04040404,1.36363636,2.5725473761,0.3215684220,0
0.05050505,1.36363636,2.7574147273,0.3446768409,0
0.06060606,1.36363636,2.9623493101,0.3702936638,0
0.07070707,1.36363636,3.1884164793,0.3985520599,0
0.08080808,1.36363636,3.4358860198,0.4294857525,0
0.09090909,1.36363636,3.7038907099,0.4629863387,0
0.10101010,1.36363636,3.9901188716,0.4987648589,0
0.11111111,1.36363636,4.2906424800,0.5363303100,0
0.12121212,1.36363636,4.5999906117,0.5749988265,0
0.13131313,1.36363636,4.9115358689,0.6139419836,0
0.14141414,1.36363636,5.2181657874,0.6522707234,0
0.15151515,1.36363636,5.5130983159,0.6891372895,0
0.16161616,1.36363636,5.7906332961,0.7238291620,0
0.17171717,1.36363636,6.0466548825,0.7558318603,0
0.18181818,1.36363636,6.2788001233,0.7848500154,0
0.19191919,1.36363636,6.4863263377,0.8107907922,0
0.20202020,1.36363636,6.6697857267,0.8337232158,0
0.21212121,1.36363636,6.8306301051,0.8538287631,0
0.22222222,1.36363636,6.9708392538,0.8713549067,0
0.23232323,1.36363636,7.0926228185,0.8865778523,0
0.24242424,1.36363636,7.1982091299,0.8997761412,0
0.25252525,1.36363636,7.2897123361,0.9112140420,0
0.26262626,1.36363636,7.3690602225,0.9211325278,0
0.27272727,1.36363636,7.4379642589,0.9297455324,0
0.28282828,1.36363636,7.4979164170,0.9372395521,0
0.29292929,1.36363636,7.5502013372,0.9437751671,0
0.30303030,1.36363636,7.5959161152,0.9494895144,0
0.31313131,1.36363636,7.6359928491,0.9544991061,0
0.32323232,1.36363636,7.6712211125,0.9589026391,0
0.33333333,1.36363636,7.7022688504,0.9627836063,0
0.34343434,1.36363636,7.7297010260,0.9662126282,0
0.35353535,1.36363636,7.7539958307,0.9692494788,0
0.36363636,1.36363636,7.7755585354,0.9719448169,0
0.37373737,1.36363636,7.7947331930,0.9743416491,0
0.38383838,1.36363636,7.8118124510,0.9764765564,0
0.39393939,1.36363636,7.8270457389,0.9783807174,0
0.40404040,1.36363636,7.8406460815,0.9800807602,0
0.41414141,1.36363636,7.8527957569,0.9815994696,0
0.42424242,1.36363636,7.8636509933,0.9829563742,0
0.43434343,1.36363636,7.8733458675,0.9841682334,0
0.44444444,1.36363636,7.8819955397,0.9852494425,0
0.45454545,1.36363636,7.8896989390,0.9862123674,0
0.46464646,1.36363636,7.8965409924,0.9870676240,0
0.47474747,1.36363636,7.9025944731,0.9878243091,0
0.48484848,1.36363636,7.9079215304,0.9884901913,0
0.49494949,1.36363636,7.9125749520,0.9890718690,0
0.50505051,1.36363636,7.9165991986,0.9895748998,0
0.51515152,1.36363636,7.9200312447,0.9900039056,0
0.52525253,1.36363636,7.9229012500,0.9903626562,0
0.53535354,1.36363636,7.9252330823,0.9906541353,0
0.54545455,1.36363636,7.9270447069,0.9908805884,0
0.55555556,1.36363636,7.9283484524,0.9910435566,0
0.56565657,1.36363636,7.9291511603,0.9911438950,0
0.57575758,1.36363636,7.9294542197,0.9911817775,0
0.58585859,1.36363636,7.9292534876,0.9911566859,0
0.59595960,1.36363636,7.9285390875,0.9910673859,0
0.60606061,1.36363636,7.9272950780,0.9909118847,0
0.61616162,1.36363636,7.9254989753,0.9906873719,0
0.62626263,1.36363636,7.9231211094,0.9903901387,0
0.63636364,1.36363636,7.9201237848,0.9900154731,0
0.64646465,1.36363636,7.9164602083,0.9895575260,0
0.65656566,1.36363636,7.9120731334,0.9890091417,0
0.66666667,1.36363636,7.9068931569,0.9883616446,0
0.67676768,1.36363636,7.9008365819,0.9876045727,0
0.68686869,1.36363636,7.8938027338,0.9867253417,0
0.69696970,1.36363636,7.8856705828,0.9857088229,0
0.70707071,1.36363636,7.8762944739,0.9845368092,0
0.71717172,1.36363636,7.8654987020,0.9831873378,0
0.72727273,1.36363636,7.8530705772,0.9816338222,0
0.73737374,1.36363636,7.8387514973,0.9798439372,0
0.74747475,1.36363636,7.8222253687,0.9777781711,0
0.75757576,1.36363636,7.8031034646,0.9753879331,0
0.76767677,1.36363636,7.7809044514,0.9726130564,0
0.77777778,1.36363636,7.7550278067,0.9693784758,0
0.78787879,1.36363636,7.7247181176,0.9655897647,0
0.79797980,1.36363636,7.6890167019,0.9611270877,0
0.80808081,1.36363636,7.6466955045,0.9558369381,0
0.81818182,1.36363636,7.5961661518,0.9495207690,0
0.82828283,1.36363636,7.5353543009,0.9419192876,0
0.83838384,1.36363636,7.4615261584,0.9326907698,0
0.84848485,1.36363636,7.3710512401,0.9213814050,0
0.85858586,1.36363636,7.2590863511,0.9073857939,0
0.86868687,1.36363636,7.1191793829,0.8898974229,0
0.87878788,1.36363636,6.9428398522,0.8678549815,0
0.88888889,1.36363636,6.7192528549,0.8399066069,0
0.89898990,1.36363636,6.4355996450,0.8044499556,0
0.90909091,1.36363636,6.0789286221,0.7598660778,0
0.91919192,1.36363636,5.6408905280,0.7051113160,0
0.92929293,1.36363636,5.1256804970,0.6407100621,0
0.93939394,1.36363636,4.5575205806,0.5696900726,0
0.94949495,1.36363636,3.9792727035,0.4974090879,0
0.95959596,1.36363636,3.4377914645,0.4297239331,0
0.96969697,1.36363636,2.9657199894,0.3707149987,0
0.97979798,1.36363636,2.5740001947,0.3217500243,1
0.98989899,1.36363636,2.2567322706,0.2820915338,1
1.00000000,1.36363636,1.5014850456,0.1876856307,1
0.00000000,1.42424242,2.0000000000,0.2500000000,0
0.01010101,1.42424242,2.1381781540,0.2672722692,0
0.02020202,1.42424242,2.2927694747,0.2865961843,0
0.03030303,1.42424242,2.4662482414,0.3082810302,0
0.04040404,1.42424242,2.6610752202,0.3326344025,0
0.05050505,1.42424242,2.8794679132,0.3599334891,0
0.06060606,1.42424242,3.1230554474,0.3903819309,0
0.07070707,1.42424242,3.3924162981,0.4240520373,0
0.08080808,1.42424242,3.6865443082,0.4608180385,0
0.09090909,1.42424242,4.0023599782,0.5002949973,0
0.10101010,1.42424242,4.3344543314,0.5418067914,0
0.11111111,1.42424242,4.6752671755,0.5844083969,0
0.12121212,1.42424242,5.0158036768,0.6269754596,0
0.13131313,1.42424242,5.3467861572,0.6683482696,0
0.14141414,1.42424242,5.6599256164,0.7074907020,0
0.15151515,1.42424242,5.9489260810,0.7436157601,0
0.16161616,1.42424242,6.2099625083,0.7762453135,0
0.17171717,1.42424242,6.4416085015,0.8052010627,0
0.18181818,1.42424242,6.6443808352,0.8305476044,0
0.19191919,1.42424242,6.8201297074,0.8525162134,0
0.20202020,1.42424242,6.9714572692,0.8714321587,0
0.21212121,1.42424242,7.1012605065,0.8876575633,0
0.22222222,1.42424242,7.2124211161,0.9015526395,0
0.23232323,1.42424242,7.3076232267,0.9134529033,0
0.24242424,1.42424242,7.3892651672,0.9236581459,0
0.25252525,1.42424242,7.4594325066,0.9324290633,0
0.26262626,1.42424242,7.5199068134,0.9399883517,0
0.27272727,1.42424242,7.5721925896,0.9465240737,0
0.28282828,1.42424242,7.6175514182,0.9521939273,0
0.29292929,1.42424242,7.6570370417,0.9571296302,0
0.30303030,1.42424242,7.6915281272,0.9614410159,0
0.31313131,1.42424242,7.7217573023,0.9652196628,0
0.32323232,1.42424242,7.7483360841,0.9685420105,0
0.33333333,1.42424242,7.7717758586,0.9714719823,0
0.34343434,1.42424242,7.7925053127,0.9740631641,0
0.35353535,1.42424242,7.8108848058,0.9763606007,0
0.36363636,1.42424242,7.8272181606,0.9784022701,0
0.37373737,1.42424242,7.8417623146,0.9802202893,0
0.38383838,1.42424242,7.8547352128,0.9818419016,0
0.39393939,1.42424242,7.8663222636,0.9832902830,0
0.40404040,1.42424242,7.8766816253,0.9845852032,0
0.41414141,1.42424242,7.8859485404,0.9857435676,0
0.42424242,1.42424242,7.8942388971,0.9867798621,0
0.43434343,1.42424242,7.9016521593,0.9877065199,0
0.44444444,1.42424242,7.9082737828,0.9885342228,0
0.45454545,1.42424242,7.9141772091,0.9892721511,0
0.46464646,1.42424242,7.9194255138,0.9899281892,0
0.47474747,1.42424242,7.9240727673,0.9905090959,0
0.48484848,1.42424242,7.9281651578,0.9910206447,0
0.49494949,1.42424242,7.9317419154,0.9914677394,0
0.50505051,1.42424242,7.9348360667,0.9918545083,0
0.51515152,1.42424242,7.9374750458,0.9921843807,0
0.52525253,1.42424242,7.9396811803,0.9924601475,0
0.53535354,1.42424242,7.9414720667,0.9926840083,0
0.54545455,1.42424242,7.9428608471,0.9928576059,0
0.55555556,1.42424242,7.9438563934,0.9929820492,0
0.56565657,1.42424242,7.9444634048,0.9930579256,0
0.57575758,1.42424242,7.9446824191,0.9930853024,0
0.58585859,1.42424242,7.9445097366,0.9930637171,0
0.59595960,1.42424242,7.9439372529,0.9929921566,0
0.60606061,1.42424242,7.9429521911,0.9928690239,0
0.61616162,1.42424242,7.9415367237,0.9926920905,0
0.62626263,1.42424242,7.9396674649,0.9924584331,0
0.63636364,1.42424242,7.9373148142,0.9921643518,0
0.64646465,1.42424242,7.9344421191,0.9918052649,0
0.65656566,1.42424242,7.9310046202,0.9913755775,0
0.66666667,1.42424242,7.9269481272,0.9908685159,0
0.67676768,1.42424242,7.9222073594,0.9902759199,0
0.68686869,1.42424242,7.9167038645,0.9895879831,0
0.69696970,1.42424242,7.9103434008,0.9887929251,0
0.70707071,1.42424242,7.9030126287,0.9878765786,0
0.71717172,1.42424242,7.8945749087,0.9868218636,0
0.72727273,1.42424242,7.8848649290,0.9856081161,0
0.73737374,1.42424242,7.8736817866,0.9842102233,0
0.74747475,1.42424242,7.8607800047,0.9825975006,0
0.75757576,1.42424242,7.8458577694,0.9807322212,0
0.76767677,1.42424242,7.8285413764,0.9785676720,0
0.77777778,1.42424242,7.8083644601,0.9760455575,0
0.78787879,1.42424242,7.7847399576,0.9730924947,0
0.79797980,1.42424242,7.7569218427,0.9696152303,0
0.80808081,1.42424242,7.7239523030,0.9654940379,0
0.81818182,1.42424242,7.6845879918,0.9605734990,0
0.82828283,1.42424242,7.6371959665,0.9546494958,0
0.83838384,1.42424242,7.5796055229,0.9474506904,0
0.84848485,1.42424242,7.5088960536,0.9386120067,0
0.85858586,1.42424242,7.4210936200,0.9276367025,0
0.86868687,1.42424242,7.3107429750,0.9138428719,0
0.87878788,1.42424242,7.1703278106,0.8962909763,0
0.88888889,1.42424242,6.9895615857,0.8736951982,0
0.89898990,1.42424242,6.7547454630,0.8443431829,0
0.90909091,1.42424242,6.4488549701,0.8061068713,0
0.91919192,1.42424242,6.0539535832,0.7567441979,0
0.92929293,1.42424242,5.5585112290,0.6948139036,0
0.93939394,1.42424242,4.9705585594,0.6213198199,0
0.94949495,1.42424242,4.3290797835,0.5411349729,0
0.95959596,1.42424242,3.6970023200,0.4621252900,0
0.96969697,1.42424242,3.1326837004,0.3915854626,0
0.97979798,1.42424242,2.6651941737,0.3331492717,1
0.98989899,1.42424242,2.2934578704,0.2866822338,1
1.00000000,1.42424242,1.5336564780,0.1917070598,1
0.00000000,1.48484848,2.0000000000,0.2500000000,0
0.01010101,1.48484848,2.1569085657,0.2696135707,0
0.02020202,1.48484848,2.3345812249,0.2918226531,0
0.03030303,1.48484848,2.5363660517,0.3170457565,0
0.04040404,1.48484848,2.7654545867,0.3456818233,0
0.05050505,1.48484848,3.0244218783,0.3780527348,0
0.06060606,1.48484848,3.3145562157,0.4143195270,0
0.07070707,1.48484848,3.6350265467,0.4543783183,0
0.08080808,1.48484848,3.9820716020,0.4977589503,0
0.09090909,1.48484848,4.3485475484,0.5435684435,0
0.10101010,1.48484848,4.7242190887,0.5905273861,0
0.11111111,1.48484848,5.0969820407,0.6371227551,0
0.12121212,1.48484848,5.4547725586,0.6818465698,0
0.13131313,1.48484848,5.7875145655,0.7234393207,0
0.14141414,1.48484848,6.0884155156,0.7610519394,0
0.15151515,1.48484848,6.3542872497,0.7942859062,0
0.16161616,1.48484848,6.5850422084,0.8231302761,0
0.17171717,1.48484848,6.7827741823,0.8478467728,0
0.18181818,1.48484848,6.9508107394,0.8688513424,0
0.19191919,1.48484848,7.0929587644,0.8866198456,0
0.20202020,1.48484848,7.2130036348,0.9016254544,0
0.21212121,1.48484848,7.3144292953,0.9143036619,0
0.22222222,1.48484848,7.4002953480,0.9250369185,0
0.23232323,1.48484848,7.4732107911,0.9341513489,0
0.24242424,1.48484848,7.5353596910,0.9419199614,0
0.25252525,1.48484848,7.5885500301,0.9485687538,0
0.26262626,1.48484848,7.6342691284,0.9542836410,0
0.27272727,1.48484848,7.6737370399,0.9592171300,0
0.28282828,1.48484848,7.7079541073,0.9634942634,0
0.29292929,1.48484848,7.7377414936,0.9672176867,0
0.30303030,1.48484848,7.7637748333,0.9704718542,0
0.31313131,1.48484848,7.7866117328,0.9733264666,0
0.32323232,1.48484848,7.8067140299,0.9758392537,0
0.33333333,1.48484848,7.8244657186,0.9780582148,0
0.34343434,1.48484848,7.8401873484,0.9800234185,0
0.35353535,1.48484848,7.8541475860,0.9817684483,0
0.36363636,1.48484848,7.8665725085,0.9833215636,0
0.37373737,1.48484848,7.8776530860,0.9847066358,0
0.38383838,1.48484848,7.8875512225,0.9859439028,0
0.39393939,1.48484848,7.8964046467,0.9870505808,0
0.40404040,1.48484848,7.9043308837,0.9880413605,0
0.41414141,1.48484848,7.9114304922,0.9889288115,0
0.42424242,1.48484848,7.9177897088,0.9897237136,0
0.43434343,1.48484848,7.9234826171,0.9904353271,0
0.44444444,1.48484848,7.9285729295,0.9910716162,0
0.45454545,1.48484848,7.9331154551,0.9916394319,0
0.46464646,1.48484848,7.9371573099,0.9921446637,0
0.47474747,1.48484848,7.9407389151,0.9925923644,0
0.48484848,1.48484848,7.9438948200,0.9929868525,0
0.49494949,1.48484848,7.9466543772,0.9933317972,0
0.50505051,1.48484848,7.9490422941,0.9936302868,0
0.51515152,1.48484848,7.9510790776,0.9938848847,0
0.52525253,1.48484848,7.9527813866,0.9940976733,0
0.53535354,1.48484848,7.9541623032,0.9942702879,0
0.54545455,1.48484848,7.9552315297,0.9944039412,0
0.55555556,1.48484848,7.9559955165,0.9944994396,0
0.56565657,1.48484848,7.9564575259,0.9945571907,0
0.57575758,1.48484848,7.9566176295,0.9945772037,0
0.58585859,1.48484848,7.9564726405,0.9945590801,0
0.59595960,1.48484848,7.9560159754,0.9945019969,0
0.60606061,1.48484848,7.9552374401,0.9944046800,0
0.61616162,1.48484848,7.9541229293,0.9942653662,0
0.62626263,1.48484848,7.9526540280,0.9940817535,0
0.63636364,1.48484848,7.9508074972,0.9938509372,0
0.64646465,1.48484848,7.9485546199,0.9935693275,0
0.65656566,1.48484848,7.9458603791,0.9932325474,0
0.66666667,1.48484848,7.9426824273,0.9928353034,0
0.67676768,1.48484848,7.9389697967,0.9923712246,0
0.68686869,1.48484848,7.9346612835,0.9918326604,0
0.69696970,1.48484848,7.9296834158,0.9912104270,0
0.70707071,1.48484848,7.9239478888,0.9904934861,0
0.71717172,1.48484848,7.9173483075,0.9896685384,0
0.72727273,1.48484848,7.9097560246,0.9887195031,0
0.73737374,1.48484848,7.9010147810,0.9876268476,0
0.74747475,1.48484848,7.8909337485,0.9863667186,0
0.75757576,1.48484848,7.8792784141,0.9849098018,0
0.76767677,1.48484848,7.8657585216,0.9832198152,0
0.77777778,1.48484848,7.8500119446,0.9812514931,0
0.78787879,1.48484848,7.8315828750,0.9789478594,0
0.79797980,1.48484848,7.8098919554,0.9762364944,0
0.80808081,1.48484848,7.7841948462,0.9730243558,0
0.81818182,1.48484848,7.7535239606,0.9691904951,0
0.82828283,1.48484848,7.7166053630,0.9645756704,0
0.83838384,1.48484848,7.6717385636,0.9589673205,0
0.84848485,1.48484848,7.6166203028,0.9520775378,0
0.85858586,1.48484848,7.5480833393,0.9435104174,0
0.86868687,1.48484848,7.4617068624,0.9327133578,0
0.87878788,1.48484848,7.3512379398,0.9189047425,0
0.88888889,1.48484848,7.2077548322,0.9009693540,0
0.89898990,1.48484848,7.0185479191,0.8773184899,0
0.90909091,1.48484848,6.7659330434,0.8457416304,0
0.91919192,1.48484848,6.4269969315,0.8033746164,0
0.92929293,1.48484848,5.9771275855,0.7471409482,0
0.93939394,1.48484848,5.4024020068,0.6753002509,0
0.94949495,1.48484848,4.7220522663,0.5902565333,0
0.95959596,1.48484848,4.0026023833,0.5003252979,0
0.96969697,1.48484848,3.3328390124,0.4166048765,0
0.97979798,1.48484848,2.7734568266,0.3466821033,1
0.98989899,1.48484848,2.3360189397,0.2920023675,1
1.00000000,1.48484848,1.6005402367,0.2000675296,1
0.00000000,1.54545455,2.0000000000,0.2500000000,0
0.01010101,1.54545455,2.1783189926,0.2722898741,0
0.02020202,1.54545455,2.3829977482,0.2978747185,0
0.03030303,1.54545455,2.6185514672,0.3273189334,0
0.04040404,1.54545455,2.8890120997,0.3611265125,0
0.05050505,1.54545455,3.1970202842,0.3996275355,0
0.06060606,1.54545455,3.5425682374,0.4428210297,0
0.07070707,1.54545455,3.9216340324,0.4902042541,0
0.08080808,1.54545455,4.3252766340,0.5406595792,0
0.09090909,1.54545455,4.7399408126,0.5924926016,0
0.10101010,1.54545455,5.1493925193,0.6436740649,0
0.11111111,1.54545455,5.5378248173,0.6922281022,0
0.12121212,1.54545455,5.8928625715,0.7366078214,0
0.13131313,1.54545455,6.2072325503,0.7759040688,0
0.14141414,1.54545455,6.4787357556,0.8098419695,0
0.15151515,1.54545455,6.7090483741,0.8386310468,0
0.16161616,1.54545455,6.9021654055,0.8627706757,0
0.17171717,1.54545455,7.0630652666,0.8828831583,0
0.18181818,1.54545455,7.1968092149,0.8996011519,0
0.19191919,1.54545455,7.3080467588,0.9135058449,0
0.20202020,1.54545455,7.4008086475,0.9251010809,0
0.21212121,1.54545455,7.4784701564,0.9348087696,0
0.22222222,1.54545455,7.5437998621,0.9429749828,0
0.23232323,1.54545455,7.5990421811,0.9498802726,0
0.24242424,1.54545455,7.6460059517,0.9557507440,0
0.25252525,1.54545455,7.6861461277,0.9607682660,0
0.26262626,1.54545455,7.7206338128,0.9650792266,0
0.27272727,1.54545455,7.7504139412,0.9688017426,0
0.28282828,1.54545455,7.7762517039,0.9720314630,0
0.29292929,1.54545455,7.7987694283,0.9748461785,0
0.30303030,1.54545455,7.8184756705,0.9773094588,0
0.31313131,1.54545455,7.8357880953,0.9794735119,0
0.32323232,1.54545455,7.8510514650,0.9813814331,0
0.33333333,1.54545455,7.8645518020,0.9830689752,0
0.34343434,1.54545455,7.8765275680,0.9845659460,0
0.35353535,1.54545455,7.8871785202,0.9858973150,0
0.36363636,1.54545455,7.8966727528,0.9870840941,0
0.37373737,1.54545455,7.9051523210,0.9881440401,0
0.38383838,1.54545455,7.9127377525,0.9890922191,0
0.39393939,1.54545455,7.9195316816,0.9899414602,0
0.40404040,1.54545455,7.9256217906,0.9907027238,0
0.41414141,1.54545455,7.9310831997,0.9913854000,0
0.42424242,1.54545455,7.9359804165,0.9919975521,0
0.43434343,1.54545455,7.9403689321,0.9925461165,0
0.44444444,1.54545455,7.9442965318,0.9930370665,0
0.45454545,1.54545455,7.9478043742,0.9934755468,0
0.46464646,1.54545455,7.9509278804,0.9938659850,0
0.47474747,1.54545455,7.9536974673,0.9942121834,0
0.48484848,1.54545455,7.9561391525,0.9945173941,0
0.49494949,1.54545455,7.9582750496,0.9947843812,0
0.50505051,1.54545455,7.9601237729,0.9950154716,0
0.51515152,1.54545455,7.9617007630,0.9952125954,0
0.52525253,1.54545455,7.9630185444,0.9953773180,0
0.53535354,1.54545455,7.9640869219,0.9955108652,0
0.54545455,1.54545455,7.9649131226,0.9956141403,0
0.55555556,1.54545455,7.9655018851,0.9956877356,0
0.56565657,1.54545455,7.9658555013,0.9957319377,0
0.57575758,1.54545455,7.9659738068,0.9957467258,0
0.58585859,1.54545455,7.9658541224,0.9957317653,0
0.59595960,1.54545455,7.9654911419,0.9956863927,0
0.60606061,1.54545455,7.9648767601,0.9956095950,0
0.61616162,1.54545455,7.9639998364,0.9954999795,0
0.62626263,1.54545455,7.9628458808,0.9953557351,0
0.63636364,1.54545455,7.9613966509,0.9951745814,0
0.64646465,1.54545455,7.9596296414,0.9949537052,0
0.65656566,1.54545455,7.9575174420,0.9946896802,0
0.66666667,1.54545455,7.9550269348,0.9943783669,0
0.67676768,1.54545455,7.9521182910,0.9940147864,0
0.68686869,1.54545455,7.9487437129,0.9935929641,0
0.69696970,1.54545455,7.9448458563,0.9931057320,0
0.70707071,1.54545455,7.9403558375,0.9925444797,0
0.71717172,1.54545455,7.9351907062,0.9918988383,0
0.72727273,1.54545455,7.9292502166,0.9911562771,0
0.73737374,1.54545455,7.9224126726,0.9903015841,0
0.74747475,1.54545455,7.9145295357,0.9893161920,0
0.75757576,1.54545455,7.9054183638,0.9881772955,0
0.76767677,1.54545455,7.8948534688,0.9868566836,0
0.77777778,1.54545455,7.8825534228,0.9853191779,0
0.78787879,1.54545455,7.8681641484,0.9835205185,0
0.79797980,1.54545455,7.8512357380,0.9814044673,0
0.80808081,1.54545455,7.8311902331,0.9788987791,0
0.81818182,1.54545455,7.8072761650,0.9759095206,0
0.82828283,1.54545455,7.7785033884,0.9723129236,0
0.83838384,1.54545455,7.7435480762,0.9679435095,0
0.84848485,1.54545455,7.7006117639,0.9625764705,0
0.85858586,1.54545455,7.6472085185,0.9559010648,0
0.86868687,1.54545455,7.5798382686,0.9474797836,0
0.87878788,1.54545455,7.4934789851,0.9366848731,0
0.88888889,1.54545455,7.3807940957,0.9225992620,0
0.89898990,1.54545455,7.2309150243,0.9038643780,0
0.90909091,1.54545455,7.0276871214,0.8784608902,0
0.91919192,1.54545455,6.7476156319,0.8434519540,0
0.92929293,1.54545455,6.3591816765,0.7948977096,0
0.93939394,1.54545455,5.8290706500,0.7286338313,0
0.94949495,1.54545455,5.1454069010,0.6431758626,0
0.95959596,1.54545455,4.3557680232,0.5444710029,0
0.96969697,1.54545455,3.5721561777,0.4465195222,0
0.97979798,1.54545455,2.9025392004,0.3628174000,1
0.98989899,1.54545455,2.3855118909,0.2981889864,1
1.00000000,1.54545455,1.5000000042,0.1875000005,1
0.00000000,1.60606061,2.0000000000,0.2500000000,0
0.01010101,1.60606061,2.2028332424,0.2753541553,0
0.02020202,1.60606061,2.4392411458,0.3049051432,0
0.03030303,1.60606061,2.7152710809,0.3394088851,0
0.04040404,1.60606061,3.0357851736,0.3794731467,0
0.05050505,1.60606061,3.4027001433,0.4253375179,0
0.06060606,1.60606061,3.8127591506,0.4765948938,0
0.07070707,1.60606061,4.2556741223,0.5319592653,0
0.08080808,1.60606061,4.7140539267,0.5892567408,0
0.09090909,1.60606061,5.1661773265,0.6457721658,0
0.10101010,1.60606061,5.5909712432,0.6988714054,0
0.11111111,1.60606061,5.9727885629,0.7465985704,0
0.12121212,1.60606061,6.3036835980,0.7879604498,0
0.13131313,1.60606061,6.5827794628,0.8228474329,0
0.14141414,1.60606061,6.8139896266,0.8517487033,0
0.15151515,1.60606061,7.0035833094,0.8754479137,0
0.16161616,1.60606061,7.1583988199,0.8947998525,0
0.17171717,1.60606061,7.2848303292,0.9106037911,0
0.18181818,1.60606061,7.3883952254,0.9235494032,0
0.19191919,1.60606061,7.4736436471,0.9342054559,0
0.20202020,1.60606061,7.5442332043,0.9430291505,0
0.21212121,1.60606061,7.6030641214,0.9503830152,0
0.22222222,1.60606061,7.6524219592,0.9565527449,0
0.23232323,1.60606061,7.6941054909,0.9617631864,0
0.24242424,1.60606061,7.7295328974,0.9661916122,0
0.25252525,1.60606061,7.7598265050,0.9699783131,0
0.26262626,1.60606061,7.7858789497,0.9732348687,0
0.27272727,1.60606061,7.8084042571,0.9760505321,0
0.28282828,1.60606061,7.8279770796,0.9784971350,0
0.29292929,1.60606061,7.8450628051,0.9806328506,0
0.30303030,1.60606061,7.8600406972,0.9825050871,0
0.31313131,1.60606061,7.8732217369,0.9841527171,0
0.32323232,1.60606061,7.8848624384,0.9856078048,0
0.33333333,1.60606061,7.8951756006,0.9868969501,0
0.34343434,1.60606061,7.9043387197,0.9880423400,0
0.35353535,1.60606061,7.9125006079,0.9890625760,0
0.36363636,1.60606061,7.9197866306,0.9899733288,0
0.37373737,1.60606061,7.9263028738,0.9907878592,0
0.38383838,1.60606061,7.9321394784,0.9915174348,0
0.39393939,1.60606061,7.9373733212,0.9921716651,0
0.40404040,1.60606061,7.9420701833,0.9927587729,0
0.41414141,1.60606061,7.9462865105,0.9932858138,0
0.42424242,1.60606061,7.9500708491,0.9937588561,0
0.43434343,1.60606061,7.9534650225,0.9941831278,0
0.44444444,1.60606061,7.9565050967,0.9945631371,0
0.45454545,1.60606061,7.9592221764,0.9949027720,0
0.46464646,1.60606061,7.9616430613,0.9952053827,0
0.47474747,1.60606061,7.9637907877,0.9954738485,0
0.48484848,1.60606061,7.9656850746,0.9957106343,0
0.49494949,1.60606061,7.9673426907,0.9959178363,0
0.50505051,1.60606061,7.9687777524,0.9960972191,0
0.51515152,1.60606061,7.9700019643,0.9962502455,0
0.52525253,1.60606061,7.9710248087,0.9963781011,0
0.53535354,1.60606061,7.9718536895,0.9964817112,0
0.54545455,1.60606061,7.9724940348,0.9965617544,0
0.55555556,1.60606061,7.9729493604,0.9966186701,0
0.56565657,1.60606061,7.9732212964,0.9966526621,0
0.57575758,1.60606061,7.9733095759,0.9966636970,0
0.58585859,1.60606061,7.9732119848,0.9966514981,0
0.59595960,1.60606061,7.9729242716,0.9966155339,0
0.60606061,1.60606061,7.9724400103,0.9965550013,0
0.61616162,1.60606061,7.9717504137,0.9964688017,0
0.62626263,1.60606061,7.9708440869,0.9963555109,0
0.63636364,1.60606061,7.9697067112,0.9962133389,0
0.64646465,1.60606061,7.9683206449,0.9960400806,0
0.65656566,1.60606061,7.9666644220,0.9958330527,0
0.66666667,1.60606061,7.9647121260,0.9955890158,0
0.67676768,1.60606061,7.9624326076,0.9953040760,0
0.68686869,1.60606061,7.9597885055,0.9949735632,0
0.69696970,1.60606061,7.9567350178,0.9945918772,0
0.70707071,1.60606061,7.9532183525,0.9941522941,0
0.71717172,1.60606061,7.9491737625,0.9936467203,0
0.72727273,1.60606061,7.9445230376,0.9930653797,0
0.73737374,1.60606061,7.9391712786,0.9923964098,0
0.74747475,1.60606061,7.9330027131,0.9916253391,0
0.75757576,1.60606061,7.9258752189,0.9907344024,0
0.76767677,1.60606061,7.9176130823,0.9897016353,0
0.77777778,1.60606061,7.9079973160,0.9884996645,0
0.78787879,1.60606061,7.8967525581,0.9870940698,0
0.79797980,1.60606061,7.8835291112,0.9854411389,0
0.80808081,1.60606061,7.8678779640,0.9834847455,0
0.81818182,1.60606061,7.8492155126,0.9811519391,0
0.82828283,1.60606061,7.8267728820,0.9783466103,0
0.83838384,1.60606061,7.7995217836,0.9749402230,0
0.84848485,1.60606061,7.7660638795,0.9707579849,0
0.85858586,1.60606061,7.7244621854,0.9655577732,0
0.86868687,1.60606061,7.6719784579,0.9589973072,0
0.87878788,1.60606061,7.6046551597,0.9505818950,0
0.88888889,1.60606061,7.5166370730,0.9395796341,0
0.89898990,1.60606061,7.3990573642,0.9248821705,0
0.90909091,1.60606061,7.2382218215,0.9047777277,0
0.91919192,1.60606061,7.0128124304,0.8766015538,0
0.92929293,1.60606061,6.6904025228,0.8363003154,0
0.93939394,1.60606061,6.2265248190,0.7783156024,0
0.94949495,1.60606061,5.5782488922,0.6972811115,0
0.95959596,1.60606061,4.7514800019,0.5939350002,0
0.96969697,1.60606061,3.8560253428,0.4820031679,0
0.97979798,1.60606061,3.0569854170,0.3821231771,1
0.98989899,1.60606061,2.4432841636,0.3054105204,1
1.00000000,1.60606061,1.9753630425,0.2469203803,1
0.00000000,1.66666667,2.0000000000,0.2500000000,0
0.01010101,1.66666667,2.2309535192,0.2788691899,0
0.02020202,1.66666667,2.5048050244,0.3131006280,0
0.03030303,1.66666667,2.8295563103,0.3536945388,0
0.04040404,1.66666667,3.2105716495,0.4013214562,0
0.05050505,1.66666667,3.6472602066,0.4559075258,0
0.06060606,1.66666667,4.1295035861,0.5161879483,0
0.07070707,1.66666667,4.6362104395,0.5795263049,0
0.08080808,1.66666667,5.1385963452,0.6423245432,0
0.09090909,1.66666667,5.6079262832,0.7009907854,0
0.10101010,1.66666667,6.0234396114,0.7529299514,0
0.11111111,1.66666667,6.3758781282,0.7969847660,0
0.12121212,1.66666667,6.6659502820,0.8332437852,0
0.13131313,1.66666667,6.9003746006,0.8625468251,0
0.14141414,1.66666667,7.0881821334,0.8860227667,0
0.15151515,1.66666667,7.2383701776,0.9047962722,0
0.16161616,1.66666667,7.3588098728,0.9198512341,0
0.17171717,1.66666667,7.4559392368,0.9319924046,0
0.18181818,1.66666667,7.5348381688,0.9418547711,0
0.19191919,1.66666667,7.5994424285,0.9499303036,0
0.20202020,1.66666667,7.6527779577,0.9565972447,0
0.21212121,1.66666667,7.6971683315,0.9621460414,0
0.22222222,1.66666667,7.7344026714,0.9668003339,0
0.23232323,1.66666667,7.7658656720,0.9707332090,0
0.24242424,1.66666667,7.7926360558,0.9740795070,0
0.25252525,1.66666667,7.8155603443,0.9769450430,0
0.26262626,1.66666667,7.8353079398,0.9794134925,0
0.27272727,1.66666667,7.8524122847,0.9815515356,0
0.28282828,1.66666667,7.8673017247,0.9834127156,0
0.29292929,1.66666667,7.8803227664,0.9850403458,0
0.30303030,1.66666667,7.8917577130,0.9864697141,0
0.31313131,1.66666667,7.9018381239,0.9877297655,0
0.32323232,1.66666667,7.9107551599,0.9888443950,0
0.33333333,1.66666667,7.9186675892,0.9898334487,0
0.34343434,1.66666667,7.9257080277,0.9907135035,0
0.35353535,1.66666667,7.9319878352,0.9914984794,0
0.36363636,1.66666667,7.9376009832,0.9922001229,0
0.37373737,1.66666667,7.9426271295,0.9928283912,0
0.38383838,1.66666667,7.9471340774,0.9933917597,0
0.39393939,1.66666667,7.9511797539,0.9938974692,0
0.40404040,1.66666667,7.9548138090,0.9943517261,0
0.41414141,1.66666667,7.9580789170,0.9947598646,0
0.42424242,1.66666667,7.9610118371,0.9951264796,0
0.43434343,1.66666667,7.9636442848,0.9954555356,0
0.44444444,1.66666667,7.9660036468,0.9957504558,0
0.45454545,1.66666667,7.9681135717,0.9960141965,0
0.46464646,1.66666667,7.9699944576,0.9962493072,0
0.47474747,1.66666667,7.9716638542,0.9964579818,0
0.48484848,1.66666667,7.9731367950,0.9966420994,0
0.49494949,1.66666667,7.9744260702,0.9968032588,0
0.50505051,1.66666667,7.9755424486,0.9969428061,0
0.51515152,1.66666667,7.9764948563,0.9970618570,0
0.52525253,1.66666667,7.9772905173,0.9971613147,0
0.53535354,1.66666667,7.9779350598,0.9972418825,0
0.54545455,1.66666667,7.9784325912,0.9973040739,0
0.55555556,1.66666667,7.9787857438,0.9973482180,0
0.56565657,1.66666667,7.9789956918,0.9973744615,0
0.57575758,1.66666667,7.9790621394,0.9973827674,0
0.58585859,1.66666667,7.9789832799,0.9973729100,0
0.59595960,1.66666667,7.9787557222,0.9973444653,0
0.60606061,1.66666667,7.9783743831,0.9972967979,0
0.61616162,1.66666667,7.9778323390,0.9972290424,0
0.62626263,1.66666667,7.9771206331,0.9971400791,0
0.63636364,1.66666667,7.9762280272,0.9970285034,0
0.64646465,1.66666667,7.9751406893,0.9968925862,0
0.65656566,1.66666667,7.9738418019,0.9967302252,0
0.66666667,1.66666667,7.9723110729,0.9965388841,0
0.67676768,1.66666667,7.9705241251,0.9963155156,0
0.68686869,1.66666667,7.9684517322,0.9960564665,0
0.69696970,1.66666667,7.9660588619,0.9957573577,0
0.70707071,1.66666667,7.9633034681,0.9954129335,0
0.71717172,1.66666667,7.9601349616,0.9950168702,0
0.72727273,1.66666667,7.9564922583,0.9945615323,0
0.73737374,1.66666667,7.9523012704,0.9940376588,0
0.74747475,1.66666667,7.9474716548,0.9934339568,0
0.75757576,1.66666667,7.9418925590,0.9927365699,0
0.76767677,1.66666667,7.9354269996,0.9919283750,0
0.77777778,1.66666667,7.9279043504,0.9909880438,0
0.78787879,1.66666667,7.9191101835,0.9898887729,0
0.79797980,1.66666667,7.9087723480,0.9885965435,0
0.80808081,1.66666667,7.8965416147,0.9870677018,0
0.81818182,1.66666667,7.8819643373,0.9852455422,0
0.82828283,1.66666667,7.8644431632,0.9830553954,0
0.83838384,1.66666667,7.8431794823,0.9803974353,0
0.84848485,1.66666667,7.8170873483,0.9771359185,0
0.85858586,1.66666667,7.7846617530,0.9730827191,0
0.86868687,1.66666667,7.7437719727,0.9679714966,0
0.87878788,1.66666667,7.6913286371,0.9614160796,0
0.88888889,1.66666667,7.6227324179,0.9528415522,0
0.89898990,1.66666667,7.5309368930,0.9413671116,0
0.90909091,1.66666667,7.4048240426,0.9256030053,0
0.91919192,1.66666667,7.2263885228,0.9032985653,0
0.92929293,1.66666667,6.9661250948,0.8707656369,0
0.93939394,1.66666667,6.5771564647,0.8221445581,0
0.94949495,1.66666667,5.9957141303,0.7494642663,0
0.95959596,1.66666667,5.1763223876,0.6470402985,0
0.96969697,1.66666667,4.1875169761,0.5234396220,0
0.97979798,1.66666667,3.2421281150,0.4052660144,1
0.98989899,1.66666667,2.5110003208,0.3138750401,1
1.00000000,1.66666667,1.5072910440,0.1884113805,1
0.00000000,1.72727273,2.0000000000,0.2500000000,0
0.01010101,1.72727273,2.2632779491,0.2829097436,0
0.02020202,1.72727273,2.5815224157,0.3226903020,0
0.03030303,1.72727273,2.9651074456,0.3706384307,0
0.04040404,1.72727273,3.4188499873,0.4273562484,0
0.05050505,1.72727273,3.9360379094,0.4920047387,0
0.06060606,1.72727273,4.4937695341,0.5617211918,0
0.07070707,1.72727273,5.0550911763,0.6318863970,0
0.08080808,1.72727273,5.5801050390,0.6975131299,0
0.09090909,1.72727273,6.0395279283,0.7549409910,0
0.10101010,1.72727273,6.4212000899,0.8026500112,0
0.11111111,1.72727273,6.7274708765,0.8409338596,0
0.12121212,1.72727273,6.9685834707,0.8710729338,0
0.13131313,1.72727273,7.1570292449,0.8946286556,0
0.14141414,1.72727273,7.3044276249,0.9130534531,0
0.15151515,1.72727273,7.4203804922,0.9275475615,0
0.16161616,1.72727273,7.5123705752,0.9390463219,0
0.17171717,1.72727273,7.5860648146,0.9482581018,0
0.18181818,1.72727273,7.6457041783,0.9557130223,0
0.19191919,1.72727273,7.6944552215,0.9618069027,0
0.20202020,1.72727273,7.7346901246,0.9668362656,0
0.21212121,1.72727273,7.7681976101,0.9710247013,0
0.22222222,1.72727273,7.7963376775,0.9745422097,0
0.23232323,1.72727273,7.8201538771,0.9775192346,0
0.24242424,1.72727273,7.8404545686,0.9800568211,0
0.25252525,1.72727273,7.8578718778,0.9822339847,0
0.26262626,1.72727273,7.8729047015,0.9841130877,0
0.27272727,1.72727273,7.8859502987,0.9857437873,0
0.28282828,1.72727273,7.8973276852,0.9871659607,0
0.29292929,1.72727273,7.9072951045,0.9884118881,0
0.30303030,1.72727273,7.9160631887,0.9895078986,0
0.31313131,1.72727273,7.9238049579,0.9904756197,0
0.32323232,1.72727273,7.9306634821,0.9913329353,0
0.33333333,1.72727273,7.9367577994,0.9920947249,0
0.34343434,1.72727273,7.9421875242,0.9927734405,0
0.35353535,1.72727273,7.9470364620,0.9933795577,0
0.36363636,1.72727273,7.9513754649,0.9939219331,0
0.37373737,1.72727273,7.9552647043,0.9944080880,0
0.38383838,1.72727273,7.9587554884,0.9948444361,0
0.39393939,1.72727273,7.9618917281,0.9952364660,0
0.40404040,1.72727273,7.9647111219,0.9955888902,0
0.41414141,1.72727273,7.9672461224,0.9959057653,0
0.42424242,1.72727273,7.9695247252,0.9961905907,0
0.43434343,1.72727273,7.9715711172,0.9964463896,0
0.44444444,1.72727273,7.9734062102,0.9966757763,0
0.45454545,1.72727273,7.9750480821,0.9968810103,0
0.46464646,1.72727273,7.9765123414,0.9970640427,0
0.47474747,1.72727273,7.9778124280,0.9972265535,0
0.48484848,1.72727273,7.9789598626,0.9973699828,0
0.49494949,1.72727273,7.9799644510,0.9974955564,0
0.50505051,1.72727273,7.9808344504,0.9976043063,0
0.51515152,1.72727273,7.9815767036,0.9976970879,0
0.52525253,1.72727273,7.9821967439,0.9977745930,0
0.53535354,1.72727273,7.9826988746,0.9978373593,0
0.54545455,1.72727273,7.9830862240,0.9978857780,0
0.55555556,1.72727273,7.9833607787,0.9979200973,0
0.56565657,1.72727273,7.9835233949,0.9979404244,0
0.57575758,1.72727273,7.9835737868,0.9979467234,0
0.58585859,1.72727273,7.9835104935,0.9979388117,0
0.59595960,1.72727273,7.9833308200,0.9979163525,0
0.60606061,1.72727273,7.9830307520,0.9978788440,0
0.61616162,1.72727273,7.9826048393,0.9978256049,0
0.62626263,1.72727273,7.9820460437,0.9977557555,0
0.63636364,1.72727273,7.9813455453,0.9976681932,0
0.64646465,1.72727273,7.9804924974,0.9975615622,0
0.65656566,1.72727273,7.9794737199,0.9974342150,0
0.66666667,1.72727273,7.9782733174,0.9972841647,0
0.67676768,1.72727273,7.9768722019,0.9971090252,0
0.68686869,1.72727273,7.9752474968,0.9969059371,0
0.69696970,1.72727273,7.9733717893,0.9966714737,0
0.70707071,1.72727273,7.9712121890,0.9964015236,0
0.71717172,1.72727273,7.9687291352,0.9960911419,0
0.72727273,1.72727273,7.9658748761,0.9957343595,0
0.73737374,1.72727273,7.9625915147,0.9953239393,0
0.74747475,1.72727273,7.9588084774,0.9948510597,0
0.75757576,1.72727273,7.9544392050,0.9943049006,0
0.76767677,1.72727273,7.9493767812,0.9936720977,0
0.77777778,1.72727273,7.9434880958,0.9929360120,0
0.78787879,1.72727273,7.9366059563,0.9920757445,0
0.79797980,1.72727273,7.9285182834,0.9910647854,0
0.80808081,1.72727273,7.9189530993,0.9898691374,0
0.81818182,1.72727273,7.9075573337,0.9884446667,0
0.82828283,1.72727273,7.8938663744,0.9867332968,0
0.83838384,1.72727273,7.8772594642,0.9846574330,0
0.84848485,1.72727273,7.8568929502,0.9821116188,0
0.85858586,1.72727273,7.8315979825,0.9789497478,0
0.86868687,1.72727273,7.7997195350,0.9749649419,0
0.87878788,1.72727273,7.7588555954,0.9698569494,0
0.88888889,1.72727273,7.7054209146,0.9631776143,0
0.89898990,1.72727273,7.6338920925,0.9542365116,0
0.90909091,1.72727273,7.5354562101,0.9419320263,0
0.91919192,1.72727273,7.3955234141,0.9244404268,0
0.92929293,1.72727273,7.1891230334,0.8986403792,0
0.93939394,1.72727273,6.8729347399,0.8591168425,0
0.94949495,1.72727273,6.3757215295,0.7969651912,0
0.95959596,1.72727273,5.6089275427,0.7011159428,0
0.96969697,1.72727273,4.5648106787,0.5706013348,1
0.97979798,1.72727273,3.4638631105,0.4329828888,1
0.98989899,1.72727273,2.5907245597,0.3238405700,1
1.00000000,1.72727273,1.9999475601,0.2499934450,1
0.00000000,1.78787879,2.0000000000,0.2500000000,0
0.01010101,1.78787879,2.3005227177,0.2875653397,0
0.02020202,1.78787879,2.6716487670,0.3339560959,0
0.03030303,1.78787879,3.1263722636,0.3907965330,0
0.04040404,1.78787879,3.6664209052,0.4583026131,0
0.05050505,1.78787879,4.2723254010,0.5340406751,0
0.06060606,1.78787879,4.9003145437,0.6125393180,0
0.07070707,1.78787879,5.4951945665,0.6868993208,0
0.08080808,1.78787879,6.0131543426,0.7516442928,0
0.09090909,1.78787879,6.4355341776,0.8044417722,0
0.10101010,1.78787879,6.7657804035,0.8457225504,0
0.11111111,1.78787879,7.0185728904,0.8773216113,0
0.12121212,1.78787879,7.2109148223,0.9013643528,0
0.13131313,1.78787879,7.3577851451,0.9197231431,0
0.14141414,1.78787879,7.4709425878,0.9338678235,0
0.15151515,1.78787879,7.5591401631,0.9448925204,0
0.16161616,1.78787879,7.6287484824,0.9535935603,0
0.17171717,1.78787879,7.6843758751,0.9605469844,0
0.18181818,1.78787879,7.7293653668,0.9661706708,0
0.19191919,1.78787879,7.7661608518,0.9707701065,0
0.20202020,1.78787879,7.7965672768,0.9745709096,0
0.21212121,1.78787879,7.8219329339,0.9777416167,0
0.22222222,1.78787879,7.8432768666,0.9804096083,0
0.23232323,1.78787879,7.8613782579,0.9826722822,0
0.24242424,1.78787879,7.8768396121,0.9846049515,0
0.25252525,1.78787879,7.8901318275,0.9862664784,0
0.26262626,1.78787879,7.9016266837,0.9877033355,0
0.27272727,1.78787879,7.9116205058,0.9889525632,0
0.28282828,1.78787879,7.9203515868,0.9900439483,0
0.29292929,1.78787879,7.9280131484,0.9910016436,0
0.30303030,1.78787879,7.9347630816,0.9918453852,0
0.31313131,1.78787879,7.9407313371,0.9925914171,0
0.32323232,1.78787879,7.9460255862,0.9932531983,0
0.33333333,1.78787879,7.9507355940,0.9938419492,0
0.34343434,1.78787879,7.9549366272,0.9943670784,0
0.35353535,1.78787879,7.9586921297,0.9948365162,0
0.36363636,1.78787879,7.9620558392,0.9952569799,0
0.37373737,1.78787879,7.9650734738,0.9956341842,0
0.38383838,1.78787879,7.9677840841,0.9959730105,0
0.39393939,1.78787879,7.9702211438,0.9962776430,0
0.40404040,1.78787879,7.9724134347,0.9965516793,0
0.41414141,1.78787879,7.9743857683,0.9967982210,0
0.42424242,1.78787879,7.9761595767,0.9970199471,0
0.43434343,1.78787879,7.9777533984,0.9972191748,0
0.44444444,1.78787879,7.9791832796,0.9973979100,0
0.45454545,1.78787879,7.9804631053,0.9975578882,0
0.46464646,1.78787879,7.9816048741,0.9977006093,0
0.47474747,1.78787879,7.9826189252,0.9978273657,0
0.48484848,1.78787879,7.9835141265,0.9979392658,0
0.49494949,1.78787879,7.9842980285,0.9980372536,0
0.50505051,1.78787879,7.9849769904,0.9981221238,0
0.51515152,1.78787879,7.9855562812,0.9981945351,0
0.52525253,1.78787879,7.9860401585,0.9982550198,0
0.53535354,1.78787879,7.9864319288,0.9983039911,0
0.54545455,1.78787879,7.9867339879,0.9983417485,0
0.55555556,1.78787879,7.9869478459,0.9983684807,0
0.56565657,1.78787879,7.9870741338,0.9983842667,0
0.57575758,1.78787879,7.9871125944,0.9983890743,0
0.58585859,1.78787879,7.9870620543,0.9983827568,0
0.59595960,1.78787879,7.9869203777,0.9983650472,0
0.60606061,1.78787879,7.9866843988,0.9983355499,0
0.61616162,1.78787879,7.9863498300,0.9982937287,0
0.62626263,1.78787879,7.9859111425,0.9982388928,0
0.63636364,1.78787879,7.9853614145,0.9981701768,0
0.64646465,1.78787879,7.9846921389,0.9980865174,0
0.65656566,1.78787879,7.9838929837,0.9979866230,0
0.66666667,1.78787879,7.9829514931,0.9978689366,0
0.67676768,1.78787879,7.9818527140,0.9977315892,0
0.68686869,1.78787879,7.9805787305,0.9975723413,0
0.69696970,1.78787879,7.9791080801,0.9973885100,0
0.70707071,1.78787879,7.9774150178,0.9971768772,0
0.71717172,1.78787879,7.9754685856,0.9969335732,0
0.72727273,1.78787879,7.9732314256,0.9966539282,0
0.73737374,1.78787879,7.9706582563,0.9963322820,0
0.74747475,1.78787879,7.9676938989,0.9959617374,0
0.75757576,1.78787879,7.9642706990,0.9955338374,0
0.76767677,1.78787879,7.9603051225,0.9950381403,0
0.77777778,1.78787879,7.9556932134,0.9944616517,0
0.78787879,1.78787879,7.9503044577,0.9937880572,0
0.79797980,1.78787879,7.9439733863,0.9929966733,0
0.80808081,1.78787879,7.9364879138,0.9920609892,0
0.81818182,1.78787879,7.9275728884,0.9909466110,0
0.82828283,1.78787879,7.9168664710,0.9896083089,0
0.83838384,1.78787879,7.9038855546,0.9879856943,0
0.84848485,1.78787879,7.8879740262,0.9859967533,0
0.85858586,1.78787879,7.8682234674,0.9835279334,0
0.86868687,1.78787879,7.8433482616,0.9804185327,0
0.87878788,1.78787879,7.8114828099,0.9764353512,0
0.88888889,1.78787879,7.7698408063,0.9712301008,0
0.89898990,1.78787879,7.7141204658,0.9642650582,0
0.90909091,1.78787879,7.6374221221,0.9546777653,0
0.91919192,1.78787879,7.5281920449,0.9410240056,0
0.92929293,1.78787879,7.3661697848,0.9207712231,0
0.93939394,1.78787879,7.1143356049,0.8892919506,0
0.94949495,1.78787879,6.7044462909,0.8380557864,0
0.95959596,1.78787879,6.0243931077,0.7530491385,0
0.96969697,1.78787879,4.9785067311,0.6223133414,1
0.97979798,1.78787879,3.7279914135,0.4659989267,1
0.98989899,1.78787879,2.6850204564,0.3356275571,1
1.00000000,1.78787879,1.9971217405,0.2496402176,1
0.00000000,1.84848485,2.0000000000,0.2500000000,0
0.01010101,1.84848485,2.3435501229,0.2929437654,0
0.02020202,1.84848485,2.7779592788,0.3472449099,0
0.03030303,1.84848485,3.3185395777,0.4148174472,0
0.04040404,1.84848485,3.9585385130,0.4948173141,0
0.05050505,1.84848485,4.6549123982,0.5818640498,0
0.06060606,1.84848485,5.3352936524,0.6669117066,0
0.07070707,1.84848485,5.9319722127,0.7414965266,0
0.08080808,1.84848485,6.4120523877,0.8015065485,0
0.09090909,1.84848485,6.7778525600,0.8472315700,0
0.10101010,1.84848485,7.0495102141,0.8811887768,0
0.11111111,1.84848485,7.2501551862,0.9062693983,0
0.12121212,1.84848485,7.3993174457,0.9249146807,0
0.13131313,1.84848485,7.5116125290,0.9389515661,0
0.14141414,1.84848485,7.5974392798,0.9496799100,0
0.15151515,1.84848485,7.6640688268,0.9580086034,0
0.16161616,1.84848485,7.7165821623,0.9645727703,0
0.17171717,1.84848485,7.7585581323,0.9698197665,0
0.18181818,1.84848485,7.7925483273,0.9740685409,0
0.19191919,1.84848485,7.8203975373,0.9775496922,0
0.20202020,1.84848485,7.8434590156,0.9804323770,0
0.21212121,1.84848485,7.8627397551,0.9828424694,0
0.22222222,1.84848485,7.8789994598,0.9848749325,0
0.23232323,1.84848485,7.8928187733,0.9866023467,0
0.24242424,1.84848485,7.9046469219,0.9880808652,0
0.25252525,1.84848485,7.9148354249,0.9893544281,0
0.26262626,1.84848485,7.9236622601,0.9904577825,0
0.27272727,1.84848485,7.9313494072,0.9914186759,0
0.28282828,1.84848485,7.9380757386,0.9922594673,0
0.29292929,1.84848485,7.9439866024,0.9929983253,0
0.30303030,1.84848485,7.9492010236,0.9936501280,0
0.31313131,1.84848485,7.9538171726,0.9942271466,0
0.32323232,1.84848485,7.9579165566,0.9947395696,0
0.33333333,1.84848485,7.9615672642,0.9951959080,0
0.34343434,1.84848485,7.9648264954,0.9956033119,0
0.35353535,1.84848485,7.9677425535,0.9959678192,0
0.36363636,1.84848485,7.9703564225,0.9962945528,0
0.37373737,1.84848485,7.9727030271,0.9965878784,0
0.38383838,1.84848485,7.9748122440,0.9968515305,0
0.39393939,1.84848485,7.9767097198,0.9970887150,0
0.40404040,1.84848485,7.9784175358,0.9973021920,0
0.41414141,1.84848485,7.9799547507,0.9974943438,0
0.42424242,1.84848485,7.9813378460,0.9976672308,0
0.43434343,1.84848485,7.9825810930,0.9978226366,0
0.44444444,1.84848485,7.9836968556,0.9979621069,0
0.45454545,1.84848485,7.9846958418,0.9980869802,0
0.46464646,1.84848485,7.9855873113,0.9981984139,0
0.47474747,1.84848485,7.9863792484,0.9982974061,0
0.48484848,1.84848485,7.9870785042,0.9983848130,0
0.49494949,1.84848485,7.9876909141,0.9984613643,0
0.50505051,1.84848485,7.9882213934,0.9985276742,0
0.51515152,1.84848485,7.9886740140,0.9985842518,0
0.52525253,1.84848485,7.9890520650,0.9986315081,0
0.53535354,1.84848485,7.9893580969,0.9986697621,0
0.54545455,1.84848485,7.9895939534,0.9986992442,0
0.55555556,1.84848485,7.9897607890,0.9987200986,0
0.56565657,1.84848485,7.9898590739,0.9987323842,0
0.57575758,1.84848485,7.9898885854,0.9987360732,0
0.58585859,1.84848485,7.9898483864,0.9987310483,0
0.59595960,1.84848485,7.9897367878,0.9987170985,0
0.60606061,1.84848485,7.9895512954,0.9986939119,0
0.61616162,1.84848485,7.9892885382,0.9986610673,0
0.62626263,1.84848485,7.9889441741,0.9986180218,0
0.63636364,1.84848485,7.9885127708,0.9985640964,0
0.64646465,1.84848485,7.9879876557,0.9984984570,0
0.65656566,1.84848485,7.9873607275,0.9984200909,0
0.66666667,1.84848485,7.9866222229,0.9983277779,0
0.67676768,1.84848485,7.9857604239,0.9982200530,0
0.68686869,1.84848485,7.9847612938,0.9980951617,0
0.69696970,1.84848485,7.9836080208,0.9979510026,0
0.70707071,1.84848485,7.9822804425,0.9977850553,0
0.71717172,1.84848485,7.9807543194,0.9975942899,0
0.72727273,1.84848485,7.9790004069,0.9973750509,0
0.73737374,1.84848485,7.9769832662,0.9971229083,0
0.74747475,1.84848485,7.9746597234,0.9968324654,0
0.75757576,1.84848485,7.9719768583,0.9964971073,0
0.76767677,1.84848485,7.9688693496,0.9961086687,0
0.77777778,1.84848485,7.9652559346,0.9956569918,0
0.78787879,1.84848485,7.9610346297,0.9951293287,0
0.79797980,1.84848485,7.9560761934,0.9945095242,0
0.80808081,1.84848485,7.9502150544,0.9937768818,0
0.81818182,1.84848485,7.9432365229,0.9929045654,0
0.82828283,1.84848485,7.9348584414,0.9918573052,0
0.83838384,1.84848485,7.9247043397,0.9905880425,0
0.84848485,1.84848485,7.9122633009,0.9890329126,0
0.85858586,1.84848485,7.8968284772,0.9871035596,0
0.86868687,1.84848485,7.8774002802,0.9846750350,0
0.87878788,1.84848485,7.8525291342,0.9815661418,0
0.88888889,1.84848485,7.8200508576,0.9775063572,0
0.89898990,1.84848485,7.7766230252,0.9720778781,0
0.90909091,1.84848485,7.7168745229,0.9646093154,0
0.91919192,1.84848485,7.6317637675,0.9539704709,0
0.92929293,1.84848485,7.5052338308,0.9381542288,0
0.93939394,1.84848485,7.3070734076,0.9133841759,0
0.94949495,1.84848485,6.9776409515,0.8722051189,0
0.95959596,1.84848485,6.4010859878,0.8001357485,0
0.96969697,1.84848485,5.4105877235,0.6763234654,1
0.97979798,1.84848485,4.0388546887,0.5048568361,1
0.98989899,1.84848485,2.7970643127,0.3496330391,1
1.00000000,1.84848485,1.5050182852,0.1881272857,1
0.00000000,1.90909091,2.0000000000,0.2500000000,0
0.01010101,1.90909091,2.3934041824,0.2991755228,0
0.02020202,1.90909091,2.9038542121,0.3629817765,0
0.03030303,1.90909091,3.5473327424,0.4434165928,0
0.04040404,1.90909091,4.2982633541,0.5372829193,0
0.05050505,1.90909091,5.0752502768,0.6344062846,0
0.06060606,1.90909091,5.7763812347,0.7220476543,0
0.07070707,1.90909091,6.3391815731,0.7923976966,0
0.08080808,1.90909091,6.7580870315,0.8447608789,0
0.09090909,1.90909091,7.0592328373,0.8824041047,0
0.10101010,1.90909091,7.2743391052,0.9092923881,0
0.11111111,1.90909091,7.4294450140,0.9286806268,0
0.12121212,1.90909091,7.5431766640,0.9428970830,0
0.13131313,1.90909091,7.6281896684,0.9535237085,0
0.14141414,1.90909091,7.6929700811,0.9616212601,0
0.15151515,1.90909091,7.7432356024,0.9679044503,0
0.16161616,1.90909091,7.7828899978,0.9728612497,0
0.17171717,1.90909091,7.8146437766,0.9768304721,0
0.18181818,1.90909091,7.8404129979,0.9800516247,0
0.19191919,1.90909091,7.8615764503,0.9826970563,0
0.20202020,1.90909091,7.8791433568,0.9848929196,0
0.21212121,1.90909091,7.8938643474,0.9867330434,0
0.22222222,1.90909091,7.9063060792,0.9882882599,0
0.23232323,1.90909091,7.9169022388,0.9896127798,0
0.24242424,1.90909091,7.9259889656,0.9907486207,0
0.25252525,1.90909091,7.9338298380,0.9917287297,0
0.26262626,1.90909091,7.9406337553,0.9925792194,0
0.27272727,1.90909091,7.9465679155,0.9933209894,0
0.28282828,1.90909091,7.9517673541,0.9939709193,0
0.29292929,1.90909091,7.9563420431,0.9945427554,0
0.30303030,1.90909091,7.9603822322,0.9950477790,0
0.31313131,1.90909091,7.9639625115,0.9954953139,0
0.32323232,1.90909091,7.9671449325,0.9958931166,0
0.33333333,1.90909091,7.9699814268,0.9962476784,0
0.34343434,1.90909091,7.9725156978,0.9965644622,0
0.35353535,1.90909091,7.9747847118,0.9968480890,0
0.36363636,1.90909091,7.9768198818,0.9971024852,0
0.37373737,1.90909091,7.9786480148,0.9973310018,0
0.38383838,1.90909091,7.9802920736,0.9975365092,0
0.39393939,1.90909091,7.9817717944,0.9977214743,0
0.40404040,1.90909091,7.9831041889,0.9978880236,0
0.41414141,1.90909091,7.9843039555,0.9980379944,0
0.42424242,1.90909091,7.9853838173,0.9981729772,0
0.43434343,1.90909091,7.9863548010,0.9982943501,0
0.44444444,1.90909091,7.9872264669,0.9984033084,0
0.45454545,1.90909091,7.9880071008,0.9985008876,0
0.46464646,1.90909091,7.9887038721,0.9985879840,0
0.47474747,1.90909091,7.9893229658,0.9986653707,0
0.48484848,1.90909091,7.9898696914,0.9987337114,0
0.49494949,1.90909091,7.9903485723,0.9987935715,0
0.50505051,1.90909091,7.9907634192,0.9988454274,0
0.51515152,1.90909091,7.9911173887,0.9988896736,0
0.52525253,1.90909091,7.9914130292,0.9989266287,0
0.53535354,1.90909091,7.9916523152,0.9989565394,0
0.54545455,1.90909091,7.9918366707,0.9989795838,0
0.55555556,1.90909091,7.9919669830,0.9989958729,0
0.56565657,1.90909091,7.9920436054,0.9990054507,0
0.57575758,1.90909091,7.9920663505,0.9990082938,0
0.58585859,1.90909091,7.9920344726,0.9990043091,0
0.59595960,1.90909091,7.9919466381,0.9989933298,0
0.60606061,1.90909091,7.9918008839,0.9989751105,0
0.61616162,1.90909091,7.9915945605,0.9989493201,0
0.62626263,1.90909091,7.9913242585,0.9989155323,0
0.63636364,1.90909091,7.9909857146,0.9988732143,0
0.64646465,1.90909091,7.9905736946,0.9988217118,0
0.65656566,1.90909091,7.9900818454,0.9987602307,0
0.66666667,1.90909091,7.9895025121,0.9986878140,0
0.67676768,1.90909091,7.9888265094,0.9986033137,0
0.68686869,1.90909091,7.9880428362,0.9985053545,0
0.69696970,1.90909091,7.9871383186,0.9983922898,0
0.70707071,1.90909091,7.9860971600,0.9982621450,0
0.71717172,1.90909091,7.9849003723,0.9981125465,0
0.72727273,1.90909091,7.9835250509,0.9979406314,0
0.73737374,1.90909091,7.9819434450,0.9977429306,0
0.74747475,1.90909091,7.9801217537,0.9975152192,0
0.75757576,1.90909091,7.9780185552,0.9972523194,0
0.76767677,1.90909091,7.9755827340,0.9969478417,0
0.77777778,1.90909091,7.9727507180,0.9965938398,0
0.78787879,1.90909091,7.9694427508,0.9961803438,0
0.79797980,1.90909091,7.9655577949,0.9956947244,0
0.80808081,1.90909091,7.9609664646,0.9951208081,0
0.81818182,1.90909091,7.9555010676,0.9944376334,0
0.82828283,1.90909091,7.9489413290,0.9936176661,0
0.83838384,1.90909091,7.9409935206,0.9926241901,0
0.84848485,1.90909091,7.9312592827,0.9914074103,0
0.85858586,1.90909091,7.9191878991,0.9898984874,0
0.86868687,1.90909091,7.9040012050,0.9880001506,0
0.87878788,1.90909091,7.8845716741,0.9855714593,0
0.88888889,1.90909091,7.8592172605,0.9824021576,0
0.89898990,1.90909091,7.8253415534,0.9781676942,0
0.90909091,1.90909091,7.7787716029,0.9723464504,0
0.91919192,1.90909091,7.7124698503,0.9640587313,0
0.92929293,1.90909091,7.6138651246,0.9517331406,0
0.93939394,1.90909091,7.4589359376,0.9323669922,0
0.94949495,1.90909091,7.1983477283,0.8997934660,0
0.95959596,1.90909091,6.7258778387,0.8407347298,0
0.96969697,1.90909091,5.8369954885,0.7296244361,1
0.97979798,1.90909091,4.3970903556,0.5496362944,1
0.98989899,1.90909091,2.9307580840,0.3663447605,1
1.00000000,1.90909091,1.5021412810,0.1877676601,1
0.00000000,1.96969697,2.0000000000,0.2500000000,0
0.01010101,1.96969697,2.4513557686,0.3064194711,0
0.02020202,1.96969697,3.0534534334,0.3816816792,0
0.03030303,1.96969697,3.8184090458,0.4773011307,0
0.04040404,1.96969697,4.6839507753,0.5854938469,0
0.05050505,1.96969697,5.5158020960,0.6894752620,0
0.06060606,1.96969697,6.1970837891,0.7746354736,0
0.07070707,1.96969697,6.6963238662,0.8370404833,0
0.08080808,1.96969697,7.0433221136,0.8804152642,0
0.09090909,1.96969697,7.2819260780,0.9102407598,0
0.10101010,1.96969697,7.4479673419,0.9309959177,0
0.11111111,1.96969697,7.5660290812,0.9457536352,0
0.12121212,1.96969697,7.6520292424,0.9565036553,0
0.13131313,1.96969697,7.7161694918,0.9645211865,0
0.14141414,1.96969697,7.7650559646,0.9706319956,0
0.15151515,1.96969697,7.8030483753,0.9753810469,0
0.16161616,1.96969697,7.8330877952,0.9791359744,0
0.17171717,1.96969697,7.8572030262,0.9821503783,0
0.18181818,1.96969697,7.8768238746,0.9846029843,0
0.19191919,1.96969697,7.8929783779,0.9866222972,0
0.20202020,1.96969697,7.9064194610,0.9883024326,0
0.21212121,1.96969697,7.9177079439,0.9897134930,0
0.22222222,1.96969697,7.9272680341,0.9909085043,0
0.23232323,1.96969697,7.9354251346,0.9919281418,0
0.24242424,1.96969697,7.9424320662,0.9928040083,0
0.25252525,1.96969697,7.9484875604,0.9935609450,0
0.26262626,1.96969697,7.9537495032,0.9942186879,0
0.27272727,1.96969697,7.9583445600,0.9947930700,0
0.28282828,1.96969697,7.9623752607,0.9952969076,0
0.29292929,1.96969697,7.9659252833,0.9957406604,0
0.30303030,1.96969697,7.9690634375,0.9961329297,0
0.31313131,1.96969697,7.9718467013,0.9964808377,0
0.32323232,1.96969697,7.9743225585,0.9967903198,0
0.33333333,1.96969697,7.9765308143,0.9970663518,0
0.34343434,1.96969697,7.9785050188,0.9973131273,0
0.35353535,1.96969697,7.9802735902,0.9975341988,0
0.36363636,1.96969697,7.9818607098,0.9977325887,0
0.37373737,1.96969697,7.9832870385,0.9979108798,0
0.38383838,1.96969697,7.9845702943,0.9980712868,0
0.39393939,1.96969697,7.9857257213,0.9982157152,0
0.40404040,1.96969697,7.9867664719,0.9983458090,0
0.41414141,1.96969697,7.9877039201,0.9984629900,0
0.42424242,1.96969697,7.9885479191,0.9985684899,0
0.43434343,1.96969697,7.9893070143,0.9986633768,0
0.44444444,1.96969697,7.9899886201,0.9987485775,0
0.45454545,1.96969697,7.9905991656,0.9988248957,0
0.46464646,1.96969697,7.9911442168,0.9988930271,0
0.47474747,1.96969697,7.9916285773,0.9989535722,0
0.48484848,1.96969697,7.9920563721,0.9990070465,0
0.49494949,1.96969697,7.9924311165,0.9990538896,0
0.50505051,1.96969697,7.9927557719,0.9990944715,0
0.51515152,1.96969697,7.9930327914,0.9991290989,0
0.52525253,1.96969697,7.9932641547,0.9991580193,0
0.53535354,1.96969697,7.9934513943,0.9991814243,0
0.54545455,1.96969697,7.9935956140,0.9991994517,0
0.55555556,1.96969697,7.9936974981,0.9992121873,0
0.56565657,1.96969697,7.9937573144,0.9992196643,0
0.57575758,1.96969697,7.9937749080,0.9992218635,0
0.58585859,1.96969697,7.9937496872,0.9992187109,0
0.59595960,1.96969697,7.9936806008,0.9992100751,0
0.60606061,1.96969697,7.9935661044,0.9991957630,0
0.61616162,1.96969697,7.9934041163,0.9991755145,0
0.62626263,1.96969697,7.9931919599,0.9991489950,0
0.63636364,1.96969697,7.9929262895,0.9991157862,0
0.64646465,1.96969697,7.9926029987,0.9990753748,0
0.65656566,1.96969697,7.9922171048,0.9990271381,0
0.66666667,1.96969697,7.9917626048,0.9989703256,0
0.67676768,1.96969697,7.9912322971,0.9989040371,0
0.68686869,1.96969697,7.9906175575,0.9988271947,0
0.69696970,1.96969697,7.9899080596,0.9987385074,0
0.70707071,1.96969697,7.9890914231,0.9986364279,0
0.71717172,1.96969697,7.9881527683,0.9985190960,0
0.72727273,1.96969697,7.9870741488,0.9983842686,0
0.73737374,1.96969697,7.9858338245,0.9982292281,0
0.74747475,1.96969697,7.9844053201,0.9980506650,0
0.75757576,1.96969697,7.9827561965,0.9978445246,0
0.76767677,1.96969697,7.9808464317,0.9976058040,0
0.77777778,1.96969697,7.9786262619,0.9973282827,0
0.78787879,1.96969697,7.9760332706,0.9970041588,0
0.79797980,1.96969697,7.9729884101,0.9966235513,0
0.80808081,1.96969697,7.9693904884,0.9961738110,0
0.81818182,1.96969697,7.9651084045,0.9956385506,0
0.82828283,1.96969697,7.9599700250,0.9949962531,0
0.83838384,1.96969697,7.9537459325,0.9942182416,0
0.84848485,1.96969697,7.9461251687,0.9932656461,0
0.85858586,1.96969697,7.9366781331,0.9920847666,0
0.86868687,1.96969697,7.9247982592,0.9905997824,0
0.87878788,1.96969697,7.9096074044,0.9887009255,0
0.88888889,1.96969697,7.8897967466,0.9862245933,0
0.89898990,1.96969697,7.8633477929,0.9829184741,0
0.90909091,1.96969697,7.8270186089,0.9783773261,0
0.91919192,1.96969697,7.7753414627,0.9719176828,0
0.92929293,1.96969697,7.6985293195,0.9623161649,0
0.93939394,1.96969697,7.5777435779,0.9472179472,0
0.94949495,1.96969697,7.3734546927,0.9216818366,0
0.95959596,1.96969697,6.9951498468,0.8743937309,1
0.96969697,1.96969697,6.2337502552,0.7792187819,1
0.97979798,1.96969697,4.7968373022,0.5996046628,1
0.98989899,1.96969697,3.0908062499,0.3863507812,1
1.00000000,1.96969697,1.5004106480,0.1875513310,1
0.00000000,2.03030303,2.0000000000,0.2500000000,0
0.01010101,2.03030303,2.5189595004,0.3148699376,0
0.02020202,2.03030303,3.2316368448,0.4039546056,0
0.03030303,2.03030303,4.1361001318,0.5170125165,0
0.04040404,2.03030303,5.1064341751,0.6383042719,0
0.05050505,2.03030303,5.9517828990,0.7439728624,0
0.06060606,2.03030303,6.5740555314,0.8217569414,0
0.07070707,2.03030303,6.9933435323,0.8741679415,0
0.08080808,2.03030303,7.2695163767,0.9086895471,0
0.09090909,2.03030303,7.4537727548,0.9317215944,0
0.10101010,2.03030303,7.5800625588,0.9475078199,0
0.11111111,2.03030303,7.6692788253,0.9586598532,0
0.12121212,2.03030303,7.7341566711,0.9667695839,0
0.13131313,2.03030303,7.7825837658,0.9728229707,0
0.14141414,2.03030303,7.8195710635,0.9774463829,0
0.15151515,2.03030303,7.8483918196,0.9810489775,0
0.16161616,2.03030303,7.8712433453,0.9839054182,0
0.17171717,2.03030303,7.8896388292,0.9862048536,0
0.18181818,2.03030303,7.9046449836,0.9880806229,0
0.19191919,2.03030303,7.9170298795,0.9896287349,0
0.20202020,2.03030303,7.9273572282,0.9909196535,0
0.21212121,2.03030303,7.9360479445,0.9920059931,0
0.22222222,2.03030303,7.9434212421,0.9929276553,0
0.23232323,2.03030303,7.9497226311,0.9937153289,0
0.24242424,2.03030303,7.9551433532,0.9943929192,0
0.25252525,2.03030303,7.9598341096,0.9949792637,0
0.26262626,2.03030303,7.9639149109,0.9954893639,0
0.27272727,2.03030303,7.9674822506,0.9959352813,0
0.28282828,2.03030303,7.9706143987,0.9963267998,0
0.29292929,2.03030303,7.9733753576,0.9966719197,0
0.30303030,2.03030303,7.9758178524,0.9969772315,0
0.31313131,2.03030303,7.9779856148,0.9972482018,0
0.32323232,2.03030303,7.9799151457,0.9974893932,0
0.33333333,2.03030303,7.9816370873,0.9977046359,0
0.34343434,2.03030303,7.9831773000,0.9978971625,0
0.35353535,2.03030303,7.9845577155,0.9980697144,0
0.36363636,2.03030303,7.9857970164,0.9982246271,0
0.37373737,2.03030303,7.9869111816,0.9983638977,0
0.38383838,2.03030303,7.9879139270,0.9984892409,0
0.39393939,2.03030303,7.9888170636,0.9986021330,0
0.40404040,2.03030303,7.9896307900,0.9987038487,0
0.41414141,2.03030303,7.9903639318,0.9987954915,0
0.42424242,2.03030303,7.9910241399,0.9988780175,0
0.43434343,2.03030303,7.9916180535,0.9989522567,0
0.44444444,2.03030303,7.9921514362,0.9990189295,0
0.45454545,2.03030303,7.9926292879,0.9990786610,0
0.46464646,2.03030303,7.9930559392,0.9991319924,0
0.47474747,2.03030303,7.9934351288,0.9991793911,0
0.48484848,2.03030303,7.9937700679,0.9992212585,0
0.49494949,2.03030303,7.9940634937,0.9992579367,0
0.50505051,2.03030303,7.9943177125,0.9992897141,0
0.51515152,2.03030303,7.9945346342,0.9993168293,0
0.52525253,2.03030303,7.9947157999,0.9993394750,0
0.53535354,2.03030303,7.9948624021,0.9993578003,0
0.54545455,2.03030303,7.9949752979,0.9993719122,0
0.55555556,2.03030303,7.9950550175,0.9993818772,0
0.56565657,2.03030303,7.9951017648,0.9993877206,0
0.57575758,2.03030303,7.9951154136,0.9993894267,0
0.58585859,2.03030303,7.9950954956,0.9993869369,0
0.59595960,2.03030303,7.9950411827,0.9993801478,0
0.60606061,2.03030303,7.9949512609,0.9993689076,0
0.61616162,2.03030303,7.9948240950,0.9993530119,0
0.62626263,2.03030303,7.9946575837,0.9993321980,0
0.63636364,2.03030303,7.9944491015,0.9993061377,0
0.64646465,2.03030303,7.9941954268,0.9992744284,0
0.65656566,2.03030303,7.9938926510,0.9992365814,0
0.66666667,2.03030303,7.9935360661,0.9991920083,0
0.67676768,2.03030303,7.9931200246,0.9991400031,0
0.68686869,2.03030303,7.9926377642,0.9990797205,0
0.69696970,2.03030303,7.9920811887,0.9990101486,0
0.70707071,2.03030303,7.9914405927,0.9989300741,0
0.71717172,2.03030303,7.9907043125,0.9988380391,0
0.72727273,2.03030303,7.9898582822,0.9987322853,0
0.73737374,2.03030303,7.9888854643,0.9986106830,0
0.74747475,2.03030303,7.9877651135,0.9984706392,0
0.75757576,2.03030303,7.9864718149,0.9983089769,0
0.76767677,2.03030303,7.9849742179,0.9981217772,0
0.77777778,2.03030303,7.9832333478,0.9979041685,0
0.78787879,2.03030303,7.9812003309,0.9976500414,0
0.79797980,2.03030303,7.9788132856,0.9973516607,0
0.80808081,2.03030303,7.9759930163,0.9969991270,0
0.81818182,2.03030303,7.9726369528,0.9965796191,0
0.82828283,2.03030303,7.9686104703,0.9960763088,0
0.83838384,2.03030303,7.9637342193,0.9954667774,0
0.84848485,2.03030303,7.9577652237,0.9947206530,0
0.85858586,2.03030303,7.9503679962,0.9937959995,0
0.86868687,2.03030303,7.9410691681,0.9926336460,0
0.87878788,2.03030303,7.9291839633,0.9911479954,0
0.88888889,2.03030303,7.9136926670,0.9892115834,0
0.89898990,2.03030303,7.8930241974,0.9866280247,0
0.90909091,2.03030303,7.8646577329,0.9830822166,0
0.91919192,2.03030303,7.8243450775,0.9780431347,0
0.92929293,2.03030303,7.7644815649,0.9705601956,0
0.93939394,2.03030303,7.6703894713,0.9587986839,0
0.94949495,2.03030303,7.5109420829,0.9388677604,0
0.95959596,2.03030303,7.2123352652,0.9015419081,1
0.96969697,2.03030303,6.5834111963,0.8229263995,1
0.97979798,2.03030303,5.2237169062,0.6529646133,1
0.98989899,2.03030303,3.2826803171,0.4103350396,1
1.00000000,2.03030303,1.9999805345,0.2499975668,1
0.00000000,2.09090909,2.0000000000,0.2500000000,0
0.01010101,2.09090909,2.5981245488,0.3247655686,0
0.02020202,2.09090909,3.4439427730,0.4304928466,0
0.03030303,2.09090909,4.5012808544,0.5626601068,0
0.04040404,2.09090909,5.5475463729,0.6934432966,0
0.05050505,2.09090909,6.3570555819,0.7946319477,0
0.06060606,2.09090909,6.8932412804,0.8616551601,0
0.07070707,2.09090909,7.2303970377,0.9037996297,0
0.08080808,2.09090909,7.4442817177,0.9305352147,0
0.09090909,2.09090909,7.5844595972,0.9480574496,0
0.10101010,2.09090909,7.6798688055,0.9599836007,0
0.11111111,2.09090909,7.7471747877,0.9683968485,0
0.12121212,2.09090909,7.7961839361,0.9745229920,0
0.13131313,2.09090909,7.8328590929,0.9791073866,0
0.14141414,2.09090909,7.8609543730,0.9826192966,0
0.15151515,2.09090909,7.8829130780,0.9853641347,0
0.16161616,2.09090909,7.9003744149,0.9875468019,0
0.17171717,2.09090909,7.9144685426,0.9893085678,0
0.18181818,2.09090909,7.9259938512,0.9907492314,0
0.19191919,2.09090909,7.9355267133,0.9919408392,0
0.20202020,2.09090909,7.9434913395,0.9929364174,0
0.21212121,2.09090909,7.9502053853,0.9937756732,0
0.22222222,2.09090909,7.9559104257,0.9944888032,0
0.23232323,2.09090909,7.9607927530,0.9950990941,0
0.24242424,2.09090909,7.9649978445,0.9956247306,0
0.25252525,2.09090909,7.9686406064,0.9960800758,0
0.26262626,2.09090909,7.9718127430,0.9964765929,0
0.27272727,2.09090909,7.9745881358,0.9968235170,0
0.28282828,2.09090909,7.9770268241,0.9971283530,0
0.29292929,2.09090909,7.9791779859,0.9973972482,0
0.30303030,2.09090909,7.9810821970,0.9976352746,0
0.31313131,2.09090909,7.9827731606,0.9978466451,0
0.32323232,2.09090909,7.9842790437,0.9980348805,0
0.33333333,2.09090909,7.9856235207,0.9982029401,0
0.34343434,2.09090909,7.9868265938,0.9983533242,0
0.35353535,2.09090909,7.9879052434,0.9984881554,0
0.36363636,2.09090909,7.9888739477,0.9986092435,0
0.37373737,2.09090909,7.9897451000,0.9987181375,0
0.38383838,2.09090909,7.9905293470,0.9988161684,0
0.39393939,2.09090909,7.9912358630,0.9989044829,0
0.40404040,2.09090909,7.9918725750,0.9989840719,0
0.41414141,2.09090909,7.9924463469,0.9990557934,0
0.42424242,2.09090909,7.9929631322,0.9991203915,0
0.43434343,2.09090909,7.9934280996,0.9991785125,0
0.44444444,2.09090909,7.9938457380,0.9992307173,0
0.45454545,2.09090909,7.9942199432,0.9992774929,0
0.46464646,2.09090909,7.9945540904,0.9993192613,0
0.47474747,2.09090909,7.9948510943,0.9993563868,0
0.48484848,2.09090909,7.9951134591,0.9993891824,0
0.49494949,2.09090909,7.9953433194,0.9994179149,0
0.50505051,2.09090909,7.9955424740,0.9994428092,0
0.51515152,2.09090909,7.9957124126,0.9994640516,0
0.52525253,2.09090909,7.9958543368,0.9994817921,0
0.53535354,2.09090909,7.9959691758,0.9994961470,0
0.54545455,2.09090909,7.9960575972,0.9995071997,0
0.55555556,2.09090909,7.9961200124,0.9995150015,0
0.56565657,2.09090909,7.9961565778,0.9995195722,0
0.57575758,2.09090909,7.9961671913,0.9995208989,0
0.58585859,2.09090909,7.9961514831,0.9995189354,0
0.59595960,2.09090909,7.9961088014,0.9995136002,0
0.60606061,2.09090909,7.9960381921,0.9995047740,0
0.61616162,2.09090909,7.9959383712,0.9994922964,0
0.62626263,2.09090909,7.9958076891,0.9994759611,0
0.63636364,2.09090909,7.9956440856,0.9994555107,0
0.64646465,2.09090909,7.9954450329,0.9994306291,0
0.65656566,2.09090909,7.9952074649,0.9994009331,0
0.66666667,2.09090909,7.9949276887,0.9993659611,0
0.67676768,2.09090909,7.9946012750,0.9993251594,0
0.68686869,2.09090909,7.9942229204,0.9992778651,0
0.69696970,2.09090909,7.9937862763,0.9992232845,0
0.70707071,2.09090909,7.9932837323,0.9991604665,0
0.71717172,2.09090909,7.9927061437,0.9990882680,0
0.72727273,2.09090909,7.9920424833,0.9990053104,0
0.73737374,2.09090909,7.9912793952,0.9989099244,0
0.74747475,2.09090909,7.9904006188,0.9988000774,0
0.75757576,2.09090909,7.9893862359,0.9986732795,0
0.76767677,2.09090909,7.9882116792,0.9985264599,0
0.77777778,2.09090909,7.9868464119,0.9983558015,0
0.78787879,2.09090909,7.9852521472,0.9981565184,0
0.79797980,2.09090909,7.9833804177,0.9979225522,0
0.80808081,2.09090909,7.9811692091,0.9976461511,0
0.81818182,2.09090909,7.9785382237,0.9973172780,0
0.82828283,2.09090909,7.9753821011,0.9969227626,0
0.83838384,2.09090909,7.9715605270,0.9964450659,0
0.84848485,2.09090909,7.9668834859,0.9958604357,0
0.85858586,2.09090909,7.9610887416,0.9951360927,0
0.86868687,2.09090909,7.9538064921,0.9942258115,0
0.87878788,2.09090909,7.9445021414,0.9930627677,0
0.88888889,2.09090909,7.9323802470,0.9915475309,0
0.89898990,2.09090909,7.9162164089,0.9895270511,0
0.90909091,2.09090909,7.8940481420,0.9867560178,0
0.91919192,2.09090909,7.8625718316,0.9828214790,0
0.92929293,2.09090909,7.8158787783,0.9769848473,0
0.93939394,2.09090909,7.7425612405,0.9678201551,0
0.94949495,2.09090909,7.6183213289,0.9522901661,1
0.95959596,2.09090909,7.3844795855,0.9230599482,1
0.96969697,2.09090909,6.8781362453,0.8597670307,1
0.97979798,2.09090909,5.6556864133,0.7069608017,1
0.98989899,2.09090909,3.5123278278,0.4390409785,1
1.00000000,2.09090909,1.9261220618,0.2407652577,1
0.00000000,2.15151515,2.0000000000,0.2500000000,0
0.01010101,2.15151515,2.6912006251,0.3364000781,0
0.02020202,2.15151515,3.6961663889,0.4620207986,0
0.03030303,2.15151515,4.9085589325,0.6135698666,0
0.04040404,2.15151515,5.9821668498,0.7477708562,0
0.05050505,2.15151515,6.7115394465,0.8389424308,0
0.06060606,2.15151515,7.1514124793,0.8939265599,0
0.07070707,2.15151515,7.4143001283,0.9267875160,0
0.08080808,2.15151515,7.5772744618,0.9471593077,0
0.09090909,2.15151515,7.6831871359,0.9603983920,0
0.10101010,2.15151515,7.7551691033,0.9693961379,0
0.11111111,2.15151515,7.8060339201,0.9757542400,0
0.12121212,2.15151515,7.8431807554,0.9803975944,0
0.13131313,2.15151515,7.8710713708,0.9838839213,0
0.14141414,2.15151515,7.8925072094,0.9865634012,0
0.15151515,2.15151515,7.9093121068,0.9886640134,0
0.16161616,2.15151515,7.9227120022,0.9903390003,0
0.17171717,2.15151515,7.9335544035,0.9916943004,0
0.18181818,2.15151515,7.9424398386,0.9928049798,0
0.19191919,2.15151515,7.9498031848,0.9937253981,0
0.20202020,2.15151515,7.9559654819,0.9944956852,0
0.21212121,2.15151515,7.9611678222,0.9951459778,0
0.22222222,2.15151515,7.9655940486,0.9956992561,0
0.23232323,2.15151515,7.9693862861,0.9961732858,0
0.24242424,2.15151515,7.9726557757,0.9965819720,0
0.25252525,2.15151515,7.9754905658,0.9969363207,0
0.26262626,2.15151515,7.9779610607,0.9972451326,0
0.27272727,2.15151515,7.9801240804,0.9975155100,0
0.28282828,2.15151515,7.9820258724,0.9977532340,0
0.29292929,2.15151515,7.9837043729,0.9979630466,0
0.30303030,2.15151515,7.9851909235,0.9981488654,0
0.31313131,2.15151515,7.9865115884,0.9983139485,0
0.32323232,2.15151515,7.9876881741,0.9984610218,0
0.33333333,2.15151515,7.9887390276,0.9985923784,0
0.34343434,2.15151515,7.9896796637,0.9987099580,0
0.35353535,2.15151515,7.9905232647,0.9988154081,0
0.36363636,2.15151515,7.9912810785,0.9989101348,0
0.37373737,2.15151515,7.9919627403,0.9989953425,0
0.38383838,2.15151515,7.9925765323,0.9990720665,0
0.39393939,2.15151515,7.9931295955,0.9991411994,0
0.40404040,2.15151515,7.9936281034,0.9992035129,0
0.41414141,2.15151515,7.9940774041,0.9992596755,0
0.42424242,2.15151515,7.9944821380,0.9993102673,0
0.43434343,2.15151515,7.9948463359,0.9993557920,0
0.44444444,2.15151515,7.9951734992,0.9993966874,0
0.45454545,2.15151515,7.9954666679,0.9994333335,0
0.46464646,2.15151515,7.9957284763,0.9994660595,0
0.47474747,2.15151515,7.9959611999,0.9994951500,0
0.48484848,2.15151515,7.9961667939,0.9995208492,0
0.49494949,2.15151515,7.9963469254,0.9995433657,0
0.50505051,2.15151515,7.9965029990,0.9995628749,0
0.51515152,2.15151515,7.9966361780,0.9995795223,0
0.52525253,2.15151515,7.9967474008,0.9995934251,0
0.53535354,2.15151515,7.9968373925,0.9996046741,0
0.54545455,2.15151515,7.9969066737,0.9996133342,0
0.55555556,2.15151515,7.9969555644,0.9996194455,0
0.56565657,2.15151515,7.9969841852,0.9996230231,0
0.57575758,2.15151515,7.9969924540,0.9996240568,0
0.58585859,2.15151515,7.9969800793,0.9996225099,0
0.59595960,2.15151515,7.9969465483,0.9996183185,0
0.60606061,2.15151515,7.9968911115,0.9996113889,0
0.61616162,2.15151515,7.9968127606,0.9996015951,0
0.62626263,2.15151515,7.9967102010,0.9995887751,0
0.63636364,2.15151515,7.9965818159,0.9995727270,0
0.64646465,2.15151515,7.9964256218,0.9995532027,0
0.65656566,2.15151515,7.9962392135,0.9995299017,0
0.66666667,2.15151515,7.9960196940,0.9995024617,0
0.67676768,2.15151515,7.9957635888,0.9994704486,0
0.68686869,2.15151515,7.9954667384,0.9994333423,0
0.69696970,2.15151515,7.9951241637,0.9993905205,0
0.70707071,2.15151515,7.9947298962,0.9993412370,0
0.71717172,2.15151515,7.9942767647,0.9992845956,0
0.72727273,2.15151515,7.9937561225,0.9992195153,0
0.73737374,2.15151515,7.9931574975,0.9991446872,0
0.74747475,2.15151515,7.9924681414,0.9990585177,0
0.75757576,2.15151515,7.9916724393,0.9989590549,0
0.76767677,2.15151515,7.9907511341,0.9988438918,0
0.77777778,2.15151515,7.9896802922,0.9987100365,0
0.78787879,2.15151515,7.9884299097,0.9985537387,0
0.79797980,2.15151515,7.9869620106,0.9983702513,0
0.80808081,2.15151515,7.9852280128,0.9981535016,0
0.81818182,2.15151515,7.9831650238,0.9978956280,0
0.82828283,2.15151515,7.9806905412,0.9975863177,0
0.83838384,2.15151515,7.9776947220,0.9972118403,0
0.84848485,2.15151515,7.9740288654,0.9967536082,0
0.85858586,2.15151515,7.9694878330,0.9961859791,0
0.86868687,2.15151515,7.9637824782,0.9954728098,0
0.87878788,2.15151515,7.9564950397,0.9945618800,0
0.88888889,2.15151515,7.9470043434,0.9933755429,0
0.89898990,2.15151515,7.9343550282,0.9917943785,0
0.90909091,2.15151515,7.9170173486,0.9896271686,0
0.91919192,2.15151515,7.8924191238,0.9865523905,0
0.92929293,2.15151515,7.8559654530,0.9819956816,0
0.93939394,2.15151515,7.7987927784,0.9748490973,0
0.94949495,2.15151515,7.7020034629,0.9627504329,1
0.95959596,2.15151515,7.5195690381,0.9399461298,1
0.96969697,2.15151515,7.1185418291,0.8898177286,1
0.97979798,2.15151515,6.0678588107,0.7584823513,1
0.98989899,2.15151515,3.7853973499,0.4731746687,1
1.00000000,2.15151515,1.5437513516,0.1929689189,1
0.00000000,2.21212121,2.0000000000,0.2500000000,0
0.01010101,2.21212121,2.8010776595,0.3501347074,0
0.02020202,2.21212121,3.9934180159,0.4991772520,0
0.03030303,2.21212121,5.3439095114,0.6679886889,0
0.04040404,2.21212121,6.3843561833,0.7980445229,0
0.05050505,2.21212121,7.0056970473,0.8757121309,0
0.06060606,2.21212121,7.3534721093,0.9191840137,0
0.07070707,2.21212121,7.5545539076,0.9443192384,0
0.08080808,2.21212121,7.6777671127,0.9597208891,0
0.09090909,2.21212121,7.7576748407,0.9697093551,0
0.10101010,2.21212121,7.8120860791,0.9765107599,0
0.11111111,2.21212121,7.8506631035,0.9813328879,0
0.12121212,2.21212121,7.8789392425,0.9848674053,0
0.13131313,2.21212121,7.9002442343,0.9875305293,0
0.14141414,2.21212121,7.9166709197,0.9895838650,0
0.15151515,2.21212121,7.9295852685,0.9911981586,0
0.16161616,2.21212121,7.9399083785,0.9924885473,0
0.17171717,2.21212121,7.9482791686,0.9935348961,0
0.18181818,2.21212121,7.9551518729,0.9943939841,0
0.19191919,2.21212121,7.9608564696,0.9951070587,0
0.20202020,2.21212121,7.9656372753,0.9957046594,0
0.21212121,2.21212121,7.9696782599,0.9962097825,0
0.22222222,2.21212121,7.9731200529,0.9966400066,0
0.23232323,2.21212121,7.9760716140,0.9970089518,0
0.24242424,2.21212121,7.9786183972,0.9973272997,0
0.25252525,2.21212121,7.9808281634,0.9976035204,0
0.26262626,2.21212121,7.9827551833,0.9978443979,0
0.27272727,2.21212121,7.9844433213,0.9980554152,0
0.28282828,2.21212121,7.9859283278,0.9982410410,0
0.29292929,2.21212121,7.9872395637,0.9984049455,0
0.30303030,2.21212121,7.9884013124,0.9985501640,0
0.31313131,2.21212121,7.9894337884,0.9986792236,0
0.32323232,2.21212121,7.9903539197,0.9987942400,0
0.33333333,2.21212121,7.9911759599,0.9988969950,0
0.34343434,2.21212121,7.9919119716,0.9989889964,0
0.35353535,2.21212121,7.9925722104,0.9990715263,0
0.36363636,2.21212121,7.9931654327,0.9991456791,0
0.37373737,2.21212121,7.9936991436,0.9992123930,0
0.38383838,2.21212121,7.9941797975,0.9992724747,0
0.39393939,2.21212121,7.9946129621,0.9993266203,0
0.40404040,2.21212121,7.9950034526,0.9993754316,0
0.41414141,2.21212121,7.9953554422,0.9994194303,0
0.42424242,2.21212121,7.9956725532,0.9994590691,0
0.43434343,2.21212121,7.9959579327,0.9994947416,0
0.44444444,2.21212121,7.9962143155,0.9995267894,0
0.45454545,2.21212121,7.9964440765,0.9995555096,0
0.46464646,2.21212121,7.9966492742,0.9995811593,0
0.47474747,2.21212121,7.9968316867,0.9996039608,0
0.48484848,2.21212121,7.9969928425,0.9996241053,0
0.49494949,2.21212121,7.9971340446,0.9996417556,0
0.50505051,2.21212121,7.9972563912,0.9996570489,0
0.51515152,2.21212121,7.9973607916,0.9996700990,0
0.52525253,2.21212121,7.9974479792,0.9996809974,0
0.53535354,2.21212121,7.9975185207,0.9996898151,0
0.54545455,2.21212121,7.9975728224,0.9996966028,0
0.55555556,2.21212121,7.9976111338,0.9997013917,0
0.56565657,2.21212121,7.9976335483,0.9997041935,0
0.57575758,2.21212121,7.9976400002,0.9997050000,0
0.58585859,2.21212121,7.9976302597,0.9997037825,0
0.59595960,2.21212121,7.9976039240,0.9997004905,0
0.60606061,2.21212121,7.9975604041,0.9996950505,0
0.61616162,2.21212121,7.9974989087,0.9996873636,0
0.62626263,2.21212121,7.9974184214,0.9996773027,0
0.63636364,2.21212121,7.9973176736,0.9996647092,0
0.64646465,2.21212121,7.9971951090,0.9996493886,0
0.65656566,2.21212121,7.9970488403,0.9996311050,0
0.66666667,2.21212121,7.9968765951,0.9996095744,0
0.67676768,2.21212121,7.9966756476,0.9995844560,0
0.68686869,2.21212121,7.9964427351,0.9995553419,0
0.69696970,2.21212121,7.9961739519,0.9995217440,0
0.70707071,2.21212121,7.9958646168,0.9994830771,0
0.71717172,2.21212121,7.9955091054,0.9994386382,0
0.72727273,2.21212121,7.9951006363,0.9993875795,0
0.73737374,2.21212121,7.9946309974,0.9993288747,0
0.74747475,2.21212121,7.9940901916,0.9992612740,0
0.75757576,2.21212121,7.9934659756,0.9991832470,0
0.76767677,2.21212121,7.9927432509,0.9990929064,0
0.77777778,2.21212121,7.9919032543,0.9989879068,0
0.78787879,2.21212121,7.9909224663,0.9988653083,0
0.79797980,2.21212121,7.9897711218,0.9987213902,0
0.80808081,2.21212121,7.9884111480,0.9985513935,0
0.81818182,2.21212121,7.9867932658,0.9983491582,0
0.82828283,2.21212121,7.9848528427,0.9981066053,0
0.83838384,2.21212121,7.9825038473,0.9978129809,0
0.84848485,2.21212121,7.9796298450,0.9974537306,0
0.85858586,2.21212121,7.9760702611,0.9970087826,0
0.86868687,2.21212121,7.9715988498,0.9964498562,0
0.87878788,2.21212121,7.9658888824,0.9957361103,0
0.88888889,2.21212121,7.9584548207,0.9948068526,0
0.89898990,2.21212121,7.9485504389,0.9935688049,0
0.90909091,2.21212121,7.9349819081,0.9918727385,0
0.91919192,2.21212121,7.9157440255,0.9894680032,0
0.92929293,2.21212121,7.8872592817,0.9859074102,0
0.93939394,2.21212121,7.8426358312,0.9803294789,1
0.94949495,2.21212121,7.7671899304,0.9708987413,1
0.95959596,2.21212121,7.6250494602,0.9531311825,1
0.96969697,2.21212121,7.3104149473,0.9138018684,1
0.97979798,2.21212121,6.4393416001,0.8049177000,1
0.98989899,2.21212121,4.1057057817,0.5132132227,1
1.00000000,2.21212121,1.9943934795,0.2492991849,1
0.00000000,2.27272727,2.0000000000,0.2500000000,0
0.01010101,2.27272727,2.9312910296,0.3664113787,0
0.02020202,2.27272727,4.3383787144,0.5422973393,0
0.03030303,2.27272727,5.7848684863,0.7231085608,0
0.04040404,2.27272727,6.7346977865,0.8418372233,0
0.05050505,2.27272727,7.2400887471,0.9050110934,0
0.06060606,2.27272727,7.5083476744,0.9385434593,0
0.07070707,2.27272727,7.6606231215,0.9575778902,0
0.08080808,2.27272727,7.7535837278,0.9691979660,0
0.09090909,2.27272727,7.8139838471,0.9767479809,0
0.10101010,2.27272727,7.8552636254,0.9819079532,0
0.11111111,2.27272727,7.8846482976,0.9855810372,0
0.12121212,2.27272727,7.9062682082,0.9882835260,0
0.13131313,2.27272727,7.9226128564,0.9903266070,0
0.14141414,2.27272727,7.9352518106,0.9919064763,0
0.15151515,2.27272727,7.9452132221,0.9931516528,0
0.16161616,2.27272727,7.9531929505,0.9941491188,0
0.17171717,2.27272727,7.9596753830,0.9949594229,0
0.18181818,2.27272727,7.9650060175,0.9956257522,0
0.19191919,2.27272727,7.9694365893,0.9961795737,0
0.20202020,2.27272727,7.9731539843,0.9966442480,0
0.21212121,2.27272727,7.9762992668,0.9970374084,0
0.22222222,2.27272727,7.9789805011,0.9973725626,0
0.23232323,2.27272727,7.9812815762,0.9976601970,0
0.24242424,2.27272727,7.9832683976,0.9979085497,0
0.25252525,2.27272727,7.9849933052,0.9981241631,0
0.26262626,2.27272727,7.9864982767,0.9983122846,0
0.27272727,2.27272727,7.9878172825,0.9984771603,0
0.28282828,2.27272727,7.9889780398,0.9986222550,0
0.29292929,2.27272727,7.9900033347,0.9987504168,0
0.30303030,2.27272727,7.9909120300,0.9988640037,0
0.31313131,2.27272727,7.9917198402,0.9989649800,0
0.32323232,2.27272727,7.9924399349,0.9990549919,0
0.33333333,2.27272727,7.9930834101,0.9991354263,0
0.34343434,2.27272727,7.9936596621,0.9992074578,0
0.35353535,2.27272727,7.9941766839,0.9992720855,0
0.36363636,2.27272727,7.9946413033,0.9993301629,0
0.37373737,2.27272727,7.9950593752,0.9993824219,0
0.38383838,2.27272727,7.9954359366,0.9994294921,0
0.39393939,2.27272727,7.9957753346,0.9994719168,0
0.40404040,2.27272727,7.9960813298,0.9995101662,0
0.41414141,2.27272727,7.9963571821,0.9995446478,0
0.42424242,2.27272727,7.9966057224,0.9995757153,0
0.43434343,2.27272727,7.9968294104,0.9996036763,0
0.44444444,2.27272727,7.9970303843,0.9996287980,0
0.45454545,2.27272727,7.9972105011,0.9996513126,0
0.46464646,2.27272727,7.9973713707,0.9996714213,0
0.47474747,2.27272727,7.9975143839,0.9996892980,0
0.48484848,2.27272727,7.9976407365,0.9997050921,0
0.49494949,2.27272727,7.9977514479,0.9997189310,0
0.50505051,2.27272727,7.9978473772,0.9997309222,0
0.51515152,2.27272727,7.9979292359,0.9997411545,0
0.52525253,2.27272727,7.9979975977,0.9997496997,0
0.53535354,2.27272727,7.9980529057,0.9997566132,0
0.54545455,2.27272727,7.9980954775,0.9997619347,0
0.55555556,2.27272727,7.9981255080,0.9997656885,0
0.56565657,2.27272727,7.9981430695,0.9997678837,0
0.57575758,2.27272727,7.9981481097,0.9997685137,0
0.58585859,2.27272727,7.9981404479,0.9997675560,0
0.59595960,2.27272727,7.9981197673,0.9997649709,0
0.60606061,2.27272727,7.9980856056,0.9997607007,0
0.61616162,2.27272727,7.9980373415,0.9997546677,0
0.62626263,2.27272727,7.9979741773,0.9997467722,0
0.63636364,2.27272727,7.9978951175,0.9997368897,0
0.64646465,2.27272727,7.9977989409,0.9997248676,0
0.65656566,2.27272727,7.9976841669,0.9997105209,0
0.66666667,2.27272727,7.9975490125,0.9996936266,0
0.67676768,2.27272727,7.9973913392,0.9996739174,0
0.68686869,2.27272727,7.9972085876,0.9996510735,0
0.69696970,2.27272727,7.9969976938,0.9996247117,0
0.70707071,2.27272727,7.9967549857,0.9995943732,0
0.71717172,2.27272727,7.9964760517,0.9995595065,0
0.72727273,2.27272727,7.9961555726,0.9995194466,0
0.73737374,2.27272727,7.9957871075,0.9994733884,0
0.74747475,2.27272727,7.9953628160,0.9994203520,0
0.75757576,2.27272727,7.9948730963,0.9993591370,0
0.76767677,2.27272727,7.9943061084,0.9992882636,0
0.77777778,2.27272727,7.9936471397,0.9992058925,0
0.78787879,2.27272727,7.9928777494,0.9991097187,0
0.79797980,2.27272727,7.9919746021,0.9989968253,0
0.80808081,2.27272727,7.9909078527,0.9988634816,0
0.81818182,2.27272727,7.9896388764,0.9987048595,0
0.82828283,2.27272727,7.9881170222,0.9985146278,0
0.83838384,2.27272727,7.9862748817,0.9982843602,0
0.84848485,2.27272727,7.9840212437,0.9980026555,0
0.85858586,2.27272727,7.9812303520,0.9976537940,0
0.86868687,2.27272727,7.9777250736,0.9972156342,0
0.87878788,2.27272727,7.9732497033,0.9966562129,0
0.88888889,2.27272727,7.9674244267,0.9959280533,0
0.89898990,2.27272727,7.9596658492,0.9949582311,0
0.90909091,2.27272727,7.9490413351,0.9936301669,0
0.91919192,2.27272727,7.9339858657,0.9917482332,0
0.92929293,2.27272727,7.9117105744,0.9889638218,0
0.93939394,2.27272727,7.8768505358,0.9846063170,1
0.94949495,2.27272727,7.8179913407,0.9772489176,1
0.95959596,2.27272727,7.7072451451,0.9634056431,1
0.96969697,2.27272727,7.4615635183,0.9326954398,1
0.97979798,2.27272727,6.7580800380,0.8447600047,1
0.98989899,2.27272727,4.4728335297,0.5591041912,1
1.00000000,2.27272727,1.8206031018,0.2275753877,1
0.00000000,2.33333333,2.0000000000,0.2500000000,0
0.01010101,2.33333333,3.0861099481,0.3857637435,0
0.02020202,2.33333333,4.7287106391,0.5910888299,0
0.03030303,2.33333333,6.2049282744,0.7756160343,0
0.04040404,2.33333333,7.0244483968,0.8780560496,0
0.05050505,2.33333333,7.4217386562,0.9277173320,0
0.06060606,2.33333333,7.6257336625,0.9532167078,0
0.07070707,2.33333333,7.7406451891,0.9675806486,0
0.08080808,2.33333333,7.8108864722,0.9763608090,0
0.09090909,2.33333333,7.8567068481,0.9820883560,0
0.10101010,2.33333333,7.8881609539,0.9860201192,0
0.11111111,2.33333333,7.9106433313,0.9888304164,0
0.12121212,2.33333333,7.9272440936,0.9909055117,0
0.13131313,2.33333333,7.9398324627,0.9924790578,0
0.14141414,2.33333333,7.9495917053,0.9936989632,0
0.15151515,2.33333333,7.9573000170,0.9946625021,0
0.16161616,2.33333333,7.9634860453,0.9954357557,0
0.17171717,2.33333333,7.9685190223,0.9960648778,0
0.18181818,2.33333333,7.9726631035,0.9965828879,0
0.19191919,2.33333333,7.9761112713,0.9970139089,0
0.20202020,2.33333333,7.9790071324,0.9973758916,0
0.21212121,2.33333333,7.9814593096,0.9976824137,0
0.22222222,2.33333333,7.9835511680,0.9979438960,0
0.23232323,2.33333333,7.9853475285,0.9981684411,0
0.24242424,2.33333333,7.9868993893,0.9983624237,0
0.25252525,2.33333333,7.9882473035,0.9985309129,0
0.26262626,2.33333333,7.9894238326,0.9986779791,0
0.27272727,2.33333333,7.9904553536,0.9988069192,0
0.28282828,2.33333333,7.9913634076,0.9989204259,0
0.29292929,2.33333333,7.9921657178,0.9990207147,0
0.30303030,2.33333333,7.9928769665,0.9991096208,0
0.31313131,2.33333333,7.9935093936,0.9991886742,0
0.32323232,2.33333333,7.9940732626,0.9992591578,0
0.33333333,2.33333333,7.9945772258,0.9993221532,0
0.34343434,2.33333333,7.9950286137,0.9993785767,0
0.35353535,2.33333333,7.9954336645,0.9994292081,0
0.36363636,2.33333333,7.9957977095,0.9994747137,0
0.37373737,2.33333333,7.9961253217,0.9995156652,0
0.38383838,2.33333333,7.9964204366,0.9995525546,0
0.39393939,2.33333333,7.9966864518,0.9995858065,0
0.40404040,2.33333333,7.9969263070,0.9996157884,0
0.41414141,2.33333333,7.9971425515,0.9996428189,0
0.42424242,2.33333333,7.9973373994,0.9996671749,0
0.43434343,2.33333333,7.9975127749,0.9996890969,0
0.44444444,2.33333333,7.9976703508,0.9997087939,0
0.45454545,2.33333333,7.9978115805,0.9997264476,0
0.46464646,2.33333333,7.9979377237,0.9997422155,0
0.47474747,2.33333333,7.9980498694,0.9997562337,0
0.48484848,2.33333333,7.9981489534,0.9997686192,0
0.49494949,2.33333333,7.9982357737,0.9997794717,0
0.50505051,2.33333333,7.9983110031,0.9997888754,0
0.51515152,2.33333333,7.9983751984,0.9997968998,0
0.52525253,2.33333333,7.9984288087,0.9998036011,0
0.53535354,2.33333333,7.9984721809,0.9998090226,0
0.54545455,2.33333333,7.9985055634,0.9998131954,0
0.55555556,2.33333333,7.9985291084,0.9998161386,0
0.56565657,2.33333333,7.9985428722,0.9998178590,0
0.57575758,2.33333333,7.9985468135,0.9998183517,0
0.58585859,2.33333333,7.9985407898,0.9998175987,0
0.59595960,2.33333333,7.9985245524,0.9998155691,0
0.60606061,2.33333333,7.9984977384,0.9998122173,0
0.61616162,2.33333333,7.9984598599,0.9998074825,0
0.62626263,2.33333333,7.9984102911,0.9998012864,0
0.63636364,2.33333333,7.9983482507,0.9997935313,0
0.64646465,2.33333333,7.9982727804,0.9997840975,0
0.65656566,2.33333333,7.9981827185,0.9997728398,0
0.66666667,2.33333333,7.9980766660,0.9997595833,0
0.67676768,2.33333333,7.9979529454,0.9997441182,0
0.68686869,2.33333333,7.9978095484,0.9997261936,0
0.69696970,2.33333333,7.9976440715,0.9997055089,0
0.70707071,2.33333333,7.9974536341,0.9996817043,0
0.71717172,2.33333333,7.9972347752,0.9996543469,0
0.72727273,2.33333333,7.9969833224,0.9996229153,0
0.73737374,2.33333333,7.9966942233,0.9995867779,0
0.74747475,2.33333333,7.9963613282,0.9995451660,0
0.75757576,2.33333333,7.9959771060,0.9994971382,0
0.76767677,2.33333333,7.9955322705,0.9994415338,0
0.77777778,2.33333333,7.9950152834,0.9993769104,0
0.78787879,2.33333333,7.9944116834,0.9993014604,0
0.79797980,2.33333333,7.9937031722,0.9992128965,0
0.80808081,2.33333333,7.9928663490,0.9991082936,0
0.81818182,2.33333333,7.9918709324,0.9989838666,0
0.82828283,2.33333333,7.9906772173,0.9988346522,0
0.83838384,2.33333333,7.9892323700,0.9986540463,0
0.84848485,2.33333333,7.9874649130,0.9984331141,0
0.85858586,2.33333333,7.9852763174,0.9981595397,0
0.86868687,2.33333333,7.9825278364,0.9978159796,0
0.87878788,2.33333333,7.9790192393,0.9973774049,0
0.88888889,2.33333333,7.9744532252,0.9968066531,0
0.89898990,2.33333333,7.9683733599,0.9960466700,0
0.90909091,2.33333333,7.9600504209,0.9950063026,0
0.91919192,2.33333333,7.9482617029,0.9935327129,0
0.92929293,2.33333333,7.9308306047,0.9913538256,1
0.93939394,2.33333333,7.9035756272,0.9879469534,1
0.94949495,2.33333333,7.8576145901,0.9822018238,1
0.95959596,2.33333333,7.7712741236,0.9714092654,1
0.96969697,2.33333333,7.5797988798,0.9474748600,1
0.97979798,2.33333333,7.0213885904,0.8776735738,1
0.98989899,2.33333333,4.8793421582,0.6099177698,1
1.00000000,2.33333333,1.9322939991,0.2415367499,1
0.00000000,2.39393939,2.0000000000,0.2500000000,0
0.01010101,2.39393939,3.2705587147,0.4088198393,0
0.02020202,2.39393939,5.1542864215,0.6442858027,0
0.03030303,2.39393939,6.5808765226,0.8226095653,0
0.04040404,2.39393939,7.2547721499,0.9068465187,0
0.05050505,2.39393939,7.5601953329,0.9450244166,0
0.06060606,2.39393939,7.7143234978,0.9642904372,0
0.07070707,2.39393939,7.8010946126,0.9751368266,0
0.08080808,2.39393939,7.8543520707,0.9817940088,0
0.09090909,2.39393939,7.8892633812,0.9861579227,0
0.10101010,2.39393939,7.9133370135,0.9891671267,0
0.11111111,2.39393939,7.9306104917,0.9913263115,0
0.12121212,2.39393939,7.9434060095,0.9929257512,0
0.13131313,2.39393939,7.9531345543,0.9941418193,0
0.14141414,2.39393939,7.9606931609,0.9950866451,0
0.15151515,2.39393939,7.9666740918,0.9958342615,0
0.16161616,2.39393939,7.9714810856,0.9964351357,0
0.17171717,2.39393939,7.9753969930,0.9969246241,0
0.18181818,2.39393939,7.9786247097,0.9973280887,0
0.19191919,2.39393939,7.9813128073,0.9976641009,0
0.20202020,2.39393939,7.9835720683,0.9979465085,0
0.21212121,2.39393939,7.9854864350,0.9981858044,0
0.22222222,2.39393939,7.9871204304,0.9983900538,0
0.23232323,2.39393939,7.9885242926,0.9985655366,0
0.24242424,2.39393939,7.9897375937,0.9987171992,0
0.25252525,2.39393939,7.9907918340,0.9988489792,0
0.26262626,2.39393939,7.9917123297,0.9989640412,0
0.27272727,2.39393939,7.9925196055,0.9990649507,0
0.28282828,2.39393939,7.9932304357,0.9991538045,0
0.29292929,2.39393939,7.9938586304,0.9992323288,0
0.30303030,2.39393939,7.9944156370,0.9993019546,0
0.31313131,2.39393939,7.9949110037,0.9993638755,0
0.32323232,2.39393939,7.9953527407,0.9994190926,0
0.33333333,2.39393939,7.9957476037,0.9994684505,0
0.34343434,2.39393939,7.9961013183,0.9995126648,0
0.35353535,2.39393939,7.9964187591,0.9995523449,0
0.36363636,2.39393939,7.9967040929,0.9995880116,0
0.37373737,2.39393939,7.9969608950,0.9996201119,0
0.38383838,2.39393939,7.9971922434,0.9996490304,0
0.39393939,2.39393939,7.9974007954,0.9996750994,0
0.40404040,2.39393939,7.9975888512,0.9996986064,0
0.41414141,2.39393939,7.9977584058,0.9997198007,0
0.42424242,2.39393939,7.9979111919,0.9997388990,0
0.43434343,2.39393939,7.9980487159,0.9997560895,0
0.44444444,2.39393939,7.9981722875,0.9997715359,0
0.45454545,2.39393939,7.9982830445,0.9997853806,0
0.46464646,2.39393939,7.9983819736,0.9997977467,0
0.47474747,2.39393939,7.9984699276,0.9998087409,0
0.48484848,2.39393939,7.9985476393,0.9998184549,0
0.49494949,2.39393939,7.9986157338,0.9998269667,0
0.50505051,2.39393939,7.9986747381,0.9998343423,0
0.51515152,2.39393939,7.9987250883,0.9998406360,0
0.52525253,2.39393939,7.9987671361,0.9998458920,0
0.53535354,2.39393939,7.9988011532,0.9998501442,0
0.54545455,2.39393939,7.9988273341,0.9998534168,0
0.55555556,2.39393939,7.9988457978,0.9998557247,0
0.56565657,2.39393939,7.9988565881,0.9998570735,0
0.57575758,2.39393939,7.9988596722,0.9998574590,0
0.58585859,2.39393939,7.9988549383,0.9998568673,0
0.59595960,2.39393939,7.9988421911,0.9998552739,0
0.60606061,2.39393939,7.9988211455,0.9998526432,0
0.61616162,2.39393939,7.9987914186,0.9998489273,0
0.62626263,2.39393939,7.9987525193,0.9998440649,0
0.63636364,2.39393939,7.9987038345,0.9998379793,0
0.64646465,2.39393939,7.9986446123,0.9998305765,0
0.65656566,2.39393939,7.9985739410,0.9998217426,0
0.66666667,2.39393939,7.9984907231,0.9998113404,0
0.67676768,2.39393939,7.9983936423,0.9997992053,0
0.68686869,2.39393939,7.9982811231,0.9997851404,0
0.69696970,2.39393939,7.9981512796,0.9997689100,0
0.70707071,2.39393939,7.9980018520,0.9997502315,0
0.71717172,2.39393939,7.9978301250,0.9997287656,0
0.72727273,2.39393939,7.9976328255,0.9997041032,0
0.73737374,2.39393939,7.9974059899,0.9996757487,0
0.74747475,2.39393939,7.9971447941,0.9996430993,0
0.75757576,2.39393939,7.9968433305,0.9996054163,0
0.76767677,2.39393939,7.9964943152,0.9995617894,0
0.77777778,2.39393939,7.9960886979,0.9995110872,0
0.78787879,2.39393939,7.9956151366,0.9994518921,0
0.79797980,2.39393939,7.9950592806,0.9993824101,0
0.80808081,2.39393939,7.9944027786,0.9993003473,0
0.81818182,2.39393939,7.9936218857,0.9992027357,0
0.82828283,2.39393939,7.9926854702,0.9990856838,0
0.83838384,2.39393939,7.9915521113,0.9989440139,0
0.84848485,2.39393939,7.9901657797,0.9987707225,0
0.85858586,2.39393939,7.9884492535,0.9985561567,0
0.86868687,2.39393939,7.9862938120,0.9982867265,0
0.87878788,2.39393939,7.9835425948,0.9979428243,0
0.88888889,2.39393939,7.9799627683,0.9974953460,0
0.89898990,2.39393939,7.9751970120,0.9968996265,0
0.90909091,2.39393939,7.9686747395,0.9960843424,0
0.91919192,2.39393939,7.9594398653,0.9949299832,1
0.92929293,2.39393939,7.9457919083,0.9932239885,1
0.93939394,2.39393939,7.9244679179,0.9905584897,1
0.94949495,2.39393939,7.8885477244,0.9860684656,1
0.95959596,2.39393939,7.8211758505,0.9776469813,1
0.96969697,2.39393939,7.6719934915,0.9589991864,1
0.97979798,2.39393939,7.2332615017,0.9041576877,1
0.98989899,2.39393939,5.3091516045,0.6636439506,1
1.00000000,2.39393939,1.5220180576,0.1902522572,1
0.00000000,2.45454545,2.0000000000,0.2500000000,0
0.01010101,2.45454545,3.4902711485,0.4362838936,0
0.02020202,2.45454545,5.5959961569,0.6994995196,0
0.03030303,2.45454545,6.8988720915,0.8623590114,0
0.04040404,2.45454545,7.4329952561,0.9291244070,0
0.05050505,2.45454545,7.6648812910,0.9581101614,0
0.06060606,2.45454545,7.7811929036,0.9726491129,0
0.07070707,2.45454545,7.8469115599,0.9808639450,0
0.08080808,2.45454545,7.8874651201,0.9859331400,0
0.09090909,2.45454545,7.9141827448,0.9892728431,0
0.10101010,2.45454545,7.9326843359,0.9915855420,0
0.11111111,2.45454545,7.9460054630,0.9932506829,0
0.12121212,2.45454545,7.9559006576,0.9944875822,0
0.13131313,2.45454545,7.9634409521,0.9954301190,0
0.14141414,2.45454545,7.9693100801,0.9961637600,0
0.15151515,2.45454545,7.9739611024,0.9967451378,0
0.16161616,2.45454545,7.9777038249,0.9972129781,0
0.17171717,2.45454545,7.9807558690,0.9975944836,0
0.18181818,2.45454545,7.9832736968,0.9979092121,0
0.19191919,2.45454545,7.9853721038,0.9981715130,0
0.20202020,2.45454545,7.9871368321,0.9983921040,0
0.21212121,2.45454545,7.9886329459,0.9985791182,0
0.22222222,2.45454545,7.9899105207,0.9987388151,0
0.23232323,2.45454545,7.9910085890,0.9988760736,0
0.24242424,2.45454545,7.9919579265,0.9989947408,0
0.25252525,2.45454545,7.9927830520,0.9990978815,0
0.26262626,2.45454545,7.9935036859,0.9991879607,0
0.27272727,2.45454545,7.9941358267,0.9992669783,0
0.28282828,2.45454545,7.9946925572,0.9993365697,0
0.29292929,2.45454545,7.9951846544,0.9993980818,0
0.30303030,2.45454545,7.9956210553,0.9994526319,0
0.31313131,2.45454545,7.9960092176,0.9995011522,0
0.32323232,2.45454545,7.9963554000,0.9995444250,0
0.33333333,2.45454545,7.9966648829,0.9995831104,0
0.34343434,2.45454545,7.9969421428,0.9996177678,0
0.35353535,2.45454545,7.9971909919,0.9996488740,0
0.36363636,2.45454545,7.9974146899,0.9996768362,0
0.37373737,2.45454545,7.9976160343,0.9997020043,0
0.38383838,2.45454545,7.9977974337,0.9997246792,0
0.39393939,2.45454545,7.9979609683,0.9997451210,0
0.40404040,2.45454545,7.9981084389,0.9997635549,0
0.41414141,2.45454545,7.9982414076,0.9997801759,0
0.42424242,2.45454545,7.9983612312,0.9997951539,0
0.43434343,2.45454545,7.9984690896,0.9998086362,0
0.44444444,2.45454545,7.9985660086,0.9998207511,0
0.45454545,2.45454545,7.9986528796,0.9998316100,0
0.46464646,2.45454545,7.9987304756,0.9998413095,0
0.47474747,2.45454545,7.9987994647,0.9998499331,0
0.48484848,2.45454545,7.9988604211,0.9998575526,0
0.49494949,2.45454545,7.9989138347,0.9998642293,0
0.50505051,2.45454545,7.9989601183,0.9998700148,0
0.51515152,2.45454545,7.9989996136,0.9998749517,0
0.52525253,2.45454545,7.9990325964,0.9998790745,0
0.53535354,2.45454545,7.9990592793,0.9998824099,0
0.54545455,2.45454545,7.9990798147,0.9998849768,0
0.55555556,2.45454545,7.9990942957,0.9998867870,0
0.56565657,2.45454545,7.9991027566,0.9998878446,0
0.57575758,2.45454545,7.9991051715,0.9998881464,0
0.58585859,2.45454545,7.9991014525,0.9998876816,0
0.59595960,2.45454545,7.9990914461,0.9998864308,0
0.60606061,2.45454545,7.9990749286,0.9998843661,0
0.61616162,2.45454545,7.9990515995,0.9998814499,0
0.62626263,2.45454545,7.9990210734,0.9998776342,0
0.63636364,2.45454545,7.9989828692,0.9998728586,0
0.64646465,2.45454545,7.9989363968,0.9998670496,0
0.65656566,2.45454545,7.9988809409,0.9998601176,0
0.66666667,2.45454545,7.9988156403,0.9998519550,0
0.67676768,2.45454545,7.9987394623,0.9998424328,0
0.68686869,2.45454545,7.9986511705,0.9998313963,0
0.69696970,2.45454545,7.9985492856,0.9998186607,0
0.70707071,2.45454545,7.9984320343,0.9998040043,0
0.71717172,2.45454545,7.9982972864,0.9997871608,0
0.72727273,2.45454545,7.9981424740,0.9997678093,0
0.73737374,2.45454545,7.9979644876,0.9997455610,0
0.74747475,2.45454545,7.9977595425,0.9997199428,0
0.75757576,2.45454545,7.9975230045,0.9996903756,0
0.76767677,2.45454545,7.9972491595,0.9996561449,0
0.77777778,2.45454545,7.9969309082,0.9996163635,0
0.78787879,2.45454545,7.9965593538,0.9995699192,0
0.79797980,2.45454545,7.9961232403,0.9995154050,0
0.80808081,2.45454545,7.9956081744,0.9994510218,0
0.81818182,2.45454545,7.9949955336,0.9993744417,0
0.82828283,2.45454545,7.9942609042,0.9992826130,0
0.83838384,2.45454545,7.9933718066,0.9991714758,0
0.84848485,2.45454545,7.9922843106,0.9990355388,0
0.85858586,2.45454545,7.9909378779,0.9988672347,0
0.86868687,2.45454545,7.9892472901,0.9986559113,0
0.87878788,2.45454545,7.9870896195,0.9983862024,0
0.88888889,2.45454545,7.9842824450,0.9980353056,0
0.89898990,2.45454545,7.9805458999,0.9975682375,0
0.90909091,2.45454545,7.9754332612,0.9969291576,1
0.91919192,2.45454545,7.9681963939,0.9960245492,1
0.92929293,2.45454545,7.9575056439,0.9946882055,1
0.93939394,2.45454545,7.9408121862,0.9926015233,1
0.94949495,2.45454545,7.9127179922,0.9890897490,1
0.95959596,2.45454545,7.8600998126,0.9825124766,1
0.96969697,2.45454545,7.7438123268,0.9679765408,1
0.97979798,2.45454545,7.4009571685,0.9251196461,1
0.98989899,2.45454545,5.7391645475,0.7173955684,1
1.00000000,2.45454545,1.5131286584,0.1891410823,1
0.00000000,2.51515152,2.0000000000,0.2500000000,0
0.01010101,2.51515152,3.7510039570,0.4688754946,0
0.02020202,2.51515152,6.0282708935,0.7535338617,0
0.03030303,2.51515152,7.1558815924,0.8944851990,0
0.04040404,2.51515152,7.5687270713,0.9460908839,0
0.05050505,2.51515152,7.7438589479,0.9679823685,0
0.06060606,2.51515152,7.8318068114,0.9789758514,0
0.07070707,2.51515152,7.8817860441,0.9852232555,0
0.08080808,2.51515152,7.9128035036,0.9891004379,0
0.09090909,2.51515152,7.9333356834,0.9916669604,0
0.10101010,2.51515152,7.9476076482,0.9934509560,0
0.11111111,2.51515152,7.9579139979,0.9947392497,0
0.12121212,2.51515152,7.9655877268,0.9956984659,0
0.13131313,2.51515152,7.9714461537,0.9964307692,0
0.14141414,2.51515152,7.9760130152,0.9970016269,0
0.15151515,2.51515152,7.9796364601,0.9974545575,0
0.16161616,2.51515152,7.9825551938,0.9978193992,0
0.17171717,2.51515152,7.9849372740,0.9981171593,0
0.18181818,2.51515152,7.9869037603,0.9983629700,0
0.19191919,2.51515152,7.9885436186,0.9985679523,0
0.20202020,2.51515152,7.9899233918,0.9987404240,0
0.21212121,2.51515152,7.9910936354,0.9988867044,0
0.22222222,2.51515152,7.9920932993,0.9990116624,0
0.23232323,2.51515152,7.9929527712,0.9991190964,0
0.24242424,2.51515152,7.9936960293,0.9992120037,0
0.25252525,2.51515152,7.9943421905,0.9992927738,0
0.26262626,2.51515152,7.9949066393,0.9993633299,0
0.27272727,2.51515152,7.9954018636,0.9994252330,0
0.28282828,2.51515152,7.9958380803,0.9994797600,0
0.29292929,2.51515152,7.9962237088,0.9995279636,0
0.30303030,2.51515152,7.9965657341,0.9995707168,0
0.31313131,2.51515152,7.9968699867,0.9996087483,0
0.32323232,2.51515152,7.9971413612,0.9996426701,0
0.33333333,2.51515152,7.9973839882,0.9996729985,0
0.34343434,2.51515152,7.9976013705,0.9997001713,0
0.35353535,2.51515152,7.9977964917,0.9997245615,0
0.36363636,2.51515152,7.9979719032,0.9997464879,0
0.37373737,2.51515152,7.9981297954,0.9997662244,0
0.38383838,2.51515152,7.9982720544,0.9997840068,0
0.39393939,2.51515152,7.9984003093,0.9998000387,0
0.40404040,2.51515152,7.9985159706,0.9998144963,0
0.41414141,2.51515152,7.9986202619,0.9998275327,0
0.42424242,2.51515152,7.9987142464,0.9998392808,0
0.43434343,2.51515152,7.9987988485,0.9998498561,0
0.44444444,2.51515152,7.9988748720,0.9998593590,0
0.45454545,2.51515152,7.9989430155,0.9998678769,0
0.46464646,2.51515152,7.9990038847,0.9998754856,0
0.47474747,2.51515152,7.9990580033,0.9998822504,0
0.48484848,2.51515152,7.9991058213,0.9998882277,0
0.49494949,2.51515152,7.9991477228,0.9998934653,0
0.50505051,2.51515152,7.9991840312,0.9998980039,0
0.51515152,2.51515152,7.9992150145,0.9999018768,0
0.52525253,2.51515152,7.9992408887,0.9999051111,0
0.53535354,2.51515152,7.9992618206,0.9999077276,0
0.54545455,2.51515152,7.9992779294,0.9999097412,0
0.55555556,2.51515152,7.9992892882,0.9999111610,0
0.56565657,2.51515152,7.9992959237,0.9999119905,0
0.57575758,2.51515152,7.9992978155,0.9999122269,0
0.58585859,2.51515152,7.9992948944,0.9999118618,0
0.59595960,2.51515152,7.9992870401,0.9999108800,0
0.60606061,2.51515152,7.9992740769,0.9999092596,0
0.61616162,2.51515152,7.9992557690,0.9999069711,0
0.62626263,2.51515152,7.9992318139,0.9999039767,0
0.63636364,2.51515152,7.9992018340,0.9999002293,0
0.64646465,2.51515152,7.9991653665,0.9998956708,0
0.65656566,2.51515152,7.9991218499,0.9998902312,0
0.66666667,2.51515152,7.9990706085,0.9998838261,0
0.67676768,2.51515152,7.9990108319,0.9998763540,0
0.68686869,2.51515152,7.9989415503,0.9998676938,0
0.69696970,2.51515152,7.9988616026,0.9998577003,0
0.70707071,2.51515152,7.9987695978,0.9998461997,0
0.71717172,2.51515152,7.9986638644,0.9998329830,0
0.72727273,2.51515152,7.9985423876,0.9998177984,0
0.73737374,2.51515152,7.9984027278,0.9998003410,0
0.74747475,2.51515152,7.9982419158,0.9997802395,0
0.75757576,2.51515152,7.9980563158,0.9997570395,0
0.76767677,2.51515152,7.9978414451,0.9997301806,0
0.77777778,2.51515152,7.9975917342,0.9996989668,0
0.78787879,2.51515152,7.9973002040,0.9996625255,0
0.79797980,2.51515152,7.9969580246,0.9996197531,0
0.80808081,2.51515152,7.9965539061,0.9995692383,0
0.81818182,2.51515152,7.9960732414,0.9995091552,0
0.82828283,2.51515152,7.9954968825,0.9994371103,0
0.83838384,2.51515152,7.9947993568,0.9993499196,0
0.84848485,2.51515152,7.9939462144,0.9992432768,0
0.85858586,2.51515152,7.9928899862,0.9991112483,0
0.86868687,2.51515152,7.9915638594,0.9989454824,0
0.87878788,2.51515152,7.9898714716,0.9987339339,0
0.88888889,2.51515152,7.9876698516,0.9984587314,0
0.89898990,2.51515152,7.9847397107,0.9980924638,0
0.90909091,2.51515152,7.9807311348,0.9975913918,1
0.91919192,2.51515152,7.9750583710,0.9968822964,1
0.92929293,2.51515152,7.9666809842,0.9958351230,1
0.93939394,2.51515152,7.9536062216,0.9942007777,1
0.94949495,2.51515152,7.9316188266,0.9914523533,1
0.95959596,2.51515152,7.8904889644,0.9863111205,1
0.96969697,2.51515152,7.7997688434,0.9749711054,1
0.97979798,2.51515152,7.5324558988,0.9415569874,1
0.98989899,2.51515152,6.1447442743,0.7680930343,1
1.00000000,2.51515152,1.5192326240,0.1899040780,1
0.00000000,2.57575758,2.0000000000,0.2500000000,0
0.01010101,2.57575758,4.0575558171,0.5071944771,0
0.02020202,2.57575758,6.4255506764,0.8031938345,0
0.03030303,2.57575758,7.3569267814,0.9196158477,0
0.04040404,2.57575758,7.6713194470,0.9589149309,0
0.05050505,2.57575758,7.8035264757,0.9754408095,0
0.06060606,2.57575758,7.8702714193,0.9837839274,0
0.07070707,2.57575758,7.9084499019,0.9885562377,0
0.08080808,2.57575758,7.9322736398,0.9915342050,0
0.09090909,2.57575758,7.9481110071,0.9935138759,0
0.10101010,2.57575758,7.9591554600,0.9948944325,0
0.11111111,2.57575758,7.9671510787,0.9958938848,0
0.12121212,2.57575758,7.9731159181,0.9966394898,0
0.13131313,2.57575758,7.9776766939,0.9972095867,0
0.14141414,2.57575758,7.9812363340,0.9976545418,0
0.15151515,2.57575758,7.9840634130,0.9980079266,0
0.16161616,2.57575758,7.9863424951,0.9982928119,0
0.17171717,2.57575758,7.9882037663,0.9985254708,0
0.18181818,2.57575758,7.9897411545,0.9987176443,0
0.19191919,2.57575758,7.9910237798,0.9988779725,0
0.20202020,2.57575758,7.9921033996,0.9990129250,0
0.21212121,2.57575758,7.9930193753,0.9991274219,0
0.22222222,2.57575758,7.9938020576,0.9992252572,0
0.23232323,2.57575758,7.9944751424,0.9993093928,0
0.24242424,2.57575758,7.9950573398,0.9993821675,0
0.25252525,2.57575758,7.9955635745,0.9994454468,0
0.26262626,2.57575758,7.9960058634,0.9995007329,0
0.27272727,2.57575758,7.9963939648,0.9995492456,0
0.28282828,2.57575758,7.9967358655,0.9995919832,0
0.29292929,2.57575758,7.9970381495,0.9996297687,0
0.30303030,2.57575758,7.9973062804,0.9996632851,0
0.31313131,2.57575758,7.9975448203,0.9996931025,0
0.32323232,2.57575758,7.9977575998,0.9997197000,0
0.33333333,2.57575758,7.9979478523,0.9997434815,0
0.34343434,2.57575758,7.9981183202,0.9997647900,0
0.35353535,2.57575758,7.9982713398,0.9997839175,0
0.36363636,2.57575758,7.9984089095,0.9998011137,0
0.37373737,2.57575758,7.9985327450,0.9998165931,0
0.38383838,2.57575758,7.9986443239,0.9998305405,0
0.39393939,2.57575758,7.9987449226,0.9998431153,0
0.40404040,2.57575758,7.9988356463,0.9998544558,0
0.41414141,2.57575758,7.9989174540,0.9998646817,0
0.42424242,2.57575758,7.9989911788,0.9998738973,0
0.43434343,2.57575758,7.9990575452,0.9998821932,0
0.44444444,2.57575758,7.9991171835,0.9998896479,0
0.45454545,2.57575758,7.9991706411,0.9998963301,0
0.46464646,2.57575758,7.9992183929,0.9999022991,0
0.47474747,2.57575758,7.9992608495,0.9999076062,0
0.48484848,2.57575758,7.9992983636,0.9999122955,0
0.49494949,2.57575758,7.9993312364,0.9999164046,0
0.50505051,2.57575758,7.9993597215,0.9999199652,0
0.51515152,2.57575758,7.9993840289,0.9999230036,0
0.52525253,2.57575758,7.9994043280,0.9999255410,0
0.53535354,2.57575758,7.9994207495,0.9999275937,0
0.54545455,2.57575758,7.9994333869,0.9999291734,0
0.55555556,2.57575758,7.9994422975,0.9999302872,0
0.56565657,2.57575758,7.9994475020,0.9999309378,0
0.57575758,2.57575758,7.9994489845,0.9999311231,0
0.58585859,2.57575758,7.9994466907,0.9999308363,0
0.59595960,2.57575758,7.9994405259,0.9999300657,0
0.60606061,2.57575758,7.9994303525,0.9999287941,0
0.61616162,2.57575758,7.9994159852,0.9999269982,0
0.62626263,2.57575758,7.9993971867,0.9999246483,0
0.63636364,2.57575758,7.9993736608,0.9999217076,0
0.64646465,2.57575758,7.9993450441,0.9999181305,0
0.65656566,2.57575758,7.9993108962,0.9999138620,0
0.66666667,2.57575758,7.9992706868,0.9999088358,0
0.67676768,2.57575758,7.9992237801,0.9999029725,0
0.68686869,2.57575758,7.9991694149,0.9998961769,0
0.69696970,2.57575758,7.9991066805,0.9998883351,0
0.70707071,2.57575758,7.9990344852,0.9998793107,0
0.71717172,2.57575758,7.9989515177,0.9998689397,0
0.72727273,2.57575758,7.9988561970,0.9998570246,0
0.73737374,2.57575758,7.9987466091,0.9998433261,0
0.74747475,2.57575758,7.9986204243,0.9998275530,0
0.75757576,2.57575758,7.9984747901,0.9998093488,0
0.76767677,2.57575758,7.9983061894,0.9997882737,0
0.77777778,2.57575758,7.9981102530,0.9997637816,0
0.78787879,2.57575758,7.9978815053,0.9997351882,0
0.79797980,2.57575758,7.9976130194,0.9997016274,0
0.80808081,2.57575758,7.9972959387,0.9996619923,0
0.81818182,2.57575758,7.9969188047,0.9996148506,0
0.82828283,2.57575758,7.9964665976,0.9995583247,0
0.83838384,2.57575758,7.9959193377,0.9994899172,0
0.84848485,2.57575758,7.9952500056,0.9994062507,0
0.85858586,2.57575758,7.9944213739,0.9993026717,0
0.86868687,2.57575758,7.9933810503,0.9991726313,0
0.87878788,2.57575758,7.9920534795,0.9990066849,0
0.88888889,2.57575758,7.9903265797,0.9987908225,0
0.89898990,2.57575758,7.9880284738,0.9985035592,1
0.90909091,2.57575758,7.9848849726,0.9981106216,1
0.91919192,2.57575758,7.9804372464,0.9975546558,1
0.92929293,2.57575758,7.9738706960,0.9967338370,1
0.93939394,2.57575758,7.9636261798,0.9954532725,1
0.94949495,2.57575758,7.9464089812,0.9933011227,1
0.95959596,2.57575758,7.9142355718,0.9892794465,1
0.96969697,2.57575758,7.8433978189,0.9804247274,1
0.97979798,2.57575758,7.6350974062,0.9543871758,1
0.98989899,2.57575758,6.5064809403,0.8133101175,1
1.00000000,2.57575758,1.9177945567,0.2397243196,1
0.00000000,2.63636364,2.0000000000,0.2500000000,0
0.01010101,2.63636364,4.4118457777,0.5514807222,0
0.02020202,2.63636364,6.7694760982,0.8461845123,0
0.03030303,2.63636364,7.5109773637,0.9388721705,0
0.04040404,2.63636364,7.7487179095,0.9685897387,0
0.05050505,2.63636364,7.8487590718,0.9810948840,0
0.06060606,2.63636364,7.8996331635,0.9874541454,0
0.07070707,2.63636364,7.9289227800,0.9911153475,0
0.08080808,2.63636364,7.9472903845,0.9934112981,0
0.09090909,2.63636364,7.9595455868,0.9949431984,0
0.10101010,2.63636364,7.9681154114,0.9960144264,0
0.11111111,2.63636364,7.9743324044,0.9967915505,0
0.12121212,2.63636364,7.9789777643,0.9973722205,0
0.13131313,2.63636364,7.9825340773,0.9978167597,0
0.14141414,2.63636364,7.9853124833,0.9981640604,0
0.15151515,2.63636364,7.9875208519,0.9984401065,0
0.16161616,2.63636364,7.9893023000,0.9986627875,0
0.17171717,2.63636364,7.9907579355,0.9988447419,0
0.18181818,2.63636364,7.9919608013,0.9989951002,0
0.19191919,2.63636364,7.9929647071,0.9991205884,0
0.20202020,2.63636364,7.9938099836,0.9992262479,0
0.21212121,2.63636364,7.9945273257,0.9993159157,0
0.22222222,2.63636364,7.9951404180,0.9993925523,0
0.23232323,2.63636364,7.9956677627,0.9994584703,0
0.24242424,2.63636364,7.9961239761,0.9995154970,0
0.25252525,2.63636364,7.9965207227,0.9995650903,0
0.26262626,2.63636364,7.9968673980,0.9996084247,0
0.27272727,2.63636364,7.9971716342,0.9996464543,0
0.28282828,2.63636364,7.9974396797,0.9996799600,0
0.29292929,2.63636364,7.9976766870,0.9997095859,0
0.30303030,2.63636364,7.9978869327,0.9997358666,0
0.31313131,2.63636364,7.9980739885,0.9997592486,0
0.32323232,2.63636364,7.9982408541,0.9997801068,0
0.33333333,2.63636364,7.9983900617,0.9997987577,0
0.34343434,2.63636364,7.9985237597,0.9998154700,0
0.35353535,2.63636364,7.9986437783,0.9998304723,0
0.36363636,2.63636364,7.9987516833,0.9998439604,0
0.37373737,2.63636364,7.9988488192,0.9998561024,0
0.38383838,2.63636364,7.9989363438,0.9998670430,0
0.39393939,2.63636364,7.9990152576,0.9998769072,0
0.40404040,2.63636364,7.9990864270,0.9998858034,0
0.41414141,2.63636364,7.9991506035,0.9998938254,0
0.42424242,2.63636364,7.9992084404,0.9999010551,0
0.43434343,2.63636364,7.9992605058,0.9999075632,0
0.44444444,2.63636364,7.9993072935,0.9999134117,0
0.45454545,2.63636364,7.9993492329,0.9999186541,0
0.46464646,2.63636364,7.9993866965,0.9999233371,0
0.47474747,2.63636364,7.9994200060,0.9999275008,0
0.48484848,2.63636364,7.9994494383,0.9999311798,0
0.49494949,2.63636364,7.9994752292,0.9999344036,0
0.50505051,2.63636364,7.9994975778,0.9999371972,0
0.51515152,2.63636364,7.9995166487,0.9999395811,0
0.52525253,2.63636364,7.9995325748,0.9999415718,0
0.53535354,2.63636364,7.9995454585,0.9999431823,0
0.54545455,2.63636364,7.9995553732,0.9999444217,0
0.55555556,2.63636364,7.9995623637,0.9999452955,0
0.56565657,2.63636364,7.9995664464,0.9999458058,0
0.57575758,2.63636364,7.9995676085,0.9999459511,0
0.58585859,2.63636364,7.9995658074,0.9999457259,0
0.59595960,2.63636364,7.9995609690,0.9999451211,0
0.60606061,2.63636364,7.9995529851,0.9999441231,0
0.61616162,2.63636364,7.9995417104,0.9999427138,0
0.62626263,2.63636364,7.9995269586,0.9999408698,0
0.63636364,2.63636364,7.9995084972,0.9999385621,0
0.64646465,2.63636364,7.9994860411,0.9999357551,0
0.65656566,2.63636364,7.9994592448,0.9999324056,0
0.66666667,2.63636364,7.9994276921,0.9999284615,0
0.67676768,2.63636364,7.9993908842,0.9999238605,0
0.68686869,2.63636364,7.9993482237,0.9999185280,0
0.69696970,2.63636364,7.9992989960,0.9999123745,0
0.70707071,2.63636364,7.9992423446,0.9999052931,0
0.71717172,2.63636364,7.9991772404,0.9998971550,0
0.72727273,2.63636364,7.9991024431,0.9998878054,0
0.73737374,2.63636364,7.9990164508,0.9998770564,0
0.74747475,2.63636364,7.9989174357,0.9998646795,0
0.75757576,2.63636364,7.9988031596,0.9998503949,0
0.76767677,2.63636364,7.9986708630,0.9998338579,0
0.77777778,2.63636364,7.9985171179,0.9998146397,0
0.78787879,2.63636364,7.9983376284,0.9997922035,0
0.79797980,2.63636364,7.9981269599,0.9997658700,0
0.80808081,2.63636364,7.9978781642,0.9997347705,0
0.81818182,2.63636364,7.9975822521,0.9996977815,0
0.82828283,2.63636364,7.9972274410,0.9996534301,0
0.83838384,2.63636364,7.9967980580,0.9995997572,0
0.84848485,2.63636364,7.9962729091,0.9995341136,0
0.85858586,2.63636364,7.9956227952,0.9994528494,0
0.86868687,2.63636364,7.9948066257,0.9993508282,0
0.87878788,2.63636364,7.9937651495,0.9992206437,1
0.88888889,2.63636364,7.9924104816,0.9990513102,1
0.89898990,2.63636364,7.9906078724,0.9988259840,1
0.90909091,2.63636364,7.9881424047,0.9985178006,1
0.91919192,2.63636364,7.9846545351,0.9980818169,1
0.92929293,2.63636364,7.9795061813,0.9974382727,1
0.93939394,2.63636364,7.9714767290,0.9964345911,1
0.94949495,2.63636364,7.9579889590,0.9947486199,1
0.95959596,2.63636364,7.9328060566,0.9916007571,1
0.96969697,2.63636364,7.8774458488,0.9846807311,1
0.97979798,2.63636364,7.7150725244,0.9643840656,1
0.98989899,2.63636364,6.8142575902,0.8517821988,1
1.00000000,2.63636364,1.9484096771,0.2435512096,1
0.00000000,2.69696970,2.0000000000,0.2500000000,0
0.01010101,2.69696970,4.8102032167,0.6012754021,0
0.02020202,2.69696970,7.0525072999,0.8815634125,0
0.03030303,2.69696970,7.6277210830,0.9534651354,0
0.04040404,2.69696970,7.8072036910,0.9759004614,0
0.05050505,2.69696970,7.8831958523,0.9853994815,0
0.06060606,2.69696970,7.9221439653,0.9902679957,0
0.07070707,2.69696970,7.9447022385,0.9930877798,0
0.08080808,2.69696970,7.9589096414,0.9948637052,0
0.09090909,2.69696970,7.9684185127,0.9960523141,0
0.10101010,2.69696970,7.9750829954,0.9968853744,0
0.11111111,2.69696970,7.9799259654,0.9974907457,0
0.12121212,2.69696970,7.9835493329,0.9979436666,0
0.13131313,2.69696970,7.9863260318,0.9982907540,0
0.14141414,2.69696970,7.9884970738,0.9985621342,0
0.15151515,2.69696970,7.9902237826,0.9987779728,0
0.16161616,2.69696970,7.9916174000,0.9989521750,0
0.17171717,2.69696970,7.9927566151,0.9990945769,0
0.18181818,2.69696970,7.9936983347,0.9992122918,0
0.19191919,2.69696970,7.9944845182,0.9993105648,0
0.20202020,2.69696970,7.9951466377,0.9993933297,0
0.21212121,2.69696970,7.9957086612,0.9994635827,0
0.22222222,2.69696970,7.9961890926,0.9995236366,0
0.23232323,2.69696970,7.9966023939,0.9995752992,0
0.24242424,2.69696970,7.9969599941,0.9996199993,0
0.25252525,2.69696970,7.9972710175,0.9996588772,0
0.26262626,2.69696970,7.9975428157,0.9996928520,0
0.27272727,2.69696970,7.9977813621,0.9997226703,0
0.28282828,2.69696970,7.9979915484,0.9997489436,0
0.29292929,2.69696970,7.9981774090,0.9997721761,0
0.30303030,2.69696970,7.9983422934,0.9997927867,0
0.31313131,2.69696970,7.9984889991,0.9998111249,0
0.32323232,2.69696970,7.9986198762,0.9998274845,0
0.33333333,2.69696970,7.9987369088,0.9998421136,0
0.34343434,2.69696970,7.9988417802,0.9998552225,0
0.35353535,2.69696970,7.9989359250,0.9998669906,0
0.36363636,2.69696970,7.9990205703,0.9998775713,0
0.37373737,2.69696970,7.9990967699,0.9998870962,0
0.38383838,2.69696970,7.9991654316,0.9998956790,0
0.39393939,2.69696970,7.9992273397,0.9999034175,0
0.40404040,2.69696970,7.9992831734,0.9999103967,0
0.41414141,2.69696970,7.9993335220,0.9999166903,0
0.42424242,2.69696970,7.9993788977,0.9999223622,0
0.43434343,2.69696970,7.9994197460,0.9999274682,0
0.44444444,2.69696970,7.9994564541,0.9999320568,0
0.45454545,2.69696970,7.9994893589,0.9999361699,0
0.46464646,2.69696970,7.9995187522,0.9999398440,0
0.47474747,2.69696970,7.9995448866,0.9999431108,0
0.48484848,2.69696970,7.9995679790,0.9999459974,0
0.49494949,2.69696970,7.9995882146,0.9999485268,0
0.50505051,2.69696970,7.9996057494,0.9999507187,0
0.51515152,2.69696970,7.9996207126,0.9999525891,0
0.52525253,2.69696970,7.9996332083,0.9999541510,0
0.53535354,2.69696970,7.9996433168,0.9999554146,0
0.54545455,2.69696970,7.9996510958,0.9999563870,0
0.55555556,2.69696970,7.9996565803,0.9999570725,0
0.56565657,2.69696970,7.9996597831,0.9999574729,0
0.57575758,2.69696970,7.9996606942,0.9999575868,0
0.58585859,2.69696970,7.9996592803,0.9999574100,0
0.59595960,2.69696970,7.9996554830,0.9999569354,0
0.60606061,2.69696970,7.9996492175,0.9999561522,0
0.61616162,2.69696970,7.9996403697,0.9999550462,0
0.62626263,2.69696970,7.9996287935,0.9999535992,0
0.63636364,2.69696970,7.9996143064,0.9999517883,0
0.64646465,2.69696970,7.9995966847,0.9999495856,0
0.65656566,2.69696970,7.9995756572,0.9999469572,0
0.66666667,2.69696970,7.9995508975,0.9999438622,0
0.67676768,2.69696970,7.9995220139,0.9999402517,0
0.68686869,2.69696970,7.9994885379,0.9999360672,0
0.69696970,2.69696970,7.9994499087,0.9999312386,0
0.70707071,2.69696970,7.9994054541,0.9999256818,0
0.71717172,2.69696970,7.9993543669,0.9999192959,0
0.72727273,2.69696970,7.9992956736,0.9999119592,0
0.73737374,2.69696970,7.9992281959,0.9999035245,0
0.74747475,2.69696970,7.9991504995,0.9998938124,0
0.75757576,2.69696970,7.9990608283,0.9998826035,0
0.76767677,2.69696970,7.9989570172,0.9998696272,0
0.77777778,2.69696970,7.9988363765,0.9998545471,0
0.78787879,2.69696970,7.9986955355,0.9998369419,0
0.79797980,2.69696970,7.9985302306,0.9998162788,0
0.80808081,2.69696970,7.9983350102,0.9997918763,0
0.81818182,2.69696970,7.9981028219,0.9997628527,0
0.82828283,2.69696970,7.9978244219,0.9997280527,0
0.83838384,2.69696970,7.9974875148,0.9996859394,0
0.84848485,2.69696970,7.9970754747,0.9996344343,0
0.85858586,2.69696970,7.9965653971,0.9995706746,0
0.86868687,2.69696970,7.9959250511,0.9994906314,1
0.87878788,2.69696970,7.9951079651,0.9993884956,1
0.88888889,2.69696970,7.9940452160,0.9992556520,1
0.89898990,2.69696970,7.9926311404,0.9990788926,1
0.90909091,2.69696970,7.9906972398,0.9988371550,1
0.91919192,2.69696970,7.9879616884,0.9984952110,1
0.92929293,2.69696970,7.9839244827,0.9979905603,1
0.93939394,2.69696970,7.9776295697,0.9972036962,1
0.94949495,2.69696970,7.9670596814,0.9958824602,1
0.95959596,2.69696970,7.9473383323,0.9934172915,1
0.96969697,2.69696970,7.9040410686,0.9880051336,1
0.97979798,2.69696970,7.7773730205,0.9721716276,1
0.98989899,2.69696970,7.0669739648,0.8833717456,1
1.00000000,2.69696970,1.9887747018,0.2485968377,1
0.00000000,2.75757576,2.0000000000,0.2500000000,0
0.01010101,2.75757576,5.2407357130,0.6550919641,0
0.02020202,2.75757576,7.2766908887,0.9095863611,0
0.03030303,2.75757576,7.7158230904,0.9644778863,0
0.04040404,2.75757576,7.8515531943,0.9814441493,0
0.05050505,2.75757576,7.9095304139,0.9886913017,0
0.06060606,2.75757576,7.9394712298,0.9924339037,0
0.07070707,2.75757576,7.9569046033,0.9946130754,0
0.08080808,2.75757576,7.9679244749,0.9959905594,0
0.09090909,2.75757576,7.9753189543,0.9969148693,0
0.10101010,2.75757576,7.9805111578,0.9975638947,0
0.11111111,2.75757576,7.9842894390,0.9980361799,0
0.12121212,2.75757576,7.9871191825,0.9983898978,0
0.13131313,2.75757576,7.9892894472,0.9986611809,0
0.14141414,2.75757576,7.9909874036,0.9988734255,0
0.15151515,2.75757576,7.9923385311,0.9990423164,0
0.16161616,2.75757576,7.9934294636,0.9991786830,0
0.17171717,2.75757576,7.9943215459,0.9992901932,0
0.18181818,2.75757576,7.9950591794,0.9993823974,0
0.19191919,2.75757576,7.9956751259,0.9994593907,0
0.20202020,2.75757576,7.9961939734,0.9995242467,0
0.21212121,2.75757576,7.9966344565,0.9995793071,0
0.22222222,2.75757576,7.9970110452,0.9996263806,0
0.23232323,2.75757576,7.9973350527,0.9996668816,0
0.24242424,2.75757576,7.9976154227,0.9997019278,0
0.25252525,2.75757576,7.9978592972,0.9997324122,0
0.26262626,2.75757576,7.9980724319,0.9997590540,0
0.27272727,2.75757576,7.9982595048,0.9997824381,0
0.28282828,2.75757576,7.9984243472,0.9998030434,0
0.29292929,2.75757576,7.9985701197,0.9998212650,0
0.30303030,2.75757576,7.9986994464,0.9998374308,0
0.31313131,2.75757576,7.9988145197,0.9998518150,0
0.32323232,2.75757576,7.9989171812,0.9998646477,0
0.33333333,2.75757576,7.9990089860,0.9998761233,0
0.34343434,2.75757576,7.9990912537,0.9998864067,0
0.35353535,2.75757576,7.9991651088,0.9998956386,0
0.36363636,2.75757576,7.9992315132,0.9999039392,0
0.37373737,2.75757576,7.9992912934,0.9999114117,0
0.38383838,2.75757576,7.9993451610,0.9999181451,0
0.39393939,2.75757576,7.9993937309,0.9999242164,0
0.40404040,2.75757576,7.9994375359,0.9999296920,0
0.41414141,2.75757576,7.9994770382,0.9999346298,0
0.42424242,2.75757576,7.9995126392,0.9999390799,0
0.43434343,2.75757576,7.9995446885,0.9999430861,0
0.44444444,2.75757576,7.9995734897,0.9999466862,0
0.45454545,2.75757576,7.9995993071,0.9999499134,0
0.46464646,2.75757576,7.9996223695,0.9999527962,0
0.47474747,2.75757576,7.9996428751,0.9999553594,0
0.48484848,2.75757576,7.9996609940,0.9999576242,0
0.49494949,2.75757576,7.9996768714,0.9999596089,0
0.50505051,2.75757576,7.9996906297,0.9999613287,0
0.51515152,2.75757576,7.9997023703,0.9999627963,0
0.52525253,2.75757576,7.9997121747,0.9999640218,0
0.53535354,2.75757576,7.9997201062,0.9999650133,0
0.54545455,2.75757576,7.9997262097,0.9999657762,0
0.55555556,2.75757576,7.9997305128,0.9999663141,0
0.56565657,2.75757576,7.9997330255,0.9999666282,0
0.57575758,2.75757576,7.9997337401,0.9999667175,0
0.58585859,2.75757576,7.9997326301,0.9999665788,0
0.59595960,2.75757576,7.9997296500,0.9999662063,0
0.60606061,2.75757576,7.9997247331,0.9999655916,0
0.61616162,2.75757576,7.9997177899,0.9999647237,0
0.62626263,2.75757576,7.9997087057,0.9999635882,0
0.63636364,2.75757576,7.9996973373,0.9999621672,0
0.64646465,2.75757576,7.9996835092,0.9999604387,0
0.65656566,2.75757576,7.9996670086,0.9999583761,0
0.66666667,2.75757576,7.9996475792,0.9999559474,0
0.67676768,2.75757576,7.9996249140,0.9999531142,0
0.68686869,2.75757576,7.9995986450,0.9999498306,0
0.69696970,2.75757576,7.9995683323,0.9999460415,0
0.70707071,2.75757576,7.9995334485,0.9999416811,0
0.71717172,2.75757576,7.9994933600,0.9999366700,0
0.72727273,2.75757576,7.9994473032,0.9999309129,0
0.73737374,2.75757576,7.9993943534,0.9999242942,0
0.74747475,2.75757576,7.9993333851,0.9999166731,0
0.75757576,2.75757576,7.9992630205,0.9999078776,0
0.76767677,2.75757576,7.9991815607,0.9998976951,0
0.77777778,2.75757576,7.9990868951,0.9998858619,0
0.78787879,2.75757576,7.9989763794,0.9998720474,0
0.79797980,2.75757576,7.9988466678,0.9998558335,0
0.80808081,2.75757576,7.9986934832,0.9998366854,0
0.81818182,2.75757576,7.9985112925,0.9998139116,0
0.82828283,2.75757576,7.9982928431,0.9997866054,0
0.83838384,2.75757576,7.9980284888,0.9997535611,0
0.84848485,2.75757576,7.9977051862,0.9997131483,0
0.85858586,2.75757576,7.9973049668,0.9996631208,1
0.86868687,2.75757576,7.9968025471,0.9996003184,1
0.87878788,2.75757576,7.9961614746,0.9995201843,1
0.88888889,2.75757576,7.9953276897,0.9994159612,1
0.89898990,2.75757576,7.9942183239,0.9992772905,1
0.90909091,2.75757576,7.9927012465,0.9990876558,1
0.91919192,2.75757576,7.9905554976,0.9988194372,1
0.92929293,2.75757576,7.9873891555,0.9984236444,1
0.93939394,2.75757576,7.9824530940,0.9978066367,1
0.94949495,2.75757576,7.9741675133,0.9967709392,1
0.95959596,2.75757576,7.9587168065,0.9948396008,1
0.96969697,2.75757576,7.9248320633,0.9906040079,1
0.97979798,2.75757576,7.8259314364,0.9782414295,1
0.98989899,2.75757576,7.2695231431,0.9086903929,1
1.00000000,2.75757576,1.9990641899,0.2498830237,1
0.00000000,2.81818182,2.0000000000,0.2500000000,0
0.01010101,2.81818182,5.6827196438,0.7103399555,0
0.02020202,2.81818182,7.4497749293,0.9312218662,0
0.03030303,2.81818182,7.7823264055,0.9727908007,0
0.04040404,2.81818182,7.8853284374,0.9856660547,0
0.05050505,2.81818182,7.9297542444,0.9912192805,0
0.06060606,2.81818182,7.9528553027,0.9941069128,0
0.07070707,2.81818182,7.9663672742,0.9957959093,0
0.08080808,2.81818182,7.9749343843,0.9968667980,0
0.09090909,2.81818182,7.9806951460,0.9975868932,0
0.10101010,2.81818182,7.9847462900,0.9980932862,0
0.11111111,2.81818182,7.9876975045,0.9984621881,0
0.12121212,2.81818182,7.9899096597,0.9987387075,0
0.13131313,2.81818182,7.9916073550,0.9989509194,0
0.14141414,2.81818182,7.9929362536,0.9991170317,0
0.15151515,2.81818182,7.9939941311,0.9992492664,0
0.16161616,2.81818182,7.9948485625,0.9993560703,0
0.17171717,2.81818182,7.9955474365,0.9994434296,0
0.18181818,2.81818182,7.9961254385,0.9995156798,0
0.19191919,2.81818182,7.9966081755,0.9995760219,0
0.20202020,2.81818182,7.9970148752,0.9996268594,0
0.21212121,2.81818182,7.9973601936,0.9996700242,0
0.22222222,2.81818182,7.9976554545,0.9997069318,0
0.23232323,2.81818182,7.9979095137,0.9997386892,0
0.24242424,2.81818182,7.9981293743,0.9997661718,0
0.25252525,2.81818182,7.9983206294,0.9997900787,0
0.26262626,2.81818182,7.9984877878,0.9998109735,0
0.27272727,2.81818182,7.9986345142,0.9998293143,0
0.28282828,2.81818182,7.9987638110,0.9998454764,0
0.29292929,2.81818182,7.9988781548,0.9998597693,0
0.30303030,2.81818182,7.9989796024,0.9998724503,0
0.31313131,2.81818182,7.9990698722,0.9998837340,0
0.32323232,2.81818182,7.9991504079,0.9998938010,0
0.33333333,2.81818182,7.9992224288,0.9999028036,0
0.34343434,2.81818182,7.9992869693,0.9999108712,0
0.35353535,2.81818182,7.9993449111,0.9999181139,0
0.36363636,2.81818182,7.9993970088,0.9999246261,0
0.37373737,2.81818182,7.9994439101,0.9999304888,0
0.38383838,2.81818182,7.9994861733,0.9999357717,0
0.39393939,2.81818182,7.9995242807,0.9999405351,0
0.40404040,2.81818182,7.9995586500,0.9999448312,0
0.41414141,2.81818182,7.9995896437,0.9999487055,0
0.42424242,2.81818182,7.9996175768,0.9999521971,0
0.43434343,2.81818182,7.9996427233,0.9999553404,0
0.44444444,2.81818182,7.9996653215,0.9999581652,0
0.45454545,2.81818182,7.9996855787,0.9999606973,0
0.46464646,2.81818182,7.9997036743,0.9999629593,0
0.47474747,2.81818182,7.9997197639,0.9999649705,0
0.48484848,2.81818182,7.9997339808,0.9999667476,0
0.49494949,2.81818182,7.9997464390,0.9999683049,0
0.50505051,2.81818182,7.9997572344,0.9999696543,0
0.51515152,2.81818182,7.9997664467,0.9999708058,0
0.52525253,2.81818182,7.9997741397,0.9999717675,0
0.53535354,2.81818182,7.9997803631,0.9999725454,0
0.54545455,2.81818182,7.9997851522,0.9999731440,0
0.55555556,2.81818182,7.9997885285,0.9999735661,0
0.56565657,2.81818182,7.9997904999,0.9999738125,0
0.57575758,2.81818182,7.9997910604,0.9999738825,0
0.58585859,2.81818182,7.9997901892,0.9999737736,0
0.59595960,2.81818182,7.9997878504,0.9999734813,0
0.60606061,2.81818182,7.9997839918,0.9999729990,0
0.61616162,2.81818182,7.9997785433,0.9999723179,0
0.62626263,2.81818182,7.9997714146,0.9999714268,0
0.63636364,2.81818182,7.9997624936,0.9999703117,0
0.64646465,2.81818182,7.9997516424,0.9999689553,0
0.65656566,2.81818182,7.9997386941,0.9999673368,0
0.66666667,2.81818182,7.9997234475,0.9999654309,0
0.67676768,2.81818182,7.9997056617,0.9999632077,0
0.68686869,2.81818182,7.9996850481,0.9999606310,0
0.69696970,2.81818182,7.9996612614,0.9999576577,0
0.70707071,2.81818182,7.9996338877,0.9999542360,0
0.71717172,2.81818182,7.9996024299,0.9999503037,0
0.72727273,2.81818182,7.9995662888,0.9999457861,0
0.73737374,2.81818182,7.9995247387,0.9999405923,0
0.74747475,2.81818182,7.9994768967,0.9999346121,0
0.75757576,2.81818182,7.9994216814,0.9999277102,0
0.76767677,2.81818182,7.9993577600,0.9999197200,0
0.77777778,2.81818182,7.9992834762,0.9999104345,0
0.78787879,2.81818182,7.9991967552,0.9998995944,0
0.79797980,2.81818182,7.9990949719,0.9998868715,0
0.80808081,2.81818182,7.9989747703,0.9998718463,0
0.81818182,2.81818182,7.9988318088,0.9998539761,0
0.82828283,2.81818182,7.9986603974,0.9998325497,0
0.83838384,2.81818182,7.9984529675,0.9998066209,0
0.84848485,2.81818182,7.9981992859,0.9997749107,1
0.85858586,2.81818182,7.9978852555,0.9997356569,1
0.86868687,2.81818182,7.9974910411,0.9996863801,1
0.87878788,2.81818182,7.9969880468,0.9996235058,1
0.88888889,2.81818182,7.9963338667,0.9995417333,1
0.89898990,2.81818182,7.9954635018,0.9994329377,1
0.90909091,2.81818182,7.9942733238,0.9992841655,1
0.91919192,2.81818182,7.9925900612,0.9990737577,1
0.92929293,2.81818182,7.9901064376,0.9987633047,1
0.93939394,2.81818182,7.9862352843,0.9982794105,1
0.94949495,2.81818182,7.9797388804,0.9974673600,1
0.95959596,2.81818182,7.9676299456,0.9959537432,1
0.96969697,2.81818182,7.9410972450,0.9926371556,1
0.97979798,2.81818182,7.8638113135,0.9829764142,1
0.98989899,2.81818182,7.4294677704,0.9286834713,1
1.00000000,2.81818182,1.9862313950,0.2482789244,1
0.00000000,2.87878788,2.0000000000,0.2500000000,0
0.01010101,2.87878788,6.1099881199,0.7637485150,0
0.02020202,2.87878788,7.5814365469,0.9476795684,0
0.03030303,2.87878788,7.8326666563,0.9790833320,0
0.04040404,2.87878788,7.9111652074,0.9888956509,0
0.05050505,2.87878788,7.9453443252,0.9931680407,0
0.06060606,2.87878788,7.9632244510,0.9954030564,0
0.07070707,2.87878788,7.9737224953,0.9967153119,0
0.08080808,2.87878788,7.9803952971,0.9975494121,0
0.09090909,2.87878788,7.9848899422,0.9981112428,0
0.10101010,2.87878788,7.9880545438,0.9985068180,0
0.11111111,2.87878788,7.9903619637,0.9987952455,0
0.12121212,2.87878788,7.9920926964,0.9990115871,0
0.13131313,2.87878788,7.9934216063,0.9991777008,0
0.14141414,2.87878788,7.9944622467,0.9993077808,0
0.15151515,2.87878788,7.9952909170,0.9994113646,0
0.16161616,2.87878788,7.9959603923,0.9994950490,0
0.17171717,2.87878788,7.9965080973,0.9995635122,0
0.18181818,2.87878788,7.9969611532,0.9996201442,0
0.19191919,2.87878788,7.9973395919,0.9996674490,0
0.20202020,2.87878788,7.9976584599,0.9997073075,0
0.21212121,2.87878788,7.9979292304,0.9997411538,0
0.22222222,2.87878788,7.9981607701,0.9997700963,0
0.23232323,2.87878788,7.9983600150,0.9997950019,0
0.24242424,2.87878788,7.9985324508,0.9998165563,0
0.25252525,2.87878788,7.9986824599,0.9998353075,0
0.26262626,2.87878788,7.9988135754,0.9998516969,0
0.27272727,2.87878788,7.9989286695,0.9998660837,0
0.28282828,2.87878788,7.9990300953,0.9998787619,0
0.29292929,2.87878788,7.9991197945,0.9998899743,0
0.30303030,2.87878788,7.9991993793,0.9998999224,0
0.31313131,2.87878788,7.9992701971,0.9999087746,0
0.32323232,2.87878788,7.9993333799,0.9999166725,0
0.33333333,2.87878788,7.9993898837,0.9999237355,0
0.34343434,2.87878788,7.9994405197,0.9999300650,0
0.35353535,2.87878788,7.9994859795,0.9999357474,0
0.36363636,2.87878788,7.9995268546,0.9999408568,0
0.37373737,2.87878788,7.9995636533,0.9999454567,0
0.38383838,2.87878788,7.9995968134,0.9999496017,0
0.39393939,2.87878788,7.9996267130,0.9999533391,0
0.40404040,2.87878788,7.9996536800,0.9999567100,0
0.41414141,2.87878788,7.9996779986,0.9999597498,0
0.42424242,2.87878788,7.9996999160,0.9999624895,0
0.43434343,2.87878788,7.9997196470,0.9999649559,0
0.44444444,2.87878788,7.9997373787,0.9999671723,0
0.45454545,2.87878788,7.9997532735,0.9999691592,0
0.46464646,2.87878788,7.9997674724,0.9999709340,0
0.47474747,2.87878788,7.9997800972,0.9999725121,0
0.48484848,2.87878788,7.9997912527,0.9999739066,0
0.49494949,2.87878788,7.9998010282,0.9999751285,0
0.50505051,2.87878788,7.9998094990,0.9999761874,0
0.51515152,2.87878788,7.9998167275,0.9999770909,0
0.52525253,2.87878788,7.9998227640,0.9999778455,0
0.53535354,2.87878788,7.9998276473,0.9999784559,0
0.54545455,2.87878788,7.9998314050,0.9999789256,0
0.55555556,2.87878788,7.9998340542,0.9999792568,0
0.56565657,2.87878788,7.9998356011,0.9999794501,0
0.57575758,2.87878788,7.9998360407,0.9999795051,0
0.58585859,2.87878788,7.9998353569,0.9999794196,0
0.59595960,2.87878788,7.9998335215,0.9999791902,0
0.60606061,2.87878788,7.9998304935,0.9999788117,0
0.61616162,2.87878788,7.9998262178,0.9999782772,0
0.62626263,2.87878788,7.9998206238,0.9999775780,0
0.63636364,2.87878788,7.9998136232,0.9999767029,0
0.64646465,2.87878788,7.9998051081,0.9999756385,0
0.65656566,2.87878788,7.9997949472,0.9999743684,0
0.66666667,2.87878788,7.9997829830,0.9999728729,0
0.67676768,2.87878788,7.9997690262,0.9999711283,0
0.68686869,2.87878788,7.9997528504,0.9999691063,0
0.69696970,2.87878788,7.9997341846,0.9999667731,0
0.70707071,2.87878788,7.9997127041,0.9999640880,0
0.71717172,2.87878788,7.9996880188,0.9999610024,0
0.72727273,2.87878788,7.9996596585,0.9999574573,0
0.73737374,2.87878788,7.9996270537,0.9999533817,0
0.74747475,2.87878788,7.9995895117,0.9999486890,0
0.75757576,2.87878788,7.9995461839,0.9999432730,0
0.76767677,2.87878788,7.9994960244,0.9999370031,0
0.77777778,2.87878788,7.9994377338,0.9999297167,0
0.78787879,2.87878788,7.9993696839,0.9999212105,0
0.79797980,2.87878788,7.9992898148,0.9999112269,0
0.80808081,2.87878788,7.9991954934,0.9998994367,0
0.81818182,2.87878788,7.9990833131,0.9998854141,0
0.82828283,2.87878788,7.9989488092,0.9998686012,1
0.83838384,2.87878788,7.9987860435,0.9998482554,1
0.84848485,2.87878788,7.9985869868,0.9998233734,1
0.85858586,2.87878788,7.9983405790,0.9997925724,1
0.86868687,2.87878788,7.9980312582,0.9997539073,1
0.87878788,2.87878788,7.9976365901,0.9997045738,1
0.88888889,2.87878788,7.9971233077,0.9996404135,1
0.89898990,2.87878788,7.9964404232,0.9995550529,1
0.90909091,2.87878788,7.9955066528,0.9994383316,1
0.91919192,2.87878788,7.9941861008,0.9992732626,1
0.92929293,2.87878788,7.9922378092,0.9990297262,1
0.93939394,2.87878788,7.9892014387,0.9986501798,1
0.94949495,2.87878788,7.9841069507,0.9980133688,1
0.95959596,2.87878788,7.9746144572,0.9968268072,1
0.96969697,2.87878788,7.9538294774,0.9942286847,1
0.97979798,2.87878788,7.8933882249,0.9866735281,1
0.98989899,2.87878788,7.5547367277,0.9443420910,1
1.00000000,2.87878788,1.9871744917,0.2483968115,1
0.00000000,2.93939394,2.0000000000,0.2500000000,0
0.01010101,2.93939394,6.4978910833,0.8122363854,0
0.02020202,2.93939394,7.6809087105,0.9601135888,0
0.03030303,2.93939394,7.8709264986,0.9838658123,0
0.04040404,2.93939394,7.9310124650,0.9913765581,0
0.05050505,2.93939394,7.9574019475,0.9946752434,0
0.06060606,2.93939394,7.9712779002,0.9964097375,0
0.07070707,2.93939394,7.9794505595,0.9974313199,0
0.08080808,2.93939394,7.9846558408,0.9980819801,0
0.09090909,2.93939394,7.9881668209,0.9985208526,0
0.10101010,2.93939394,7.9906412369,0.9988301546,0
0.11111111,2.93939394,7.9924466919,0.9990558365,0
0.12121212,2.93939394,7.9938016293,0.9992252037,0
0.13131313,2.93939394,7.9948424122,0.9993553015,0
0.14141414,2.93939394,7.9956576838,0.9994572105,0
0.15151515,2.93939394,7.9963070536,0.9995383817,0
0.16161616,2.93939394,7.9968317793,0.9996039724,0
0.17171717,2.93939394,7.9972611337,0.9996576417,0
0.18181818,2.93939394,7.9976163394,0.9997020424,0
0.19191919,2.93939394,7.9979130771,0.9997391346,0
0.20202020,2.93939394,7.9981631286,0.9997703911,0
0.21212121,2.93939394,7.9983754798,0.9997969350,0
0.22222222,2.93939394,7.9985570767,0.9998196346,0
0.23232323,2.93939394,7.9987133540,0.9998391692,0
0.24242424,2.93939394,7.9988486106,0.9998560763,0
0.25252525,2.93939394,7.9989662811,0.9998707851,0
0.26262626,2.93939394,7.9990691350,0.9998836419,0
0.27272727,2.93939394,7.9991594240,0.9998949280,0
0.28282828,2.93939394,7.9992389928,0.9999048741,0
0.29292929,2.93939394,7.9993093639,0.9999136705,0
0.30303030,2.93939394,7.9993718015,0.9999214752,0
0.31313131,2.93939394,7.9994273622,0.9999284203,0
0.32323232,2.93939394,7.9994769336,0.9999346167,0
0.33333333,2.93939394,7.9995212656,0.9999401582,0
0.34343434,2.93939394,7.9995609945,0.9999451243,0
0.35353535,2.93939394,7.9995966626,0.9999495828,0
0.36363636,2.93939394,7.9996287339,0.9999535917,0
0.37373737,2.93939394,7.9996576071,0.9999572009,0
0.38383838,2.93939394,7.9996836255,0.9999604532,0
0.39393939,2.93939394,7.9997070860,0.9999633858,0
0.40404040,2.93939394,7.9997282455,0.9999660307,0
0.41414141,2.93939394,7.9997473271,0.9999684159,0
0.42424242,2.93939394,7.9997645247,0.9999705656,0
0.43434343,2.93939394,7.9997800069,0.9999725009,0
0.44444444,2.93939394,7.9997939203,0.9999742400,0
0.45454545,2.93939394,7.9998063924,0.9999757991,0
0.46464646,2.93939394,7.9998175339,0.9999771917,0
0.47474747,2.93939394,7.9998274402,0.9999784300,0
0.48484848,2.93939394,7.9998361936,0.9999795242,0
0.49494949,2.93939394,7.9998438643,0.9999804830,0
0.50505051,2.93939394,7.9998505111,0.9999813139,0
0.51515152,2.93939394,7.9998561832,0.9999820229,0
0.52525253,2.93939394,7.9998609199,0.9999826150,0
0.53535354,2.93939394,7.9998647517,0.9999830940,0
0.54545455,2.93939394,7.9998677003,0.9999834625,0
0.55555556,2.93939394,7.9998697790,0.9999837224,0
0.56565657,2.93939394,7.9998709927,0.9999838741,0
0.57575758,2.93939394,7.9998713376,0.9999839172,0
0.58585859,2.93939394,7.9998708009,0.9999838501,0
0.59595960,2.93939394,7.9998693606,0.9999836701,0
0.60606061,2.93939394,7.9998669844,0.9999833730,0
0.61616162,2.93939394,7.9998636291,0.9999829536,0
0.62626263,2.93939394,7.9998592393,0.9999824049,0
0.63636364,2.93939394,7.9998537458,0.9999817182,0
0.64646465,2.93939394,7.9998470638,0.9999808830,0
0.65656566,2.93939394,7.9998390904,0.9999798863,0
0.66666667,2.93939394,7.9998297018,0.9999787127,0
0.67676768,2.93939394,7.9998187497,0.9999773437,0
0.68686869,2.93939394,7.9998060563,0.9999757570,0
0.69696970,2.93939394,7.9997914089,0.9999739261,0
0.70707071,2.93939394,7.9997745528,0.9999718191,0
0.71717172,2.93939394,7.9997551819,0.9999693977,0
0.72727273,2.93939394,7.9997329272,0.9999666159,0
0.73737374,2.93939394,7.9997073418,0.9999634177,0
0.74747475,2.93939394,7.9996778822,0.9999597353,0
0.75757576,2.93939394,7.9996438824,0.9999554853,0
0.76767677,2.93939394,7.9996045218,0.9999505652,0
0.77777778,2.93939394,7.9995587808,0.9999448476,0
0.78787879,2.93939394,7.9995053817,0.9999381727,0
0.79797980,2.93939394,7.9994427082,0.9999303385,0
0.80808081,2.93939394,7.9993686942,0.9999210868,1
0.81818182,2.93939394,7.9992806667,0.9999100833,1
0.82828283,2.93939394,7.9991751225,0.9998968903,1
0.83838384,2.93939394,7.9990474022,0.9998809253,1
0.84848485,2.93939394,7.9988912059,0.9998614007,1
0.85858586,2.93939394,7.9986978558,0.9998372320,1
0.86868687,2.93939394,7.9984551420,0.9998068928,1
0.87878788,2.93939394,7.9981454634,0.9997681829,1
0.88888889,2.93939394,7.9977427208,0.9997178401,1
0.89898990,2.93939394,7.9972069139,0.9996508642,1
0.90909091,2.93939394,7.9964742795,0.9995592849,1
0.91919192,2.93939394,7.9954382233,0.9994297779,1
0.92929293,2.93939394,7.9939097642,0.9992387205,1
0.93939394,2.93939394,7.9915279260,0.9989409907,1
0.94949495,2.93939394,7.9875322580,0.9984415323,1
0.95959596,2.93939394,7.9800892632,0.9975111579,1
0.96969697,2.93939394,7.9638011011,0.9954751376,1
0.97979798,2.93939394,7.9165022064,0.9895627758,1
0.98989899,2.93939394,7.6524642800,0.9565580350,1
1.00000000,2.93939394,1.9955208944,0.2494401118,1
0.00000000,3.00000000,2.0000000000,0.2500000000,0
0.01010101,3.00000000,6.8300758697,0.8537594837,0
0.02020202,3.00000000,7.7559561778,0.9694945222,0
0.03030303,3.00000000,7.9001344530,0.9875168066,0
0.04040404,3.00000000,7.9463161257,0.9932895157,0
0.05050505,3.00000000,7.9667534811,0.9958441851,0
0.06060606,3.00000000,7.9775456800,0.9971932100,0
0.07070707,3.00000000,7.9839183625,0.9979897953,0
0.08080808,3.00000000,7.9879838567,0.9984979821,0
0.09090909,3.00000000,7.9907290652,0.9988411331,0
0.10101010,3.00000000,7.9926652859,0.9990831607,0
0.11111111,3.00000000,7.9940788388,0.9992598549,0
0.12121212,3.00000000,7.9951401095,0.9993925137,0
0.13131313,3.00000000,7.9959555755,0.9994944469,0
0.14141414,3.00000000,7.9965945098,0.9995743137,0
0.15151515,3.00000000,7.9971035261,0.9996379408,0
0.16161616,3.00000000,7.9975149040,0.9996893630,0
0.17171717,3.00000000,7.9978515557,0.9997314445,0
0.18181818,3.00000000,7.9981300980,0.9997662623,0
0.19191919,3.00000000,7.9983628120,0.9997953515,0
0.20202020,3.00000000,7.9985589274,0.9998198659,0
0.21212121,3.00000000,7.9987254850,0.9998406856,0
0.22222222,3.00000000,7.9988679283,0.9998584910,0
0.23232323,3.00000000,7.9989905166,0.9998738146,0
0.24242424,3.00000000,7.9990966199,0.9998870775,0
0.25252525,3.00000000,7.9991889310,0.9998986164,0
0.26262626,3.00000000,7.9992696210,0.9999087026,0
0.27272727,3.00000000,7.9993404555,0.9999175569,0
0.28282828,3.00000000,7.9994028813,0.9999253602,0
0.29292929,3.00000000,7.9994580920,0.9999322615,0
0.30303030,3.00000000,7.9995070794,0.9999383849,0
0.31313131,3.00000000,7.9995506719,0.9999438340,0
0.32323232,3.00000000,7.9995895659,0.9999486957,0
0.33333333,3.00000000,7.9996243495,0.9999530437,0
0.34343434,3.00000000,7.9996555217,0.9999569402,0
0.35353535,3.00000000,7.9996835080,0.9999604385,0
0.36363636,3.00000000,7.9997086725,0.9999635841,0
0.37373737,3.00000000,7.9997313277,0.9999664160,0
0.38383838,3.00000000,7.9997517431,0.9999689679,0
0.39393939,3.00000000,7.9997701516,0.9999712689,0
0.40404040,3.00000000,7.9997867546,0.9999733443,0
0.41414141,3.00000000,7.9998017273,0.9999752159,0
0.42424242,3.00000000,7.9998152218,0.9999769027,0
0.43434343,3.00000000,7.9998273702,0.9999784213,0
0.44444444,3.00000000,7.9998382877,0.9999797860,0
0.45454545,3.00000000,7.9998480744,0.9999810093,0
0.46464646,3.00000000,7.9998568169,0.9999821021,0
0.47474747,3.00000000,7.9998645902,0.9999830738,0
0.48484848,3.00000000,7.9998714589,0.9999839324,0
0.49494949,3.00000000,7.9998774779,0.9999846847,0
0.50505051,3.00000000,7.9998826937,0.9999853367,0
0.51515152,3.00000000,7.9998871445,0.9999858931,0
0.52525253,3.00000000,7.9998908613,0.9999863577,0
0.53535354,3.00000000,7.9998938680,0.9999867335,0
0.54545455,3.00000000,7.9998961818,0.9999870227,0
0.55555556,3.00000000,7.9998978129,0.9999872266,0
0.56565657,3.00000000,7.9998987652,0.9999873457,0
0.57575758,3.00000000,7.9998990358,0.9999873795,0
0.58585859,3.00000000,7.9998986146,0.9999873268,0
0.59595960,3.00000000,7.9998974843,0.9999871855,0
0.60606061,3.00000000,7.9998956196,0.9999869524,0
0.61616162,3.00000000,7.9998929866,0.9999866233,0
0.62626263,3.00000000,7.9998895418,0.9999861927,0
0.63636364,3.00000000,7.9998852310,0.9999856539,0
0.64646465,3.00000000,7.9998799874,0.9999849984,0
0.65656566,3.00000000,7.9998737305,0.9999842163,0
0.66666667,3.00000000,7.9998663632,0.9999832954,0
0.67676768,3.00000000,7.9998577688,0.9999822211,0
0.68686869,3.00000000,7.9998478080,0.9999809760,0
0.69696970,3.00000000,7.9998363140,0.9999795392,0
0.70707071,3.00000000,7.9998230867,0.9999778858,0
0.71717172,3.00000000,7.9998078860,0.9999759858,0
0.72727273,3.00000000,7.9997904224,0.9999738028,0
0.73737374,3.00000000,7.9997703452,0.9999712931,0
0.74747475,3.00000000,7.9997472278,0.9999684035,0
0.75757576,3.00000000,7.9997205477,0.9999650685,0
0.76767677,3.00000000,7.9996896610,0.9999612076,0
0.77777778,3.00000000,7.9996537676,0.9999567209,0
0.78787879,3.00000000,7.9996118648,0.9999514831,0
0.79797980,3.00000000,7.9995626845,0.9999453356,1
0.80808081,3.00000000,7.9995046054,0.9999380757,1
0.81818182,3.00000000,7.9994355300,0.9999294413,1
0.82828283,3.00000000,7.9993527095,0.9999190887,1
0.83838384,3.00000000,7.9992524880,0.9999065610,1
0.84848485,3.00000000,7.9991299222,0.9998912403,1
0.85858586,3.00000000,7.9989782030,0.9998722754,1
0.86868687,3.00000000,7.9987877507,0.9998484688,1
0.87878788,3.00000000,7.9985447551,0.9998180944,1
0.88888889,3.00000000,7.9982287394,0.9997785924,1
0.89898990,3.00000000,7.9978083215,0.9997260402,1
0.90909091,3.00000000,7.9972334784,0.9996541848,1
0.91919192,3.00000000,7.9964205914,0.9995525739,1
0.92929293,3.00000000,7.9952214272,0.9994026784,1
0.93939394,3.00000000,7.9933528815,0.9991691102,1
0.94949495,3.00000000,7.9902186814,0.9987773352,1
0.95959596,3.00000000,7.9843816911,0.9980477114,1
0.96969697,3.00000000,7.9716138239,0.9964517280,1
0.97979798,3.00000000,7.9345793644,0.9918224205,1
0.98989899,3.00000000,7.7286002744,0.9660750343,1
1.00000000,3.00000000,1.9894808622,0.2486851078,1
