s,delta,O_str,O_str_norm,is_degenerate
0.00000000,-3.00000000,0.0000000000,-0.0000000000,0
0.01010101,-3.00000000,-0.0000000000,0.0000000000,0
0.02020202,-3.00000000,-0.0000000000,0.0000000000,0
0.03030303,-3.00000000,-0.0000000001,0.0000000001,0
0.04040404,-3.00000000,-0.0000000006,0.0000000006,0
0.05050505,-3.00000000,-0.0000000023,0.0000000023,0
0.06060606,-3.00000000,-0.0000000073,0.0000000073,0
0.07070707,-3.00000000,-0.0000000196,0.0000000196,0
0.08080808,-3.00000000,-0.0000000466,0.0000000466,0
0.09090909,-3.00000000,-0.0000001006,0.0000001006,0
0.10101010,-3.00000000,-0.0000002020,0.0000002020,0
0.11111111,-3.00000000,-0.0000003821,0.0000003821,0
0.12121212,-3.00000000,-0.0000006880,0.0000006880,0
0.13131313,-3.00000000,-0.0000011890,0.0000011890,0
0.14141414,-3.00000000,-0.0000019840,0.0000019840,0
0.15151515,-3.00000000,-0.0000032127,0.0000032127,0
0.16161616,-3.00000000,-0.0000050683,0.0000050683,0
0.17171717,-3.00000000,-0.0000078148,0.0000078148,0
0.18181818,-3.00000000,-0.0000118088,0.0000118088,0
0.19191919,-3.00000000,-0.0000175265,0.0000175265,0
0.20202020,-3.00000000,-0.0000255984,0.0000255984,0
0.21212121,-3.00000000,-0.0000368518,0.0000368518,0
0.22222222,-3.00000000,-0.0000523647,0.0000523647,0
0.23232323,-3.00000000,-0.0000735314,0.0000735314,0
0.24242424,-3.00000000,-0.0001021447,0.0001021447,0
0.25252525,-3.00000000,-0.0001404962,0.0001404962,0
0.26262626,-3.00000000,-0.0001914995,0.0001914995,0
0.27272727,-3.00000000,-0.0002588404,0.0002588404,0
0.28282828,-3.00000000,-0.0003471600,0.0003471600,0
0.29292929,-3.00000000,-0.0004622750,0.0004622750,0
0.30303030,-3.00000000,-0.0006114453,0.0006114453,0
0.31313131,-3.00000000,-0.0008036929,0.0008036929,0
0.32323232,-3.00000000,-0.0010501833,0.0010501833,0
0.33333333,-3.00000000,-0.0013646782,0.0013646782,0
0.34343434,-3.00000000,-0.0017640680,0.0017640680,0
0.35353535,-3.00000000,-0.0022689947,0.0022689947,0
0.36363636,-3.00000000,-0.0029045741,0.0029045741,0
0.37373737,-3.00000000,-0.0037012239,0.0037012239,0
0.38383838,-3.00000000,-0.0046956010,0.0046956010,0
0.39393939,-3.00000000,-0.0059316477,0.0059316477,0
0.40404040,-3.00000000,-0.0074617362,0.0074617362,0
0.41414141,-3.00000000,-0.0093478904,0.0093478904,0
0.42424242,-3.00000000,-0.0116630486,0.0116630486,0
0.43434343,-3.00000000,-0.0144923102,0.0144923102,0
0.44444444,-3.00000000,-0.0179340811,0.0179340811,0
0.45454545,-3.00000000,-0.0221010046,0.0221010046,0
0.46464646,-3.00000000,-0.0271205274,0.0271205274,0
0.47474747,-3.00000000,-0.0331349098,0.0331349098,0
0.48484848,-3.00000000,-0.0403004601,0.0403004601,0
0.49494949,-3.00000000,-0.0487857423,0.0487857423,0
0.50505051,-3.00000000,-0.0587685017,0.0587685017,0
0.51515152,-3.00000000,-0.0704310802,0.0704310802,0
0.52525253,-3.00000000,-0.0839541573,0.0839541573,0
0.53535354,-3.00000000,-0.0995087840,0.0995087840,0
0.54545455,-3.00000000,-0.1172468544,0.1172468544,0
0.55555556,-3.00000000,-0.1372904072,0.1372904072,0
0.56565657,-3.00000000,-0.1597204151,0.1597204151,0
0.57575758,-3.00000000,-0.1845659892,0.1845659892,0
0.58585859,-3.00000000,-0.2117951206,0.2117951206,0
0.59595960,-3.00000000,-0.2413081571,0.2413081571,0
0.60606061,-3.00000000,-0.2729351009,0.2729351009,0
0.61616162,-3.00000000,-0.3064375024,0.3064375024,0
0.62626263,-3.00000000,-0.3415152353,0.3415152353,0
0.63636364,-3.00000000,-0.3778178336,0.3778178336,0
0.64646465,-3.00000000,-0.4149594780,0.4149594780,0
0.65656566,-3.00000000,-0.4525362418,0.4525362418,0
0.66666667,-3.00000000,-0.4901439511,0.4901439511,0
0.67676768,-3.00000000,-0.5273950217,0.5273950217,0
0.68686869,-3.00000000,-0.5639328880,0.5639328880,0
0.69696970,-3.00000000,-0.5994430667,0.5994430667,0
0.70707071,-3.00000000,-0.6336603990,0.6336603990,0
0.71717172,-3.00000000,-0.6663724952,0.6663724952,0
0.72727273,-3.00000000,-0.6974197867,0.6974197867,0
0.73737374,-3.00000000,-0.7266928375,0.7266928375,0
0.74747475,-3.00000000,-0.7541276759,0.7541276759,0
0.75757576,-3.00000000,-0.7796998993,0.7796998993,0
0.76767677,-3.00000000,-0.8034182177,0.8034182177,0
0.77777778,-3.00000000,-0.8253179671,0.8253179671,0
0.78787879,-3.00000000,-0.8454549796,0.8454549796,0
0.79797980,-3.00000000,-0.8639000587,0.8639000587,0
0.80808081,-3.00000000,-0.8807341907,0.8807341907,0
0.81818182,-3.00000000,-0.8960445372,0.8960445372,0
0.82828283,-3.00000000,-0.9099211868,0.9099211868,0
0.83838384,-3.00000000,-0.9224546058,0.9224546058,0
0.84848485,-3.00000000,-0.9337337047,0.9337337047,0
0.85858586,-3.00000000,-0.9438444298,0.9438444298,0
0.86868687,-3.00000000,-0.9528687894,0.9528687894,0
0.87878788,-3.00000000,-0.9608842290,0.9608842290,0
0.88888889,-3.00000000,-0.9679632826,0.9679632826,0
0.89898990,-3.00000000,-0.9741734340,0.9741734340,0
0.90909091,-3.00000000,-0.9795771359,0.9795771359,0
0.91919192,-3.00000000,-0.9842319422,0.9842319422,0
0.92929293,-3.00000000,-0.9881907186,0.9881907186,0
0.93939394,-3.00000000,-0.9915019049,0.9915019049,0
0.94949495,-3.00000000,-0.9942098072,0.9942098072,0
0.95959596,-3.00000000,-0.9963549046,0.9963549046,0
0.96969697,-3.00000000,-0.9979741584,0.9979741584,0
0.97979798,-3.00000000,-0.9991013158,0.9991013158,0
0.98989899,-3.00000000,-0.9997672026,0.9997672026,0
1.00000000,-3.00000000,-1.0000000000,1.0000000000,0
0.00000000,-2.93939394,0.0000000000,-0.0000000000,0
0.01010101,-2.93939394,-0.0000000000,0.0000000000,0
0.02020202,-2.93939394,-0.0000000000,0.0000000000,0
0.03030303,-2.93939394,-0.0000000001,0.0000000001,0
0.04040404,-2.93939394,-0.0000000006,0.0000000006,0
0.05050505,-2.93939394,-0.0000000023,0.0000000023,0
0.06060606,-2.93939394,-0.0000000073,0.0000000073,0
0.07070707,-2.93939394,-0.0000000196,0.0000000196,0
0.08080808,-2.93939394,-0.0000000466,0.0000000466,0
0.09090909,-2.93939394,-0.0000001006,0.0000001006,0
0.10101010,-2.93939394,-0.0000002019,0.0000002019,0
0.11111111,-2.93939394,-0.0000003818,0.0000003818,0
0.12121212,-2.93939394,-0.0000006875,0.0000006875,0
0.13131313,-2.93939394,-0.0000011880,0.0000011880,0
0.14141414,-2.93939394,-0.0000019823,0.0000019823,0
0.15151515,-2.93939394,-0.0000032098,0.0000032098,0
0.16161616,-2.93939394,-0.0000050635,0.0000050635,0
0.17171717,-2.93939394,-0.0000078072,0.0000078072,0
0.18181818,-2.93939394,-0.0000117970,0.0000117970,0
0.19191919,-2.93939394,-0.0000175086,0.0000175086,0
0.20202020,-2.93939394,-0.0000255718,0.0000255718,0
0.21212121,-2.93939394,-0.0000368132,0.0000368132,0
0.22222222,-2.93939394,-0.0000523094,0.0000523094,0
0.23232323,-2.93939394,-0.0000734535,0.0000734535,0
0.24242424,-2.93939394,-0.0001020363,0.0001020363,0
0.25252525,-2.93939394,-0.0001403473,0.0001403473,0
0.26262626,-2.93939394,-0.0001912972,0.0001912972,0
0.27272727,-2.93939394,-0.0002585685,0.0002585685,0
0.28282828,-2.93939394,-0.0003467979,0.0003467979,0
0.29292929,-2.93939394,-0.0004617976,0.0004617976,0
0.30303030,-2.93939394,-0.0006108212,0.0006108212,0
0.31313131,-2.93939394,-0.0008028837,0.0008028837,0
0.32323232,-2.93939394,-0.0010491427,0.0010491427,0
0.33333333,-2.93939394,-0.0013633504,0.0013633504,0
0.34343434,-2.93939394,-0.0017623864,0.0017623864,0
0.35353535,-2.93939394,-0.0022668810,0.0022668810,0
0.36363636,-2.93939394,-0.0029019367,0.0029019367,0
0.37373737,-2.93939394,-0.0036979572,0.0036979572,0
0.38383838,-2.93939394,-0.0046915848,0.0046915848,0
0.39393939,-2.93939394,-0.0059267473,0.0059267473,0
0.40404040,-2.93939394,-0.0074558029,0.0074558029,0
0.41414141,-2.93939394,-0.0093407638,0.0093407638,0
0.42424242,-2.93939394,-0.0116545605,0.0116545605,0
0.43434343,-2.93939394,-0.0144822892,0.0144822892,0
0.44444444,-2.93939394,-0.0179223609,0.0179223609,0
0.45454545,-2.93939394,-0.0220874342,0.0220874342,0
0.46464646,-2.93939394,-0.0271049841,0.0271049841,0
0.47474747,-2.93939394,-0.0331173154,0.0331173154,0
0.48484848,-2.93939394,-0.0402807992,0.0402807992,0
0.49494949,-2.93939394,-0.0487640820,0.0487640820,0
0.50505051,-2.93939394,-0.0587450121,0.0587450121,0
0.51515152,-2.93939394,-0.0704060520,0.0704060520,0
0.52525253,-2.93939394,-0.0839280151,0.0839280151,0
0.53535354,-2.93939394,-0.0994820910,0.0994820910,0
0.54545455,-2.93939394,-0.1172203059,0.1172203059,0
0.55555556,-2.93939394,-0.1372648090,0.1372648090,0
0.56565657,-2.93939394,-0.1596966465,0.1596966465,0
0.57575758,-2.93939394,-0.1845449496,0.1845449496,0
0.58585859,-2.93939394,-0.2117776643,0.2117776643,0
0.59595960,-2.93939394,-0.2412950203,0.2412950203,0
0.60606061,-2.93939394,-0.2729268310,0.2729268310,0
0.61616162,-2.93939394,-0.3064343981,0.3064343981,0
0.62626263,-2.93939394,-0.3415173059,0.3415173059,0
0.63636364,-2.93939394,-0.3778247850,0.3778247850,0
0.64646465,-2.93939394,-0.4149707278,0.4149707278,0
0.65656566,-2.93939394,-0.4525509615,0.4525509615,0
0.66666667,-2.93939394,-0.4901611298,0.4901611298,0
0.67676768,-2.93939394,-0.5274135436,0.5274135436,0
0.68686869,-2.93939394,-0.5639516125,0.5639516125,0
0.69696970,-2.93939394,-0.5994609031,0.5994609031,0
0.70707071,-2.93939394,-0.6336763687,0.6336763687,0
0.71717172,-2.93939394,-0.6663857768,0.6663857768,0
0.72727273,-2.93939394,-0.6974297434,0.6974297434,0
0.73737374,-2.93939394,-0.7266990271,0.7266990271,0
0.74747475,-2.93939394,-0.7541298464,0.7541298464,0
0.75757576,-2.93939394,-0.7796979738,0.7796979738,0
0.76767677,-2.93939394,-0.8034122720,0.8034122720,0
0.77777778,-2.93939394,-0.8253082036,0.8253082036,0
0.78787879,-2.93939394,-0.8454417004,0.8454417004,0
0.79797980,-2.93939394,-0.8638836392,0.8638836392,0
0.80808081,-2.93939394,-0.8807150563,0.8807150563,0
0.81818182,-2.93939394,-0.8960231428,0.8960231428,0
0.82828283,-2.93939394,-0.9098980000,0.9098980000,0
0.83838384,-2.93939394,-0.9224300933,0.9224300933,0
0.84848485,-2.93939394,-0.9337083222,0.9337083222,0
0.85858586,-2.93939394,-0.9438186148,0.9438186148,0
0.86868687,-2.93939394,-0.9528429558,0.9528429558,0
0.87878788,-2.93939394,-0.9608587645,0.9608587645,0
0.88888889,-2.93939394,-0.9679385470,0.9679385470,0
0.89898990,-2.93939394,-0.9741497593,0.9741497593,0
0.90909091,-2.93939394,-0.9795548266,0.9795548266,0
0.91919192,-2.93939394,-0.9842112766,0.9842112766,0
0.92929293,-2.93939394,-0.9881719508,0.9881719508,0
0.93939394,-2.93939394,-0.9914852666,0.9914852666,0
0.94949495,-2.93939394,-0.9941955095,0.9941955095,0
0.95959596,-2.93939394,-0.9963431403,0.9963431403,0
0.96969697,-2.93939394,-0.9979651040,0.9979651040,0
0.97979798,-2.93939394,-0.9990951336,0.9990951336,0
0.98989899,-2.93939394,-0.9997640422,0.9997640422,0
1.00000000,-2.93939394,-1.0000000000,1.0000000000,0
0.00000000,-2.87878788,0.0000000000,-0.0000000000,0
0.01010101,-2.87878788,-0.0000000000,0.0000000000,0
0.02020202,-2.87878788,-0.0000000000,0.0000000000,0
0.03030303,-2.87878788,-0.0000000001,0.0000000001,0
0.04040404,-2.87878788,-0.0000000006,0.0000000006,0
0.05050505,-2.87878788,-0.0000000023,0.0000000023,0
0.06060606,-2.87878788,-0.0000000073,0.0000000073,0
0.07070707,-2.87878788,-0.0000000196,0.0000000196,0
0.08080808,-2.87878788,-0.0000000465,0.0000000465,0
0.09090909,-2.87878788,-0.0000001005,0.0000001005,0
0.10101010,-2.87878788,-0.0000002018,0.0000002018,0
0.11111111,-2.87878788,-0.0000003815,0.0000003815,0
0.12121212,-2.87878788,-0.0000006869,0.0000006869,0
0.13131313,-2.87878788,-0.0000011869,0.0000011869,0
0.14141414,-2.87878788,-0.0000019804,0.0000019804,0
0.15151515,-2.87878788,-0.0000032065,0.0000032065,0
0.16161616,-2.87878788,-0.0000050581,0.0000050581,0
0.17171717,-2.87878788,-0.0000077986,0.0000077986,0
0.18181818,-2.87878788,-0.0000117836,0.0000117836,0
0.19191919,-2.87878788,-0.0000174884,0.0000174884,0
0.20202020,-2.87878788,-0.0000255419,0.0000255419,0
0.21212121,-2.87878788,-0.0000367697,0.0000367697,0
0.22222222,-2.87878788,-0.0000522472,0.0000522472,0
0.23232323,-2.87878788,-0.0000733657,0.0000733657,0
0.24242424,-2.87878788,-0.0001019142,0.0001019142,0
0.25252525,-2.87878788,-0.0001401794,0.0001401794,0
0.26262626,-2.87878788,-0.0001910692,0.0001910692,0
0.27272727,-2.87878788,-0.0002582619,0.0002582619,0
0.28282828,-2.87878788,-0.0003463899,0.0003463899,0
0.29292929,-2.87878788,-0.0004612594,0.0004612594,0
0.30303030,-2.87878788,-0.0006101176,0.0006101176,0
0.31313131,-2.87878788,-0.0008019716,0.0008019716,0
0.32323232,-2.87878788,-0.0010479697,0.0010479697,0
0.33333333,-2.87878788,-0.0013618536,0.0013618536,0
0.34343434,-2.87878788,-0.0017604908,0.0017604908,0
0.35353535,-2.87878788,-0.0022644981,0.0022644981,0
0.36363636,-2.87878788,-0.0028989634,0.0028989634,0
0.37373737,-2.87878788,-0.0036942743,0.0036942743,0
0.38383838,-2.87878788,-0.0046870567,0.0046870567,0
0.39393939,-2.87878788,-0.0059212218,0.0059212218,0
0.40404040,-2.87878788,-0.0074491124,0.0074491124,0
0.41414141,-2.87878788,-0.0093327276,0.0093327276,0
0.42424242,-2.87878788,-0.0116449883,0.0116449883,0
0.43434343,-2.87878788,-0.0144709877,0.0144709877,0
0.44444444,-2.87878788,-0.0179091422,0.0179091422,0
0.45454545,-2.87878788,-0.0220721278,0.0220721278,0
0.46464646,-2.87878788,-0.0270874514,0.0270874514,0
0.47474747,-2.87878788,-0.0330974677,0.0330974677,0
0.48484848,-2.87878788,-0.0402586186,0.0402586186,0
0.49494949,-2.87878788,-0.0487396441,0.0487396441,0
0.50505051,-2.87878788,-0.0587185083,0.0587185083,0
0.51515152,-2.87878788,-0.0703778098,0.0703778098,0
0.52525253,-2.87878788,-0.0838985134,0.0838985134,0
0.53535354,-2.87878788,-0.0994519650,0.0994519650,0
0.54545455,-2.87878788,-0.1171903398,0.1171903398,0
0.55555556,-2.87878788,-0.1372359120,0.1372359120,0
0.56565657,-2.87878788,-0.1596698108,0.1596698108,0
0.57575758,-2.87878788,-0.1845211902,0.1845211902,0
0.58585859,-2.87878788,-0.2117579450,0.2117579450,0
0.59595960,-2.87878788,-0.2412801720,0.2412801720,0
0.60606061,-2.87878788,-0.2729174713,0.2729174713,0
0.61616162,-2.87878788,-0.3064308636,0.3064308636,0
0.62626263,-2.87878788,-0.3415196068,0.3415196068,0
0.63636364,-2.87878788,-0.3778325890,0.3778325890,0
0.64646465,-2.87878788,-0.4149833771,0.4149833771,0
0.65656566,-2.87878788,-0.4525675208,0.4525675208,0
0.66666667,-2.87878788,-0.4901804584,0.4901804584,0
0.67676768,-2.87878788,-0.5274343824,0.5274343824,0
0.68686869,-2.87878788,-0.5639726748,0.5639726748,0
0.69696970,-2.87878788,-0.5994809589,0.5994809589,0
0.70707071,-2.87878788,-0.6336943145,0.6336943145,0
0.71717172,-2.87878788,-0.6664006869,0.6664006869,0
0.72727273,-2.87878788,-0.6974409003,0.6974409003,0
0.73737374,-2.87878788,-0.7267059330,0.7267059330,0
0.74747475,-2.87878788,-0.7541322181,0.7541322181,0
0.75757576,-2.87878788,-0.7796957254,0.7796957254,0
0.76767677,-2.87878788,-0.8034054899,0.8034054899,0
0.77777778,-2.87878788,-0.8252971169,0.8252971169,0
0.78787879,-2.87878788,-0.8454266504,0.8454266504,0
0.79797980,-2.87878788,-0.8638650499,0.8638650499,0
0.80808081,-2.87878788,-0.8806934078,0.8806934078,0
0.81818182,-2.87878788,-0.8959989486,0.8959989486,0
0.82828283,-2.87878788,-0.9098717877,0.9098717877,0
0.83838384,-2.87878788,-0.9224023894,0.9224023894,0
0.84848485,-2.87878788,-0.9336796408,0.9336796408,0
0.85858586,-2.87878788,-0.9437894492,0.9437894492,0
0.86868687,-2.87878788,-0.9528137730,0.9528137730,0
0.87878788,-2.87878788,-0.9608300017,0.9608300017,0
0.88888889,-2.87878788,-0.9679106102,0.9679106102,0
0.89898990,-2.87878788,-0.9741230227,0.9741230227,0
0.90909091,-2.87878788,-0.9795296336,0.9795296336,0
0.91919192,-2.87878788,-0.9841879413,0.9841879413,0
0.92929293,-2.87878788,-0.9881507596,0.9881507596,0
0.93939394,-2.87878788,-0.9914664806,0.9914664806,0
0.94949495,-2.87878788,-0.9941793668,0.9941793668,0
0.95959596,-2.87878788,-0.9963298585,0.9963298585,0
0.96969697,-2.87878788,-0.9979548821,0.9979548821,0
0.97979798,-2.87878788,-0.9990881544,0.9990881544,0
0.98989899,-2.87878788,-0.9997604744,0.9997604744,0
1.00000000,-2.87878788,-1.0000000000,1.0000000000,0
0.00000000,-2.81818182,0.0000000000,-0.0000000000,0
0.01010101,-2.81818182,-0.0000000000,0.0000000000,0
0.02020202,-2.81818182,-0.0000000000,0.0000000000,0
0.03030303,-2.81818182,-0.0000000001,0.0000000001,0
0.04040404,-2.81818182,-0.0000000006,0.0000000006,0
0.05050505,-2.81818182,-0.0000000023,0.0000000023,0
0.06060606,-2.81818182,-0.0000000073,0.0000000073,0
0.07070707,-2.81818182,-0.0000000196,0.0000000196,0
0.08080808,-2.81818182,-0.0000000465,0.0000000465,0
0.09090909,-2.81818182,-0.0000001005,0.0000001005,0
0.10101010,-2.81818182,-0.0000002016,0.0000002016,0
0.11111111,-2.81818182,-0.0000003812,0.0000003812,0
0.12121212,-2.81818182,-0.0000006863,0.0000006863,0
0.13131313,-2.81818182,-0.0000011857,0.0000011857,0
0.14141414,-2.81818182,-0.0000019782,0.0000019782,0
0.15151515,-2.81818182,-0.0000032027,0.0000032027,0
0.16161616,-2.81818182,-0.0000050519,0.0000050519,0
0.17171717,-2.81818182,-0.0000077888,0.0000077888,0
0.18181818,-2.81818182,-0.0000117685,0.0000117685,0
0.19191919,-2.81818182,-0.0000174656,0.0000174656,0
0.20202020,-2.81818182,-0.0000255082,0.0000255082,0
0.21212121,-2.81818182,-0.0000367207,0.0000367207,0
0.22222222,-2.81818182,-0.0000521770,0.0000521770,0
0.23232323,-2.81818182,-0.0000732668,0.0000732668,0
0.24242424,-2.81818182,-0.0001017766,0.0001017766,0
0.25252525,-2.81818182,-0.0001399903,0.0001399903,0
0.26262626,-2.81818182,-0.0001908122,0.0001908122,0
0.27272727,-2.81818182,-0.0002579165,0.0002579165,0
0.28282828,-2.81818182,-0.0003459301,0.0003459301,0
0.29292929,-2.81818182,-0.0004606529,0.0004606529,0
0.30303030,-2.81818182,-0.0006093247,0.0006093247,0
0.31313131,-2.81818182,-0.0008009437,0.0008009437,0
0.32323232,-2.81818182,-0.0010466478,0.0010466478,0
0.33333333,-2.81818182,-0.0013601666,0.0013601666,0
0.34343434,-2.81818182,-0.0017583543,0.0017583543,0
0.35353535,-2.81818182,-0.0022618122,0.0022618122,0
0.36363636,-2.81818182,-0.0028956118,0.0028956118,0
0.37373737,-2.81818182,-0.0036901226,0.0036901226,0
0.38383838,-2.81818182,-0.0046819520,0.0046819520,0
0.39393939,-2.81818182,-0.0059149925,0.0059149925,0
0.40404040,-2.81818182,-0.0074415694,0.0074415694,0
0.41414141,-2.81818182,-0.0093236667,0.0093236667,0
0.42424242,-2.81818182,-0.0116341949,0.0116341949,0
0.43434343,-2.81818182,-0.0144582436,0.0144582436,0
0.44444444,-2.81818182,-0.0178942353,0.0178942353,0
0.45454545,-2.81818182,-0.0220548653,0.0220548653,0
0.46464646,-2.81818182,-0.0270676765,0.0270676765,0
0.47474747,-2.81818182,-0.0330750801,0.0330750801,0
0.48484848,-2.81818182,-0.0402335977,0.0402335977,0
0.49494949,-2.81818182,-0.0487120744,0.0487120744,0
0.50505051,-2.81818182,-0.0586886052,0.0586886052,0
0.51515152,-2.81818182,-0.0703459427,0.0703459427,0
0.52525253,-2.81818182,-0.0838652217,0.0838652217,0
0.53535354,-2.81818182,-0.0994179652,0.0994179652,0
0.54545455,-2.81818182,-0.1171565165,0.1171565165,0
0.55555556,-2.81818182,-0.1372032911,0.1372032911,0
0.56565657,-2.81818182,-0.1596395116,0.1596395116,0
0.57575758,-2.81818182,-0.1844943581,0.1844943581,0
0.58585859,-2.81818182,-0.2117356674,0.2117356674,0
0.59595960,-2.81818182,-0.2412633864,0.2412633864,0
0.60606061,-2.81818182,-0.2729068745,0.2729068745,0
0.61616162,-2.81818182,-0.3064268351,0.3064268351,0
0.62626263,-2.81818182,-0.3415221575,0.3415221575,0
0.63636364,-2.81818182,-0.3778413434,0.3778413434,0
0.64646465,-2.81818182,-0.4149975925,0.4149975925,0
0.65656566,-2.81818182,-0.4525861412,0.4525861412,0
0.66666667,-2.81818182,-0.4902021965,0.4902021965,0
0.67676768,-2.81818182,-0.5274578176,0.5274578176,0
0.68686869,-2.81818182,-0.5639963558,0.5639963558,0
0.69696970,-2.81818182,-0.5995034984,0.5995034984,0
0.70707071,-2.81818182,-0.6337144687,0.6337144687,0
0.71717172,-2.81818182,-0.6664174126,0.6664174126,0
0.72727273,-2.81818182,-0.6974533896,0.6974533896,0
0.73737374,-2.81818182,-0.7267136254,0.7267136254,0
0.74747475,-2.81818182,-0.7541347955,0.7541347955,0
0.75757576,-2.81818182,-0.7796930922,0.7796930922,0
0.76767677,-2.81818182,-0.8033977445,0.8033977445,0
0.77777778,-2.81818182,-0.8252845188,0.8252845188,0
0.78787879,-2.81818182,-0.8454095851,0.8454095851,0
0.79797980,-2.81818182,-0.8638439963,0.8638439963,0
0.80808081,-2.81818182,-0.8806689081,0.8806689081,0
0.81818182,-2.81818182,-0.8959715821,0.8959715821,0
0.82828283,-2.81818182,-0.9098421496,0.9098421496,0
0.83838384,-2.81818182,-0.9223710738,0.9223710738,0
0.84848485,-2.81818182,-0.9336472276,0.9336472276,0
0.85858586,-2.81818182,-0.9437564948,0.9437564948,0
0.86868687,-2.81818182,-0.9527808040,0.9527808040,0
0.87878788,-2.81818182,-0.9607975112,0.9607975112,0
0.88888889,-2.81818182,-0.9678790559,0.9678790559,0
0.89898990,-2.81818182,-0.9740928267,0.9740928267,0
0.90909091,-2.81818182,-0.9795011831,0.9795011831,0
0.91919192,-2.81818182,-0.9841615903,0.9841615903,0
0.92929293,-2.81818182,-0.9881268312,0.9881268312,0
0.93939394,-2.81818182,-0.9914452691,0.9914452691,0
0.94949495,-2.81818182,-0.9941611409,0.9941611409,0
0.95959596,-2.81818182,-0.9963148631,0.9963148631,0
0.96969697,-2.81818182,-0.9979433418,0.9979433418,0
0.97979798,-2.81818182,-0.9990802753,0.9990802753,0
0.98989899,-2.81818182,-0.9997564467,0.9997564467,0
1.00000000,-2.81818182,-1.0000000000,1.0000000000,0
0.00000000,-2.75757576,0.0000000000,-0.0000000000,0
0.01010101,-2.75757576,-0.0000000000,0.0000000000,0
0.02020202,-2.75757576,-0.0000000000,0.0000000000,0
0.03030303,-2.75757576,-0.0000000001,0.0000000001,0
0.04040404,-2.75757576,-0.0000000006,0.0000000006,0
0.05050505,-2.75757576,-0.0000000023,0.0000000023,0
0.06060606,-2.75757576,-0.0000000073,0.0000000073,0
0.07070707,-2.75757576,-0.0000000196,0.0000000196,0
0.08080808,-2.75757576,-0.0000000465,0.0000000465,0
0.09090909,-2.75757576,-0.0000001004,0.0000001004,0
0.10101010,-2.75757576,-0.0000002015,0.0000002015,0
0.11111111,-2.75757576,-0.0000003808,0.0000003808,0
0.12121212,-2.75757576,-0.0000006855,0.0000006855,0
0.13131313,-2.75757576,-0.0000011843,0.0000011843,0
0.14141414,-2.75757576,-0.0000019757,0.0000019757,0
0.15151515,-2.75757576,-0.0000031985,0.0000031985,0
0.16161616,-2.75757576,-0.0000050450,0.0000050450,0
0.17171717,-2.75757576,-0.0000077779,0.0000077779,0
0.18181818,-2.75757576,-0.0000117516,0.0000117516,0
0.19191919,-2.75757576,-0.0000174400,0.0000174400,0
0.20202020,-2.75757576,-0.0000254702,0.0000254702,0
0.21212121,-2.75757576,-0.0000366655,0.0000366655,0
0.22222222,-2.75757576,-0.0000520980,0.0000520980,0
0.23232323,-2.75757576,-0.0000731553,0.0000731553,0
0.24242424,-2.75757576,-0.0001016215,0.0001016215,0
0.25252525,-2.75757576,-0.0001397773,0.0001397773,0
0.26262626,-2.75757576,-0.0001905228,0.0001905228,0
0.27272727,-2.75757576,-0.0002575274,0.0002575274,0
0.28282828,-2.75757576,-0.0003454120,0.0003454120,0
0.29292929,-2.75757576,-0.0004599696,0.0004599696,0
0.30303030,-2.75757576,-0.0006084314,0.0006084314,0
0.31313131,-2.75757576,-0.0007997855,0.0007997855,0
0.32323232,-2.75757576,-0.0010451581,0.0010451581,0
0.33333333,-2.75757576,-0.0013582656,0.0013582656,0
0.34343434,-2.75757576,-0.0017559466,0.0017559466,0
0.35353535,-2.75757576,-0.0022587854,0.0022587854,0
0.36363636,-2.75757576,-0.0028918346,0.0028918346,0
0.37373737,-2.75757576,-0.0036854435,0.0036854435,0
0.38383838,-2.75757576,-0.0046761984,0.0046761984,0
0.39393939,-2.75757576,-0.0059079709,0.0059079709,0
0.40404040,-2.75757576,-0.0074330665,0.0074330665,0
0.41414141,-2.75757576,-0.0093134522,0.0093134522,0
0.42424242,-2.75757576,-0.0116220264,0.0116220264,0
0.43434343,-2.75757576,-0.0144438748,0.0144438748,0
0.44444444,-2.75757576,-0.0178774267,0.0178774267,0
0.45454545,-2.75757576,-0.0220353991,0.0220353991,0
0.46464646,-2.75757576,-0.0270453753,0.0270453753,0
0.47474747,-2.75757576,-0.0330498301,0.0330498301,0
0.48484848,-2.75757576,-0.0402053751,0.0402053751,0
0.49494949,-2.75757576,-0.0486809740,0.0486809740,0
0.50505051,-2.75757576,-0.0586548695,0.0586548695,0
0.51515152,-2.75757576,-0.0703099873,0.0703099873,0
0.52525253,-2.75757576,-0.0838276550,0.0838276550,0
0.53535354,-2.75757576,-0.0993795950,0.0993795950,0
0.54545455,-2.75757576,-0.1171183404,0.1171183404,0
0.55555556,-2.75757576,-0.1371664663,0.1371664663,0
0.56565657,-2.75757576,-0.1596053011,0.1596053011,0
0.57575758,-2.75757576,-0.1844640542,0.1844640542,0
0.58585859,-2.75757576,-0.2117104972,0.2117104972,0
0.59595960,-2.75757576,-0.2412444075,0.2412444075,0
0.60606061,-2.75757576,-0.2728948728,0.2728948728,0
0.61616162,-2.75757576,-0.3064222385,0.3064222385,0
0.62626263,-2.75757576,-0.3415249775,0.3415249775,0
0.63636364,-2.75757576,-0.3778511557,0.3778511557,0
0.64646465,-2.75757576,-0.4150135582,0.4150135582,0
0.65656566,-2.75757576,-0.4526070683,0.4526070683,0
0.66666667,-2.75757576,-0.4902266323,0.4902266323,0
0.67676768,-2.75757576,-0.5274841594,0.5274841594,0
0.68686869,-2.75757576,-0.5640229666,0.5640229666,0
0.69696970,-2.75757576,-0.5995288142,0.5995288142,0
0.70707071,-2.75757576,-0.6337370875,0.6337370875,0
0.71717172,-2.75757576,-0.6664361591,0.6664361591,0
0.72727273,-2.75757576,-0.6974673539,0.6974673539,0
0.73737374,-2.75757576,-0.7267221774,0.7267221774,0
0.74747475,-2.75757576,-0.7541375777,0.7541375777,0
0.75757576,-2.75757576,-0.7796899985,0.7796899985,0
0.76767677,-2.75757576,-0.8033888874,0.8033888874,0
0.77777778,-2.75757576,-0.8252701918,0.8252701918,0
0.78787879,-2.75757576,-0.8453902242,0.8453902242,0
0.79797980,-2.75757576,-0.8638201423,0.8638201423,0
0.80808081,-2.75757576,-0.8806411730,0.8806411730,0
0.81818182,-2.75757576,-0.8959406197,0.8959406197,0
0.82828283,-2.75757576,-0.9098086314,0.9098086314,0
0.83838384,-2.75757576,-0.9223356698,0.9223356698,0
0.84848485,-2.75757576,-0.9336105920,0.9336105920,0
0.85858586,-2.75757576,-0.9437192550,0.9437192550,0
0.86868687,-2.75757576,-0.9527435539,0.9527435539,0
0.87878788,-2.75757576,-0.9607608069,0.9607608069,0
0.88888889,-2.75757576,-0.9678434133,0.9678434133,0
0.89898990,-2.75757576,-0.9740587217,0.9740587217,0
0.90909091,-2.75757576,-0.9794690523,0.9794690523,0
0.91919192,-2.75757576,-0.9841318328,0.9841318328,0
0.92929293,-2.75757576,-0.9880998111,0.9880998111,0
0.93939394,-2.75757576,-0.9914213184,0.9914213184,0
0.94949495,-2.75757576,-0.9941405622,0.9941405622,0
0.95959596,-2.75757576,-0.9962979329,0.9962979329,0
0.96969697,-2.75757576,-0.9979303130,0.9979303130,0
0.97979798,-2.75757576,-0.9990713804,0.9990713804,0
0.98989899,-2.75757576,-0.9997518999,0.9997518999,0
1.00000000,-2.75757576,-1.0000000000,1.0000000000,0
0.00000000,-2.69696970,0.0000000000,-0.0000000000,0
0.01010101,-2.69696970,-0.0000000000,0.0000000000,0
0.02020202,-2.69696970,-0.0000000000,0.0000000000,0
0.03030303,-2.69696970,-0.0000000001,0.0000000001,0
0.04040404,-2.69696970,-0.0000000006,0.0000000006,0
0.05050505,-2.69696970,-0.0000000023,0.0000000023,0
0.06060606,-2.69696970,-0.0000000073,0.0000000073,0
0.07070707,-2.69696970,-0.0000000196,0.0000000196,0
0.08080808,-2.69696970,-0.0000000465,0.0000000465,0
0.09090909,-2.69696970,-0.0000001003,0.0000001003,0
0.10101010,-2.69696970,-0.0000002013,0.0000002013,0
0.11111111,-2.69696970,-0.0000003804,0.0000003804,0
0.12121212,-2.69696970,-0.0000006847,0.0000006847,0
0.13131313,-2.69696970,-0.0000011827,0.0000011827,0
0.14141414,-2.69696970,-0.0000019729,0.0000019729,0
0.15151515,-2.69696970,-0.0000031938,0.0000031938,0
0.16161616,-2.69696970,-0.0000050373,0.0000050373,0
0.17171717,-2.69696970,-0.0000077655,0.0000077655,0
0.18181818,-2.69696970,-0.0000117325,0.0000117325,0
0.19191919,-2.69696970,-0.0000174111,0.0000174111,0
0.20202020,-2.69696970,-0.0000254275,0.0000254275,0
0.21212121,-2.69696970,-0.0000366033,0.0000366033,0
0.22222222,-2.69696970,-0.0000520090,0.0000520090,0
0.23232323,-2.69696970,-0.0000730298,0.0000730298,0
0.24242424,-2.69696970,-0.0001014469,0.0001014469,0
0.25252525,-2.69696970,-0.0001395373,0.0001395373,0
0.26262626,-2.69696970,-0.0001901967,0.0001901967,0
0.27272727,-2.69696970,-0.0002570890,0.0002570890,0
0.28282828,-2.69696970,-0.0003448285,0.0003448285,0
0.29292929,-2.69696970,-0.0004592000,0.0004592000,0
0.30303030,-2.69696970,-0.0006074251,0.0006074251,0
0.31313131,-2.69696970,-0.0007984807,0.0007984807,0
0.32323232,-2.69696970,-0.0010434801,0.0010434801,0
0.33333333,-2.69696970,-0.0013561240,0.0013561240,0
0.34343434,-2.69696970,-0.0017532340,0.0017532340,0
0.35353535,-2.69696970,-0.0022553752,0.0022553752,0
0.36363636,-2.69696970,-0.0028875786,0.0028875786,0
0.37373737,-2.69696970,-0.0036801709,0.0036801709,0
0.38383838,-2.69696970,-0.0046697148,0.0046697148,0
0.39393939,-2.69696970,-0.0059000579,0.0059000579,0
0.40404040,-2.69696970,-0.0074234834,0.0074234834,0
0.41414141,-2.69696970,-0.0093019390,0.0093019390,0
0.42424242,-2.69696970,-0.0116083100,0.0116083100,0
0.43434343,-2.69696970,-0.0144276768,0.0144276768,0
0.44444444,-2.69696970,-0.0178584766,0.0178584766,0
0.45454545,-2.69696970,-0.0220134507,0.0220134507,0
0.46464646,-2.69696970,-0.0270202282,0.0270202282,0
0.47474747,-2.69696970,-0.0330213551,0.0330213551,0
0.48484848,-2.69696970,-0.0401735446,0.0401735446,0
0.49494949,-2.69696970,-0.0486458941,0.0486458941,0
0.50505051,-2.69696970,-0.0586168127,0.0586168127,0
0.51515152,-2.69696970,-0.0702694219,0.0702694219,0
0.52525253,-2.69696970,-0.0837852665,0.0837852665,0
0.53535354,-2.69696970,-0.0993362939,0.0993362939,0
0.54545455,-2.69696970,-0.1170752520,0.1170752520,0
0.55555556,-2.69696970,-0.1371248960,0.1371248960,0
0.56565657,-2.69696970,-0.1595666735,0.1595666735,0
0.57575758,-2.69696970,-0.1844298274,0.1844298274,0
0.58585859,-2.69696970,-0.2116820557,0.2116820557,0
0.59595960,-2.69696970,-0.2412229443,0.2412229443,0
0.60606061,-2.69696970,-0.2728812744,0.2728812744,0
0.61616162,-2.69696970,-0.3064169869,0.3064169869,0
0.62626263,-2.69696970,-0.3415280853,0.3415280853,0
0.63636364,-2.69696970,-0.3778621428,0.3778621428,0
0.64646465,-2.69696970,-0.4150314774,0.4150314774,0
0.65656566,-2.69696970,-0.4526305740,0.4526305740,0
0.66666667,-2.69696970,-0.4902540852,0.4902540852,0
0.67676768,-2.69696970,-0.5275137514,0.5275137514,0
0.68686869,-2.69696970,-0.5640528515,0.5640528515,0
0.69696970,-2.69696970,-0.5995572290,0.5995572290,0
0.70707071,-2.69696970,-0.6337624521,0.6337624521,0
0.71717172,-2.69696970,-0.6664571500,0.6664571500,0
0.72727273,-2.69696970,-0.6974829469,0.6974829469,0
0.73737374,-2.69696970,-0.7267316637,0.7267316637,0
0.74747475,-2.69696970,-0.7541405566,0.7541405566,0
0.75757576,-2.69696970,-0.7796863520,0.7796863520,0
0.76767677,-2.69696970,-0.8033787441,0.8033787441,0
0.77777778,-2.69696970,-0.8252538844,0.8252538844,0
0.78787879,-2.69696970,-0.8453682455,0.8453682455,0
0.79797980,-2.69696970,-0.8637931032,0.8637931032,0
0.80808081,-2.69696970,-0.8806097642,0.8806097642,0
0.81818182,-2.69696970,-0.8959055790,0.8959055790,0
0.82828283,-2.69696970,-0.9097707163,0.9097707163,0
0.83838384,-2.69696970,-0.9222956363,0.9222956363,0
0.84848485,-2.69696970,-0.9335691775,0.9335691775,0
0.85858586,-2.69696970,-0.9436771671,0.9436771671,0
0.86868687,-2.69696970,-0.9527014623,0.9527014623,0
0.87878788,-2.69696970,-0.9607193382,0.9607193382,0
0.88888889,-2.69696970,-0.9678031495,0.9678031495,0
0.89898990,-2.69696970,-0.9740201991,0.9740201991,0
0.90909091,-2.69696970,-0.9794327630,0.9794327630,0
0.91919192,-2.69696970,-0.9840982268,0.9840982268,0
0.92929293,-2.69696970,-0.9880692988,0.9880692988,0
0.93939394,-2.69696970,-0.9913942739,0.9913942739,0
0.94949495,-2.69696970,-0.9941173267,0.9941173267,0
0.95959596,-2.69696970,-0.9962788178,0.9962788178,0
0.96969697,-2.69696970,-0.9979156035,0.9979156035,0
0.97979798,-2.69696970,-0.9990613384,0.9990613384,0
0.98989899,-2.69696970,-0.9997467670,0.9997467670,0
1.00000000,-2.69696970,-1.0000000000,1.0000000000,0
0.00000000,-2.63636364,0.0000000000,-0.0000000000,0
0.01010101,-2.63636364,-0.0000000000,0.0000000000,0
0.02020202,-2.63636364,-0.0000000000,0.0000000000,0
0.03030303,-2.63636364,-0.0000000001,0.0000000001,0
0.04040404,-2.63636364,-0.0000000006,0.0000000006,0
0.05050505,-2.63636364,-0.0000000023,0.0000000023,0
0.06060606,-2.63636364,-0.0000000073,0.0000000073,0
0.07070707,-2.63636364,-0.0000000196,0.0000000196,0
0.08080808,-2.63636364,-0.0000000465,0.0000000465,0
0.09090909,-2.63636364,-0.0000001003,0.0000001003,0
0.10101010,-2.63636364,-0.0000002011,0.0000002011,0
0.11111111,-2.63636364,-0.0000003800,0.0000003800,0
0.12121212,-2.63636364,-0.0000006837,0.0000006837,0
0.13131313,-2.63636364,-0.0000011809,0.0000011809,0
0.14141414,-2.63636364,-0.0000019697,0.0000019697,0
0.15151515,-2.63636364,-0.0000031884,0.0000031884,0
0.16161616,-2.63636364,-0.0000050285,0.0000050285,0
0.17171717,-2.63636364,-0.0000077516,0.0000077516,0
0.18181818,-2.63636364,-0.0000117110,0.0000117110,0
0.19191919,-2.63636364,-0.0000173786,0.0000173786,0
0.20202020,-2.63636364,-0.0000253793,0.0000253793,0
0.21212121,-2.63636364,-0.0000365332,0.0000365332,0
0.22222222,-2.63636364,-0.0000519088,0.0000519088,0
0.23232323,-2.63636364,-0.0000728885,0.0000728885,0
0.24242424,-2.63636364,-0.0001012503,0.0001012503,0
0.25252525,-2.63636364,-0.0001392672,0.0001392672,0
0.26262626,-2.63636364,-0.0001898296,0.0001898296,0
0.27272727,-2.63636364,-0.0002565955,0.0002565955,0
0.28282828,-2.63636364,-0.0003441714,0.0003441714,0
0.29292929,-2.63636364,-0.0004583333,0.0004583333,0
0.30303030,-2.63636364,-0.0006062919,0.0006062919,0
0.31313131,-2.63636364,-0.0007970114,0.0007970114,0
0.32323232,-2.63636364,-0.0010415901,0.0010415901,0
0.33333333,-2.63636364,-0.0013537119,0.0013537119,0
0.34343434,-2.63636364,-0.0017501788,0.0017501788,0
0.35353535,-2.63636364,-0.0022515338,0.0022515338,0
0.36363636,-2.63636364,-0.0028827843,0.0028827843,0
0.37373737,-2.63636364,-0.0036742311,0.0036742311,0
0.38383838,-2.63636364,-0.0046624101,0.0046624101,0
0.39393939,-2.63636364,-0.0058911421,0.0058911421,0
0.40404040,-2.63636364,-0.0074126850,0.0074126850,0
0.41414141,-2.63636364,-0.0092889649,0.0092889649,0
0.42424242,-2.63636364,-0.0115928514,0.0115928514,0
0.43434343,-2.63636364,-0.0144094199,0.0144094199,0
0.44444444,-2.63636364,-0.0178371157,0.0178371157,0
0.45454545,-2.63636364,-0.0219887076,0.0219887076,0
0.46464646,-2.63636364,-0.0269918759,0.0269918759,0
0.47474747,-2.63636364,-0.0329892474,0.0329892474,0
0.48484848,-2.63636364,-0.0401376491,0.0401376491,0
0.49494949,-2.63636364,-0.0486063295,0.0486063295,0
0.50505051,-2.63636364,-0.0585738852,0.0585738852,0
0.51515152,-2.63636364,-0.0702236587,0.0702236587,0
0.52525253,-2.63636364,-0.0837374399,0.0837374399,0
0.53535354,-2.63636364,-0.0992874304,0.0992874304,0
0.54545455,-2.63636364,-0.1170266204,0.1170266204,0
0.55555556,-2.63636364,-0.1370779683,0.1370779683,0
0.56565657,-2.63636364,-0.1595230571,0.1595230571,0
0.57575758,-2.63636364,-0.1843911671,0.1843911671,0
0.58585859,-2.63636364,-0.2116499135,0.2116499135,0
0.59595960,-2.63636364,-0.2411986661,0.2411986661,0
0.60606061,-2.63636364,-0.2728658598,0.2728658598,0
0.61616162,-2.63636364,-0.3064109791,0.3064109791,0
0.62626263,-2.63636364,-0.3415314971,0.3415314971,0
0.63636364,-2.63636364,-0.3778744317,0.3778744317,0
0.64646465,-2.63636364,-0.4150515734,0.4150515734,0
0.65656566,-2.63636364,-0.4526569583,0.4526569583,0
0.66666667,-2.63636364,-0.4902849077,0.4902849077,0
0.67676768,-2.63636364,-0.5275469727,0.5275469727,0
0.68686869,-2.63636364,-0.5640863900,0.5640863900,0
0.69696970,-2.63636364,-0.5995890974,0.5995890974,0
0.70707071,-2.63636364,-0.6337908705,0.6337908705,0
0.71717172,-2.63636364,-0.6664806277,0.6664806277,0
0.72727273,-2.63636364,-0.6975003317,0.6975003317,0
0.73737374,-2.63636364,-0.7267421591,0.7267421591,0
0.74747475,-2.63636364,-0.7541437133,0.7541437133,0
0.75757576,-2.63636364,-0.7796820396,0.7796820396,0
0.76767677,-2.63636364,-0.8033671097,0.8033671097,0
0.77777778,-2.63636364,-0.8252353051,0.8252353051,0
0.78787879,-2.63636364,-0.8453432784,0.8453432784,0
0.79797980,-2.63636364,-0.8637624383,0.8637624383,0
0.80808081,-2.63636364,-0.8805741812,0.8805741812,0
0.81818182,-2.63636364,-0.8958659104,0.8958659104,0
0.82828283,-2.63636364,-0.9097278168,0.9097278168,0
0.83838384,-2.63636364,-0.9222503582,0.9222503582,0
0.84848485,-2.63636364,-0.9335223525,0.9335223525,0
0.85858586,-2.63636364,-0.9436295930,0.9436295930,0
0.86868687,-2.63636364,-0.9526538939,0.9526538939,0
0.87878788,-2.63636364,-0.9606724821,0.9606724821,0
0.88888889,-2.63636364,-0.9677576613,0.9677576613,0
0.89898990,-2.63636364,-0.9739766834,0.9739766834,0
0.90909091,-2.63636364,-0.9793917746,0.9793917746,0
0.91919192,-2.63636364,-0.9840602726,0.9840602726,0
0.92929293,-2.63636364,-0.9880348414,0.9880348414,0
0.93939394,-2.63636364,-0.9913637349,0.9913637349,0
0.94949495,-2.63636364,-0.9940910905,0.9940910905,0
0.95959596,-2.63636364,-0.9962572355,0.9962572355,0
0.96969697,-2.63636364,-0.9978989963,0.9978989963,0
0.97979798,-2.63636364,-0.9990500013,0.9990500013,0
0.98989899,-2.63636364,-0.9997409723,0.9997409723,0
1.00000000,-2.63636364,-1.0000000000,1.0000000000,0
0.00000000,-2.57575758,0.0000000000,-0.0000000000,0
0.01010101,-2.57575758,-0.0000000000,0.0000000000,0
0.02020202,-2.57575758,-0.0000000000,0.0000000000,0
0.03030303,-2.57575758,-0.0000000001,0.0000000001,0
0.04040404,-2.57575758,-0.0000000006,0.0000000006,0
0.05050505,-2.57575758,-0.0000000023,0.0000000023,0
0.06060606,-2.57575758,-0.0000000073,0.0000000073,0
0.07070707,-2.57575758,-0.0000000196,0.0000000196,0
0.08080808,-2.57575758,-0.0000000464,0.0000000464,0
0.09090909,-2.57575758,-0.0000001002,0.0000001002,0
0.10101010,-2.57575758,-0.0000002008,0.0000002008,0
0.11111111,-2.57575758,-0.0000003794,0.0000003794,0
0.12121212,-2.57575758,-0.0000006827,0.0000006827,0
0.13131313,-2.57575758,-0.0000011789,0.0000011789,0
0.14141414,-2.57575758,-0.0000019662,0.0000019662,0
0.15151515,-2.57575758,-0.0000031824,0.0000031824,0
0.16161616,-2.57575758,-0.0000050187,0.0000050187,0
0.17171717,-2.57575758,-0.0000077360,0.0000077360,0
0.18181818,-2.57575758,-0.0000116868,0.0000116868,0
0.19191919,-2.57575758,-0.0000173420,0.0000173420,0
0.20202020,-2.57575758,-0.0000253251,0.0000253251,0
0.21212121,-2.57575758,-0.0000364544,0.0000364544,0
0.22222222,-2.57575758,-0.0000517960,0.0000517960,0
0.23232323,-2.57575758,-0.0000727295,0.0000727295,0
0.24242424,-2.57575758,-0.0001010291,0.0001010291,0
0.25252525,-2.57575758,-0.0001389631,0.0001389631,0
0.26262626,-2.57575758,-0.0001894164,0.0001894164,0
0.27272727,-2.57575758,-0.0002560399,0.0002560399,0
0.28282828,-2.57575758,-0.0003434317,0.0003434317,0
0.29292929,-2.57575758,-0.0004573576,0.0004573576,0
0.30303030,-2.57575758,-0.0006050161,0.0006050161,0
0.31313131,-2.57575758,-0.0007953572,0.0007953572,0
0.32323232,-2.57575758,-0.0010394623,0.0010394623,0
0.33333333,-2.57575758,-0.0013509961,0.0013509961,0
0.34343434,-2.57575758,-0.0017467384,0.0017467384,0
0.35353535,-2.57575758,-0.0022472080,0.0022472080,0
0.36363636,-2.57575758,-0.0028773850,0.0028773850,0
0.37373737,-2.57575758,-0.0036675414,0.0036675414,0
0.38383838,-2.57575758,-0.0046541824,0.0046541824,0
0.39393939,-2.57575758,-0.0058810990,0.0058810990,0
0.40404040,-2.57575758,-0.0074005201,0.0074005201,0
0.41414141,-2.57575758,-0.0092743475,0.0092743475,0
0.42424242,-2.57575758,-0.0115754333,0.0115754333,0
0.43434343,-2.57575758,-0.0143888465,0.0143888465,0
0.44444444,-2.57575758,-0.0178130419,0.0178130419,0
0.45454545,-2.57575758,-0.0219608188,0.0219608188,0
0.46464646,-2.57575758,-0.0269599153,0.0269599153,0
0.47474747,-2.57575758,-0.0329530487,0.0329530487,0
0.48484848,-2.57575758,-0.0400971748,0.0400971748,0
0.49494949,-2.57575758,-0.0485617120,0.0485617120,0
0.50505051,-2.57575758,-0.0585254686,0.0585254686,0
0.51515152,-2.57575758,-0.0701720362,0.0701720362,0
0.52525253,-2.57575758,-0.0836834812,0.0836834812,0
0.53535354,-2.57575758,-0.0992322926,0.0992322926,0
0.54545455,-2.57575758,-0.1169717337,0.1169717337,0
0.55555556,-2.57575758,-0.1370249931,0.1370249931,0
0.56565657,-2.57575758,-0.1594738061,0.1594738061,0
0.57575758,-2.57575758,-0.1843474960,0.1843474960,0
0.58585859,-2.57575758,-0.2116135842,0.2116135842,0
0.59595960,-2.57575758,-0.2411711967,0.2411711967,0
0.60606061,-2.57575758,-0.2728483774,0.2728483774,0
0.61616162,-2.57575758,-0.3064040955,0.3064040955,0
0.62626263,-2.57575758,-0.3415352257,0.3415352257,0
0.63636364,-2.57575758,-0.3778881588,0.3778881588,0
0.64646465,-2.57575758,-0.4150740905,0.4150740905,0
0.65656566,-2.57575758,-0.4526865507,0.4526865507,0
0.66666667,-2.57575758,-0.4903194882,0.4903194882,0
0.67676768,-2.57575758,-0.5275842409,0.5275842409,0
0.68686869,-2.57575758,-0.5641239991,0.5641239991,0
0.69696970,-2.57575758,-0.5996248078,0.5996248078,0
0.70707071,-2.57575758,-0.6338226773,0.6338226773,0
0.71717172,-2.57575758,-0.6665068532,0.6665068532,0
0.72727273,-2.57575758,-0.6975196799,0.6975196799,0
0.73737374,-2.57575758,-0.7267537355,0.7267537355,0
0.74747475,-2.57575758,-0.7541470146,0.7541470146,0
0.75757576,-2.57575758,-0.7796769219,0.7796769219,0
0.76767677,-2.57575758,-0.8033537419,0.8033537419,0
0.77777778,-2.57575758,-0.8252141145,0.8252141145,0
0.78787879,-2.57575758,-0.8453148953,0.8453148953,0
0.79797980,-2.57575758,-0.8637276419,0.8637276419,0
0.80808081,-2.57575758,-0.8805338518,0.8805338518,0
0.81818182,-2.57575758,-0.8958209873,0.8958209873,0
0.82828283,-2.57575758,-0.9096792639,0.9096792639,0
0.83838384,-2.57575758,-0.9221991366,0.9221991366,0
0.84848485,-2.57575758,-0.9334693999,0.9334693999,0
0.85858586,-2.57575758,-0.9435758087,0.9435758087,0
0.86868687,-2.57575758,-0.9526001286,0.9526001286,0
0.87878788,-2.57575758,-0.9606195322,0.9606195322,0
0.88888889,-2.57575758,-0.9677062658,0.9677062658,0
0.89898990,-2.57575758,-0.9739275235,0.9739275235,0
0.90909091,-2.57575758,-0.9793454752,0.9793454752,0
0.91919192,-2.57575758,-0.9840174051,0.9840174051,0
0.92929293,-2.57575758,-0.9879959269,0.9879959269,0
0.93939394,-2.57575758,-0.9913292485,0.9913292485,0
0.94949495,-2.57575758,-0.9940614652,0.9940614652,0
0.95959596,-2.57575758,-0.9962328668,0.9962328668,0
0.96969697,-2.57575758,-0.9978802461,0.9978802461,0
0.97979798,-2.57575758,-0.9990372021,0.9990372021,0
0.98989899,-2.57575758,-0.9997344307,0.9997344307,0
1.00000000,-2.57575758,-1.0000000000,1.0000000000,0
0.00000000,-2.51515152,0.0000000000,-0.0000000000,0
0.01010101,-2.51515152,-0.0000000000,0.0000000000,0
0.02020202,-2.51515152,-0.0000000000,0.0000000000,0
0.03030303,-2.51515152,-0.0000000001,0.0000000001,0
0.04040404,-2.51515152,-0.0000000006,0.0000000006,0
0.05050505,-2.51515152,-0.0000000023,0.0000000023,0
0.06060606,-2.51515152,-0.0000000073,0.0000000073,0
0.07070707,-2.51515152,-0.0000000196,0.0000000196,0
0.08080808,-2.51515152,-0.0000000464,0.0000000464,0
0.09090909,-2.51515152,-0.0000001001,0.0000001001,0
0.10101010,-2.51515152,-0.0000002005,0.0000002005,0
0.11111111,-2.51515152,-0.0000003788,0.0000003788,0
0.12121212,-2.51515152,-0.0000006815,0.0000006815,0
0.13131313,-2.51515152,-0.0000011767,0.0000011767,0
0.14141414,-2.51515152,-0.0000019622,0.0000019622,0
0.15151515,-2.51515152,-0.0000031757,0.0000031757,0
0.16161616,-2.51515152,-0.0000050076,0.0000050076,0
0.17171717,-2.51515152,-0.0000077184,0.0000077184,0
0.18181818,-2.51515152,-0.0000116595,0.0000116595,0
0.19191919,-2.51515152,-0.0000173009,0.0000173009,0
0.20202020,-2.51515152,-0.0000252642,0.0000252642,0
0.21212121,-2.51515152,-0.0000363657,0.0000363657,0
0.22222222,-2.51515152,-0.0000516691,0.0000516691,0
0.23232323,-2.51515152,-0.0000725505,0.0000725505,0
0.24242424,-2.51515152,-0.0001007801,0.0001007801,0
0.25252525,-2.51515152,-0.0001386209,0.0001386209,0
0.26262626,-2.51515152,-0.0001889515,0.0001889515,0
0.27272727,-2.51515152,-0.0002554147,0.0002554147,0
0.28282828,-2.51515152,-0.0003425993,0.0003425993,0
0.29292929,-2.51515152,-0.0004562596,0.0004562596,0
0.30303030,-2.51515152,-0.0006035804,0.0006035804,0
0.31313131,-2.51515152,-0.0007934954,0.0007934954,0
0.32323232,-2.51515152,-0.0010370674,0.0010370674,0
0.33333333,-2.51515152,-0.0013479391,0.0013479391,0
0.34343434,-2.51515152,-0.0017428658,0.0017428658,0
0.35353535,-2.51515152,-0.0022423383,0.0022423383,0
0.36363636,-2.51515152,-0.0028713064,0.0028713064,0
0.37373737,-2.51515152,-0.0036600092,0.0036600092,0
0.38383838,-2.51515152,-0.0046449179,0.0046449179,0
0.39393939,-2.51515152,-0.0058697890,0.0058697890,0
0.40404040,-2.51515152,-0.0073868195,0.0073868195,0
0.41414141,-2.51515152,-0.0092578829,0.0092578829,0
0.42424242,-2.51515152,-0.0115558119,0.0115558119,0
0.43434343,-2.51515152,-0.0143656678,0.0143656678,0
0.44444444,-2.51515152,-0.0177859162,0.0177859162,0
0.45454545,-2.51515152,-0.0219293904,0.0219293904,0
0.46464646,-2.51515152,-0.0269238935,0.0269238935,0
0.47474747,-2.51515152,-0.0329122446,0.0329122446,0
0.48484848,-2.51515152,-0.0400515444,0.0400515444,0
0.49494949,-2.51515152,-0.0485114029,0.0485114029,0
0.50505051,-2.51515152,-0.0584708670,0.0584708670,0
0.51515152,-2.51515152,-0.0701138095,0.0701138095,0
0.52525253,-2.51515152,-0.0836226088,0.0836226088,0
0.53535354,-2.51515152,-0.0991700778,0.0991700778,0
0.54545455,-2.51515152,-0.1169097891,0.1169097891,0
0.55555556,-2.51515152,-0.1369651907,0.1369651907,0
0.56565657,-2.51515152,-0.1594181906,0.1594181906,0
0.57575758,-2.51515152,-0.1842981603,0.1842981603,0
0.58585859,-2.51515152,-0.2115725157,0.2115725157,0
0.59595960,-2.51515152,-0.2411401076,0.2411401076,0
0.60606061,-2.51515152,-0.2728285385,0.2728285385,0
0.61616162,-2.51515152,-0.3063961958,0.3063961958,0
0.62626263,-2.51515152,-0.3415392783,0.3415392783,0
0.63636364,-2.51515152,-0.3779034697,0.3779034697,0
0.64646465,-2.51515152,-0.4150992945,0.4150992945,0
0.65656566,-2.51515152,-0.4527197125,0.4527197125,0
0.66666667,-2.51515152,-0.4903582524,0.4903582524,0
0.67676768,-2.51515152,-0.5276260136,0.5276260136,0
0.68686869,-2.51515152,-0.5641661346,0.5641661346,0
0.69696970,-2.51515152,-0.5996647830,0.5996647830,0
0.70707071,-2.51515152,-0.6338582347,0.6338582347,0
0.71717172,-2.51515152,-0.6665361050,0.6665361050,0
0.72727273,-2.51515152,-0.6975411692,0.6975411692,0
0.73737374,-2.51515152,-0.7267664583,0.7267664583,0
0.74747475,-2.51515152,-0.7541504079,0.7541504079,0
0.75757576,-2.51515152,-0.7796708276,0.7796708276,0
0.76767677,-2.51515152,-0.8033383537,0.8033383537,0
0.77777778,-2.51515152,-0.8251899174,0.8251899174,0
0.78787879,-2.51515152,-0.8452826019,0.8452826019,0
0.79797980,-2.51515152,-0.8636881329,0.8636881329,0
0.80808081,-2.51515152,-0.8804881206,0.8804881206,0
0.81818182,-2.51515152,-0.8957700936,0.8957700936,0
0.82828283,-2.51515152,-0.9096242949,0.9096242949,0
0.83838384,-2.51515152,-0.9221411760,0.9221411760,0
0.84848485,-2.51515152,-0.9334095047,0.9334095047,0
0.85858586,-2.51515152,-0.9435149924,0.9435149924,0
0.86868687,-2.51515152,-0.9525393499,0.9525393499,0
0.87878788,-2.51515152,-0.9605596883,0.9605596883,0
0.88888889,-2.51515152,-0.9676481893,0.9676481893,0
0.89898990,-2.51515152,-0.9738719820,0.9738719820,0
0.90909091,-2.51515152,-0.9792931727,0.9792931727,0
0.91919192,-2.51515152,-0.9839689851,0.9839689851,0
0.92929293,-2.51515152,-0.9879519766,0.9879519766,0
0.93939394,-2.51515152,-0.9912903028,0.9912903028,0
0.94949495,-2.51515152,-0.9940280119,0.9940280119,0
0.95959596,-2.51515152,-0.9962053513,0.9962053513,0
0.96969697,-2.51515152,-0.9978590761,0.9978590761,0
0.97979798,-2.51515152,-0.9990227520,0.9990227520,0
0.98989899,-2.51515152,-0.9997270456,0.9997270456,0
1.00000000,-2.51515152,-1.0000000000,1.0000000000,0
0.00000000,-2.45454545,0.0000000000,-0.0000000000,0
0.01010101,-2.45454545,-0.0000000000,0.0000000000,0
0.02020202,-2.45454545,-0.0000000000,0.0000000000,0
0.03030303,-2.45454545,-0.0000000001,0.0000000001,0
0.04040404,-2.45454545,-0.0000000006,0.0000000006,0
0.05050505,-2.45454545,-0.0000000023,0.0000000023,0
0.06060606,-2.45454545,-0.0000000073,0.0000000073,0
0.07070707,-2.45454545,-0.0000000196,0.0000000196,0
0.08080808,-2.45454545,-0.0000000464,0.0000000464,0
0.09090909,-2.45454545,-0.0000000999,0.0000000999,0
0.10101010,-2.45454545,-0.0000002002,0.0000002002,0
0.11111111,-2.45454545,-0.0000003781,0.0000003781,0
0.12121212,-2.45454545,-0.0000006801,0.0000006801,0
0.13131313,-2.45454545,-0.0000011741,0.0000011741,0
0.14141414,-2.45454545,-0.0000019577,0.0000019577,0
0.15151515,-2.45454545,-0.0000031680,0.0000031680,0
0.16161616,-2.45454545,-0.0000049951,0.0000049951,0
0.17171717,-2.45454545,-0.0000076985,0.0000076985,0
0.18181818,-2.45454545,-0.0000116289,0.0000116289,0
0.19191919,-2.45454545,-0.0000172546,0.0000172546,0
0.20202020,-2.45454545,-0.0000251956,0.0000251956,0
0.21212121,-2.45454545,-0.0000362660,0.0000362660,0
0.22222222,-2.45454545,-0.0000515264,0.0000515264,0
0.23232323,-2.45454545,-0.0000723493,0.0000723493,0
0.24242424,-2.45454545,-0.0001005001,0.0001005001,0
0.25252525,-2.45454545,-0.0001382361,0.0001382361,0
0.26262626,-2.45454545,-0.0001884285,0.0001884285,0
0.27272727,-2.45454545,-0.0002547116,0.0002547116,0
0.28282828,-2.45454545,-0.0003416631,0.0003416631,0
0.29292929,-2.45454545,-0.0004550245,0.0004550245,0
0.30303030,-2.45454545,-0.0006019653,0.0006019653,0
0.31313131,-2.45454545,-0.0007914009,0.0007914009,0
0.32323232,-2.45454545,-0.0010343729,0.0010343729,0
0.33333333,-2.45454545,-0.0013444995,0.0013444995,0
0.34343434,-2.45454545,-0.0017385081,0.0017385081,0
0.35353535,-2.45454545,-0.0022368583,0.0022368583,0
0.36363636,-2.45454545,-0.0028644652,0.0028644652,0
0.37373737,-2.45454545,-0.0036515313,0.0036515313,0
0.38383838,-2.45454545,-0.0046344891,0.0046344891,0
0.39393939,-2.45454545,-0.0058570565,0.0058570565,0
0.40404040,-2.45454545,-0.0073713937,0.0073713937,0
0.41414141,-2.45454545,-0.0092393430,0.0092393430,0
0.42424242,-2.45454545,-0.0115337143,0.0115337143,0
0.43434343,-2.45454545,-0.0143395608,0.0143395608,0
0.44444444,-2.45454545,-0.0177553591,0.0177553591,0
0.45454545,-2.45454545,-0.0218939812,0.0218939812,0
0.46464646,-2.45454545,-0.0268833028,0.0268833028,0
0.47474747,-2.45454545,-0.0328662578,0.0328662578,0
0.48484848,-2.45454545,-0.0400001098,0.0400001098,0
0.49494949,-2.45454545,-0.0484546847,0.0484546847,0
0.50505051,-2.45454545,-0.0584092984,0.0584092984,0
0.51515152,-2.45454545,-0.0700481408,0.0700481408,0
0.52525253,-2.45454545,-0.0835539424,0.0835539424,0
0.53535354,-2.45454545,-0.0990998821,0.0990998821,0
0.54545455,-2.45454545,-0.1168398813,0.1168398813,0
0.55555556,-2.45454545,-0.1368976815,0.1368976815,0
0.56565657,-2.45454545,-0.1593553856,0.1593553856,0
0.57575758,-2.45454545,-0.1842424199,0.1842424199,0
0.58585859,-2.45454545,-0.2115260816,0.2115260816,0
0.59595960,-2.45454545,-0.2411049107,0.2411049107,0
0.60606061,-2.45454545,-0.2728060111,0.2728060111,0
0.61616162,-2.45454545,-0.3063871133,0.3063871133,0
0.62626263,-2.45454545,-0.3415436538,0.3415436538,0
0.63636364,-2.45454545,-0.3779205177,0.3779205177,0
0.64646465,-2.45454545,-0.4151274730,0.4151274730,0
0.65656566,-2.45454545,-0.4527568365,0.4527568365,0
0.66666667,-2.45454545,-0.4904016650,0.4904016650,0
0.67676768,-2.45454545,-0.5276727896,0.5276727896,0
0.68686869,-2.45454545,-0.5642132925,0.5642132925,0
0.69696970,-2.45454545,-0.5997094807,0.5997094807,0
0.70707071,-2.45454545,-0.6338979312,0.6338979312,0
0.71717172,-2.45454545,-0.6665686769,0.6665686769,0
0.72727273,-2.45454545,-0.6975649798,0.6975649798,0
0.73737374,-2.45454545,-0.7267803813,0.7267803813,0
0.74747475,-2.45454545,-0.7541538145,0.7541538145,0
0.75757576,-2.45454545,-0.7796635445,0.7796635445,0
0.76767677,-2.45454545,-0.8033206040,0.8033206040,0
0.77777778,-2.45454545,-0.8251622513,0.8251622513,0
0.78787879,-2.45454545,-0.8452458261,0.8452458261,0
0.79797980,-2.45454545,-0.8636432419,0.8636432419,0
0.80808081,-2.45454545,-0.8804362360,0.8804362360,0
0.81818182,-2.45454545,-0.8957124109,0.8957124109,0
0.82828283,-2.45454545,-0.9095620399,0.9095620399,0
0.83838384,-2.45454545,-0.9220755705,0.9220755705,0
0.84848485,-2.45454545,-0.9333417399,0.9333417399,0
0.85858586,-2.45454545,-0.9434462104,0.9434462104,0
0.86868687,-2.45454545,-0.9524706308,0.9524706308,0
0.87878788,-2.45454545,-0.9604920429,0.9604920429,0
0.88888889,-2.45454545,-0.9675825554,0.9675825554,0
0.89898990,-2.45454545,-0.9738092240,0.9738092240,0
0.90909091,-2.45454545,-0.9792340835,0.9792340835,0
0.91919192,-2.45454545,-0.9839142895,0.9839142895,0
0.92929293,-2.45454545,-0.9879023356,0.9879023356,0
0.93939394,-2.45454545,-0.9912463190,0.9912463190,0
0.94949495,-2.45454545,-0.9939902345,0.9939902345,0
0.95959596,-2.45454545,-0.9961742818,0.9961742818,0
0.96969697,-2.45454545,-0.9978351735,0.9978351735,0
0.97979798,-2.45454545,-0.9990064378,0.9990064378,0
0.98989899,-2.45454545,-0.9997187085,0.9997187085,0
1.00000000,-2.45454545,-1.0000000000,1.0000000000,0
0.00000000,-2.39393939,0.0000000000,-0.0000000000,0
0.01010101,-2.39393939,-0.0000000000,0.0000000000,0
0.02020202,-2.39393939,-0.0000000000,0.0000000000,0
0.03030303,-2.39393939,-0.0000000001,0.0000000001,0
0.04040404,-2.39393939,-0.0000000006,0.0000000006,0
0.05050505,-2.39393939,-0.0000000023,0.0000000023,0
0.06060606,-2.39393939,-0.0000000073,0.0000000073,0
0.07070707,-2.39393939,-0.0000000196,0.0000000196,0
0.08080808,-2.39393939,-0.0000000463,0.0000000463,0
0.09090909,-2.39393939,-0.0000000998,0.0000000998,0
0.10101010,-2.39393939,-0.0000001999,0.0000001999,0
0.11111111,-2.39393939,-0.0000003774,0.0000003774,0
0.12121212,-2.39393939,-0.0000006786,0.0000006786,0
0.13131313,-2.39393939,-0.0000011713,0.0000011713,0
0.14141414,-2.39393939,-0.0000019527,0.0000019527,0
0.15151515,-2.39393939,-0.0000031595,0.0000031595,0
0.16161616,-2.39393939,-0.0000049811,0.0000049811,0
0.17171717,-2.39393939,-0.0000076763,0.0000076763,0
0.18181818,-2.39393939,-0.0000115945,0.0000115945,0
0.19191919,-2.39393939,-0.0000172025,0.0000172025,0
0.20202020,-2.39393939,-0.0000251185,0.0000251185,0
0.21212121,-2.39393939,-0.0000361539,0.0000361539,0
0.22222222,-2.39393939,-0.0000513659,0.0000513659,0
0.23232323,-2.39393939,-0.0000721231,0.0000721231,0
0.24242424,-2.39393939,-0.0001001853,0.0001001853,0
0.25252525,-2.39393939,-0.0001378034,0.0001378034,0
0.26262626,-2.39393939,-0.0001878406,0.0001878406,0
0.27272727,-2.39393939,-0.0002539210,0.0002539210,0
0.28282828,-2.39393939,-0.0003406105,0.0003406105,0
0.29292929,-2.39393939,-0.0004536358,0.0004536358,0
0.30303030,-2.39393939,-0.0006001492,0.0006001492,0
0.31313131,-2.39393939,-0.0007890457,0.0007890457,0
0.32323232,-2.39393939,-0.0010313427,0.0010313427,0
0.33333333,-2.39393939,-0.0013406311,0.0013406311,0
0.34343434,-2.39393939,-0.0017336067,0.0017336067,0
0.35353535,-2.39393939,-0.0022306937,0.0022306937,0
0.36363636,-2.39393939,-0.0028567689,0.0028567689,0
0.37373737,-2.39393939,-0.0036419926,0.0036419926,0
0.38383838,-2.39393939,-0.0046227540,0.0046227540,0
0.39393939,-2.39393939,-0.0058427273,0.0058427273,0
0.40404040,-2.39393939,-0.0073540314,0.0073540314,0
0.41414141,-2.39393939,-0.0092184727,0.0092184727,0
0.42424242,-2.39393939,-0.0115088358,0.0115088358,0
0.43434343,-2.39393939,-0.0143101637,0.0143101637,0
0.44444444,-2.39393939,-0.0177209458,0.0177209458,0
0.45454545,-2.39393939,-0.0218540969,0.0218540969,0
0.46464646,-2.39393939,-0.0268375744,0.0268375744,0
0.47474747,-2.39393939,-0.0328144408,0.0328144408,0
0.48484848,-2.39393939,-0.0399421436,0.0399421436,0
0.49494949,-2.39393939,-0.0483907515,0.0483907515,0
0.50505051,-2.39393939,-0.0583398838,0.0583398838,0
0.51515152,-2.39393939,-0.0699740877,0.0699740877,0
0.52525253,-2.39393939,-0.0834764914,0.0834764914,0
0.53535354,-2.39393939,-0.0990206868,0.0990206868,0
0.54545455,-2.39393939,-0.1167609893,0.1167609893,0
0.55555556,-2.39393939,-0.1368214719,0.1368214719,0
0.56565657,-2.39393939,-0.1592844582,0.1592844582,0
0.57575758,-2.39393939,-0.1841794368,0.1841794368,0
0.58585859,-2.39393939,-0.2114735704,0.2114735704,0
0.59595960,-2.39393939,-0.2410650486,0.2410650486,0
0.60606061,-2.39393939,-0.2727804125,0.2727804125,0
0.61616162,-2.39393939,-0.3063766508,0.3063766508,0
0.62626263,-2.39393939,-0.3415483391,0.3415483391,0
0.63636364,-2.39393939,-0.3779394621,0.3779394621,0
0.64646465,-2.39393939,-0.4151589344,0.4151589344,0
0.65656566,-2.39393939,-0.4527983486,0.4527983486,0
0.66666667,-2.39393939,-0.4904502303,0.4904502303,0
0.67676768,-2.39393939,-0.5277251101,0.5277251101,0
0.68686869,-2.39393939,-0.5642660089,0.5642660089,0
0.69696970,-2.39393939,-0.5997593926,0.5997593926,0
0.70707071,-2.39393939,-0.6339421794,0.6339421794,0
0.71717172,-2.39393939,-0.6666048744,0.6666048744,0
0.72727273,-2.39393939,-0.6975912889,0.6975912889,0
0.73737374,-2.39393939,-0.7267955400,0.7267955400,0
0.74747475,-2.39393939,-0.7541571210,0.7541571210,0
0.75757576,-2.39393939,-0.7796548101,0.7796548101,0
0.76767677,-2.39393939,-0.8033000859,0.8033000859,0
0.77777778,-2.39393939,-0.8251305745,0.8251305745,0
0.78787879,-2.39393939,-0.8452039032,0.8452039032,0
0.79797980,-2.39393939,-0.8635921967,0.8635921967,0
0.80808081,-2.39393939,-0.8803773346,0.8803773346,0
0.81818182,-2.39393939,-0.8956470019,0.8956470019,0
0.82828283,-2.39393939,-0.9094915055,0.9094915055,0
0.83838384,-2.39393939,-0.9220012875,0.9220012875,0
0.84848485,-2.39393939,-0.9332650508,0.9332650508,0
0.85858586,-2.39393939,-0.9433684015,0.9433684015,0
0.86868687,-2.39393939,-0.9523929190,0.9523929190,0
0.87878788,-2.39393939,-0.9604155663,0.9604155663,0
0.88888889,-2.39393939,-0.9675083702,0.9675083702,0
0.89898990,-2.39393939,-0.9737383035,0.9737383035,0
0.90909091,-2.39393939,-0.9791673204,0.9791673204,0
0.91919192,-2.39393939,-0.9838524998,0.9838524998,0
0.92929293,-2.39393939,-0.9878462634,0.9878462634,0
0.93939394,-2.39393939,-0.9911966426,0.9911966426,0
0.94949495,-2.39393939,-0.9939475722,0.9939475722,0
0.95959596,-2.39393939,-0.9961391980,0.9961391980,0
0.96969697,-2.39393939,-0.9978081849,0.9978081849,0
0.97979798,-2.39393939,-0.9989880187,0.9989880187,0
0.98989899,-2.39393939,-0.9997092963,0.9997092963,0
1.00000000,-2.39393939,-1.0000000000,1.0000000000,0
0.00000000,-2.33333333,0.0000000000,-0.0000000000,0
0.01010101,-2.33333333,-0.0000000000,0.0000000000,0
0.02020202,-2.33333333,-0.0000000000,0.0000000000,0
0.03030303,-2.33333333,-0.0000000001,0.0000000001,0
0.04040404,-2.33333333,-0.0000000006,0.0000000006,0
0.05050505,-2.33333333,-0.0000000023,0.0000000023,0
0.06060606,-2.33333333,-0.0000000073,0.0000000073,0
0.07070707,-2.33333333,-0.0000000196,0.0000000196,0
0.08080808,-2.33333333,-0.0000000463,0.0000000463,0
0.09090909,-2.33333333,-0.0000000996,0.0000000996,0
0.10101010,-2.33333333,-0.0000001995,0.0000001995,0
0.11111111,-2.33333333,-0.0000003765,0.0000003765,0
0.12121212,-2.33333333,-0.0000006769,0.0000006769,0
0.13131313,-2.33333333,-0.0000011681,0.0000011681,0
0.14141414,-2.33333333,-0.0000019470,0.0000019470,0
0.15151515,-2.33333333,-0.0000031499,0.0000031499,0
0.16161616,-2.33333333,-0.0000049653,0.0000049653,0
0.17171717,-2.33333333,-0.0000076513,0.0000076513,0
0.18181818,-2.33333333,-0.0000115558,0.0000115558,0
0.19191919,-2.33333333,-0.0000171440,0.0000171440,0
0.20202020,-2.33333333,-0.0000250319,0.0000250319,0
0.21212121,-2.33333333,-0.0000360279,0.0000360279,0
0.22222222,-2.33333333,-0.0000511857,0.0000511857,0
0.23232323,-2.33333333,-0.0000718689,0.0000718689,0
0.24242424,-2.33333333,-0.0000998316,0.0000998316,0
0.25252525,-2.33333333,-0.0001373173,0.0001373173,0
0.26262626,-2.33333333,-0.0001871801,0.0001871801,0
0.27272727,-2.33333333,-0.0002530327,0.0002530327,0
0.28282828,-2.33333333,-0.0003394276,0.0003394276,0
0.29292929,-2.33333333,-0.0004520752,0.0004520752,0
0.30303030,-2.33333333,-0.0005981081,0.0005981081,0
0.31313131,-2.33333333,-0.0007863984,0.0007863984,0
0.32323232,-2.33333333,-0.0010279366,0.0010279366,0
0.33333333,-2.33333333,-0.0013362823,0.0013362823,0
0.34343434,-2.33333333,-0.0017280961,0.0017280961,0
0.35353535,-2.33333333,-0.0022237624,0.0022237624,0
0.36363636,-2.33333333,-0.0028481142,0.0028481142,0
0.37373737,-2.33333333,-0.0036312649,0.0036312649,0
0.38383838,-2.33333333,-0.0046095544,0.0046095544,0
0.39393939,-2.33333333,-0.0058266078,0.0058266078,0
0.40404040,-2.33333333,-0.0073344969,0.0073344969,0
0.41414141,-2.33333333,-0.0091949878,0.0091949878,0
0.42424242,-2.33333333,-0.0114808359,0.0114808359,0
0.43434343,-2.33333333,-0.0142770728,0.0142770728,0
0.44444444,-2.33333333,-0.0176822015,0.0176822015,0
0.45454545,-2.33333333,-0.0218091847,0.0218091847,0
0.46464646,-2.33333333,-0.0267860712,0.0267860712,0
0.47474747,-2.33333333,-0.0327560685,0.0327560685,0
0.48484848,-2.33333333,-0.0398768302,0.0398768302,0
0.49494949,-2.33333333,-0.0483186991,0.0483186991,0
0.50505051,-2.33333333,-0.0582616359,0.0582616359,0
0.51515152,-2.33333333,-0.0698905911,0.0698905911,0
0.52525253,-2.33333333,-0.0833891414,0.0833891414,0
0.53535354,-2.33333333,-0.0989313449,0.0989313449,0
0.54545455,-2.33333333,-0.1166719621,0.1166719621,0
0.55555556,-2.33333333,-0.1367354408,0.1367354408,0
0.56565657,-2.33333333,-0.1592043540,0.1592043540,0
0.57575758,-2.33333333,-0.1841082610,0.1841082610,0
0.58585859,-2.33333333,-0.2114141735,0.2114141735,0
0.59595960,-2.33333333,-0.2410198848,0.2410198848,0
0.60606061,-2.33333333,-0.2727513008,0.2727513008,0
0.61616162,-2.33333333,-0.3063645729,0.3063645729,0
0.62626263,-2.33333333,-0.3415533048,0.3415533048,0
0.63636364,-2.33333333,-0.3779604651,0.3779604651,0
0.64646465,-2.33333333,-0.4151940065,0.4151940065,0
0.65656566,-2.33333333,-0.4528447058,0.4528447058,0
0.66666667,-2.33333333,-0.4905044916,0.4905044916,0
0.67676768,-2.33333333,-0.5277835579,0.5277835579,0
0.68686869,-2.33333333,-0.5643248587,0.5643248587,0
0.69696970,-2.33333333,-0.5998150420,0.5998150420,0
0.70707071,-2.33333333,-0.6339914126,0.6339914126,0
0.71717172,-2.33333333,-0.6666450095,0.6666450095,0
0.72727273,-2.33333333,-0.6976202639,0.6976202639,0
0.73737374,-2.33333333,-0.7268119421,0.7268119421,0
0.74747475,-2.33333333,-0.7541601685,0.7541601685,0
0.75757576,-2.33333333,-0.7796442987,0.7796442987,0
0.76767677,-2.33333333,-0.8032763126,0.8032763126,0
0.77777778,-2.33333333,-0.8250942494,0.8250942494,0
0.78787879,-2.33333333,-0.8451560596,0.8451560596,0
0.79797980,-2.33333333,-0.8635341047,0.8635341047,0
0.80808081,-2.33333333,-0.8803104230,0.8803104230,0
0.81818182,-2.33333333,-0.8955727919,0.8955727919,0
0.82828283,-2.33333333,-0.9094115551,0.9094115551,0
0.83838384,-2.33333333,-0.9219171485,0.9219171485,0
0.84848485,-2.33333333,-0.9331782353,0.9331782353,0
0.85858586,-2.33333333,-0.9432803586,0.9432803586,0
0.86868687,-2.33333333,-0.9523050185,0.9523050185,0
0.87878788,-2.33333333,-0.9603290899,0.9603290899,0
0.88888889,-2.33333333,-0.9674245066,0.9674245066,0
0.89898990,-2.33333333,-0.9736581484,0.9736581484,0
0.90909091,-2.33333333,-0.9790918786,0.9790918786,0
0.91919192,-2.33333333,-0.9837826894,0.9837826894,0
0.92929293,-2.33333333,-0.9877829221,0.9877829221,0
0.93939394,-2.33333333,-0.9911405334,0.9911405334,0
0.94949495,-2.33333333,-0.9938993910,0.9938993910,0
0.95959596,-2.33333333,-0.9960995799,0.9960995799,0
0.96969697,-2.33333333,-0.9977777110,0.9977777110,0
0.97979798,-2.33333333,-0.9989672228,0.9989672228,0
0.98989899,-2.33333333,-0.9996986704,0.9996986704,0
1.00000000,-2.33333333,-1.0000000000,1.0000000000,0
0.00000000,-2.27272727,0.0000000000,-0.0000000000,0
0.01010101,-2.27272727,-0.0000000000,0.0000000000,0
0.02020202,-2.27272727,-0.0000000000,0.0000000000,0
0.03030303,-2.27272727,-0.0000000001,0.0000000001,0
0.04040404,-2.27272727,-0.0000000006,0.0000000006,0
0.05050505,-2.27272727,-0.0000000023,0.0000000023,0
0.06060606,-2.27272727,-0.0000000073,0.0000000073,0
0.07070707,-2.27272727,-0.0000000196,0.0000000196,0
0.08080808,-2.27272727,-0.0000000462,0.0000000462,0
0.09090909,-2.27272727,-0.0000000995,0.0000000995,0
0.10101010,-2.27272727,-0.0000001991,0.0000001991,0
0.11111111,-2.27272727,-0.0000003756,0.0000003756,0
0.12121212,-2.27272727,-0.0000006749,0.0000006749,0
0.13131313,-2.27272727,-0.0000011645,0.0000011645,0
0.14141414,-2.27272727,-0.0000019406,0.0000019406,0
0.15151515,-2.27272727,-0.0000031390,0.0000031390,0
0.16161616,-2.27272727,-0.0000049476,0.0000049476,0
0.17171717,-2.27272727,-0.0000076232,0.0000076232,0
0.18181818,-2.27272727,-0.0000115123,0.0000115123,0
0.19191919,-2.27272727,-0.0000170784,0.0000170784,0
0.20202020,-2.27272727,-0.0000249347,0.0000249347,0
0.21212121,-2.27272727,-0.0000358865,0.0000358865,0
0.22222222,-2.27272727,-0.0000509833,0.0000509833,0
0.23232323,-2.27272727,-0.0000715835,0.0000715835,0
0.24242424,-2.27272727,-0.0000994345,0.0000994345,0
0.25252525,-2.27272727,-0.0001367715,0.0001367715,0
0.26262626,-2.27272727,-0.0001864383,0.0001864383,0
0.27272727,-2.27272727,-0.0002520351,0.0002520351,0
0.28282828,-2.27272727,-0.0003380992,0.0003380992,0
0.29292929,-2.27272727,-0.0004503224,0.0004503224,0
0.30303030,-2.27272727,-0.0005958155,0.0005958155,0
0.31313131,-2.27272727,-0.0007834246,0.0007834246,0
0.32323232,-2.27272727,-0.0010241100,0.0010241100,0
0.33333333,-2.27272727,-0.0013313963,0.0013313963,0
0.34343434,-2.27272727,-0.0017219039,0.0017219039,0
0.35353535,-2.27272727,-0.0022159729,0.0022159729,0
0.36363636,-2.27272727,-0.0028383867,0.0028383867,0
0.37373737,-2.27272727,-0.0036192057,0.0036192057,0
0.38383838,-2.27272727,-0.0045947145,0.0045947145,0
0.39393939,-2.27272727,-0.0058084821,0.0058084821,0
0.40404040,-2.27272727,-0.0073125277,0.0073125277,0
0.41414141,-2.27272727,-0.0091685714,0.0091685714,0
0.42424242,-2.27272727,-0.0114493352,0.0114493352,0
0.43434343,-2.27272727,-0.0142398373,0.0142398373,0
0.44444444,-2.27272727,-0.0176385958,0.0176385958,0
0.45454545,-2.27272727,-0.0217586267,0.0217586267,0
0.46464646,-2.27272727,-0.0267280811,0.0267280811,0
0.47474747,-2.27272727,-0.0326903290,0.0326903290,0
0.48484848,-2.27272727,-0.0398032563,0.0398032563,0
0.49494949,-2.27272727,-0.0482375136,0.0482375136,0
0.50505051,-2.27272727,-0.0581734469,0.0581734469,0
0.51515152,-2.27272727,-0.0697964611,0.0697964611,0
0.52525253,-2.27272727,-0.0832906388,0.0832906388,0
0.53535354,-2.27272727,-0.0988305648,0.0988305648,0
0.54545455,-2.27272727,-0.1165715022,0.1165715022,0
0.55555556,-2.27272727,-0.1366383223,0.1366383223,0
0.56565657,-2.27272727,-0.1591138805,0.1591138805,0
0.57575758,-2.27272727,-0.1840278162,0.1840278162,0
0.58585859,-2.27272727,-0.2113469709,0.2113469709,0
0.59595960,-2.27272727,-0.2409686910,0.2409686910,0
0.60606061,-2.27272727,-0.2727181648,0.2727181648,0
0.61616162,-2.27272727,-0.3063505983,0.3063505983,0
0.62626263,-2.27272727,-0.3415584984,0.3415584984,0
0.63636364,-2.27272727,-0.3779836874,0.3779836874,0
0.64646465,-2.27272727,-0.4152330333,0.4152330333,0
0.65656566,-2.27272727,-0.4528963949,0.4528963949,0
0.66666667,-2.27272727,-0.4905650296,0.4905650296,0
0.67676768,-2.27272727,-0.5278487547,0.5278487547,0
0.68686869,-2.27272727,-0.5643904527,0.5643904527,0
0.69696970,-2.27272727,-0.5998769795,0.5998769795,0
0.70707071,-2.27272727,-0.6340460786,0.6340460786,0
0.71717172,-2.27272727,-0.6666893924,0.6666893924,0
0.72727273,-2.27272727,-0.6976520520,0.6976520520,0
0.73737374,-2.27272727,-0.7268295557,0.7268295557,0
0.74747475,-2.27272727,-0.7541627382,0.7541627382,0
0.75757576,-2.27272727,-0.7796316051,0.7796316051,0
0.76767677,-2.27272727,-0.8032486993,0.8032486993,0
0.77777778,-2.27272727,-0.8250525244,0.8250525244,0
0.78787879,-2.27272727,-0.8451013928,0.8451013928,0
0.79797980,-2.27272727,-0.8634679313,0.8634679313,0
0.80808081,-2.27272727,-0.8802343558,0.8802343558,0
0.81818182,-2.27272727,-0.8954885464,0.8954885464,0
0.82828283,-2.27272727,-0.9093208877,0.9093208877,0
0.83838384,-2.27272727,-0.9218218072,0.9218218072,0
0.84848485,-2.27272727,-0.9330799232,0.9330799232,0
0.85858586,-2.27272727,-0.9431807070,0.9431807070,0
0.86868687,-2.27272727,-0.9522055696,0.9522055696,0
0.87878788,-2.27272727,-0.9602312861,0.9602312861,0
0.88888889,-2.27272727,-0.9673296857,0.9673296857,0
0.89898990,-2.27272727,-0.9735675431,0.9735675431,0
0.90909091,-2.27272727,-0.9790066192,0.9790066192,0
0.91919192,-2.27272727,-0.9837038092,0.9837038092,0
0.92929293,-2.27272727,-0.9877113631,0.9877113631,0
0.93939394,-2.27272727,-0.9910771542,0.9910771542,0
0.94949495,-2.27272727,-0.9938449740,0.9938449740,0
0.95959596,-2.27272727,-0.9960548395,0.9960548395,0
0.96969697,-2.27272727,-0.9977433008,0.9977433008,0
0.97979798,-2.27272727,-0.9989437429,0.9989437429,0
0.98989899,-2.27272727,-0.9996866742,0.9996866742,0
1.00000000,-2.27272727,-1.0000000000,1.0000000000,0
0.00000000,-2.21212121,0.0000000000,-0.0000000000,0
0.01010101,-2.21212121,-0.0000000000,0.0000000000,0
0.02020202,-2.21212121,-0.0000000000,0.0000000000,0
0.03030303,-2.21212121,-0.0000000001,0.0000000001,0
0.04040404,-2.21212121,-0.0000000006,0.0000000006,0
0.05050505,-2.21212121,-0.0000000023,0.0000000023,0
0.06060606,-2.21212121,-0.0000000073,0.0000000073,0
0.07070707,-2.21212121,-0.0000000196,0.0000000196,0
0.08080808,-2.21212121,-0.0000000461,0.0000000461,0
0.09090909,-2.21212121,-0.0000000993,0.0000000993,0
0.10101010,-2.21212121,-0.0000001986,0.0000001986,0
0.11111111,-2.21212121,-0.0000003745,0.0000003745,0
0.12121212,-2.21212121,-0.0000006728,0.0000006728,0
0.13131313,-2.21212121,-0.0000011605,0.0000011605,0
0.14141414,-2.21212121,-0.0000019335,0.0000019335,0
0.15151515,-2.21212121,-0.0000031269,0.0000031269,0
0.16161616,-2.21212121,-0.0000049278,0.0000049278,0
0.17171717,-2.21212121,-0.0000075916,0.0000075916,0
0.18181818,-2.21212121,-0.0000114635,0.0000114635,0
0.19191919,-2.21212121,-0.0000170047,0.0000170047,0
0.20202020,-2.21212121,-0.0000248255,0.0000248255,0
0.21212121,-2.21212121,-0.0000357278,0.0000357278,0
0.22222222,-2.21212121,-0.0000507562,0.0000507562,0
0.23232323,-2.21212121,-0.0000712632,0.0000712632,0
0.24242424,-2.21212121,-0.0000989889,0.0000989889,0
0.25252525,-2.21212121,-0.0001361590,0.0001361590,0
0.26262626,-2.21212121,-0.0001856058,0.0001856058,0
0.27272727,-2.21212121,-0.0002509156,0.0002509156,0
0.28282828,-2.21212121,-0.0003366082,0.0003366082,0
0.29292929,-2.21212121,-0.0004483550,0.0004483550,0
0.30303030,-2.21212121,-0.0005932420,0.0005932420,0
0.31313131,-2.21212121,-0.0007800862,0.0007800862,0
0.32323232,-2.21212121,-0.0010198137,0.0010198137,0
0.33333333,-2.21212121,-0.0013259097,0.0013259097,0
0.34343434,-2.21212121,-0.0017149500,0.0017149500,0
0.35353535,-2.21212121,-0.0022072239,0.0022072239,0
0.36363636,-2.21212121,-0.0028274594,0.0028274594,0
0.37373737,-2.21212121,-0.0036056571,0.0036056571,0
0.38383838,-2.21212121,-0.0045780389,0.0045780389,0
0.39393939,-2.21212121,-0.0057881110,0.0057881110,0
0.40404040,-2.21212121,-0.0072878323,0.0072878323,0
0.41414141,-2.21212121,-0.0091388711,0.0091388711,0
0.42424242,-2.21212121,-0.0114139114,0.0114139114,0
0.43434343,-2.21212121,-0.0141979556,0.0141979556,0
0.44444444,-2.21212121,-0.0175895380,0.0175895380,0
0.45454545,-2.21212121,-0.0217017337,0.0217017337,0
0.46464646,-2.21212121,-0.0266628086,0.0266628086,0
0.47474747,-2.21212121,-0.0326163150,0.0326163150,0
0.48484848,-2.21212121,-0.0397203996,0.0397203996,0
0.49494949,-2.21212121,-0.0481460595,0.0481460595,0
0.50505051,-2.21212121,-0.0580740744,0.0580740744,0
0.51515152,-2.21212121,-0.0696903618,0.0696903618,0
0.52525253,-2.21212121,-0.0831795749,0.0831795749,0
0.53535354,-2.21212121,-0.0987168929,0.0987168929,0
0.54545455,-2.21212121,-0.1164581471,0.1164581471,0
0.55555556,-2.21212121,-0.1365286873,0.1365286873,0
0.56565657,-2.21212121,-0.1590116884,0.1590116884,0
0.57575758,-2.21212121,-0.1839368813,0.1839368813,0
0.58585859,-2.21212121,-0.2112709153,0.2112709153,0
0.59595960,-2.21212121,-0.2409106325,0.2409106325,0
0.60606061,-2.21212121,-0.2726804111,0.2726804111,0
0.61616162,-2.21212121,-0.3063343894,0.3063343894,0
0.62626263,-2.21212121,-0.3415638366,0.3415638366,0
0.63636364,-2.21212121,-0.3780092815,0.3780092815,0
0.64646465,-2.21212121,-0.4152763701,0.4152763701,0
0.65656566,-2.21212121,-0.4529539276,0.4529539276,0
0.66666667,-2.21212121,-0.4906324577,0.4906324577,0
0.67676768,-2.21212121,-0.5279213573,0.5279213573,0
0.68686869,-2.21212121,-0.5644634316,0.5644634316,0
0.69696970,-2.21212121,-0.5999457755,0.5999457755,0
0.70707071,-2.21212121,-0.6341066299,0.6341066299,0
0.71717172,-2.21212121,-0.6667383199,0.6667383199,0
0.72727273,-2.21212121,-0.6976867666,0.6976867666,0
0.73737374,-2.21212121,-0.7268482930,0.7268482930,0
0.74747475,-2.21212121,-0.7541645337,0.7541645337,0
0.75757576,-2.21212121,-0.7796162249,0.7796162249,0
0.76767677,-2.21212121,-0.8032165422,0.8032165422,0
0.77777778,-2.21212121,-0.8250045099,0.8250045099,0
0.78787879,-2.21212121,-0.8450388464,0.8450388464,0
0.79797980,-2.21212121,-0.8633924750,0.8633924750,0
0.80808081,-2.21212121,-0.8801478100,0.8801478100,0
0.81818182,-2.21212121,-0.8953928456,0.8953928456,0
0.82828283,-2.21212121,-0.9092180109,0.9092180109,0
0.83838384,-2.21212121,-0.9217137234,0.9217137234,0
0.84848485,-2.21212121,-0.9329685497,0.9329685497,0
0.85858586,-2.21212121,-0.9430678801,0.9430678801,0
0.86868687,-2.21212121,-0.9520930246,0.9520930246,0
0.87878788,-2.21212121,-0.9601206458,0.9601206458,0
0.88888889,-2.21212121,-0.9672224549,0.9672224549,0
0.89898990,-2.21212121,-0.9734651082,0.9734651082,0
0.90909091,-2.21212121,-0.9789102517,0.9789102517,0
0.91919192,-2.21212121,-0.9836146706,0.9836146706,0
0.92929293,-2.21212121,-0.9876305127,0.9876305127,0
0.93939394,-2.21212121,-0.9910055573,0.9910055573,0
0.94949495,-2.21212121,-0.9937835104,0.9937835104,0
0.95959596,-2.21212121,-0.9960043121,0.9960043121,0
0.96969697,-2.21212121,-0.9977044445,0.9977044445,0
0.97979798,-2.21212121,-0.9989172322,0.9989172322,0
0.98989899,-2.21212121,-0.9996731309,0.9996731309,0
1.00000000,-2.21212121,-1.0000000000,1.0000000000,0
0.00000000,-2.15151515,0.0000000000,-0.0000000000,0
0.01010101,-2.15151515,-0.0000000000,0.0000000000,0
0.02020202,-2.15151515,-0.0000000000,0.0000000000,0
0.03030303,-2.15151515,-0.0000000001,0.0000000001,0
0.04040404,-2.15151515,-0.0000000006,0.0000000006,0
0.05050505,-2.15151515,-0.0000000023,0.0000000023,0
0.06060606,-2.15151515,-0.0000000074,0.0000000074,0
0.07070707,-2.15151515,-0.0000000195,0.0000000195,0
0.08080808,-2.15151515,-0.0000000461,0.0000000461,0
0.09090909,-2.15151515,-0.0000000990,0.0000000990,0
0.10101010,-2.15151515,-0.0000001980,0.0000001980,0
0.11111111,-2.15151515,-0.0000003733,0.0000003733,0
0.12121212,-2.15151515,-0.0000006704,0.0000006704,0
0.13131313,-2.15151515,-0.0000011559,0.0000011559,0
0.14141414,-2.15151515,-0.0000019254,0.0000019254,0
0.15151515,-2.15151515,-0.0000031133,0.0000031133,0
0.16161616,-2.15151515,-0.0000049055,0.0000049055,0
0.17171717,-2.15151515,-0.0000075562,0.0000075562,0
0.18181818,-2.15151515,-0.0000114089,0.0000114089,0
0.19191919,-2.15151515,-0.0000169221,0.0000169221,0
0.20202020,-2.15151515,-0.0000247032,0.0000247032,0
0.21212121,-2.15151515,-0.0000355498,0.0000355498,0
0.22222222,-2.15151515,-0.0000505016,0.0000505016,0
0.23232323,-2.15151515,-0.0000709042,0.0000709042,0
0.24242424,-2.15151515,-0.0000984893,0.0000984893,0
0.25252525,-2.15151515,-0.0001354722,0.0001354722,0
0.26262626,-2.15151515,-0.0001846724,0.0001846724,0
0.27272727,-2.15151515,-0.0002496601,0.0002496601,0
0.28282828,-2.15151515,-0.0003349360,0.0003349360,0
0.29292929,-2.15151515,-0.0004461483,0.0004461483,0
0.30303030,-2.15151515,-0.0005903552,0.0005903552,0
0.31313131,-2.15151515,-0.0007763409,0.0007763409,0
0.32323232,-2.15151515,-0.0010149933,0.0010149933,0
0.33333333,-2.15151515,-0.0013197532,0.0013197532,0
0.34343434,-2.15151515,-0.0017071457,0.0017071457,0
0.35353535,-2.15151515,-0.0021974035,0.0021974035,0
0.36363636,-2.15151515,-0.0028151920,0.0028151920,0
0.37373737,-2.15151515,-0.0035904443,0.0035904443,0
0.38383838,-2.15151515,-0.0045593117,0.0045593117,0
0.39393939,-2.15151515,-0.0057652290,0.0057652290,0
0.40404040,-2.15151515,-0.0072600874,0.0072600874,0
0.41414141,-2.15151515,-0.0091054960,0.0091054960,0
0.42424242,-2.15151515,-0.0113740954,0.0113740954,0
0.43434343,-2.15151515,-0.0141508696,0.0141508696,0
0.44444444,-2.15151515,-0.0175343701,0.0175343701,0
0.45454545,-2.15151515,-0.0216377378,0.0216377378,0
0.46464646,-2.15151515,-0.0265893667,0.0265893667,0
0.47474747,-2.15151515,-0.0325330134,0.0325330134,0
0.48484848,-2.15151515,-0.0396271173,0.0396271173,0
0.49494949,-2.15151515,-0.0480430657,0.0480430657,0
0.50505051,-2.15151515,-0.0579621264,0.0579621264,0
0.51515152,-2.15151515,-0.0695707944,0.0695707944,0
0.52525253,-2.15151515,-0.0830543669,0.0830543669,0
0.53535354,-2.15151515,-0.0985886941,0.0985886941,0
0.54545455,-2.15151515,-0.1163302489,0.1163302489,0
0.55555556,-2.15151515,-0.1364049226,0.1364049226,0
0.56565657,-2.15151515,-0.1588962516,0.1588962516,0
0.57575758,-2.15151515,-0.1838340707,0.1838340707,0
0.58585859,-2.15151515,-0.2111848133,0.2111848133,0
0.59595960,-2.15151515,-0.2408447518,0.2408447518,0
0.60606061,-2.15151515,-0.2726373497,0.2726373497,0
0.61616162,-2.15151515,-0.3063155399,0.3063155399,0
0.62626263,-2.15151515,-0.3415691945,0.3415691945,0
0.63636364,-2.15151515,-0.3780373836,0.3780373836,0
0.64646465,-2.15151515,-0.4153243760,0.4153243760,0
0.65656566,-2.15151515,-0.4530178341,0.4530178341,0
0.66666667,-2.15151515,-0.4907074158,0.4907074158,0
0.67676768,-2.15151515,-0.5280020488,0.5280020488,0
0.68686869,-2.15151515,-0.5645444569,0.5645444569,0
0.69696970,-2.15151515,-0.6000220091,0.6000220091,0
0.70707071,-2.15151515,-0.6341735111,0.6341735111,0
0.71717172,-2.15151515,-0.6667920601,0.6667920601,0
0.72727273,-2.15151515,-0.6977244688,0.6977244688,0
0.73737374,-2.15151515,-0.7268679896,0.7268679896,0
0.74747475,-2.15151515,-0.7541651574,0.7541651574,0
0.75757576,-2.15151515,-0.7795975291,0.7795975291,0
0.76767677,-2.15151515,-0.8031789908,0.8031789908,0
0.77777778,-2.15151515,-0.8249491505,0.8249491505,0
0.78787879,-2.15151515,-0.8449671809,0.8449671809,0
0.79797980,-2.15151515,-0.8633063369,0.8633063369,0
0.80808081,-2.15151515,-0.8800492539,0.8800492539,0
0.81818182,-2.15151515,-0.8952840524,0.8952840524,0
0.82828283,-2.15151515,-0.9091012105,0.9091012105,0
0.83838384,-2.15151515,-0.9215911327,0.9215911327,0
0.84848485,-2.15151515,-0.9328423268,0.9328423268,0
0.85858586,-2.15151515,-0.9429400909,0.9429400909,0
0.86868687,-2.15151515,-0.9519656210,0.9519656210,0
0.87878788,-2.15151515,-0.9599954526,0.9599954526,0
0.88888889,-2.15151515,-0.9671011641,0.9671011641,0
0.89898990,-2.15151515,-0.9733492785,0.9733492785,0
0.90909091,-2.15151515,-0.9788013120,0.9788013120,0
0.91919192,-2.15151515,-0.9835139266,0.9835139266,0
0.92929293,-2.15151515,-0.9875391550,0.9875391550,0
0.93939394,-2.15151515,-0.9909246704,0.9909246704,0
0.94949495,-2.15151515,-0.9937140829,0.9937140829,0
0.95959596,-2.15151515,-0.9959472464,0.9959472464,0
0.96969697,-2.15151515,-0.9976605660,0.9976605660,0
0.97979798,-2.15151515,-0.9988872986,0.9988872986,0
0.98989899,-2.15151515,-0.9996578407,0.9996578407,0
1.00000000,-2.15151515,-1.0000000000,1.0000000000,0
0.00000000,-2.09090909,0.0000000000,-0.0000000000,0
0.01010101,-2.09090909,-0.0000000000,0.0000000000,0
0.02020202,-2.09090909,-0.0000000000,0.0000000000,0
0.03030303,-2.09090909,-0.0000000001,0.0000000001,0
0.04040404,-2.09090909,-0.0000000006,0.0000000006,0
0.05050505,-2.09090909,-0.0000000024,0.0000000024,0
0.06060606,-2.09090909,-0.0000000074,0.0000000074,0
0.07070707,-2.09090909,-0.0000000195,0.0000000195,0
0.08080808,-2.09090909,-0.0000000460,0.0000000460,0
0.09090909,-2.09090909,-0.0000000988,0.0000000988,0
0.10101010,-2.09090909,-0.0000001974,0.0000001974,0
0.11111111,-2.09090909,-0.0000003719,0.0000003719,0
0.12121212,-2.09090909,-0.0000006676,0.0000006676,0
0.13131313,-2.09090909,-0.0000011508,0.0000011508,0
0.14141414,-2.09090909,-0.0000019164,0.0000019164,0
0.15151515,-2.09090909,-0.0000030980,0.0000030980,0
0.16161616,-2.09090909,-0.0000048805,0.0000048805,0
0.17171717,-2.09090909,-0.0000075166,0.0000075166,0
0.18181818,-2.09090909,-0.0000113476,0.0000113476,0
0.19191919,-2.09090909,-0.0000168295,0.0000168295,0
0.20202020,-2.09090909,-0.0000245661,0.0000245661,0
0.21212121,-2.09090909,-0.0000353505,0.0000353505,0
0.22222222,-2.09090909,-0.0000502163,0.0000502163,0
0.23232323,-2.09090909,-0.0000705019,0.0000705019,0
0.24242424,-2.09090909,-0.0000979295,0.0000979295,0
0.25252525,-2.09090909,-0.0001347028,0.0001347028,0
0.26262626,-2.09090909,-0.0001836265,0.0001836265,0
0.27272727,-2.09090909,-0.0002482533,0.0002482533,0
0.28282828,-2.09090909,-0.0003330622,0.0003330622,0
0.29292929,-2.09090909,-0.0004436753,0.0004436753,0
0.30303030,-2.09090909,-0.0005871196,0.0005871196,0
0.31313131,-2.09090909,-0.0007721427,0.0007721427,0
0.32323232,-2.09090909,-0.0010095891,0.0010095891,0
0.33333333,-2.09090909,-0.0013128500,0.0013128500,0
0.34343434,-2.09090909,-0.0016983935,0.0016983935,0
0.35353535,-2.09090909,-0.0021863886,0.0021863886,0
0.36363636,-2.09090909,-0.0028014300,0.0028014300,0
0.37373737,-2.09090909,-0.0035733747,0.0035733747,0
0.38383838,-2.09090909,-0.0045382943,0.0045382943,0
0.39393939,-2.09090909,-0.0057395431,0.0057395431,0
0.40404040,-2.09090909,-0.0072289354,0.0072289354,0
0.41414141,-2.09090909,-0.0090680131,0.0090680131,0
0.42424242,-2.09090909,-0.0113293674,0.0113293674,0
0.43434343,-2.09090909,-0.0140979602,0.0140979602,0
0.44444444,-2.09090909,-0.0174723616,0.0174723616,0
0.45454545,-2.09090909,-0.0215657851,0.0215657851,0
0.46464646,-2.09090909,-0.0265067677,0.0265067677,0
0.47474747,-2.09090909,-0.0324392946,0.0324392946,0
0.48484848,-2.09090909,-0.0395221341,0.0395221341,0
0.49494949,-2.09090909,-0.0479271116,0.0479271116,0
0.50505051,-2.09090909,-0.0578360446,0.0578360446,0
0.51515152,-2.09090909,-0.0694360788,0.0694360788,0
0.52525253,-2.09090909,-0.0829132378,0.0829132378,0
0.53535354,-2.09090909,-0.0984441293,0.0984441293,0
0.54545455,-2.09090909,-0.1161859511,0.1161859511,0
0.55555556,-2.09090909,-0.1362652071,0.1362652071,0
0.56565657,-2.09090909,-0.1587658427,0.1587658427,0
0.57575758,-2.09090909,-0.1837178114,0.1837178114,0
0.58585859,-2.09090909,-0.2110873030,0.2110873030,0
0.59595960,-2.09090909,-0.2407699476,0.2407699476,0
0.60606061,-2.09090909,-0.2725881754,0.2725881754,0
0.61616162,-2.09090909,-0.3062935585,0.3062935585,0
0.62626263,-2.09090909,-0.3415743919,0.3415743919,0
0.63636364,-2.09090909,-0.3780681009,0.3780681009,0
0.64646465,-2.09090909,-0.4153774027,0.4153774027,0
0.65656566,-2.09090909,-0.4530886521,0.4530886521,0
0.66666667,-2.09090909,-0.4907905587,0.4907905587,0
0.67676768,-2.09090909,-0.5280915274,0.5280915274,0
0.68686869,-2.09090909,-0.5646341971,0.5646341971,0
0.69696970,-2.09090909,-0.6001062520,0.6001062520,0
0.70707071,-2.09090909,-0.6342471394,0.6342471394,0
0.71717172,-2.09090909,-0.6668508302,0.6668508302,0
0.72727273,-2.09090909,-0.6977651430,0.6977651430,0
0.73737374,-2.09090909,-0.7268883776,0.7268883776,0
0.74747475,-2.09090909,-0.7541640810,0.7541640810,0
0.75757576,-2.09090909,-0.7795747324,0.7795747324,0
0.76767677,-2.09090909,-0.8031350146,0.8031350146,0
0.77777778,-2.09090909,-0.8248851894,0.8248851894,0
0.78787879,-2.09090909,-0.8448849377,0.8448849377,0
0.79797980,-2.09090909,-0.8632078843,0.8632078843,0
0.80808081,-2.09090909,-0.8799369106,0.8799369106,0
0.81818182,-2.09090909,-0.8951602771,0.8951602771,0
0.82828283,-2.09090909,-0.9089685144,0.9089685144,0
0.83838384,-2.09090909,-0.9214520114,0.9214520114,0
0.84848485,-2.09090909,-0.9326992081,0.9326992081,0
0.85858586,-2.09090909,-0.9427952984,0.9427952984,0
0.86868687,-2.09090909,-0.9518213491,0.9518213491,0
0.87878788,-2.09090909,-0.9598537524,0.9598537524,0
0.88888889,-2.09090909,-0.9669639369,0.9669639369,0
0.89898990,-2.09090909,-0.9732182758,0.9732182758,0
0.90909091,-2.09090909,-0.9786781390,0.9786781390,0
0.91919192,-2.09090909,-0.9834000501,0.9834000501,0
0.92929293,-2.09090909,-0.9874359121,0.9874359121,0
0.93939394,-2.09090909,-0.9908332794,0.9908332794,0
0.94949495,-2.09090909,-0.9936356539,0.9936356539,0
0.95959596,-2.09090909,-0.9958827925,0.9958827925,0
0.96969697,-2.09090909,-0.9976110140,0.9976110140,0
0.97979798,-2.09090909,-0.9988534993,0.9988534993,0
0.98989899,-2.09090909,-0.9996405781,0.9996405781,0
1.00000000,-2.09090909,-1.0000000000,1.0000000000,0
0.00000000,-2.03030303,0.0000000000,-0.0000000000,0
0.01010101,-2.03030303,-0.0000000000,0.0000000000,0
0.02020202,-2.03030303,-0.0000000000,0.0000000000,0
0.03030303,-2.03030303,-0.0000000001,0.0000000001,0
0.04040404,-2.03030303,-0.0000000006,0.0000000006,0
0.05050505,-2.03030303,-0.0000000024,0.0000000024,0
0.06060606,-2.03030303,-0.0000000074,0.0000000074,0
0.07070707,-2.03030303,-0.0000000195,0.0000000195,0
0.08080808,-2.03030303,-0.0000000459,0.0000000459,0
0.09090909,-2.03030303,-0.0000000985,0.0000000985,0
0.10101010,-2.03030303,-0.0000001967,0.0000001967,0
0.11111111,-2.03030303,-0.0000003704,0.0000003704,0
0.12121212,-2.03030303,-0.0000006646,0.0000006646,0
0.13131313,-2.03030303,-0.0000011451,0.0000011451,0
0.14141414,-2.03030303,-0.0000019064,0.0000019064,0
0.15151515,-2.03030303,-0.0000030809,0.0000030809,0
0.16161616,-2.03030303,-0.0000048525,0.0000048525,0
0.17171717,-2.03030303,-0.0000074722,0.0000074722,0
0.18181818,-2.03030303,-0.0000112790,0.0000112790,0
0.19191919,-2.03030303,-0.0000167259,0.0000167259,0
0.20202020,-2.03030303,-0.0000244127,0.0000244127,0
0.21212121,-2.03030303,-0.0000351274,0.0000351274,0
0.22222222,-2.03030303,-0.0000498971,0.0000498971,0
0.23232323,-2.03030303,-0.0000700518,0.0000700518,0
0.24242424,-2.03030303,-0.0000973031,0.0000973031,0
0.25252525,-2.03030303,-0.0001338416,0.0001338416,0
0.26262626,-2.03030303,-0.0001824558,0.0001824558,0
0.27272727,-2.03030303,-0.0002466785,0.0002466785,0
0.28282828,-2.03030303,-0.0003309644,0.0003309644,0
0.29292929,-2.03030303,-0.0004409063,0.0004409063,0
0.30303030,-2.03030303,-0.0005834964,0.0005834964,0
0.31313131,-2.03030303,-0.0007674408,0.0007674408,0
0.32323232,-2.03030303,-0.0010035357,0.0010035357,0
0.33333333,-2.03030303,-0.0013051162,0.0013051162,0
0.34343434,-2.03030303,-0.0016885867,0.0016885867,0
0.35353535,-2.03030303,-0.0021740439,0.0021740439,0
0.36363636,-2.03030303,-0.0027860033,0.0027860033,0
0.37373737,-2.03030303,-0.0035542362,0.0035542362,0
0.38383838,-2.03030303,-0.0045147241,0.0045147241,0
0.39393939,-2.03030303,-0.0057107302,0.0057107302,0
0.40404040,-2.03030303,-0.0071939820,0.0071939820,0
0.41414141,-2.03030303,-0.0090259446,0.0090259446,0
0.42424242,-2.03030303,-0.0112791527,0.0112791527,0
0.43434343,-2.03030303,-0.0140385423,0.0140385423,0
0.44444444,-2.03030303,-0.0174027028,0.0174027028,0
0.45454545,-2.03030303,-0.0214849280,0.0214849280,0
0.46464646,-2.03030303,-0.0264139138,0.0264139138,0
0.47474747,-2.03030303,-0.0323339016,0.0323339016,0
0.48484848,-2.03030303,-0.0394040281,0.0394040281,0
0.49494949,-2.03030303,-0.0477966112,0.0477966112,0
0.50505051,-2.03030303,-0.0576940867,0.0576940867,0
0.51515152,-2.03030303,-0.0692843334,0.0692843334,0
0.52525253,-2.03030303,-0.0827541941,0.0827541941,0
0.53535354,-2.03030303,-0.0982811315,0.0982811315,0
0.54545455,-2.03030303,-0.1160231629,0.1160231629,0
0.55555556,-2.03030303,-0.1361074847,0.1361074847,0
0.56565657,-2.03030303,-0.1586185060,0.1586185060,0
0.57575758,-2.03030303,-0.1835863155,0.1835863155,0
0.58585859,-2.03030303,-0.2109768291,0.2109768291,0
0.59595960,-2.03030303,-0.2406849515,0.2406849515,0
0.60606061,-2.03030303,-0.2725319465,0.2725319465,0
0.61616162,-2.03030303,-0.3062678495,0.3062678495,0
0.62626263,-2.03030303,-0.3415791758,0.3415791758,0
0.63636364,-2.03030303,-0.3781014957,0.3781014957,0
0.64646465,-2.03030303,-0.4154357794,0.4154357794,0
0.65656566,-2.03030303,-0.4531669117,0.4531669117,0
0.66666667,-2.03030303,-0.4908825399,0.4908825399,0
0.67676768,-2.03030303,-0.5281904880,0.5281904880,0
0.68686869,-2.03030303,-0.5647333074,0.5647333074,0
0.69696970,-2.03030303,-0.6001990456,0.6001990456,0
0.70707071,-2.03030303,-0.6343278791,0.6343278791,0
0.71717172,-2.03030303,-0.6669147676,0.6669147676,0
0.72727273,-2.03030303,-0.6978086650,0.6978086650,0
0.73737374,-2.03030303,-0.7269090500,0.7269090500,0
0.74747475,-2.03030303,-0.7541606081,0.7541606081,0
0.75757576,-2.03030303,-0.7795468535,0.7795468535,0
0.76767677,-2.03030303,-0.8030833617,0.8030833617,0
0.77777778,-2.03030303,-0.8248111262,0.8248111262,0
0.78787879,-2.03030303,-0.8447903956,0.8447903956,0
0.79797980,-2.03030303,-0.8630952066,0.8630952066,0
0.80808081,-2.03030303,-0.8798087140,0.8798087140,0
0.81818182,-2.03030303,-0.8950193324,0.8950193324,0
0.82828283,-2.03030303,-0.9088176495,0.9088176495,0
0.83838384,-2.03030303,-0.9212940342,0.9212940342,0
0.84848485,-2.03030303,-0.9325368491,0.9325368491,0
0.85858586,-2.03030303,-0.9426311691,0.9426311691,0
0.86868687,-2.03030303,-0.9516579155,0.9516579155,0
0.87878788,-2.03030303,-0.9596933186,0.9596933186,0
0.88888889,-2.03030303,-0.9668086385,0.9668086385,0
0.89898990,-2.03030303,-0.9730700793,0.9730700793,0
0.90909091,-2.03030303,-0.9785388469,0.9785388469,0
0.91919192,-2.03030303,-0.9832713089,0.9832713089,0
0.92929293,-2.03030303,-0.9873192227,0.9873192227,0
0.93939394,-2.03030303,-0.9907300091,0.9907300091,0
0.94949495,-2.03030303,-0.9935470487,0.9935470487,0
0.95959596,-2.03030303,-0.9958099891,0.9958099891,0
0.96969697,-2.03030303,-0.9975550525,0.9975550525,0
0.97979798,-2.03030303,-0.9988153340,0.9988153340,0
0.98989899,-2.03030303,-0.9996210883,0.9996210883,0
1.00000000,-2.03030303,-1.0000000000,1.0000000000,0
0.00000000,-1.96969697,0.0000000000,-0.0000000000,0
0.01010101,-1.96969697,-0.0000000000,0.0000000000,0
0.02020202,-1.96969697,-0.0000000000,0.0000000000,0
0.03030303,-1.96969697,-0.0000000001,0.0000000001,0
0.04040404,-1.96969697,-0.0000000006,0.0000000006,0
0.05050505,-1.96969697,-0.0000000024,0.0000000024,0
0.06060606,-1.96969697,-0.0000000074,0.0000000074,0
0.07070707,-1.96969697,-0.0000000195,0.0000000195,0
0.08080808,-1.96969697,-0.0000000458,0.0000000458,0
0.09090909,-1.96969697,-0.0000000982,0.0000000982,0
0.10101010,-1.96969697,-0.0000001959,0.0000001959,0
0.11111111,-1.96969697,-0.0000003686,0.0000003686,0
0.12121212,-1.96969697,-0.0000006611,0.0000006611,0
0.13131313,-1.96969697,-0.0000011387,0.0000011387,0
0.14141414,-1.96969697,-0.0000018951,0.0000018951,0
0.15151515,-1.96969697,-0.0000030618,0.0000030618,0
0.16161616,-1.96969697,-0.0000048213,0.0000048213,0
0.17171717,-1.96969697,-0.0000074226,0.0000074226,0
0.18181818,-1.96969697,-0.0000112023,0.0000112023,0
0.19191919,-1.96969697,-0.0000166100,0.0000166100,0
0.20202020,-1.96969697,-0.0000242412,0.0000242412,0
0.21212121,-1.96969697,-0.0000348780,0.0000348780,0
0.22222222,-1.96969697,-0.0000495402,0.0000495402,0
0.23232323,-1.96969697,-0.0000695485,0.0000695485,0
0.24242424,-1.96969697,-0.0000966027,0.0000966027,0
0.25252525,-1.96969697,-0.0001328787,0.0001328787,0
0.26262626,-1.96969697,-0.0001811468,0.0001811468,0
0.27272727,-1.96969697,-0.0002449175,0.0002449175,0
0.28282828,-1.96969697,-0.0003286183,0.0003286183,0
0.29292929,-1.96969697,-0.0004378092,0.0004378092,0
0.30303030,-1.96969697,-0.0005794432,0.0005794432,0
0.31313131,-1.96969697,-0.0007621801,0.0007621801,0
0.32323232,-1.96969697,-0.0009967617,0.0009967617,0
0.33333333,-1.96969697,-0.0012964603,0.0012964603,0
0.34343434,-1.96969697,-0.0016776083,0.0016776083,0
0.35353535,-1.96969697,-0.0021602215,0.0021602215,0
0.36363636,-1.96969697,-0.0027687262,0.0027687262,0
0.37373737,-1.96969697,-0.0035327967,0.0035327967,0
0.38383838,-1.96969697,-0.0044883131,0.0044883131,0
0.39393939,-1.96969697,-0.0056784358,0.0056784358,0
0.40404040,-1.96969697,-0.0071547934,0.0071547934,0
0.41414141,-1.96969697,-0.0089787643,0.0089787643,0
0.42424242,-1.96969697,-0.0112228177,0.0112228177,0
0.43434343,-1.96969697,-0.0139718594,0.0139718594,0
0.44444444,-1.96969697,-0.0173244984,0.0173244984,0
0.45454545,-1.96969697,-0.0213941169,0.0213941169,0
0.46464646,-1.96969697,-0.0263095877,0.0263095877,0
0.47474747,-1.96969697,-0.0322154380,0.0322154380,0
0.48484848,-1.96969697,-0.0392712174,0.0392712174,0
0.49494949,-1.96969697,-0.0476497968,0.0476497968,0
0.50505051,-1.96969697,-0.0575343071,0.0575343071,0
0.51515152,-1.96969697,-0.0691134530,0.0691134530,0
0.52525253,-1.96969697,-0.0825750009,0.0825750009,0
0.53535354,-1.96969697,-0.0980973788,0.0980973788,0
0.54545455,-1.96969697,-0.1158395301,0.1158395301,0
0.55555556,-1.96969697,-0.1359294345,0.1359294345,0
0.56565657,-1.96969697,-0.1584520270,0.1584520270,0
0.57575758,-1.96969697,-0.1834375503,0.1834375503,0
0.58585859,-1.96969697,-0.2108516125,0.2108516125,0
0.59595960,-1.96969697,-0.2405882994,0.2405882994,0
0.60606061,-1.96969697,-0.2724675579,0.2724675579,0
0.61616162,-1.96969697,-0.3062376881,0.3062376881,0
0.62626263,-1.96969697,-0.3415831971,0.3415831971,0
0.63636364,-1.96969697,-0.3781375637,0.3781375637,0
0.64646465,-1.96969697,-0.4154997913,0.4154997913,0
0.65656566,-1.96969697,-0.4532531136,0.4532531136,0
0.66666667,-1.96969697,-0.4909839890,0.4909839890,0
0.67676768,-1.96969697,-0.5282995971,0.5282995971,0
0.68686869,-1.96969697,-0.5648424017,0.5648424017,0
0.69696970,-1.96969697,-0.6003008694,0.6003008694,0
0.70707071,-1.96969697,-0.6344160065,0.6344160065,0
0.71717172,-1.96969697,-0.6669838915,0.6669838915,0
0.72727273,-1.96969697,-0.6978547594,0.6978547594,0
0.73737374,-1.96969697,-0.7269294164,0.7269294164,0
0.74747475,-1.96969697,-0.7541538265,0.7541538265,0
0.75757576,-1.96969697,-0.7795126651,0.7795126651,0
0.76767677,-1.96969697,-0.8030225074,0.8030225074,0
0.77777778,-1.96969697,-0.8247251644,0.8247251644,0
0.78787879,-1.96969697,-0.8446815175,0.8446815175,0
0.79797980,-1.96969697,-0.8629660622,0.8629660622,0
0.80808081,-1.96969697,-0.8796622559,0.8796622559,0
0.81818182,-1.96969697,-0.8948586828,0.8948586828,0
0.82828283,-1.96969697,-0.9086459914,0.9086459914,0
0.83838384,-1.96969697,-0.9211145256,0.9211145256,0
0.84848485,-1.96969697,-0.9323525589,0.9323525589,0
0.85858586,-1.96969697,-0.9424450317,0.9424450317,0
0.86868687,-1.96969697,-0.9514727000,0.9514727000,0
0.87878788,-1.96969697,-0.9595116120,0.9595116120,0
0.88888889,-1.96969697,-0.9666328376,0.9666328376,0
0.89898990,-1.96969697,-0.9729023909,0.9729023909,0
0.90909091,-1.96969697,-0.9783812934,0.9783812934,0
0.91919192,-1.96969697,-0.9831257371,0.9831257371,0
0.92929293,-1.96969697,-0.9871873165,0.9871873165,0
0.93939394,-1.96969697,-0.9906133019,0.9906133019,0
0.94949495,-1.96969697,-0.9934469376,0.9934469376,0
0.95959596,-1.96969697,-0.9957277489,0.9957277489,0
0.96969697,-1.96969697,-0.9974918491,0.9974918491,0
0.97979798,-1.96969697,-0.9987722372,0.9987722372,0
0.98989899,-1.96969697,-0.9995990838,0.9995990838,0
1.00000000,-1.96969697,-1.0000000000,1.0000000000,0
0.00000000,-1.90909091,0.0000000000,-0.0000000000,0
0.01010101,-1.90909091,-0.0000000000,0.0000000000,0
0.02020202,-1.90909091,-0.0000000000,0.0000000000,0
0.03030303,-1.90909091,-0.0000000001,0.0000000001,0
0.04040404,-1.90909091,-0.0000000006,0.0000000006,0
0.05050505,-1.90909091,-0.0000000024,0.0000000024,0
0.06060606,-1.90909091,-0.0000000074,0.0000000074,0
0.07070707,-1.90909091,-0.0000000195,0.0000000195,0
0.08080808,-1.90909091,-0.0000000457,0.0000000457,0
0.09090909,-1.90909091,-0.0000000978,0.0000000978,0
0.10101010,-1.90909091,-0.0000001950,0.0000001950,0
0.11111111,-1.90909091,-0.0000003667,0.0000003667,0
0.12121212,-1.90909091,-0.0000006573,0.0000006573,0
0.13131313,-1.90909091,-0.0000011316,0.0000011316,0
0.14141414,-1.90909091,-0.0000018824,0.0000018824,0
0.15151515,-1.90909091,-0.0000030404,0.0000030404,0
0.16161616,-1.90909091,-0.0000047863,0.0000047863,0
0.17171717,-1.90909091,-0.0000073672,0.0000073672,0
0.18181818,-1.90909091,-0.0000111167,0.0000111167,0
0.19191919,-1.90909091,-0.0000164807,0.0000164807,0
0.20202020,-1.90909091,-0.0000240497,0.0000240497,0
0.21212121,-1.90909091,-0.0000345996,0.0000345996,0
0.22222222,-1.90909091,-0.0000491418,0.0000491418,0
0.23232323,-1.90909091,-0.0000689865,0.0000689865,0
0.24242424,-1.90909091,-0.0000958206,0.0000958206,0
0.25252525,-1.90909091,-0.0001318034,0.0001318034,0
0.26262626,-1.90909091,-0.0001796849,0.0001796849,0
0.27272727,-1.90909091,-0.0002429506,0.0002429506,0
0.28282828,-1.90909091,-0.0003259975,0.0003259975,0
0.29292929,-1.90909091,-0.0004343490,0.0004343490,0
0.30303030,-1.90909091,-0.0005749142,0.0005749142,0
0.31313131,-1.90909091,-0.0007563008,0.0007563008,0
0.32323232,-1.90909091,-0.0009891898,0.0009891898,0
0.33333333,-1.90909091,-0.0012867828,0.0012867828,0
0.34343434,-1.90909091,-0.0016653314,0.0016653314,0
0.35353535,-1.90909091,-0.0021447606,0.0021447606,0
0.36363636,-1.90909091,-0.0027493959,0.0027493959,0
0.37373737,-1.90909091,-0.0035088029,0.0035088029,0
0.38383838,-1.90909091,-0.0044587469,0.0044587469,0
0.39393939,-1.90909091,-0.0056422719,0.0056422719,0
0.40404040,-1.90909091,-0.0071108947,0.0071108947,0
0.41414141,-1.90909091,-0.0089258947,0.0089258947,0
0.42424242,-1.90909091,-0.0111596663,0.0111596663,0
0.43434343,-1.90909091,-0.0138970790,0.0138970790,0
0.44444444,-1.90909091,-0.0172367616,0.0172367616,0
0.45454545,-1.90909091,-0.0212921931,0.0212921931,0
0.46464646,-1.90909091,-0.0261924426,0.0261924426,0
0.47474747,-1.90909091,-0.0320823560,0.0320823560,0
0.48484848,-1.90909091,-0.0391219452,0.0391219452,0
0.49494949,-1.90909091,-0.0474847011,0.0474847011,0
0.50505051,-1.90909091,-0.0573545364,0.0573545364,0
0.51515152,-1.90909091,-0.0689210852,0.0689210852,0
0.52525253,-1.90909091,-0.0823731553,0.0823731553,0
0.53535354,-1.90909091,-0.0978902646,0.0978902646,0
0.54545455,-1.90909091,-0.1156324029,0.1156324029,0
0.55555556,-1.90909091,-0.1357284366,0.1357284366,0
0.56565657,-1.90909091,-0.1582638966,0.1582638966,0
0.57575758,-1.90909091,-0.1832692022,0.1832692022,0
0.58585859,-1.90909091,-0.2107096152,0.2107096152,0
0.59595960,-1.90909091,-0.2404782975,0.2404782975,0
0.60606061,-1.90909091,-0.2723937085,0.2723937085,0
0.61616162,-1.90909091,-0.3062021894,0.3062021894,0
0.62626263,-1.90909091,-0.3415859810,0.3415859810,0
0.63636364,-1.90909091,-0.3781762048,0.3781762048,0
0.64646465,-1.90909091,-0.4155696507,0.4155696507,0
0.65656566,-1.90909091,-0.4533476990,0.4533476990,0
0.66666667,-1.90909091,-0.4910954791,0.4910954791,0
0.67676768,-1.90909091,-0.5284194578,0.5284194578,0
0.68686869,-1.90909091,-0.5649620138,0.5649620138,0
0.69696970,-1.90909091,-0.6004120985,0.6004120985,0
0.70707071,-1.90909091,-0.6345116630,0.6345116630,0
0.71717172,-1.90909091,-0.6670580519,0.6670580519,0
0.72727273,-1.90909091,-0.6979029458,0.6979029458,0
0.73737374,-1.90909091,-0.7269486444,0.7269486444,0
0.74747475,-1.90909091,-0.7541425478,0.7541425478,0
0.75757576,-1.90909091,-0.7794706320,0.7794706320,0
0.76767677,-1.90909091,-0.8029505903,0.8029505903,0
0.77777778,-1.90909091,-0.8246251463,0.8246251463,0
0.78787879,-1.90909091,-0.8445558861,0.8445558861,0
0.79797980,-1.90909091,-0.8628178144,0.8628178144,0
0.80808081,-1.90909091,-0.8794947230,0.8794947230,0
0.81818182,-1.90909091,-0.8946753819,0.8946753819,0
0.82828283,-1.90909091,-0.9084505037,0.9084505037,0
0.83838384,-1.90909091,-0.9209104014,0.9209104014,0
0.84848485,-1.90909091,-0.9321432458,0.9321432458,0
0.85858586,-1.90909091,-0.9422338241,0.9422338241,0
0.86868687,-1.90909091,-0.9512627059,0.9512627059,0
0.87878788,-1.90909091,-0.9593057335,0.9593057335,0
0.88888889,-1.90909091,-0.9664337630,0.9664337630,0
0.89898990,-1.90909091,-0.9727125948,0.9727125948,0
0.90909091,-1.90909091,-0.9782030430,0.9782030430,0
0.91919192,-1.90909091,-0.9829611029,0.9829611029,0
0.92929293,-1.90909091,-0.9870381853,0.9870381853,0
0.93939394,-1.90909091,-0.9904813922,0.9904813922,0
0.94949495,-1.90909091,-0.9933338148,0.9933338148,0
0.95959596,-1.90909091,-0.9956348412,0.9956348412,0
0.96969697,-1.90909091,-0.9974204625,0.9974204625,0
0.97979798,-1.90909091,-0.9987235699,0.9987235699,0
0.98989899,-1.90909091,-0.9995742395,0.9995742395,0
1.00000000,-1.90909091,-1.0000000000,1.0000000000,0
0.00000000,-1.84848485,0.0000000000,-0.0000000000,0
0.01010101,-1.84848485,-0.0000000000,0.0000000000,0
0.02020202,-1.84848485,-0.0000000000,0.0000000000,0
0.03030303,-1.84848485,-0.0000000001,0.0000000001,0
0.04040404,-1.84848485,-0.0000000006,0.0000000006,0
0.05050505,-1.84848485,-0.0000000024,0.0000000024,0
0.06060606,-1.84848485,-0.0000000074,0.0000000074,0
0.07070707,-1.84848485,-0.0000000194,0.0000000194,0
0.08080808,-1.84848485,-0.0000000455,0.0000000455,0
0.09090909,-1.84848485,-0.0000000974,0.0000000974,0
0.10101010,-1.84848485,-0.0000001940,0.0000001940,0
0.11111111,-1.84848485,-0.0000003645,0.0000003645,0
0.12121212,-1.84848485,-0.0000006530,0.0000006530,0
0.13131313,-1.84848485,-0.0000011236,0.0000011236,0
0.14141414,-1.84848485,-0.0000018683,0.0000018683,0
0.15151515,-1.84848485,-0.0000030165,0.0000030165,0
0.16161616,-1.84848485,-0.0000047473,0.0000047473,0
0.17171717,-1.84848485,-0.0000073054,0.0000073054,0
0.18181818,-1.84848485,-0.0000110212,0.0000110212,0
0.19191919,-1.84848485,-0.0000163364,0.0000163364,0
0.20202020,-1.84848485,-0.0000238362,0.0000238362,0
0.21212121,-1.84848485,-0.0000342891,0.0000342891,0
0.22222222,-1.84848485,-0.0000486975,0.0000486975,0
0.23232323,-1.84848485,-0.0000683599,0.0000683599,0
0.24242424,-1.84848485,-0.0000949485,0.0000949485,0
0.25252525,-1.84848485,-0.0001306043,0.0001306043,0
0.26262626,-1.84848485,-0.0001780545,0.0001780545,0
0.27272727,-1.84848485,-0.0002407566,0.0002407566,0
0.28282828,-1.84848485,-0.0003230738,0.0003230738,0
0.29292929,-1.84848485,-0.0004304883,0.0004304883,0
0.30303030,-1.84848485,-0.0005698601,0.0005698601,0
0.31313131,-1.84848485,-0.0007497385,0.0007497385,0
0.32323232,-1.84848485,-0.0009807365,0.0009807365,0
0.33333333,-1.84848485,-0.0012759762,0.0012759762,0
0.34343434,-1.84848485,-0.0016516187,0.0016516187,0
0.35353535,-1.84848485,-0.0021274869,0.0021274869,0
0.36363636,-1.84848485,-0.0027277930,0.0027277930,0
0.37373737,-1.84848485,-0.0034819798,0.0034819798,0
0.38383838,-1.84848485,-0.0044256833,0.0044256833,0
0.39393939,-1.84848485,-0.0056018160,0.0056018160,0
0.40404040,-1.84848485,-0.0070617679,0.0070617679,0
0.41414141,-1.84848485,-0.0088667054,0.0088667054,0
0.42424242,-1.84848485,-0.0110889368,0.0110889368,0
0.43434343,-1.84848485,-0.0138132882,0.0138132882,0
0.44444444,-1.84848485,-0.0171384080,0.0171384080,0
0.45454545,-1.84848485,-0.0211778807,0.0211778807,0
0.46464646,-1.84848485,-0.0260609924,0.0260609924,0
0.47474747,-1.84848485,-0.0319329442,0.0319329442,0
0.48484848,-1.84848485,-0.0389542644,0.0389542644,0
0.49494949,-1.84848485,-0.0472991392,0.0472991392,0
0.50505051,-1.84848485,-0.0571523592,0.0571523592,0
0.51515152,-1.84848485,-0.0687046047,0.0687046047,0
0.52525253,-1.84848485,-0.0821458571,0.0821458571,0
0.53535354,-1.84848485,-0.0976568646,0.0976568646,0
0.54545455,-1.84848485,-0.1153987999,0.1153987999,0
0.55555556,-1.84848485,-0.1355015333,0.1355015333,0
0.56565657,-1.84848485,-0.1580512714,0.1580512714,0
0.57575758,-1.84848485,-0.1830786359,0.1830786359,0
0.58585859,-1.84848485,-0.2105484994,0.2105484994,0
0.59595960,-1.84848485,-0.2403529814,0.2403529814,0
0.60606061,-1.84848485,-0.2723088619,0.2723088619,0
0.61616162,-1.84848485,-0.3061602700,0.3061602700,0
0.62626263,-1.84848485,-0.3415868895,0.3415868895,0
0.63636364,-1.84848485,-0.3782171855,0.3782171855,0
0.64646465,-1.84848485,-0.4156454580,0.4156454580,0
0.65656566,-1.84848485,-0.4534510083,0.4534510083,0
0.66666667,-1.84848485,-0.4912174828,0.4912174828,0
0.67676768,-1.84848485,-0.5285505615,0.5285505615,0
0.68686869,-1.84848485,-0.5650925450,0.5650925450,0
0.69696970,-1.84848485,-0.6005329464,0.6005329464,0
0.70707071,-1.84848485,-0.6346147930,0.6346147930,0
0.71717172,-1.84848485,-0.6671368633,0.6671368633,0
0.72727273,-1.84848485,-0.6979524680,0.6979524680,0
0.73737374,-1.84848485,-0.7269655869,0.7269655869,0
0.74747475,-1.84848485,-0.7541252308,0.7541252308,0
0.75757576,-1.84848485,-0.7794188324,0.7794188324,0
0.76767677,-1.84848485,-0.8028653334,0.8028653334,0
0.77777778,-1.84848485,-0.8245084745,0.8245084745,0
0.78787879,-1.84848485,-0.8444106252,0.8444106252,0
0.79797980,-1.84848485,-0.8626473537,0.8626473537,0
0.80808081,-1.84848485,-0.8793028207,0.8793028207,0
0.81818182,-1.84848485,-0.8944659987,0.8944659987,0
0.82828283,-1.84848485,-0.9082276672,0.9082276672,0
0.83838384,-1.84848485,-0.9206781004,0.9206781004,0
0.84848485,-1.84848485,-0.9319053509,0.9319053509,0
0.85858586,-1.84848485,-0.9419940317,0.9419940317,0
0.86868687,-1.84848485,-0.9510245013,0.9510245013,0
0.87878788,-1.84848485,-0.9590723701,0.9590723701,0
0.88888889,-1.84848485,-0.9662082534,0.9662082534,0
0.89898990,-1.84848485,-0.9724977116,0.9724977116,0
0.90909091,-1.84848485,-0.9780013256,0.9780013256,0
0.91919192,-1.84848485,-0.9827748700,0.9827748700,0
0.92929293,-1.84848485,-0.9868695499,0.9868695499,0
0.93939394,-1.84848485,-0.9903322781,0.9903322781,0
0.94949495,-1.84848485,-0.9932059745,0.9932059745,0
0.95959596,-1.84848485,-0.9955298732,0.9955298732,0
0.96969697,-1.84848485,-0.9973398283,0.9973398283,0
0.97979798,-1.84848485,-0.9986686100,0.9986686100,0
0.98989899,-1.84848485,-0.9995461884,0.9995461884,0
1.00000000,-1.84848485,-1.0000000000,1.0000000000,0
0.00000000,-1.78787879,0.0000000000,-0.0000000000,0
0.01010101,-1.78787879,-0.0000000000,0.0000000000,0
0.02020202,-1.78787879,-0.0000000000,0.0000000000,0
0.03030303,-1.78787879,-0.0000000001,0.0000000001,0
0.04040404,-1.78787879,-0.0000000006,0.0000000006,0
0.05050505,-1.78787879,-0.0000000024,0.0000000024,0
0.06060606,-1.78787879,-0.0000000074,0.0000000074,0
0.07070707,-1.78787879,-0.0000000194,0.0000000194,0
0.08080808,-1.78787879,-0.0000000454,0.0000000454,0
0.09090909,-1.78787879,-0.0000000970,0.0000000970,0
0.10101010,-1.78787879,-0.0000001929,0.0000001929,0
0.11111111,-1.78787879,-0.0000003621,0.0000003621,0
0.12121212,-1.78787879,-0.0000006482,0.0000006482,0
0.13131313,-1.78787879,-0.0000011147,0.0000011147,0
0.14141414,-1.78787879,-0.0000018526,0.0000018526,0
0.15151515,-1.78787879,-0.0000029899,0.0000029899,0
0.16161616,-1.78787879,-0.0000047038,0.0000047038,0
0.17171717,-1.78787879,-0.0000072365,0.0000072365,0
0.18181818,-1.78787879,-0.0000109148,0.0000109148,0
0.19191919,-1.78787879,-0.0000161758,0.0000161758,0
0.20202020,-1.78787879,-0.0000235984,0.0000235984,0
0.21212121,-1.78787879,-0.0000339434,0.0000339434,0
0.22222222,-1.78787879,-0.0000482028,0.0000482028,0
0.23232323,-1.78787879,-0.0000676623,0.0000676623,0
0.24242424,-1.78787879,-0.0000939775,0.0000939775,0
0.25252525,-1.78787879,-0.0001292690,0.0001292690,0
0.26262626,-1.78787879,-0.0001762388,0.0001762388,0
0.27272727,-1.78787879,-0.0002383131,0.0002383131,0
0.28282828,-1.78787879,-0.0003198170,0.0003198170,0
0.29292929,-1.78787879,-0.0004261869,0.0004261869,0
0.30303030,-1.78787879,-0.0005642280,0.0005642280,0
0.31313131,-1.78787879,-0.0007424243,0.0007424243,0
0.32323232,-1.78787879,-0.0009713122,0.0009713122,0
0.33333333,-1.78787879,-0.0012639253,0.0012639253,0
0.34343434,-1.78787879,-0.0016363229,0.0016363229,0
0.35353535,-1.78787879,-0.0021082130,0.0021082130,0
0.36363636,-1.78787879,-0.0027036807,0.0027036807,0
0.37373737,-1.78787879,-0.0034520306,0.0034520306,0
0.38383838,-1.78787879,-0.0043887526,0.0043887526,0
0.39393939,-1.78787879,-0.0055566107,0.0055566107,0
0.40404040,-1.78787879,-0.0070068508,0.0070068508,0
0.41414141,-1.78787879,-0.0088005104,0.0088005104,0
0.42424242,-1.78787879,-0.0110097987,0.0110097987,0
0.43434343,-1.78787879,-0.0137194899,0.0137194899,0
0.44444444,-1.78787879,-0.0170282507,0.0170282507,0
0.45454545,-1.78787879,-0.0210497799,0.0210497799,0
0.46464646,-1.78787879,-0.0259136031,0.0259136031,0
0.47474747,-1.78787879,-0.0317653158,0.0317653158,0
0.48484848,-1.78787879,-0.0387660233,0.0387660233,0
0.49494949,-1.78787879,-0.0470906899,0.0470906899,0
0.50505051,-1.78787879,-0.0569250919,0.0569250919,0
0.51515152,-1.78787879,-0.0684610863,0.0684610863,0
0.52525253,-1.78787879,-0.0818899772,0.0818899772,0
0.53535354,-1.78787879,-0.0973939012,0.0973939012,0
0.54545455,-1.78787879,-0.1151353684,0.1151353684,0
0.55555556,-1.78787879,-0.1352453857,0.1352453857,0
0.56565657,-1.78787879,-0.1578109270,0.1578109270,0
0.57575758,-1.78787879,-0.1828628460,0.1828628460,0
0.58585859,-1.78787879,-0.2103655784,0.2103655784,0
0.59595960,-1.78787879,-0.2402100677,0.2402100677,0
0.60606061,-1.78787879,-0.2722111974,0.2722111974,0
0.61616162,-1.78787879,-0.3061105992,0.3061105992,0
0.62626263,-1.78787879,-0.3415850723,0.3415850723,0
0.63636364,-1.78787879,-0.3782600889,0.3782600889,0
0.64646465,-1.78787879,-0.4157271498,0.4157271498,0
0.65656566,-1.78787879,-0.4535632269,0.4535632269,0
0.66666667,-1.78787879,-0.4913503131,0.4913503131,0
0.67676768,-1.78787879,-0.5286932242,0.5286932242,0
0.68686869,-1.78787879,-0.5652341943,0.5652341943,0
0.69696970,-1.78787879,-0.6006633894,0.6006633894,0
0.70707071,-1.78787879,-0.6347250632,0.6347250632,0
0.71717172,-1.78787879,-0.6672196183,0.6672196183,0
0.72727273,-1.78787879,-0.6980022038,0.6980022038,0
0.73737374,-1.78787879,-0.7269786876,0.7269786876,0
0.74747475,-1.78787879,-0.7540998864,0.7540998864,0
0.75757576,-1.78787879,-0.7793548612,0.7793548612,0
0.76767677,-1.78787879,-0.8027639466,0.8027639466,0
0.77777778,-1.78787879,-0.8243720145,0.8243720145,0
0.78787879,-1.78787879,-0.8442423032,0.8442423032,0
0.79797980,-1.78787879,-0.8624510038,0.8624510038,0
0.80808081,-1.78787879,-0.8790826818,0.8790826818,0
0.81818182,-1.78787879,-0.8942265292,0.8942265292,0
0.82828283,-1.78787879,-0.9079733945,0.9079733945,0
0.83838384,-1.78787879,-0.9204135033,0.9204135033,0
0.84848485,-1.78787879,-0.9316347718,0.9316347718,0
0.85858586,-1.78787879,-0.9417216145,0.9417216145,0
0.86868687,-1.78787879,-0.9507541515,0.9507541515,0
0.87878788,-1.78787879,-0.9588077315,0.9588077315,0
0.88888889,-1.78787879,-0.9659526991,0.9659526991,0
0.89898990,-1.78787879,-0.9722543446,0.9722543446,0
0.90909091,-1.78787879,-0.9777729878,0.9777729878,0
0.91919192,-1.78787879,-0.9825641557,0.9825641557,0
0.92929293,-1.78787879,-0.9866788225,0.9866788225,0
0.93939394,-1.78787879,-0.9901636893,0.9901636893,0
0.94949495,-1.78787879,-0.9930614838,0.9930614838,0
0.95959596,-1.78787879,-0.9954112679,0.9954112679,0
0.96969697,-1.78787879,-0.9972487420,0.9972487420,0
0.97979798,-1.78787879,-0.9986065409,0.9986065409,0
0.98989899,-1.78787879,-0.9995145160,0.9995145160,0
1.00000000,-1.78787879,-1.0000000000,1.0000000000,0
0.00000000,-1.72727273,0.0000000000,-0.0000000000,0
0.01010101,-1.72727273,-0.0000000000,0.0000000000,0
0.02020202,-1.72727273,-0.0000000000,0.0000000000,0
0.03030303,-1.72727273,-0.0000000001,0.0000000001,0
0.04040404,-1.72727273,-0.0000000006,0.0000000006,0
0.05050505,-1.72727273,-0.0000000024,0.0000000024,0
0.06060606,-1.72727273,-0.0000000074,0.0000000074,0
0.07070707,-1.72727273,-0.0000000194,0.0000000194,0
0.08080808,-1.72727273,-0.0000000452,0.0000000452,0
0.09090909,-1.72727273,-0.0000000964,0.0000000964,0
0.10101010,-1.72727273,-0.0000001916,0.0000001916,0
0.11111111,-1.72727273,-0.0000003594,0.0000003594,0
0.12121212,-1.72727273,-0.0000006428,0.0000006428,0
0.13131313,-1.72727273,-0.0000011047,0.0000011047,0
0.14141414,-1.72727273,-0.0000018351,0.0000018351,0
0.15151515,-1.72727273,-0.0000029603,0.0000029603,0
0.16161616,-1.72727273,-0.0000046555,0.0000046555,0
0.17171717,-1.72727273,-0.0000071599,0.0000071599,0
0.18181818,-1.72727273,-0.0000107965,0.0000107965,0
0.19191919,-1.72727273,-0.0000159972,0.0000159972,0
0.20202020,-1.72727273,-0.0000233341,0.0000233341,0
0.21212121,-1.72727273,-0.0000335591,0.0000335591,0
0.22222222,-1.72727273,-0.0000476530,0.0000476530,0
0.23232323,-1.72727273,-0.0000668868,0.0000668868,0
0.24242424,-1.72727273,-0.0000928982,0.0000928982,0
0.25252525,-1.72727273,-0.0001277847,0.0001277847,0
0.26262626,-1.72727273,-0.0001742202,0.0001742202,0
0.27272727,-1.72727273,-0.0002355960,0.0002355960,0
0.28282828,-1.72727273,-0.0003161951,0.0003161951,0
0.29292929,-1.72727273,-0.0004214025,0.0004214025,0
0.30303030,-1.72727273,-0.0005579620,0.0005579620,0
0.31313131,-1.72727273,-0.0007342849,0.0007342849,0
0.32323232,-1.72727273,-0.0009608219,0.0009608219,0
0.33333333,-1.72727273,-0.0012505073,0.0012505073,0
0.34343434,-1.72727273,-0.0016192865,0.0016192865,0
0.35353535,-1.72727273,-0.0020867387,0.0020867387,0
0.36363636,-1.72727273,-0.0026768058,0.0026768058,0
0.37373737,-1.72727273,-0.0034186370,0.0034186370,0
0.38383838,-1.72727273,-0.0043475576,0.0043475576,0
0.39393939,-1.72727273,-0.0055061633,0.0055061633,0
0.40404040,-1.72727273,-0.0069455365,0.0069455365,0
0.41414141,-1.72727273,-0.0087265679,0.0087265679,0
0.42424242,-1.72727273,-0.0109213518,0.0109213518,0
0.43434343,-1.72727273,-0.0136146005,0.0136146005,0
0.44444444,-1.72727273,-0.0169049963,0.0169049963,0
0.45454545,-1.72727273,-0.0209063610,0.0209063610,0
0.46464646,-1.72727273,-0.0257484838,0.0257484838,0
0.47474747,-1.72727273,-0.0315773975,0.0315773975,0
0.48484848,-1.72727273,-0.0385548502,0.0385548502,0
0.49494949,-1.72727273,-0.0468566768,0.0468566768,0
0.50505051,-1.72727273,-0.0566697589,0.0566697589,0
0.51515152,-1.72727273,-0.0681872764,0.0681872764,0
0.52525253,-1.72727273,-0.0816020234,0.0816020234,0
0.53535354,-1.72727273,-0.0970977038,0.0970977038,0
0.54545455,-1.72727273,-0.1148383396,0.1148383396,0
0.55555556,-1.72727273,-0.1349562251,0.1349562251,0
0.56565657,-1.72727273,-0.1575392057,0.1575392057,0
0.57575758,-1.72727273,-0.1826184018,0.1826184018,0
0.58585859,-1.72727273,-0.2101577591,0.2101577591,0
0.59595960,-1.72727273,-0.2400468945,0.2400468945,0
0.60606061,-1.72727273,-0.2720985501,0.2720985501,0
0.61616162,-1.72727273,-0.3060515384,0.3060515384,0
0.62626263,-1.72727273,-0.3415794044,0.3415794044,0
0.63636364,-1.72727273,-0.3783042501,0.3783042501,0
0.64646465,-1.72727273,-0.4158144310,0.4158144310,0
0.65656566,-1.72727273,-0.4536843110,0.4536843110,0
0.66666667,-1.72727273,-0.4914940444,0.4914940444,0
0.67676768,-1.72727273,-0.5288475002,0.5288475002,0
0.68686869,-1.72727273,-0.5653868660,0.5653868660,0
0.69696970,-1.72727273,-0.6008030668,0.6008030668,0
0.70707071,-1.72727273,-0.6348417567,0.6348417567,0
0.71717172,-1.72727273,-0.6673051772,0.6673051772,0
0.72727273,-1.72727273,-0.6980505496,0.6980505496,0
0.73737374,-1.72727273,-0.7269858630,0.7269858630,0
0.74747475,-1.72727273,-0.7540639564,0.7540639564,0
0.75757576,-1.72727273,-0.7792757087,0.7792757087,0
0.76767677,-1.72727273,-0.8026430058,0.8026430058,0
0.77777778,-1.72727273,-0.8242119753,0.8242119753,0
0.78787879,-1.72727273,-0.8440468169,0.8440468169,0
0.79797980,-1.72727273,-0.8622244078,0.8622244078,0
0.80808081,-1.72727273,-0.8788297561,0.8788297561,0
0.81818182,-1.72727273,-0.8939522906,0.8939522906,0
0.82828283,-1.72727273,-0.9076829292,0.9076829292,0
0.83838384,-1.72727273,-0.9201118367,0.9201118367,0
0.84848485,-1.72727273,-0.9313267715,0.9313267715,0
0.85858586,-1.72727273,-0.9414119224,0.9414119224,0
0.86868687,-1.72727273,-0.9504471394,0.9504471394,0
0.87878788,-1.72727273,-0.9585074765,0.9585074765,0
0.88888889,-1.72727273,-0.9656629737,0.9656629737,0
0.89898990,-1.72727273,-0.9719786185,0.9719786185,0
0.90909091,-1.72727273,-0.9775144376,0.9775144376,0
0.91919192,-1.72727273,-0.9823256803,0.9823256803,0
0.92929293,-1.72727273,-0.9864630628,0.9864630628,0
0.93939394,-1.72727273,-0.9899730490,0.9899730490,0
0.94949495,-1.72727273,-0.9928981516,0.9928981516,0
0.95959596,-1.72727273,-0.9952772393,0.9952772393,0
0.96969697,-1.72727273,-0.9971458410,0.9971458410,0
0.97979798,-1.72727273,-0.9985364398,0.9985364398,0
0.98989899,-1.72727273,-0.9994787539,0.9994787539,0
1.00000000,-1.72727273,-1.0000000000,1.0000000000,0
0.00000000,-1.66666667,0.0000000000,-0.0000000000,0
0.01010101,-1.66666667,-0.0000000000,0.0000000000,0
0.02020202,-1.66666667,-0.0000000000,0.0000000000,0
0.03030303,-1.66666667,-0.0000000001,0.0000000001,0
0.04040404,-1.66666667,-0.0000000006,0.0000000006,0
0.05050505,-1.66666667,-0.0000000024,0.0000000024,0
0.06060606,-1.66666667,-0.0000000074,0.0000000074,0
0.07070707,-1.66666667,-0.0000000193,0.0000000193,0
0.08080808,-1.66666667,-0.0000000450,0.0000000450,0
0.09090909,-1.66666667,-0.0000000959,0.0000000959,0
0.10101010,-1.66666667,-0.0000001902,0.0000001902,0
0.11111111,-1.66666667,-0.0000003564,0.0000003564,0
0.12121212,-1.66666667,-0.0000006369,0.0000006369,0
0.13131313,-1.66666667,-0.0000010937,0.0000010937,0
0.14141414,-1.66666667,-0.0000018156,0.0000018156,0
0.15151515,-1.66666667,-0.0000029274,0.0000029274,0
0.16161616,-1.66666667,-0.0000046018,0.0000046018,0
0.17171717,-1.66666667,-0.0000070749,0.0000070749,0
0.18181818,-1.66666667,-0.0000106652,0.0000106652,0
0.19191919,-1.66666667,-0.0000157991,0.0000157991,0
0.20202020,-1.66666667,-0.0000230410,0.0000230410,0
0.21212121,-1.66666667,-0.0000331329,0.0000331329,0
0.22222222,-1.66666667,-0.0000470431,0.0000470431,0
0.23232323,-1.66666667,-0.0000660267,0.0000660267,0
0.24242424,-1.66666667,-0.0000917008,0.0000917008,0
0.25252525,-1.66666667,-0.0001261379,0.0001261379,0
0.26262626,-1.66666667,-0.0001719802,0.0001719802,0
0.27272727,-1.66666667,-0.0002325806,0.0002325806,0
0.28282828,-1.66666667,-0.0003121747,0.0003121747,0
0.29292929,-1.66666667,-0.0004160905,0.0004160905,0
0.30303030,-1.66666667,-0.0005510034,0.0005510034,0
0.31313131,-1.66666667,-0.0007252433,0.0007252433,0
0.32323232,-1.66666667,-0.0009491655,0.0009491655,0
0.33333333,-1.66666667,-0.0012355929,0.0012355929,0
0.34343434,-1.66666667,-0.0016003435,0.0016003435,0
0.35353535,-1.66666667,-0.0020628520,0.0020628520,0
0.36363636,-1.66666667,-0.0026468996,0.0026468996,0
0.37373737,-1.66666667,-0.0033814606,0.0033814606,0
0.38383838,-1.66666667,-0.0043016747,0.0043016747,0
0.39393939,-1.66666667,-0.0054499472,0.0054499472,0
0.40404040,-1.66666667,-0.0068771750,0.0068771750,0
0.41414141,-1.66666667,-0.0086440807,0.0086440807,0
0.42424242,-1.66666667,-0.0108226259,0.0108226259,0
0.43434343,-1.66666667,-0.0134974485,0.0134974485,0
0.44444444,-1.66666667,-0.0167672422,0.0167672422,0
0.45454545,-1.66666667,-0.0207459605,0.0207459605,0
0.46464646,-1.66666667,-0.0255636807,0.0255636807,0
0.47474747,-1.66666667,-0.0313669195,0.0313669195,0
0.48484848,-1.66666667,-0.0383181401,0.0383181401,0
0.49494949,-1.66666667,-0.0465941497,0.0465941497,0
0.50505051,-1.66666667,-0.0563830687,0.0563830687,0
0.51515152,-1.66666667,-0.0678795629,0.0678795629,0
0.52525253,-1.66666667,-0.0812781047,0.0812781047,0
0.53535354,-1.66666667,-0.0967641664,0.0967641664,0
0.54545455,-1.66666667,-0.1145034795,0.1145034795,0
0.55555556,-1.66666667,-0.1346297973,0.1346297973,0
0.56565657,-1.66666667,-0.1572319557,0.1572319557,0
0.57575758,-1.66666667,-0.1823413821,0.1823413821,0
0.58585859,-1.66666667,-0.2099214734,0.2099214734,0
0.59595960,-1.66666667,-0.2398603505,0.2398603505,0
0.60606061,-1.66666667,-0.2719683375,0.2719683375,0
0.61616162,-1.66666667,-0.3059810644,0.3059810644,0
0.62626263,-1.66666667,-0.3415684068,0.3415684068,0
0.63636364,-1.66666667,-0.3783486720,0.3783486720,0
0.64646465,-1.66666667,-0.4159066845,0.4159066845,0
0.65656566,-1.66666667,-0.4538138921,0.4538138921,0
0.66666667,-1.66666667,-0.4916484080,0.4916484080,0
0.67676768,-1.66666667,-0.5290130701,0.5290130701,0
0.68686869,-1.66666667,-0.5655500482,0.5655500482,0
0.69696970,-1.66666667,-0.6009511527,0.6009511527,0
0.70707071,-1.66666667,-0.6349636369,0.6349636369,0
0.71717172,-1.66666667,-0.6673918252,0.6673918252,0
0.72727273,-1.66666667,-0.6980952740,0.6980952740,0
0.73737374,-1.66666667,-0.7269843531,0.7269843531,0
0.74747475,-1.66666667,-0.7540141631,0.7540141631,0
0.75757576,-1.66666667,-0.7791776103,0.7791776103,0
0.76767677,-1.66666667,-0.8024983042,0.8024983042,0
0.77777778,-1.66666667,-0.8240237637,0.8240237637,0
0.78787879,-1.66666667,-0.8438192490,0.8438192490,0
0.79797980,-1.66666667,-0.8619623907,0.8619623907,0
0.80808081,-1.66666667,-0.8785386787,0.8785386787,0
0.81818182,-1.66666667,-0.8936377951,0.8936377951,0
0.82828283,-1.66666667,-0.9073507256,0.9073507256,0
0.83838384,-1.66666667,-0.9197675591,0.9197675591,0
0.84848485,-1.66666667,-0.9309758716,0.9309758716,0
0.85858586,-1.66666667,-0.9410595943,0.9410595943,0
0.86868687,-1.66666667,-0.9500982720,0.9500982720,0
0.87878788,-1.66666667,-0.9581666266,0.9581666266,0
0.88888889,-1.66666667,-0.9653343558,0.9653343558,0
0.89898990,-1.66666667,-0.9716661072,0.9716661072,0
0.90909091,-1.66666667,-0.9772215793,0.9772215793,0
0.91919192,-1.66666667,-0.9820557108,0.9820557108,0
0.92929293,-1.66666667,-0.9862189287,0.9862189287,0
0.93939394,-1.66666667,-0.9897574319,0.9897574319,0
0.94949495,-1.66666667,-0.9927134928,0.9927134928,0
0.95959596,-1.66666667,-0.9951257643,0.9951257643,0
0.96969697,-1.66666667,-0.9970295831,0.9970295831,0
0.97979798,-1.66666667,-0.9984572628,0.9984572628,0
0.98989899,-1.66666667,-0.9994383729,0.9994383729,0
1.00000000,-1.66666667,-1.0000000000,1.0000000000,0
0.00000000,-1.60606061,0.0000000000,-0.0000000000,0
0.01010101,-1.60606061,-0.0000000000,0.0000000000,0
0.02020202,-1.60606061,-0.0000000000,0.0000000000,0
0.03030303,-1.60606061,-0.0000000001,0.0000000001,0
0.04040404,-1.60606061,-0.0000000006,0.0000000006,0
0.05050505,-1.60606061,-0.0000000024,0.0000000024,0
0.06060606,-1.60606061,-0.0000000074,0.0000000074,0
0.07070707,-1.60606061,-0.0000000193,0.0000000193,0
0.08080808,-1.60606061,-0.0000000448,0.0000000448,0
0.09090909,-1.60606061,-0.0000000952,0.0000000952,0
0.10101010,-1.60606061,-0.0000001886,0.0000001886,0
0.11111111,-1.60606061,-0.0000003530,0.0000003530,0
0.12121212,-1.60606061,-0.0000006302,0.0000006302,0
0.13131313,-1.60606061,-0.0000010814,0.0000010814,0
0.14141414,-1.60606061,-0.0000017940,0.0000017940,0
0.15151515,-1.60606061,-0.0000028909,0.0000028909,0
0.16161616,-1.60606061,-0.0000045423,0.0000045423,0
0.17171717,-1.60606061,-0.0000069807,0.0000069807,0
0.18181818,-1.60606061,-0.0000105199,0.0000105199,0
0.19191919,-1.60606061,-0.0000155797,0.0000155797,0
0.20202020,-1.60606061,-0.0000227164,0.0000227164,0
0.21212121,-1.60606061,-0.0000326611,0.0000326611,0
0.22222222,-1.60606061,-0.0000463680,0.0000463680,0
0.23232323,-1.60606061,-0.0000650745,0.0000650745,0
0.24242424,-1.60606061,-0.0000903753,0.0000903753,0
0.25252525,-1.60606061,-0.0001243146,0.0001243146,0
0.26262626,-1.60606061,-0.0001695000,0.0001695000,0
0.27272727,-1.60606061,-0.0002292411,0.0002292411,0
0.28282828,-1.60606061,-0.0003077213,0.0003077213,0
0.29292929,-1.60606061,-0.0004102050,0.0004102050,0
0.30303030,-1.60606061,-0.0005432912,0.0005432912,0
0.31313131,-1.60606061,-0.0007152196,0.0007152196,0
0.32323232,-1.60606061,-0.0009362385,0.0009362385,0
0.33333333,-1.60606061,-0.0012190470,0.0012190470,0
0.34343434,-1.60606061,-0.0015793199,0.0015793199,0
0.35353535,-1.60606061,-0.0020363305,0.0020363305,0
0.36363636,-1.60606061,-0.0026136795,0.0026136795,0
0.37373737,-1.60606061,-0.0033401447,0.0033401447,0
0.38383838,-1.60606061,-0.0042506561,0.0042506561,0
0.39393939,-1.60606061,-0.0053874042,0.0053874042,0
0.40404040,-1.60606061,-0.0068010747,0.0068010747,0
0.41414141,-1.60606061,-0.0085521982,0.0085521982,0
0.42424242,-1.60606061,-0.0107125826,0.0107125826,0
0.43434343,-1.60606061,-0.0133667757,0.0133667757,0
0.44444444,-1.60606061,-0.0166134769,0.0166134769,0
0.45454545,-1.60606061,-0.0205667785,0.0205667785,0
0.46464646,-1.60606061,-0.0253570721,0.0253570721,0
0.47474747,-1.60606061,-0.0311314079,0.0311314079,0
0.48484848,-1.60606061,-0.0380530427,0.0380530427,0
0.49494949,-1.60606061,-0.0462998681,0.0462998681,0
0.50505051,-1.60606061,-0.0560613909,0.0560613909,0
0.51515152,-1.60606061,-0.0675339456,0.0675339456,0
0.52525253,-1.60606061,-0.0809138932,0.0809138932,0
0.53535354,-1.60606061,-0.0963887012,0.0963887012,0
0.54545455,-1.60606061,-0.1141260348,0.1141260348,0
0.55555556,-1.60606061,-0.1342613009,0.1342613009,0
0.56565657,-1.60606061,-0.1568844618,0.1568844618,0
0.57575758,-1.60606061,-0.1820272997,0.1820272997,0
0.58585859,-1.60606061,-0.2096525970,0.2096525970,0
0.59595960,-1.60606061,-0.2396467881,0.2396467881,0
0.60606061,-1.60606061,-0.2718174677,0.2718174677,0
0.61616162,-1.60606061,-0.3058966737,0.3058966737,0
0.62626263,-1.60606061,-0.3415501442,0.3415501442,0
0.63636364,-1.60606061,-0.3783919168,0.3783919168,0
0.64646465,-1.60606061,-0.4160028549,0.4160028549,0
0.65656566,-1.60606061,-0.4539511503,0.4539511503,0
0.66666667,-1.60606061,-0.4918126561,0.4918126561,0
0.67676768,-1.60606061,-0.5291890932,0.5291890932,0
0.68686869,-1.60606061,-0.5657226555,0.5657226555,0
0.69696970,-1.60606061,-0.6011061884,0.6011061884,0
0.70707071,-1.60606061,-0.6350887724,0.6350887724,0
0.71717172,-1.60606061,-0.6674770917,0.6674770917,0
0.72727273,-1.60606061,-0.6981333323,0.6981333323,0
0.73737374,-1.60606061,-0.7269705333,0.7269705333,0
0.74747475,-1.60606061,-0.7539463216,0.7539463216,0
0.75757576,-1.60606061,-0.7790558599,0.7790558599,0
0.76767677,-1.60606061,-0.8023246691,0.8023246691,0
0.77777778,-1.60606061,-0.8238018053,0.8238018053,0
0.78787879,-1.60606061,-0.8435536952,0.8435536952,0
0.79797980,-1.60606061,-0.8616587930,0.8616587930,0
0.80808081,-1.60606061,-0.8782031104,0.8782031104,0
0.81818182,-1.60606061,-0.8932765980,0.8932765980,0
0.82828283,-1.60606061,-0.9069703054,0.9069703054,0
0.83838384,-1.60606061,-0.9193742267,0.9193742267,0
0.84848485,-1.60606061,-0.9305757260,0.9305757260,0
0.85858586,-1.60606061,-0.9406584416,0.9406584416,0
0.86868687,-1.60606061,-0.9497015725,0.9497015725,0
0.87878788,-1.60606061,-0.9577794667,0.9577794667,0
0.88888889,-1.60606061,-0.9649614375,0.9649614375,0
0.89898990,-1.60606061,-0.9713117518,0.9713117518,0
0.90909091,-1.60606061,-0.9768897404,0.9768897404,0
0.91919192,-1.60606061,-0.9817499946,0.9817499946,0
0.92929293,-1.60606061,-0.9859426187,0.9859426187,0
0.93939394,-1.60606061,-0.9895135154,0.9895135154,0
0.94949495,-1.60606061,-0.9925046885,0.9925046885,0
0.95959596,-1.60606061,-0.9949545502,0.9949545502,0
0.96969697,-1.60606061,-0.9968982226,0.9968982226,0
0.97979798,-1.60606061,-0.9983678299,0.9983678299,0
0.98989899,-1.60606061,-0.9993927751,0.9993927751,0
1.00000000,-1.60606061,-1.0000000000,1.0000000000,0
0.00000000,-1.54545455,0.0000000000,-0.0000000000,0
0.01010101,-1.54545455,-0.0000000000,0.0000000000,0
0.02020202,-1.54545455,-0.0000000000,0.0000000000,0
0.03030303,-1.54545455,-0.0000000001,0.0000000001,0
0.04040404,-1.54545455,-0.0000000006,0.0000000006,0
0.05050505,-1.54545455,-0.0000000024,0.0000000024,0
0.06060606,-1.54545455,-0.0000000074,0.0000000074,0
0.07070707,-1.54545455,-0.0000000192,0.0000000192,0
0.08080808,-1.54545455,-0.0000000445,0.0000000445,0
0.09090909,-1.54545455,-0.0000000945,0.0000000945,0
0.10101010,-1.54545455,-0.0000001869,0.0000001869,0
0.11111111,-1.54545455,-0.0000003493,0.0000003493,0
0.12121212,-1.54545455,-0.0000006228,0.0000006228,0
0.13131313,-1.54545455,-0.0000010677,0.0000010677,0
0.14141414,-1.54545455,-0.0000017700,0.0000017700,0
0.15151515,-1.54545455,-0.0000028505,0.0000028505,0
0.16161616,-1.54545455,-0.0000044765,0.0000044765,0
0.17171717,-1.54545455,-0.0000068765,0.0000068765,0
0.18181818,-1.54545455,-0.0000103593,0.0000103593,0
0.19191919,-1.54545455,-0.0000153374,0.0000153374,0
0.20202020,-1.54545455,-0.0000223579,0.0000223579,0
0.21212121,-1.54545455,-0.0000321400,0.0000321400,0
0.22222222,-1.54545455,-0.0000456225,0.0000456225,0
0.23232323,-1.54545455,-0.0000640230,0.0000640230,0
0.24242424,-1.54545455,-0.0000889114,0.0000889114,0
0.25252525,-1.54545455,-0.0001223008,0.0001223008,0
0.26262626,-1.54545455,-0.0001667601,0.0001667601,0
0.27272727,-1.54545455,-0.0002255513,0.0002255513,0
0.28282828,-1.54545455,-0.0003027995,0.0003027995,0
0.29292929,-1.54545455,-0.0004036988,0.0004036988,0
0.30303030,-1.54545455,-0.0005347633,0.0005347633,0
0.31313131,-1.54545455,-0.0007041319,0.0007041319,0
0.32323232,-1.54545455,-0.0009219342,0.0009219342,0
0.33333333,-1.54545455,-0.0012007305,0.0012007305,0
0.34343434,-1.54545455,-0.0015560365,0.0015560365,0
0.35353535,-1.54545455,-0.0020069442,0.0020069442,0
0.36363636,-1.54545455,-0.0025768524,0.0025768524,0
0.37373737,-1.54545455,-0.0032943175,0.0032943175,0
0.38383838,-1.54545455,-0.0041940339,0.0041940339,0
0.39393939,-1.54545455,-0.0053179485,0.0053179485,0
0.40404040,-1.54545455,-0.0067165075,0.0067165075,0
0.41414141,-1.54545455,-0.0084500214,0.0084500214,0
0.42424242,-1.54545455,-0.0105901196,0.0105901196,0
0.43434343,-1.54545455,-0.0132212411,0.0132212411,0
0.44444444,-1.54545455,-0.0164420824,0.0164420824,0
0.45454545,-1.54545455,-0.0203668806,0.0203668806,0
0.46464646,-1.54545455,-0.0251263676,0.0251263676,0
0.47474747,-1.54545455,-0.0308681799,0.0308681799,0
0.48484848,-1.54545455,-0.0377564529,0.0377564529,0
0.49494949,-1.54545455,-0.0459702856,0.0459702856,0
0.50505051,-1.54545455,-0.0557007344,0.0557007344,0
0.51515152,-1.54545455,-0.0671460053,0.0671460053,0
0.52525253,-1.54545455,-0.0805045841,0.0805045841,0
0.53535354,-1.54545455,-0.0959661895,0.0959661895,0
0.54545455,-1.54545455,-0.1137006730,0.1137006730,0
0.55555556,-1.54545455,-0.1338453169,0.1338453169,0
0.56565657,-1.54545455,-0.1564913655,0.1564913655,0
0.57575758,-1.54545455,-0.1816710119,0.1816710119,0
0.58585859,-1.54545455,-0.2093463519,0.2093463519,0
0.59595960,-1.54545455,-0.2394019191,0.2394019191,0
0.60606061,-1.54545455,-0.2716422277,0.2716422277,0
0.61616162,-1.54545455,-0.3057952616,0.3057952616,0
0.62626263,-1.54545455,-0.3415220959,0.3415220959,0
0.63636364,-1.54545455,-0.3784319664,0.3784319664,0
0.64646465,-1.54545455,-0.4161012971,0.4161012971,0
0.65656566,-1.54545455,-0.4540946503,0.4540946503,0
0.66666667,-1.54545455,-0.4919853839,0.4919853839,0
0.67676768,-1.54545455,-0.5293740173,0.5293740173,0
0.68686869,-1.54545455,-0.5659028263,0.5659028263,0
0.69696970,-1.54545455,-0.6012658683,0.6012658683,0
0.70707071,-1.54545455,-0.6352143142,0.6352143142,0
0.71717172,-1.54545455,-0.6675575204,0.6675575204,0
0.72727273,-1.54545455,-0.6981606330,0.6981606330,0
0.73737374,-1.54545455,-0.7269396803,0.7269396803,0
0.74747475,-1.54545455,-0.7538551066,0.7538551066,0
0.75757576,-1.54545455,-0.7789045804,0.7789045804,0
0.76767677,-1.54545455,-0.8021157377,0.8021157377,0
0.77777778,-1.54545455,-0.8235393274,0.8235393274,0
0.78787879,-1.54545455,-0.8432430547,0.8432430547,0
0.79797980,-1.54545455,-0.8613062699,0.8613062699,0
0.80808081,-1.54545455,-0.8778155469,0.8778155469,0
0.81818182,-1.54545455,-0.8928611176,0.8928611176,0
0.82828283,-1.54545455,-0.9065340876,0.9065340876,0
0.83838384,-1.54545455,-0.9189243330,0.9189243330,0
0.84848485,-1.54545455,-0.9301189724,0.9301189724,0
0.85858586,-1.54545455,-0.9402013093,0.9402013093,0
0.86868687,-1.54545455,-0.9492501521,0.9492501521,0
0.87878788,-1.54545455,-0.9573394277,0.9573394277,0
0.88888889,-1.54545455,-0.9645380182,0.9645380182,0
0.89898990,-1.54545455,-0.9709097640,0.9709097640,0
0.90909091,-1.54545455,-0.9765135849,0.9765135849,0
0.91919192,-1.54545455,-0.9814036845,0.9814036845,0
0.92929293,-1.54545455,-0.9856298065,0.9856298065,0
0.93939394,-1.54545455,-0.9892375232,0.9892375232,0
0.94949495,-1.54545455,-0.9922685394,0.9922685394,0
0.95959596,-1.54545455,-0.9947609982,0.9947609982,0
0.96969697,-1.54545455,-0.9967497827,0.9967497827,0
0.97979798,-1.54545455,-0.9982668059,0.9982668059,0
0.98989899,-1.54545455,-0.9993412852,0.9993412852,0
1.00000000,-1.54545455,-1.0000000000,1.0000000000,0
0.00000000,-1.48484848,0.0000000000,-0.0000000000,0
0.01010101,-1.48484848,-0.0000000000,0.0000000000,0
0.02020202,-1.48484848,-0.0000000000,0.0000000000,0
0.03030303,-1.48484848,-0.0000000001,0.0000000001,0
0.04040404,-1.48484848,-0.0000000006,0.0000000006,0
0.05050505,-1.48484848,-0.0000000024,0.0000000024,0
0.06060606,-1.48484848,-0.0000000074,0.0000000074,0
0.07070707,-1.48484848,-0.0000000191,0.0000000191,0
0.08080808,-1.48484848,-0.0000000442,0.0000000442,0
0.09090909,-1.48484848,-0.0000000936,0.0000000936,0
0.10101010,-1.48484848,-0.0000001849,0.0000001849,0
0.11111111,-1.48484848,-0.0000003451,0.0000003451,0
0.12121212,-1.48484848,-0.0000006146,0.0000006146,0
0.13131313,-1.48484848,-0.0000010527,0.0000010527,0
0.14141414,-1.48484848,-0.0000017436,0.0000017436,0
0.15151515,-1.48484848,-0.0000028059,0.0000028059,0
0.16161616,-1.48484848,-0.0000044039,0.0000044039,0
0.17171717,-1.48484848,-0.0000067617,0.0000067617,0
0.18181818,-1.48484848,-0.0000101822,0.0000101822,0
0.19191919,-1.48484848,-0.0000150704,0.0000150704,0
0.20202020,-1.48484848,-0.0000219631,0.0000219631,0
0.21212121,-1.48484848,-0.0000315662,0.0000315662,0
0.22222222,-1.48484848,-0.0000448015,0.0000448015,0
0.23232323,-1.48484848,-0.0000628650,0.0000628650,0
0.24242424,-1.48484848,-0.0000872990,0.0000872990,0
0.25252525,-1.48484848,-0.0001200825,0.0001200825,0
0.26262626,-1.48484848,-0.0001637413,0.0001637413,0
0.27272727,-1.48484848,-0.0002214851,0.0002214851,0
0.28282828,-1.48484848,-0.0002973744,0.0002973744,0
0.29292929,-1.48484848,-0.0003965249,0.0003965249,0
0.30303030,-1.48484848,-0.0005253572,0.0005253572,0
0.31313131,-1.48484848,-0.0006918978,0.0006918978,0
0.32323232,-1.48484848,-0.0009061443,0.0009061443,0
0.33333333,-1.48484848,-0.0011805028,0.0011805028,0
0.34343434,-1.48484848,-0.0015303109,0.0015303109,0
0.35353535,-1.48484848,-0.0019744585,0.0019744585,0
0.36363636,-1.48484848,-0.0025361178,0.0025361178,0
0.37373737,-1.48484848,-0.0032435971,0.0032435971,0
0.38383838,-1.48484848,-0.0041313249,0.0041313249,0
0.39393939,-1.48484848,-0.0052409730,0.0052409730,0
0.40404040,-1.48484848,-0.0066227151,0.0066227151,0
0.41414141,-1.48484848,-0.0083366096,0.0083366096,0
0.42424242,-1.48484848,-0.0104540781,0.0104540781,0
0.43434343,-1.48484848,-0.0130594283,0.0130594283,0
0.44444444,-1.48484848,-0.0162513414,0.0162513414,0
0.45454545,-1.48484848,-0.0201442028,0.0201442028,0
0.46464646,-1.48484848,-0.0248691109,0.0248691109,0
0.47474747,-1.48484848,-0.0305743434,0.0305743434,0
0.48484848,-1.48484848,-0.0374250059,0.0374250059,0
0.49494949,-1.48484848,-0.0456015385,0.0456015385,0
0.50505051,-1.48484848,-0.0552967272,0.0552967272,0
0.51515152,-1.48484848,-0.0667108749,0.0667108749,0
0.52525253,-1.48484848,-0.0800448566,0.0800448566,0
0.53535354,-1.48484848,-0.0954909290,0.0954909290,0
0.54545455,-1.48484848,-0.1132214170,0.1132214170,0
0.55555556,-1.48484848,-0.1333757300,0.1333757300,0
0.56565657,-1.48484848,-0.1560465735,0.1560465735,0
0.57575758,-1.48484848,-0.1812666167,0.1812666167,0
0.58585859,-1.48484848,-0.2089971902,0.2089971902,0
0.59595960,-1.48484848,-0.2391206864,0.2391206864,0
0.60606061,-1.48484848,-0.2714381431,0.2714381431,0
0.61616162,-1.48484848,-0.3056729708,0.3056729708,0
0.62626263,-1.48484848,-0.3414809910,0.3414809910,0
0.63636364,-1.48484848,-0.3784660430,0.3784660430,0
0.64646465,-1.48484848,-0.4161995811,0.4161995811,0
0.65656566,-1.48484848,-0.4542421297,0.4542421297,0
0.66666667,-1.48484848,-0.4921643009,0.4921643009,0
0.67676768,-1.48484848,-0.5295653324,0.5295653324,0
0.68686869,-1.48484848,-0.5660876614,0.5660876614,0
0.69696970,-1.48484848,-0.6014267669,0.6014267669,0
0.70707071,-1.48484848,-0.6353362125,0.6353362125,0
0.71717172,-1.48484848,-0.6676283806,0.6676283806,0
0.72727273,-1.48484848,-0.6981717459,0.6981717459,0
0.73737374,-1.48484848,-0.7268856801,0.7268856801,0
0.74747475,-1.48484848,-0.7537337634,0.7537337634,0
0.75757576,-1.48484848,-0.7787164412,0.7787164412,0
0.76767677,-1.48484848,-0.8018636822,0.8018636822,0
0.77777778,-1.48484848,-0.8232280938,0.8232280938,0
0.78787879,-1.48484848,-0.8428787763,0.8428787763,0
0.79797980,-1.48484848,-0.8608960506,0.8608960506,0
0.80808081,-1.48484848,-0.8773670906,0.8773670906,0
0.81818182,-1.48484848,-0.8923824195,0.8923824195,0
0.82828283,-1.48484848,-0.9060331865,0.9060331865,0
0.83838384,-1.48484848,-0.9184091213,0.9184091213,0
0.84848485,-1.48484848,-0.9295970567,0.9295970567,0
0.85858586,-1.48484848,-0.9396799145,0.9396799145,0
0.86868687,-1.48484848,-0.9487360615,0.9487360615,0
0.87878788,-1.48484848,-0.9568389508,0.9568389508,0
0.88888889,-1.48484848,-0.9640569811,0.9640569811,0
0.89898990,-1.48484848,-0.9704535155,0.9704535155,0
0.90909091,-1.48484848,-0.9760870153,0.9760870153,0
0.91919192,-1.48484848,-0.9810112512,0.9810112512,0
0.92929293,-1.48484848,-0.9852755652,0.9852755652,0
0.93939394,-1.48484848,-0.9889251620,0.9889251620,0
0.94949495,-1.48484848,-0.9920014127,0.9920014127,0
0.95959596,-1.48484848,-0.9945421614,0.9945421614,0
0.96969697,-1.48484848,-0.9965820250,0.9965820250,0
0.97979798,-1.48484848,-0.9981526809,0.9981526809,0
0.98989899,-1.48484848,-0.9992831396,0.9992831396,0
1.00000000,-1.48484848,-1.0000000000,1.0000000000,0
0.00000000,-1.42424242,0.0000000000,-0.0000000000,0
0.01010101,-1.42424242,-0.0000000000,0.0000000000,0
0.02020202,-1.42424242,-0.0000000000,0.0000000000,0
0.03030303,-1.42424242,-0.0000000001,0.0000000001,0
0.04040404,-1.42424242,-0.0000000006,0.0000000006,0
0.05050505,-1.42424242,-0.0000000024,0.0000000024,0
0.06060606,-1.42424242,-0.0000000074,0.0000000074,0
0.07070707,-1.42424242,-0.0000000190,0.0000000190,0
0.08080808,-1.42424242,-0.0000000439,0.0000000439,0
0.09090909,-1.42424242,-0.0000000927,0.0000000927,0
0.10101010,-1.42424242,-0.0000001827,0.0000001827,0
0.11111111,-1.42424242,-0.0000003404,0.0000003404,0
0.12121212,-1.42424242,-0.0000006056,0.0000006056,0
0.13131313,-1.42424242,-0.0000010360,0.0000010360,0
0.14141414,-1.42424242,-0.0000017144,0.0000017144,0
0.15151515,-1.42424242,-0.0000027568,0.0000027568,0
0.16161616,-1.42424242,-0.0000043241,0.0000043241,0
0.17171717,-1.42424242,-0.0000066355,0.0000066355,0
0.18181818,-1.42424242,-0.0000099877,0.0000099877,0
0.19191919,-1.42424242,-0.0000147772,0.0000147772,0
0.20202020,-1.42424242,-0.0000215294,0.0000215294,0
0.21212121,-1.42424242,-0.0000309360,0.0000309360,0
0.22222222,-1.42424242,-0.0000438999,0.0000438999,0
0.23232323,-1.42424242,-0.0000615933,0.0000615933,0
0.24242424,-1.42424242,-0.0000855283,0.0000855283,0
0.25252525,-1.42424242,-0.0001176460,0.0001176460,0
0.26262626,-1.42424242,-0.0001604252,0.0001604252,0
0.27272727,-1.42424242,-0.0002170173,0.0002170173,0
0.28282828,-1.42424242,-0.0002914116,0.0002914116,0
0.29292929,-1.42424242,-0.0003886376,0.0003886376,0
0.30303030,-1.42424242,-0.0005150117,0.0005150117,0
0.31313131,-1.42424242,-0.0006784363,0.0006784363,0
0.32323232,-1.42424242,-0.0008887623,0.0008887623,0
0.33333333,-1.42424242,-0.0011582243,0.0011582243,0
0.34343434,-1.42424242,-0.0015019618,0.0015019618,0
0.35353535,-1.42424242,-0.0019386387,0.0019386387,0
0.36363636,-1.42424242,-0.0024911740,0.0024911740,0
0.37373737,-1.42424242,-0.0031875975,0.0031875975,0
0.38383838,-1.42424242,-0.0040620384,0.0040620384,0
0.39393939,-1.42424242,-0.0051558577,0.0051558577,0
0.40404040,-1.42424242,-0.0065189190,0.0065189190,0
0.41414141,-1.42424242,-0.0082109914,0.0082109914,0
0.42424242,-1.42424242,-0.0103032548,0.0103032548,0
0.43434343,-1.42424242,-0.0128798575,0.0128798575,0
0.44444444,-1.42424242,-0.0160394487,0.0160394487,0
0.45454545,-1.42424242,-0.0198965625,0.0198965625,0
0.46464646,-1.42424242,-0.0245826885,0.0245826885,0
0.47474747,-1.42424242,-0.0302468025,0.0302468025,0
0.48484848,-1.42424242,-0.0370550773,0.0370550773,0
0.49494949,-1.42424242,-0.0451894392,0.0451894392,0
0.50505051,-1.42424242,-0.0548446010,0.0548446010,0
0.51515152,-1.42424242,-0.0662232126,0.0662232126,0
0.52525253,-1.42424242,-0.0795288324,0.0795288324,0
0.53535354,-1.42424242,-0.0949565790,0.0949565790,0
0.54545455,-1.42424242,-0.1126815739,0.1126815739,0
0.55555556,-1.42424242,-0.1328456410,0.1328456410,0
0.56565657,-1.42424242,-0.1555431519,0.1555431519,0
0.57575758,-1.42424242,-0.1808073302,0.1808073302,0
0.58585859,-1.42424242,-0.2085986549,0.2085986549,0
0.59595960,-1.42424242,-0.2387971080,0.2387971080,0
0.60606061,-1.42424242,-0.2711998061,0.2711998061,0
0.61616162,-1.42424242,-0.3055250014,0.3055250014,0
0.62626263,-1.42424242,-0.3414225993,0.3414225993,0
0.63636364,-1.42424242,-0.3784903798,0.3784903798,0
0.64646465,-1.42424242,-0.4162942417,0.4162942417,0
0.65656566,-1.42424242,-0.4543902263,0.4543902263,0
0.66666667,-1.42424242,-0.4923459365,0.4923459365,0
0.67676768,-1.42424242,-0.5297592570,0.5297592570,0
0.68686869,-1.42424242,-0.5662728926,0.5662728926,0
0.69696970,-1.42424242,-0.6015839927,0.6015839927,0
0.70707071,-1.42424242,-0.6354488607,0.6354488607,0
0.71717172,-1.42424242,-0.6676833046,0.6676833046,0
0.72727273,-1.42424242,-0.6981595383,0.6981595383,0
0.73737374,-1.42424242,-0.7268006670,0.7268006670,0
0.74747475,-1.42424242,-0.7535737535,0.7535737535,0
0.75757576,-1.42424242,-0.7784823120,0.7784823120,0
0.76767677,-1.42424242,-0.8015588758,0.8015588758,0
0.77777778,-1.42424242,-0.8228580844,0.8228580844,0
0.78787879,-1.42424242,-0.8424505534,0.8424505534,0
0.79797980,-1.42424242,-0.8604176478,0.8604176478,0
0.80808081,-1.42424242,-0.8768471770,0.8768471770,0
0.81818182,-1.42424242,-0.8918299603,0.8918299603,0
0.82828283,-1.42424242,-0.9054571724,0.9054571724,0
0.83838384,-1.42424242,-0.9178183613,0.9178183613,0
0.84848485,-1.42424242,-0.9290000273,0.9290000273,0
0.85858586,-1.42424242,-0.9390846569,0.9390846569,0
0.86868687,-1.42424242,-0.9481501174,0.9481501174,0
0.87878788,-1.42424242,-0.9562693294,0.9562693294,0
0.88888889,-1.42424242,-0.9635101500,0.9635101500,0
0.89898990,-1.42424242,-0.9699354097,0.9699354097,0
0.90909091,-1.42424242,-0.9756030579,0.9756030579,0
0.91919192,-1.42424242,-0.9805663834,0.9805663834,0
0.92929293,-1.42424242,-0.9848742816,0.9848742816,0
0.93939394,-1.42424242,-0.9885715477,0.9885715477,0
0.94949495,-1.42424242,-0.9916991826,0.9916991826,0
0.95959596,-1.42424242,-0.9942946976,0.9942946976,0
0.96969697,-1.42424242,-0.9963924136,0.9963924136,0
0.97979798,-1.42424242,-0.9980237462,0.9980237462,0
0.98989899,-1.42424242,-0.9992174759,0.9992174759,0
1.00000000,-1.42424242,-1.0000000000,1.0000000000,0
0.00000000,-1.36363636,0.0000000000,-0.0000000000,0
0.01010101,-1.36363636,-0.0000000000,0.0000000000,0
0.02020202,-1.36363636,-0.0000000000,0.0000000000,0
0.03030303,-1.36363636,-0.0000000001,0.0000000001,0
0.04040404,-1.36363636,-0.0000000007,0.0000000007,0
0.05050505,-1.36363636,-0.0000000025,0.0000000025,0
0.06060606,-1.36363636,-0.0000000074,0.0000000074,0
0.07070707,-1.36363636,-0.0000000189,0.0000000189,0
0.08080808,-1.36363636,-0.0000000435,0.0000000435,0
0.09090909,-1.36363636,-0.0000000916,0.0000000916,0
0.10101010,-1.36363636,-0.0000001802,0.0000001802,0
0.11111111,-1.36363636,-0.0000003353,0.0000003353,0
0.12121212,-1.36363636,-0.0000005956,0.0000005956,0
0.13131313,-1.36363636,-0.0000010177,0.0000010177,0
0.14141414,-1.36363636,-0.0000016823,0.0000016823,0
0.15151515,-1.36363636,-0.0000027029,0.0000027029,0
0.16161616,-1.36363636,-0.0000042365,0.0000042365,0
0.17171717,-1.36363636,-0.0000064972,0.0000064972,0
0.18181818,-1.36363636,-0.0000097747,0.0000097747,0
0.19191919,-1.36363636,-0.0000144560,0.0000144560,0
0.20202020,-1.36363636,-0.0000210547,0.0000210547,0
0.21212121,-1.36363636,-0.0000302463,0.0000302463,0
0.22222222,-1.36363636,-0.0000429132,0.0000429132,0
0.23232323,-1.36363636,-0.0000602015,0.0000602015,0
0.24242424,-1.36363636,-0.0000835902,0.0000835902,0
0.25252525,-1.36363636,-0.0001149787,0.0001149787,0
0.26262626,-1.36363636,-0.0001567941,0.0001567941,0
0.27272727,-1.36363636,-0.0002121239,0.0002121239,0
0.28282828,-1.36363636,-0.0002848789,0.0002848789,0
0.29292929,-1.36363636,-0.0003799933,0.0003799933,0
0.30303030,-1.36363636,-0.0005036686,0.0005036686,0
0.31313131,-1.36363636,-0.0006636700,0.0006636700,0
0.32323232,-1.36363636,-0.0008696858,0.0008696858,0
0.33333333,-1.36363636,-0.0011337604,0.0011337604,0
0.34343434,-1.36363636,-0.0014708130,0.0014708130,0
0.35353535,-1.36363636,-0.0018992556,0.0018992556,0
0.36363636,-1.36363636,-0.0024417246,0.0024417246,0
0.37373737,-1.36363636,-0.0031259371,0.0031259371,0
0.38383838,-1.36363636,-0.0039856863,0.0039856863,0
0.39393939,-1.36363636,-0.0050619812,0.0050619812,0
0.40404040,-1.36363636,-0.0064043333,0.0064043333,0
0.41414141,-1.36363636,-0.0080721796,0.0080721796,0
0.42424242,-1.36363636,-0.0101364176,0.0101364176,0
0.43434343,-1.36363636,-0.0126810026,0.0126810026,0
0.44444444,-1.36363636,-0.0158045292,0.0158045292,0
0.45454545,-1.36363636,-0.0196216763,0.0196216763,0
0.46464646,-1.36363636,-0.0242643461,0.0242643461,0
0.47474747,-1.36363636,-0.0298822701,0.0298822701,0
0.48484848,-1.36363636,-0.0366427908,0.0366427908,0
0.49494949,-1.36363636,-0.0447294762,0.0447294762,0
0.50505051,-1.36363636,-0.0543391815,0.0543391815,0
0.51515152,-1.36363636,-0.0656771788,0.0656771788,0
0.52525253,-1.36363636,-0.0789500385,0.0789500385,0
0.53535354,-1.36363636,-0.0943561033,0.0943561033,0
0.54545455,-1.36363636,-0.1120736579,0.1120736579,0
0.55555556,-1.36363636,-0.1322472672,0.1322472672,0
0.56565657,-1.36363636,-0.1549732049,0.1549732049,0
0.57575758,-1.36363636,-0.1802853419,0.1802853419,0
0.58585859,-1.36363636,-0.2081432125,0.2081432125,0
0.59595960,-1.36363636,-0.2384240872,0.2384240872,0
0.60606061,-1.36363636,-0.2709206612,0.2709206612,0
0.61616162,-1.36363636,-0.3053453719,0.3053453719,0
0.62626263,-1.36363636,-0.3413414673,0.3413414673,0
0.63636364,-1.36363636,-0.3784999301,0.3784999301,0
0.64646465,-1.36363636,-0.4163804585,0.4163804585,0
0.65656566,-1.36363636,-0.4545341301,0.4545341301,0
0.66666667,-1.36363636,-0.4925252650,0.4925252650,0
0.67676768,-1.36363636,-0.5299503383,0.5299503383,0
0.68686869,-1.36363636,-0.5664524620,0.5664524620,0
0.69696970,-1.36363636,-0.6017307516,0.6017307516,0
0.70707071,-1.36363636,-0.6355446485,0.6355446485,0
0.71717172,-1.36363636,-0.6677138366,0.6677138366,0
0.72727273,-1.36363636,-0.6981147248,0.6981147248,0
0.73737374,-1.36363636,-0.7266745786,0.7266745786,0
0.74747475,-1.36363636,-0.7533643195,0.7533643195,0
0.75757576,-1.36363636,-0.7781908417,0.7781908417,0
0.76767677,-1.36363636,-0.8011894879,0.8011894879,0
0.77777778,-1.36363636,-0.8224171091,0.8224171091,0
0.78787879,-1.36363636,-0.8419459571,0.8419459571,0
0.79797980,-1.36363636,-0.8598585122,0.8598585122,0
0.80808081,-1.36363636,-0.8762432501,0.8762432501,0
0.81818182,-1.36363636,-0.8911912842,0.8911912842,0
0.82828283,-1.36363636,-0.9047937890,0.9047937890,0
0.83838384,-1.36363636,-0.9171400877,0.9171400877,0
0.84848485,-1.36363636,-0.9283162938,0.9283162938,0
0.85858586,-1.36363636,-0.9384043967,0.9384043967,0
0.86868687,-1.36363636,-0.9474816994,0.9474816994,0
0.87878788,-1.36363636,-0.9556205247,0.9556205247,0
0.88888889,-1.36363636,-0.9628881239,0.9628881239,0
0.89898990,-1.36363636,-0.9693467329,0.9693467329,0
0.90909091,-1.36363636,-0.9750537315,0.9750537315,0
0.91919192,-1.36363636,-0.9800618730,0.9800618730,0
0.92929293,-1.36363636,-0.9844195561,0.9844195561,0
0.93939394,-1.36363636,-0.9881711222,0.9881711222,0
0.94949495,-1.36363636,-0.9913571608,0.9913571608,0
0.95959596,-1.36363636,-0.9940148145,0.9940148145,0
0.96969697,-1.36363636,-0.9961780754,0.9961780754,0
0.97979798,-1.36363636,-0.9978780686,0.9978780686,0
0.98989899,-1.36363636,-0.9991433189,0.9991433189,0
1.00000000,-1.36363636,-1.0000000000,1.0000000000,0
0.00000000,-1.30303030,0.0000000000,-0.0000000000,0
0.01010101,-1.30303030,-0.0000000000,0.0000000000,0
0.02020202,-1.30303030,-0.0000000000,0.0000000000,0
0.03030303,-1.30303030,-0.0000000001,0.0000000001,0
0.04040404,-1.30303030,-0.0000000007,0.0000000007,0
0.05050505,-1.30303030,-0.0000000025,0.0000000025,0
0.06060606,-1.30303030,-0.0000000073,0.0000000073,0
0.07070707,-1.30303030,-0.0000000188,0.0000000188,0
0.08080808,-1.30303030,-0.0000000430,0.0000000430,0
0.09090909,-1.30303030,-0.0000000905,0.0000000905,0
0.10101010,-1.30303030,-0.0000001775,0.0000001775,0
0.11111111,-1.30303030,-0.0000003296,0.0000003296,0
0.12121212,-1.30303030,-0.0000005846,0.0000005846,0
0.13131313,-1.30303030,-0.0000009975,0.0000009975,0
0.14141414,-1.30303030,-0.0000016472,0.0000016472,0
0.15151515,-1.30303030,-0.0000026440,0.0000026440,0
0.16161616,-1.30303030,-0.0000041407,0.0000041407,0
0.17171717,-1.30303030,-0.0000063462,0.0000063462,0
0.18181818,-1.30303030,-0.0000095421,0.0000095421,0
0.19191919,-1.30303030,-0.0000141056,0.0000141056,0
0.20202020,-1.30303030,-0.0000205369,0.0000205369,0
0.21212121,-1.30303030,-0.0000294940,0.0000294940,0
0.22222222,-1.30303030,-0.0000418372,0.0000418372,0
0.23232323,-1.30303030,-0.0000586838,0.0000586838,0
0.24242424,-1.30303030,-0.0000814765,0.0000814765,0
0.25252525,-1.30303030,-0.0001120694,0.0001120694,0
0.26262626,-1.30303030,-0.0001528327,0.0001528327,0
0.27272727,-1.30303030,-0.0002067837,0.0002067837,0
0.28282828,-1.30303030,-0.0002777473,0.0002777473,0
0.29292929,-1.30303030,-0.0003705528,0.0003705528,0
0.30303030,-1.30303030,-0.0004912752,0.0004912752,0
0.31313131,-1.30303030,-0.0006475282,0.0006475282,0
0.32323232,-1.30303030,-0.0008488208,0.0008488208,0
0.33333333,-1.30303030,-0.0011069863,0.0011069863,0
0.34343434,-1.30303030,-0.0014366997,0.0014366997,0
0.35353535,-1.30303030,-0.0018560932,0.0018560932,0
0.36363636,-1.30303030,-0.0023874871,0.0023874871,0
0.37373737,-1.30303030,-0.0030582494,0.0030582494,0
0.38383838,-1.30303030,-0.0039017951,0.0039017951,0
0.39393939,-1.30303030,-0.0049587359,0.0049587359,0
0.40404040,-1.30303030,-0.0062781825,0.0062781825,0
0.41414141,-1.30303030,-0.0079191907,0.0079191907,0
0.42424242,-1.30303030,-0.0099523281,0.0099523281,0
0.43434343,-1.30303030,-0.0124613156,0.0124613156,0
0.44444444,-1.30303030,-0.0155446637,0.0155446637,0
0.45454545,-1.30303030,-0.0193171854,0.0193171854,0
0.46464646,-1.30303030,-0.0239112134,0.0239112134,0
0.47474747,-1.30303030,-0.0294772908,0.0294772908,0
0.48484848,-1.30303030,-0.0361840357,0.0361840357,0
0.49494949,-1.30303030,-0.0442168238,0.0442168238,0
0.50505051,-1.30303030,-0.0537748861,0.0537748861,0
0.51515152,-1.30303030,-0.0650664194,0.0650664194,0
0.52525253,-1.30303030,-0.0783013707,0.0783013707,0
0.53535354,-1.30303030,-0.0936817129,0.0936817129,0
0.54545455,-1.30303030,-0.1113893075,0.1113893075,0
0.55555556,-1.30303030,-0.1315718326,0.1315718326,0
0.56565657,-1.30303030,-0.1543277356,0.1543277356,0
0.57575758,-1.30303030,-0.1796916456,0.1796916456,0
0.58585859,-1.30303030,-0.2076220521,0.2076220521,0
0.59595960,-1.30303030,-0.2379931793,0.2379931793,0
0.60606061,-1.30303030,-0.2705927402,0.2705927402,0
0.61616162,-1.30303030,-0.3051266210,0.3051266210,0
0.62626263,-1.30303030,-0.3412305837,0.3412305837,0
0.63636364,-1.30303030,-0.3784879962,0.3784879962,0
0.64646465,-1.30303030,-0.4164516489,0.4164516489,0
0.65656566,-1.30303030,-0.4546671404,0.4546671404,0
0.66666667,-1.30303030,-0.4926952293,0.4926952293,0
0.67676768,-1.30303030,-0.5301309465,0.5301309465,0
0.68686869,-1.30303030,-0.5666179935,0.5666179935,0
0.69696970,-1.30303030,-0.6018578014,0.6018578014,0
0.70707071,-1.30303030,-0.6356134069,0.6356134069,0
0.71717172,-1.30303030,-0.6677088747,0.6677088747,0
0.72727273,-1.30303030,-0.6980253128,0.6980253128,0
0.73737374,-1.30303030,-0.7264946123,0.7264946123,0
0.74747475,-1.30303030,-0.7530919562,0.7530919562,0
0.75757576,-1.30303030,-0.7778279491,0.7778279491,0
0.76767677,-1.30303030,-0.8007409965,0.8007409965,0
0.77777778,-1.30303030,-0.8218903437,0.8218903437,0
0.78787879,-1.30303030,-0.8413499979,0.8413499979,0
0.79797980,-1.30303030,-0.8592036211,0.8592036211,0
0.80808081,-1.30303030,-0.8755403773,0.8755403773,0
0.81818182,-1.30303030,-0.8904516643,0.8904516643,0
0.82828283,-1.30303030,-0.9040286208,0.9040286208,0
0.83838384,-1.30303030,-0.9163602932,0.9163602932,0
0.84848485,-1.30303030,-0.9275323442,0.9275323442,0
0.85858586,-1.30303030,-0.9376261963,0.9376261963,0
0.86868687,-1.30303030,-0.9467185153,0.9467185153,0
0.87878788,-1.30303030,-0.9548809532,0.9548809532,0
0.88888889,-1.30303030,-0.9621800847,0.9621800847,0
0.89898990,-1.30303030,-0.9686774835,0.9686774835,0
0.90909091,-1.30303030,-0.9744298965,0.9744298965,0
0.91919192,-1.30303030,-0.9794894824,0.9794894824,0
0.92929293,-1.30303030,-0.9839040899,0.9839040899,0
0.93939394,-1.30303030,-0.9877175573,0.9877175573,0
0.94949495,-1.30303030,-0.9909700187,0.9909700187,0
0.95959596,-1.30303030,-0.9936982083,0.9936982083,0
0.96969697,-1.30303030,-0.9959357543,0.9959357543,0
0.97979798,-1.30303030,-0.9977134600,0.9977134600,0
0.98989899,-1.30303030,-0.9990595668,0.9990595668,0
1.00000000,-1.30303030,-1.0000000000,1.0000000000,0
0.00000000,-1.24242424,0.0000000000,-0.0000000000,0
0.01010101,-1.24242424,-0.0000000000,0.0000000000,0
0.02020202,-1.24242424,-0.0000000000,0.0000000000,0
0.03030303,-1.24242424,-0.0000000001,0.0000000001,0
0.04040404,-1.24242424,-0.0000000007,0.0000000007,0
0.05050505,-1.24242424,-0.0000000025,0.0000000025,0
0.06060606,-1.24242424,-0.0000000073,0.0000000073,0
0.07070707,-1.24242424,-0.0000000186,0.0000000186,0
0.08080808,-1.24242424,-0.0000000425,0.0000000425,0
0.09090909,-1.24242424,-0.0000000891,0.0000000891,0
0.10101010,-1.24242424,-0.0000001745,0.0000001745,0
0.11111111,-1.24242424,-0.0000003234,0.0000003234,0
0.12121212,-1.24242424,-0.0000005725,0.0000005725,0
0.13131313,-1.24242424,-0.0000009755,0.0000009755,0
0.14141414,-1.24242424,-0.0000016088,0.0000016088,0
0.15151515,-1.24242424,-0.0000025797,0.0000025797,0
0.16161616,-1.24242424,-0.0000040365,0.0000040365,0
0.17171717,-1.24242424,-0.0000061818,0.0000061818,0
0.18181818,-1.24242424,-0.0000092892,0.0000092892,0
0.19191919,-1.24242424,-0.0000137248,0.0000137248,0
0.20202020,-1.24242424,-0.0000199743,0.0000199743,0
0.21212121,-1.24242424,-0.0000286770,0.0000286770,0
0.22222222,-1.24242424,-0.0000406686,0.0000406686,0
0.23232323,-1.24242424,-0.0000570353,0.0000570353,0
0.24242424,-1.24242424,-0.0000791807,0.0000791807,0
0.25252525,-1.24242424,-0.0001089088,0.0001089088,0
0.26262626,-1.24242424,-0.0001485281,0.0001485281,0
0.27272727,-1.24242424,-0.0002009793,0.0002009793,0
0.28282828,-1.24242424,-0.0002699928,0.0002699928,0
0.29292929,-1.24242424,-0.0003602833,0.0003602833,0
0.30303030,-1.24242424,-0.0004777867,0.0004777867,0
0.31313131,-1.24242424,-0.0006299503,0.0006299503,0
0.32323232,-1.24242424,-0.0008260852,0.0008260852,0
0.33333333,-1.24242424,-0.0010777922,0.0010777922,0
0.34343434,-1.24242424,-0.0013994754,0.0013994754,0
0.35353535,-1.24242424,-0.0018089564,0.0018089564,0
0.36363636,-1.24242424,-0.0023282042,0.0023282042,0
0.37373737,-1.24242424,-0.0029841959,0.0029841959,0
0.38383838,-1.24242424,-0.0038099221,0.0038099221,0
0.39393939,-1.24242424,-0.0048455462,0.0048455462,0
0.40404040,-1.24242424,-0.0061397231,0.0061397231,0
0.41414141,-1.24242424,-0.0077510703,0.0077510703,0
0.42424242,-1.24242424,-0.0097497702,0.0097497702,0
0.43434343,-1.24242424,-0.0122192586,0.0122192586,0
0.44444444,-1.24242424,-0.0152579234,0.0152579234,0
0.45454545,-1.24242424,-0.0189806926,0.0189806926,0
0.46464646,-1.24242424,-0.0235203406,0.0235203406,0
0.47474747,-1.24242424,-0.0290282748,0.0290282748,0
0.48484848,-1.24242424,-0.0356744964,0.0356744964,0
0.49494949,-1.24242424,-0.0436463633,0.0436463633,0
0.50505051,-1.24242424,-0.0531457331,0.0531457331,0
0.51515152,-1.24242424,-0.0643840582,0.0643840582,0
0.52525253,-1.24242424,-0.0775750645,0.0775750645,0
0.53535354,-1.24242424,-0.0929248097,0.0929248097,0
0.54545455,-1.24242424,-0.1106191983,0.1106191983,0
0.55555556,-1.24242424,-0.1308094453,0.1308094453,0
0.56565657,-1.24242424,-0.1535964853,0.1535964853,0
0.57575758,-1.24242424,-0.1790158382,0.1790158382,0
0.58585859,-1.24242424,-0.2070248441,0.2070248441,0
0.59595960,-1.24242424,-0.2374943080,0.2374943080,0
0.60606061,-1.24242424,-0.2702063338,0.2702063338,0
0.61616162,-1.24242424,-0.3048594333,0.3048594333,0
0.62626263,-1.24242424,-0.3410809597,0.3410809597,0
0.63636364,-1.24242424,-0.3784457620,0.3784457620,0
0.64646465,-1.24242424,-0.4164989533,0.4164989533,0
0.65656566,-1.24242424,-0.4547801061,0.4547801061,0
0.66666667,-1.24242424,-0.4928461406,0.4928461406,0
0.67676768,-1.24242424,-0.5302906403,0.5302906403,0
0.68686869,-1.24242424,-0.5667581312,0.5667581312,0
0.69696970,-1.24242424,-0.6019527732,0.6019527732,0
0.70707071,-1.24242424,-0.6356417209,0.6356417209,0
0.71717172,-1.24242424,-0.6676539851,0.6676539851,0
0.72727273,-1.24242424,-0.6978759262,0.6978759262,0
0.73737374,-1.24242424,-0.7262445641,0.7262445641,0
0.74747475,-1.24242424,-0.7527397721,0.7527397721,0
0.75757576,-1.24242424,-0.7773762094,0.7773762094,0
0.76767677,-1.24242424,-0.8001956045,0.8001956045,0
0.77777778,-1.24242424,-0.8212597782,0.8212597782,0
0.78787879,-1.24242424,-0.8406446071,0.8406446071,0
0.79797980,-1.24242424,-0.8584349915,0.8584349915,0
0.80808081,-1.24242424,-0.8747207965,0.8747207965,0
0.81818182,-1.24242424,-0.8895936820,0.8895936820,0
0.82828283,-1.24242424,-0.9031447045,0.9031447045,0
0.83838384,-1.24242424,-0.9154625701,0.9154625701,0
0.84848485,-1.24242424,-0.9266324168,0.9266324168,0
0.85858586,-1.24242424,-0.9367350205,0.9367350205,0
0.86868687,-1.24242424,-0.9458463281,0.9458463281,0
0.87878788,-1.24242424,-0.9540372402,0.9540372402,0
0.88888889,-1.24242424,-0.9613735766,0.9613735766,0
0.89898990,-1.24242424,-0.9679161753,0.9679161753,0
0.90909091,-1.24242424,-0.9737210810,0.9737210810,0
0.91919192,-1.24242424,-0.9788397940,0.9788397940,0
0.92929293,-1.24242424,-0.9833195548,0.9833195548,0
0.93939394,-1.24242424,-0.9872036455,0.9872036455,0
0.94949495,-1.24242424,-0.9905316975,0.9905316975,0
0.95959596,-1.24242424,-0.9933399936,0.9933399936,0
0.96969697,-1.24242424,-0.9956617601,0.9956617601,0
0.97979798,-1.24242424,-0.9975274442,0.9975274442,0
0.98989899,-1.24242424,-0.9989649741,0.9989649741,0
1.00000000,-1.24242424,-1.0000000000,1.0000000000,0
0.00000000,-1.18181818,0.0000000000,-0.0000000000,0
0.01010101,-1.18181818,-0.0000000000,0.0000000000,0
0.02020202,-1.18181818,-0.0000000000,0.0000000000,0
0.03030303,-1.18181818,-0.0000000001,0.0000000001,0
0.04040404,-1.18181818,-0.0000000007,0.0000000007,0
0.05050505,-1.18181818,-0.0000000025,0.0000000025,0
0.06060606,-1.18181818,-0.0000000073,0.0000000073,0
0.07070707,-1.18181818,-0.0000000185,0.0000000185,0
0.08080808,-1.18181818,-0.0000000420,0.0000000420,0
0.09090909,-1.18181818,-0.0000000877,0.0000000877,0
0.10101010,-1.18181818,-0.0000001712,0.0000001712,0
0.11111111,-1.18181818,-0.0000003165,0.0000003165,0
0.12121212,-1.18181818,-0.0000005592,0.0000005592,0
0.13131313,-1.18181818,-0.0000009514,0.0000009514,0
0.14141414,-1.18181818,-0.0000015670,0.0000015670,0
0.15151515,-1.18181818,-0.0000025098,0.0000025098,0
0.16161616,-1.18181818,-0.0000039234,0.0000039234,0
0.17171717,-1.18181818,-0.0000060036,0.0000060036,0
0.18181818,-1.18181818,-0.0000090154,0.0000090154,0
0.19191919,-1.18181818,-0.0000133128,0.0000133128,0
0.20202020,-1.18181818,-0.0000193658,0.0000193658,0
0.21212121,-1.18181818,-0.0000277934,0.0000277934,0
0.22222222,-1.18181818,-0.0000394049,0.0000394049,0
0.23232323,-1.18181818,-0.0000552530,0.0000552530,0
0.24242424,-1.18181818,-0.0000766981,0.0000766981,0
0.25252525,-1.18181818,-0.0001054905,0.0001054905,0
0.26262626,-1.18181818,-0.0001438714,0.0001438714,0
0.27272727,-1.18181818,-0.0001946979,0.0001946979,0
0.28282828,-1.18181818,-0.0002615978,0.0002615978,0
0.29292929,-1.18181818,-0.0003491602,0.0003491602,0
0.30303030,-1.18181818,-0.0004631691,0.0004631691,0
0.31313131,-1.18181818,-0.0006108894,0.0006108894,0
0.32323232,-1.18181818,-0.0008014147,0.0008014147,0
0.33333333,-1.18181818,-0.0010460897,0.0010460897,0
0.34343434,-1.18181818,-0.0013590198,0.0013590198,0
0.35353535,-1.18181818,-0.0017576823,0.0017576823,0
0.36363636,-1.18181818,-0.0022636557,0.0022636557,0
0.37373737,-1.18181818,-0.0029034814,0.0029034814,0
0.38383838,-1.18181818,-0.0037096741,0.0037096741,0
0.39393939,-1.18181818,-0.0047218916,0.0047218916,0
0.40404040,-1.18181818,-0.0059882706,0.0059882706,0
0.41414141,-1.18181818,-0.0075669251,0.0075669251,0
0.42424242,-1.18181818,-0.0095275863,0.0095275863,0
0.43434343,-1.18181818,-0.0119533444,0.0119533444,0
0.44444444,-1.18181818,-0.0149424145,0.0149424145,0
0.45454545,-1.18181818,-0.0186098100,0.0186098100,0
0.46464646,-1.18181818,-0.0230887483,0.0230887483,0
0.47474747,-1.18181818,-0.0285315474,0.0285315474,0
0.48484848,-1.18181818,-0.0351096978,0.0351096978,0
0.49494949,-1.18181818,-0.0430127202,0.0430127202,0
0.50505051,-1.18181818,-0.0524453658,0.0524453658,0
0.51515152,-1.18181818,-0.0636227008,0.0636227008,0
0.52525253,-1.18181818,-0.0767626739,0.0767626739,0
0.53535354,-1.18181818,-0.0920759329,0.0920759329,0
0.54545455,-1.18181818,-0.1097529509,0.1097529509,0
0.55555556,-1.18181818,-0.1299489622,0.1299489622,0
0.56565657,-1.18181818,-0.1527677501,0.1527677501,0
0.57575758,-1.18181818,-0.1782458853,0.1782458853,0
0.58585859,-1.18181818,-0.2063394496,0.2063394496,0
0.59595960,-1.18181818,-0.2369154181,0.2369154181,0
0.60606061,-1.18181818,-0.2697495866,0.2697495866,0
0.61616162,-1.18181818,-0.3045321738,0.3045321738,0
0.62626263,-1.18181818,-0.3408811006,0.3408811006,0
0.63636364,-1.18181818,-0.3783617036,0.3783617036,0
0.64646465,-1.18181818,-0.4165105861,0.4165105861,0
0.65656566,-1.18181818,-0.4548607212,0.4548607212,0
0.66666667,-1.18181818,-0.4929649256,0.4929649256,0
0.67676768,-1.18181818,-0.5304153749,0.5304153749,0
0.68686869,-1.18181818,-0.5668577193,0.5668577193,0
0.69696970,-1.18181818,-0.6019993346,0.6019993346,0
0.70707071,-1.18181818,-0.6356120882,0.6356120882,0
0.71717172,-1.18181818,-0.6675305660,0.6675305660,0
0.72727273,-1.18181818,-0.6976469851,0.6976469851,0
0.73737374,-1.18181818,-0.7259040326,0.7259040326,0
0.74747475,-1.18181818,-0.7522867228,0.7522867228,0
0.75757576,-1.18181818,-0.7768141234,0.7768141234,0
0.76767677,-1.18181818,-0.7995315464,0.7995315464,0
0.77777778,-1.18181818,-0.8205035637,0.8205035637,0
0.78787879,-1.18181818,-0.8398080240,0.8398080240,0
0.79797980,-1.18181818,-0.8575311096,0.8575311096,0
0.80808081,-1.18181818,-0.8737633849,0.8737633849,0
0.81818182,-1.18181818,-0.8885967356,0.8885967356,0
0.82828283,-1.18181818,-0.9021220758,0.9021220758,0
0.83838384,-1.18181818,-0.9144276945,0.9144276945,0
0.84848485,-1.18181818,-0.9255981196,0.9255981196,0
0.85858586,-1.18181818,-0.9357133897,0.9357133897,0
0.86868687,-1.18181818,-0.9448486421,0.9448486421,0
0.87878788,-1.18181818,-0.9530739363,0.9530739363,0
0.88888889,-1.18181818,-0.9604542525,0.9604542525,0
0.89898990,-1.18181818,-0.9670496118,0.9670496118,0
0.90909091,-1.18181818,-0.9729152822,0.9729152822,0
0.91919192,-1.18181818,-0.9781020370,0.9781020370,0
0.92929293,-1.18181818,-0.9826564452,0.9826564452,0
0.93939394,-1.18181818,-0.9866211763,0.9866211763,0
0.94949495,-1.18181818,-0.9900353073,0.9900353073,0
0.95959596,-1.18181818,-0.9929346237,0.9929346237,0
0.96969697,-1.18181818,-0.9953519090,0.9953519090,0
0.97979798,-1.18181818,-0.9973172180,0.9973172180,0
0.98989899,-1.18181818,-0.9988581328,0.9988581328,0
1.00000000,-1.18181818,-1.0000000000,1.0000000000,0
0.00000000,-1.12121212,0.0000000000,-0.0000000000,0
0.01010101,-1.12121212,-0.0000000000,0.0000000000,0
0.02020202,-1.12121212,-0.0000000000,0.0000000000,0
0.03030303,-1.12121212,-0.0000000001,0.0000000001,0
0.04040404,-1.12121212,-0.0000000007,0.0000000007,0
0.05050505,-1.12121212,-0.0000000025,0.0000000025,0
0.06060606,-1.12121212,-0.0000000072,0.0000000072,0
0.07070707,-1.12121212,-0.0000000182,0.0000000182,0
0.08080808,-1.12121212,-0.0000000413,0.0000000413,0
0.09090909,-1.12121212,-0.0000000860,0.0000000860,0
0.10101010,-1.12121212,-0.0000001675,0.0000001675,0
0.11111111,-1.12121212,-0.0000003089,0.0000003089,0
0.12121212,-1.12121212,-0.0000005448,0.0000005448,0
0.13131313,-1.12121212,-0.0000009253,0.0000009253,0
0.14141414,-1.12121212,-0.0000015217,0.0000015217,0
0.15151515,-1.12121212,-0.0000024343,0.0000024343,0
0.16161616,-1.12121212,-0.0000038012,0.0000038012,0
0.17171717,-1.12121212,-0.0000058115,0.0000058115,0
0.18181818,-1.12121212,-0.0000087203,0.0000087203,0
0.19191919,-1.12121212,-0.0000128690,0.0000128690,0
0.20202020,-1.12121212,-0.0000187107,0.0000187107,0
0.21212121,-1.12121212,-0.0000268424,0.0000268424,0
0.22222222,-1.12121212,-0.0000380452,0.0000380452,0
0.23232323,-1.12121212,-0.0000533352,0.0000533352,0
0.24242424,-1.12121212,-0.0000740266,0.0000740266,0
0.25252525,-1.12121212,-0.0001018116,0.0001018116,0
0.26262626,-1.12121212,-0.0001388584,0.0001388584,0
0.27272727,-1.12121212,-0.0001879334,0.0001879334,0
0.28282828,-1.12121212,-0.0002525532,0.0002525532,0
0.29292929,-1.12121212,-0.0003371702,0.0003371702,0
0.30303030,-1.12121212,-0.0004474030,0.0004474030,0
0.31313131,-1.12121212,-0.0005903170,0.0005903170,0
0.32323232,-1.12121212,-0.0007747681,0.0007747681,0
0.33333333,-1.12121212,-0.0010118196,0.0010118196,0
0.34343434,-1.12121212,-0.0013152482,0.0013152482,0
0.35353535,-1.12121212,-0.0017021512,0.0017021512,0
0.36363636,-1.12121212,-0.0021936740,0.0021936740,0
0.37373737,-1.12121212,-0.0028158729,0.0028158729,0
0.38383838,-1.12121212,-0.0036007300,0.0036007300,0
0.39393939,-1.12121212,-0.0045873336,0.0045873336,0
0.40404040,-1.12121212,-0.0058232319,0.0058232319,0
0.41414141,-1.12121212,-0.0073659600,0.0073659600,0
0.42424242,-1.12121212,-0.0092847217,0.0092847217,0
0.43434343,-1.12121212,-0.0116621872,0.0116621872,0
0.44444444,-1.12121212,-0.0145963355,0.0145963355,0
0.45454545,-1.12121212,-0.0182022212,0.0182022212,0
0.46464646,-1.12121212,-0.0226134930,0.0226134930,0
0.47474747,-1.12121212,-0.0279834156,0.0279834156,0
0.48484848,-1.12121212,-0.0344850692,0.0344850692,0
0.49494949,-1.12121212,-0.0423103204,0.0423103204,0
0.50505051,-1.12121212,-0.0516670944,0.0516670944,0
0.51515152,-1.12121212,-0.0627744564,0.0627744564,0
0.52525253,-1.12121212,-0.0758550629,0.0758550629,0
0.53535354,-1.12121212,-0.0911247130,0.0911247130,0
0.54545455,-1.12121212,-0.1087790383,0.1087790383,0
0.55555556,-1.12121212,-0.1289778410,0.1289778410,0
0.56565657,-1.12121212,-0.1518281709,0.1518281709,0
0.57575758,-1.12121212,-0.1773678433,0.1773678433,0
0.58585859,-1.12121212,-0.2055515727,0.2055515727,0
0.59595960,-1.12121212,-0.2362420527,0.2362420527,0
0.60606061,-1.12121212,-0.2692079956,0.2692079956,0
0.61616162,-1.12121212,-0.3041303079,0.3041303079,0
0.62626263,-1.12121212,-0.3406163469,0.3406163469,0
0.63636364,-1.12121212,-0.3782208515,0.3782208515,0
0.64646465,-1.12121212,-0.4164710236,0.4164710236,0
0.65656566,-1.12121212,-0.4548926457,0.4548926457,0
0.66666667,-1.12121212,-0.4930341900,0.4930341900,0
0.67676768,-1.12121212,-0.5304865218,0.5304865218,0
0.68686869,-1.12121212,-0.5668967923,0.5668967923,0
0.69696970,-1.12121212,-0.6019761653,0.6019761653,0
0.70707071,-1.12121212,-0.6355018950,0.6355018950,0
0.71717172,-1.12121212,-0.6673148379,0.6673148379,0
0.72727273,-1.12121212,-0.6973137206,0.6973137206,0
0.73737374,-1.12121212,-0.7254474678,0.7254474678,0
0.74747475,-1.12121212,-0.7517067007,0.7517067007,0
0.75757576,-1.12121212,-0.7761152530,0.7761152530,0
0.76767677,-1.12121212,-0.7987222733,0.7987222733,0
0.77777778,-1.12121212,-0.8195952471,0.8195952471,0
0.78787879,-1.12121212,-0.8388140813,0.8388140813,0
0.79797980,-1.12121212,-0.8564662660,0.8564662660,0
0.80808081,-1.12121212,-0.8726430439,0.8726430439,0
0.81818182,-1.12121212,-0.8874364727,0.8874364727,0
0.82828283,-1.12121212,-0.9009372470,0.9009372470,0
0.83838384,-1.12121212,-0.9132331476,0.9132331476,0
0.84848485,-1.12121212,-0.9244079929,0.9244079929,0
0.85858586,-1.12121212,-0.9345409824,0.9345409824,0
0.86868687,-1.12121212,-0.9437063424,0.9437063424,0
0.87878788,-1.12121212,-0.9519731938,0.9519731938,0
0.88888889,-1.12121212,-0.9594055832,0.9594055832,0
0.89898990,-1.12121212,-0.9660626287,0.9660626287,0
0.90909091,-1.12121212,-0.9719987403,0.9719987403,0
0.91919192,-1.12121212,-0.9772638906,0.9772638906,0
0.92929293,-1.12121212,-0.9819039100,0.9819039100,0
0.93939394,-1.12121212,-0.9859607942,0.9859607942,0
0.94949495,-1.12121212,-0.9894730113,0.9894730113,0
0.95959596,-1.12121212,-0.9924758005,0.9924758005,0
0.96969697,-1.12121212,-0.9950014584,0.9950014584,0
0.97979798,-1.12121212,-0.9970796082,0.9970796082,0
0.98989899,-1.12121212,-0.9987374514,0.9987374514,0
1.00000000,-1.12121212,-1.0000000000,1.0000000000,0
0.00000000,-1.06060606,0.0000000000,-0.0000000000,0
0.01010101,-1.06060606,-0.0000000000,0.0000000000,0
0.02020202,-1.06060606,-0.0000000000,0.0000000000,0
0.03030303,-1.06060606,-0.0000000001,0.0000000001,0
0.04040404,-1.06060606,-0.0000000007,0.0000000007,0
0.05050505,-1.06060606,-0.0000000025,0.0000000025,0
0.06060606,-1.06060606,-0.0000000072,0.0000000072,0
0.07070707,-1.06060606,-0.0000000180,0.0000000180,0
0.08080808,-1.06060606,-0.0000000406,0.0000000406,0
0.09090909,-1.06060606,-0.0000000842,0.0000000842,0
0.10101010,-1.06060606,-0.0000001634,0.0000001634,0
0.11111111,-1.06060606,-0.0000003007,0.0000003007,0
0.12121212,-1.06060606,-0.0000005292,0.0000005292,0
0.13131313,-1.06060606,-0.0000008970,0.0000008970,0
0.14141414,-1.06060606,-0.0000014729,0.0000014729,0
0.15151515,-1.06060606,-0.0000023529,0.0000023529,0
0.16161616,-1.06060606,-0.0000036700,0.0000036700,0
0.17171717,-1.06060606,-0.0000056053,0.0000056053,0
0.18181818,-1.06060606,-0.0000084039,0.0000084039,0
0.19191919,-1.06060606,-0.0000123935,0.0000123935,0
0.20202020,-1.06060606,-0.0000180092,0.0000180092,0
0.21212121,-1.06060606,-0.0000258245,0.0000258245,0
0.22222222,-1.06060606,-0.0000365900,0.0000365900,0
0.23232323,-1.06060606,-0.0000512827,0.0000512827,0
0.24242424,-1.06060606,-0.0000711674,0.0000711674,0
0.25252525,-1.06060606,-0.0000978735,0.0000978735,0
0.26262626,-1.06060606,-0.0001334906,0.0001334906,0
0.27272727,-1.06060606,-0.0001806876,0.0001806876,0
0.28282828,-1.06060606,-0.0002428604,0.0002428604,0
0.29292929,-1.06060606,-0.0003243138,0.0003243138,0
0.30303030,-1.06060606,-0.0004304868,0.0004304868,0
0.31313131,-1.06060606,-0.0005682278,0.0005682278,0
0.32323232,-1.06060606,-0.0007461333,0.0007461333,0
0.33333333,-1.06060606,-0.0009749594,0.0009749594,0
0.34343434,-1.06060606,-0.0012681219,0.0012681219,0
0.35353535,-1.06060606,-0.0016422997,0.0016422997,0
0.36363636,-1.06060606,-0.0021181597,0.0021181597,0
0.37373737,-1.06060606,-0.0027212193,0.0027212193,0
0.38383838,-1.06060606,-0.0034828657,0.0034828657,0
0.39393939,-1.06060606,-0.0044415466,0.0044415466,0
0.40404040,-1.06060606,-0.0056441427,0.0056441427,0
0.41414141,-1.06060606,-0.0071475242,0.0071475242,0
0.42424242,-1.06060606,-0.0090202774,0.0090202774,0
0.43434343,-1.06060606,-0.0113445642,0.0113445642,0
0.44444444,-1.06060606,-0.0142180465,0.0142180465,0
0.45454545,-1.06060606,-0.0177557586,0.0177557586,0
0.46464646,-1.06060606,-0.0220917509,0.0220917509,0
0.47474747,-1.06060606,-0.0273802549,0.0273802549,0
0.48484848,-1.06060606,-0.0337960303,0.0337960303,0
0.49494949,-1.06060606,-0.0415334699,0.0415334699,0
0.50505051,-1.06060606,-0.0508039621,0.0508039621,0
0.51515152,-1.06060606,-0.0618309802,0.0618309802,0
0.52525253,-1.06060606,-0.0748424149,0.0748424149,0
0.53535354,-1.06060606,-0.0900598351,0.0900598351,0
0.54545455,-1.06060606,-0.1076846923,0.1076846923,0
0.55555556,-1.06060606,-0.1278819794,0.1278819794,0
0.56565657,-1.06060606,-0.1507624959,0.1507624959,0
0.57575758,-1.06060606,-0.1763655365,0.1763655365,0
0.58585859,-1.06060606,-0.2046443435,0.2046443435,0
0.59595960,-1.06060606,-0.2354568387,0.2354568387,0
0.60606061,-1.06060606,-0.2685637957,0.2685637957,0
0.61616162,-1.06060606,-0.3036356832,0.3036356832,0
0.62626263,-1.06060606,-0.3402680533,0.3402680533,0
0.63636364,-1.06060606,-0.3780038711,0.3780038711,0
0.64646465,-1.06060606,-0.4163599925,0.4163599925,0
0.65656566,-1.06060606,-0.4548544138,0.4548544138,0
0.66666667,-1.06060606,-0.4930310619,0.4930310619,0
0.67676768,-1.06060606,-0.5304796638,0.5304796638,0
0.68686869,-1.06060606,-0.5668493420,0.5668493420,0
0.69696970,-1.06060606,-0.6018557148,0.6018557148,0
0.70707071,-1.06060606,-0.6352821829,0.6352821829,0
0.71717172,-1.06060606,-0.6669766342,0.6669766342,0
0.72727273,-1.06060606,-0.6968450032,0.6968450032,0
0.73737374,-1.06060606,-0.7248430465,0.7248430465,0
0.74747475,-1.06060606,-0.7509674653,0.7509674653,0
0.75757576,-1.06060606,-0.7752472093,0.7752472093,0
0.76767677,-1.06060606,-0.7977355017,0.7977355017,0
0.77777778,-1.06060606,-0.8185028823,0.8185028823,0
0.78787879,-1.06060606,-0.8376313782,0.8376313782,0
0.79797980,-1.06060606,-0.8552097886,0.8552097886,0
0.80808081,-1.06060606,-0.8713299903,0.8713299903,0
0.81818182,-1.06060606,-0.8860841371,0.8860841371,0
0.82828283,-1.06060606,-0.8995626079,0.8995626079,0
0.83838384,-1.06060606,-0.9118525672,0.9118525672,0
0.84848485,-1.06060606,-0.9230370096,0.9230370096,0
0.85858586,-1.06060606,-0.9331941814,0.9331941814,0
0.86868687,-1.06060606,-0.9423972856,0.9423972856,0
0.87878788,-1.06060606,-0.9507143972,0.9507143972,0
0.88888889,-1.06060606,-0.9582085290,0.9582085290,0
0.89898990,-1.06060606,-0.9649378017,0.9649378017,0
0.90909091,-1.06060606,-0.9709556816,0.9709556816,0
0.91919192,-1.06060606,-0.9763112614,0.9763112614,0
0.92929293,-1.06060606,-0.9810495616,0.9810495616,0
0.93939394,-1.06060606,-0.9852118395,0.9852118395,0
0.94949495,-1.06060606,-0.9888358961,0.9888358961,0
0.95959596,-1.06060606,-0.9919563722,0.9919563722,0
0.96969697,-1.06060606,-0.9946050310,0.9946050310,0
0.97979798,-1.06060606,-0.9968110227,0.9968110227,0
0.98989899,-1.06060606,-0.9986011308,0.9986011308,0
1.00000000,-1.06060606,-1.0000000000,1.0000000000,0
0.00000000,-1.00000000,0.0000000000,-0.0000000000,0
0.01010101,-1.00000000,-0.0000000000,0.0000000000,0
0.02020202,-1.00000000,-0.0000000000,0.0000000000,0
0.03030303,-1.00000000,-0.0000000001,0.0000000001,0
0.04040404,-1.00000000,-0.0000000007,0.0000000007,0
0.05050505,-1.00000000,-0.0000000024,0.0000000024,0
0.06060606,-1.00000000,-0.0000000071,0.0000000071,0
0.07070707,-1.00000000,-0.0000000177,0.0000000177,0
0.08080808,-1.00000000,-0.0000000397,0.0000000397,0
0.09090909,-1.00000000,-0.0000000821,0.0000000821,0
0.10101010,-1.00000000,-0.0000001590,0.0000001590,0
0.11111111,-1.00000000,-0.0000002917,0.0000002917,0
0.12121212,-1.00000000,-0.0000005122,0.0000005122,0
0.13131313,-1.00000000,-0.0000008666,0.0000008666,0
0.14141414,-1.00000000,-0.0000014205,0.0000014205,0
0.15151515,-1.00000000,-0.0000022658,0.0000022658,0
0.16161616,-1.00000000,-0.0000035297,0.0000035297,0
0.17171717,-1.00000000,-0.0000053852,0.0000053852,0
0.18181818,-1.00000000,-0.0000080665,0.0000080665,0
0.19191919,-1.00000000,-0.0000118869,0.0000118869,0
0.20202020,-1.00000000,-0.0000172623,0.0000172623,0
0.21212121,-1.00000000,-0.0000247411,0.0000247411,0
0.22222222,-1.00000000,-0.0000350416,0.0000350416,0
0.23232323,-1.00000000,-0.0000490991,0.0000490991,0
0.24242424,-1.00000000,-0.0000681253,0.0000681253,0
0.25252525,-1.00000000,-0.0000936826,0.0000936826,0
0.26262626,-1.00000000,-0.0001277766,0.0001277766,0
0.27272727,-1.00000000,-0.0001729715,0.0001729715,0
0.28282828,-1.00000000,-0.0002325334,0.0002325334,0
0.29292929,-1.00000000,-0.0003106081,0.0003106081,0
0.30303030,-1.00000000,-0.0004124403,0.0004124403,0
0.31313131,-1.00000000,-0.0005446441,0.0005446441,0
0.32323232,-1.00000000,-0.0007155343,0.0007155343,0
0.33333333,-1.00000000,-0.0009355320,0.0009355320,0
0.34343434,-1.00000000,-0.0012176589,0.0012176589,0
0.35353535,-1.00000000,-0.0015781351,0.0015781351,0
0.36363636,-1.00000000,-0.0020371000,0.0020371000,0
0.37373737,-1.00000000,-0.0026194743,0.0026194743,0
0.38383838,-1.00000000,-0.0033559823,0.0033559823,0
0.39393939,-1.00000000,-0.0042843527,0.0042843527,0
0.40404040,-1.00000000,-0.0054507100,0.0054507100,0
0.41414141,-1.00000000,-0.0069111616,0.0069111616,0
0.42424242,-1.00000000,-0.0087335716,0.0087335716,0
0.43434343,-1.00000000,-0.0109994871,0.0109994871,0
0.44444444,-1.00000000,-0.0138061525,0.0138061525,0
0.45454545,-1.00000000,-0.0172684972,0.0172684972,0
0.46464646,-1.00000000,-0.0215209208,0.0215209208,0
0.47474747,-1.00000000,-0.0267186194,0.0267186194,0
0.48484848,-1.00000000,-0.0330381038,0.0330381038,0
0.49494949,-1.00000000,-0.0406764633,0.0406764633,0
0.50505051,-1.00000000,-0.0498488404,0.0498488404,0
0.51515152,-1.00000000,-0.0607835446,0.0607835446,0
0.52525253,-1.00000000,-0.0737142655,0.0737142655,0
0.53535354,-1.00000000,-0.0888690206,0.0888690206,0
0.54545455,-1.00000000,-0.1064558173,0.1064558173,0
0.55555556,-1.00000000,-0.1266455451,0.1266455451,0
0.56565657,-1.00000000,-0.1495533123,0.1495533123,0
0.57575758,-1.00000000,-0.1752201789,0.1752201789,0
0.58585859,-1.00000000,-0.2035978217,0.2035978217,0
0.59595960,-1.00000000,-0.2345388643,0.2345388643,0
0.60606061,-1.00000000,-0.2677952057,0.2677952057,0
0.61616162,-1.00000000,-0.3030256436,0.3030256436,0
0.62626263,-1.00000000,-0.3398125731,0.3398125731,0
0.63636364,-1.00000000,-0.3776859237,0.3776859237,0
0.64646465,-1.00000000,-0.4161512203,0.4161512203,0
0.65656566,-1.00000000,-0.4547180899,0.4547180899,0
0.66666667,-1.00000000,-0.4929257746,0.4929257746,0
0.67676768,-1.00000000,-0.5303631294,0.5303631294,0
0.68686869,-1.00000000,-0.5666818275,0.5666818275,0
0.69696970,-1.00000000,-0.6016027132,0.6016027132,0
0.70707071,-1.00000000,-0.6349161797,0.6349161797,0
0.71717172,-1.00000000,-0.6664779714,0.6664779714,0
0.72727273,-1.00000000,-0.6962019658,0.6962019658,0
0.73737374,-1.00000000,-0.7240513589,0.7240513589,0
0.74747475,-1.00000000,-0.7500293991,0.7500293991,0
0.75757576,-1.00000000,-0.7741704834,0.7741704834,0
0.76767677,-1.00000000,-0.7965321198,0.7965321198,0
0.77777778,-1.00000000,-0.8171880115,0.8171880115,0
0.78787879,-1.00000000,-0.8362223355,0.8362223355,0
0.79797980,-1.00000000,-0.8537251692,0.8537251692,0
0.80808081,-1.00000000,-0.8697889507,0.8697889507,0
0.81818182,-1.00000000,-0.8845058286,0.8845058286,0
0.82828283,-1.00000000,-0.8979657474,0.8979657474,0
0.83838384,-1.00000000,-0.9102551275,0.9102551275,0
0.84848485,-1.00000000,-0.9214560105,0.9214560105,0
0.85858586,-1.00000000,-0.9316455609,0.9316455609,0
0.86868687,-1.00000000,-0.9408958355,0.9408958355,0
0.87878788,-1.00000000,-0.9492737473,0.9492737473,0
0.88888889,-1.00000000,-0.9568411667,0.9568411667,0
0.89898990,-1.00000000,-0.9636551168,0.9636551168,0
0.90909091,-1.00000000,-0.9697680286,0.9697680286,0
0.91919192,-1.00000000,-0.9752280317,0.9752280317,0
0.92929293,-1.00000000,-0.9800792610,0.9800792610,0
0.93939394,-1.00000000,-0.9843621675,0.9843621675,0
0.94949495,-1.00000000,-0.9881138241,0.9881138241,0
0.95959596,-1.00000000,-0.9913682185,0.9913682185,0
0.96969697,-1.00000000,-0.9941565311,0.9941565311,0
0.97979798,-1.00000000,-0.9965073951,0.9965073951,0
0.98989899,-1.00000000,-0.9984471375,0.9984471375,0
1.00000000,-1.00000000,-1.0000000000,1.0000000000,0
0.00000000,-0.93939394,0.0000000000,-0.0000000000,0
0.01010101,-0.93939394,-0.0000000000,0.0000000000,0
0.02020202,-0.93939394,-0.0000000000,0.0000000000,0
0.03030303,-0.93939394,-0.0000000001,0.0000000001,0
0.04040404,-0.93939394,-0.0000000007,0.0000000007,0
0.05050505,-0.93939394,-0.0000000024,0.0000000024,0
0.06060606,-0.93939394,-0.0000000070,0.0000000070,0
0.07070707,-0.93939394,-0.0000000174,0.0000000174,0
0.08080808,-0.93939394,-0.0000000388,0.0000000388,0
0.09090909,-0.93939394,-0.0000000799,0.0000000799,0
0.10101010,-0.93939394,-0.0000001541,0.0000001541,0
0.11111111,-0.93939394,-0.0000002820,0.0000002820,0
0.12121212,-0.93939394,-0.0000004940,0.0000004940,0
0.13131313,-0.93939394,-0.0000008339,0.0000008339,0
0.14141414,-0.93939394,-0.0000013645,0.0000013645,0
0.15151515,-0.93939394,-0.0000021731,0.0000021731,0
0.16161616,-0.93939394,-0.0000033805,0.0000033805,0
0.17171717,-0.93939394,-0.0000051516,0.0000051516,0
0.18181818,-0.93939394,-0.0000077089,0.0000077089,0
0.19191919,-0.93939394,-0.0000113505,0.0000113505,0
0.20202020,-0.93939394,-0.0000164720,0.0000164720,0
0.21212121,-0.93939394,-0.0000235954,0.0000235954,0
0.22222222,-0.93939394,-0.0000334045,0.0000334045,0
0.23232323,-0.93939394,-0.0000467906,0.0000467906,0
0.24242424,-0.93939394,-0.0000649092,0.0000649092,0
0.25252525,-0.93939394,-0.0000892514,0.0000892514,0
0.26262626,-0.93939394,-0.0001217332,0.0001217332,0
0.27272727,-0.93939394,-0.0001648071,0.0001648071,0
0.28282828,-0.93939394,-0.0002216006,0.0002216006,0
0.29292929,-0.93939394,-0.0002960891,0.0002960891,0
0.30303030,-0.93939394,-0.0003933089,0.0003933089,0
0.31313131,-0.93939394,-0.0005196212,0.0005196212,0
0.32323232,-0.93939394,-0.0006830367,0.0006830367,0
0.33333333,-0.93939394,-0.0008936136,0.0008936136,0
0.34343434,-0.93939394,-0.0011639447,0.0011639447,0
0.35353535,-0.93939394,-0.0015097488,0.0015097488,0
0.36363636,-0.93939394,-0.0019505863,0.0019505863,0
0.37373737,-0.93939394,-0.0025107191,0.0025107191,0
0.38383838,-0.93939394,-0.0032201354,0.0032201354,0
0.39393939,-0.93939394,-0.0041157587,0.0041157587,0
0.40404040,-0.93939394,-0.0052428581,0.0052428581,0
0.41414141,-0.93939394,-0.0066566676,0.0066566676,0
0.42424242,-0.93939394,-0.0084242078,0.0084242078,0
0.43434343,-0.93939394,-0.0106262846,0.0106262846,0
0.44444444,-0.93939394,-0.0133595997,0.0133595997,0
0.45454545,-0.93939394,-0.0167388658,0.0167388658,0
0.46464646,-0.93939394,-0.0208987489,0.0208987489,0
0.47474747,-0.93939394,-0.0259953775,0.0259953775,0
0.48484848,-0.93939394,-0.0322070580,0.0322070580,0
0.49494949,-0.93939394,-0.0397337251,0.0397337251,0
0.50505051,-0.93939394,-0.0487945594,0.0487945594,0
0.51515152,-0.93939394,-0.0596231449,0.0596231449,0
0.52525253,-0.93939394,-0.0724595681,0.0724595681,0
0.53535354,-0.93939394,-0.0875390314,0.0875390314,0
0.54545455,-0.93939394,-0.1050769137,0.1050769137,0
0.55555556,-0.93939394,-0.1252507983,0.1252507983,0
0.56565657,-0.93939394,-0.1481807483,0.1481807483,0
0.57575758,-0.93939394,-0.1739099384,0.1739099384,0
0.58585859,-0.93939394,-0.2023884089,0.2023884089,0
0.59595960,-0.93939394,-0.2334629291,0.2334629291,0
0.60606061,-0.93939394,-0.2668755115,0.2668755115,0
0.61616162,-0.93939394,-0.3022719445,0.3022719445,0
0.62626263,-0.93939394,-0.3392200107,0.3392200107,0
0.63636364,-0.93939394,-0.3772352680,0.3772352680,0
0.64646465,-0.93939394,-0.4158109040,0.4158109040,0
0.65656566,-0.93939394,-0.4544476297,0.4544476297,0
0.66666667,-0.93939394,-0.4926799491,0.4926799491,0
0.67676768,-0.93939394,-0.5300962287,0.5300962287,0
0.68686869,-0.93939394,-0.5663513953,0.5663513953,0
0.69696970,-0.93939394,-0.6011724033,0.6011724033,0
0.70707071,-0.93939394,-0.6343575713,0.6343575713,0
0.71717172,-0.93939394,-0.6657713794,0.6657713794,0
0.72727273,-0.93939394,-0.6953364068,0.6953364068,0
0.73737374,-0.93939394,-0.7230238942,0.7230238942,0
0.74747475,-0.93939394,-0.7488440826,0.7488440826,0
0.75757576,-0.93939394,-0.7728371127,0.7728371127,0
0.76767677,-0.93939394,-0.7950649453,0.7950649453,0
0.77777778,-0.93939394,-0.8156045126,0.8156045126,0
0.78787879,-0.93939394,-0.8345421285,0.8345421285,0
0.79797980,-0.93939394,-0.8519690792,0.8519690792,0
0.80808081,-0.93939394,-0.8679782565,0.8679782565,0
0.81818182,-0.93939394,-0.8826616719,0.8826616719,0
0.82828283,-0.93939394,-0.8961086919,0.8961086919,0
0.83838384,-0.93939394,-0.9084048446,0.9084048446,0
0.84848485,-0.93939394,-0.9196310711,0.9196310711,0
0.85858586,-0.93939394,-0.9298633126,0.9298633126,0
0.86868687,-0.93939394,-0.9391723454,0.9391723454,0
0.87878788,-0.93939394,-0.9476237949,0.9476237949,0
0.88888889,-0.93939394,-0.9552782734,0.9552782734,0
0.89898990,-0.93939394,-0.9621916005,0.9621916005,0
0.90909091,-0.93939394,-0.9684150756,0.9684150756,0
0.91919192,-0.93939394,-0.9739957773,0.9739957773,0
0.92929293,-0.93939394,-0.9789768764,0.9789768764,0
0.93939394,-0.93939394,-0.9833979468,0.9833979468,0
0.94949495,-0.93939394,-0.9872952692,0.9872952692,0
0.95959596,-0.93939394,-0.9907021208,0.9907021208,0
0.96969697,-0.93939394,-0.9936490487,0.9936490487,0
0.97979798,-0.93939394,-0.9961641230,0.9961641230,0
0.98989899,-0.93939394,-0.9982731727,0.9982731727,0
1.00000000,-0.93939394,-1.0000000000,1.0000000000,0
0.00000000,-0.87878788,0.0000000000,-0.0000000000,0
0.01010101,-0.87878788,-0.0000000000,0.0000000000,0
0.02020202,-0.87878788,-0.0000000000,0.0000000000,0
0.03030303,-0.87878788,-0.0000000001,0.0000000001,0
0.04040404,-0.87878788,-0.0000000007,0.0000000007,0
0.05050505,-0.87878788,-0.0000000024,0.0000000024,0
0.06060606,-0.87878788,-0.0000000069,0.0000000069,0
0.07070707,-0.87878788,-0.0000000170,0.0000000170,0
0.08080808,-0.87878788,-0.0000000378,0.0000000378,0
0.09090909,-0.87878788,-0.0000000774,0.0000000774,0
0.10101010,-0.87878788,-0.0000001489,0.0000001489,0
0.11111111,-0.87878788,-0.0000002716,0.0000002716,0
0.12121212,-0.87878788,-0.0000004744,0.0000004744,0
0.13131313,-0.87878788,-0.0000007991,0.0000007991,0
0.14141414,-0.87878788,-0.0000013050,0.0000013050,0
0.15151515,-0.87878788,-0.0000020748,0.0000020748,0
0.16161616,-0.87878788,-0.0000032230,0.0000032230,0
0.17171717,-0.87878788,-0.0000049053,0.0000049053,0
0.18181818,-0.87878788,-0.0000073324,0.0000073324,0
0.19191919,-0.87878788,-0.0000107863,0.0000107863,0
0.20202020,-0.87878788,-0.0000156414,0.0000156414,0
0.21212121,-0.87878788,-0.0000223919,0.0000223919,0
0.22222222,-0.87878788,-0.0000316855,0.0000316855,0
0.23232323,-0.87878788,-0.0000443671,0.0000443671,0
0.24242424,-0.87878788,-0.0000615329,0.0000615329,0
0.25252525,-0.87878788,-0.0000845987,0.0000845987,0
0.26262626,-0.87878788,-0.0001153859,0.0001153859,0
0.27272727,-0.87878788,-0.0001562284,0.0001562284,0
0.28282828,-0.87878788,-0.0002101067,0.0002101067,0
0.29292929,-0.87878788,-0.0002808146,0.0002808146,0
0.30303030,-0.87878788,-0.0003731659,0.0003731659,0
0.31313131,-0.87878788,-0.0004932511,0.0004932511,0
0.32323232,-0.87878788,-0.0006487540,0.0006487540,0
0.33333333,-0.87878788,-0.0008493417,0.0008493417,0
0.34343434,-0.87878788,-0.0011071426,0.0011071426,0
0.35353535,-0.87878788,-0.0014373302,0.0014373302,0
0.36363636,-0.87878788,-0.0018588323,0.0018588323,0
0.37373737,-0.87878788,-0.0023951863,0.0023951863,0
0.38383838,-0.87878788,-0.0030755652,0.0030755652,0
0.39393939,-0.87878788,-0.0039359939,0.0039359939,0
0.40404040,-0.87878788,-0.0050207770,0.0050207770,0
0.41414141,-0.87878788,-0.0063841495,0.0063841495,0
0.42424242,-0.87878788,-0.0080921499,0.0080921499,0
0.43434343,-0.87878788,-0.0102246926,0.0102246926,0
0.44444444,-0.87878788,-0.0128777835,0.0128777835,0
0.45454545,-0.87878788,-0.0161657734,0.0161657734,0
0.46464646,-0.87878788,-0.0202234743,0.0202234743,0
0.47474747,-0.87878788,-0.0252078747,0.0252078747,0
0.48484848,-0.87878788,-0.0312990808,0.0312990808,0
0.49494949,-0.87878788,-0.0386999893,0.0386999893,0
0.50505051,-0.87878788,-0.0476340805,0.0476340805,0
0.51515152,-0.87878788,-0.0583406490,0.0583406490,0
0.52525253,-0.87878788,-0.0710668002,0.0710668002,0
0.53535354,-0.87878788,-0.0860557094,0.0860557094,0
0.54545455,-0.87878788,-0.1035310236,0.1035310236,0
0.55555556,-0.87878788,-0.1236779152,0.1236779152,0
0.56565657,-0.87878788,-0.1466221476,0.1466221476,0
0.57575758,-0.87878788,-0.1724094388,0.1724094388,0
0.58585859,-0.87878788,-0.2009881581,0.2009881581,0
0.59595960,-0.87878788,-0.2321986480,0.2321986480,0
0.60606061,-0.87878788,-0.2657719572,0.2657719572,0
0.61616162,-0.87878788,-0.3013394330,0.3013394330,0
0.62626263,-0.87878788,-0.3384527000,0.3384527000,0
0.63636364,-0.87878788,-0.3766115564,0.3766115564,0
0.64646465,-0.87878788,-0.4152958516,0.4152958516,0
0.65656566,-0.87878788,-0.4539969017,0.4539969017,0
0.66666667,-0.87878788,-0.4922445354,0.4922445354,0
0.67676768,-0.87878788,-0.5296271545,0.5296271545,0
0.68686869,-0.87878788,-0.5658037806,0.5658037806,0
0.69696970,-0.87878788,-0.6005084766,0.6005084766,0
0.70707071,-0.87878788,-0.6335484982,0.6335484982,0
0.71717172,-0.87878788,-0.6647979804,0.6647979804,0
0.72727273,-0.87878788,-0.6941889668,0.6941889668,0
0.73737374,-0.87878788,-0.7217013243,0.7217013243,0
0.74747475,-0.87878788,-0.7473526882,0.7473526882,0
0.75757576,-0.87878788,-0.7711891843,0.7711891843,0
0.76767677,-0.87878788,-0.7932773368,0.7932773368,0
0.77777778,-0.87878788,-0.8136973151,0.8136973151,0
0.78787879,-0.87878788,-0.8325375033,0.8325375033,0
0.79797980,-0.87878788,-0.8498902798,0.8498902798,0
0.80808081,-0.87878788,-0.8658488413,0.8658488413,0
0.81818182,-0.87878788,-0.8805048975,0.8805048975,0
0.82828283,-0.87878788,-0.8939470646,0.8939470646,0
0.83838384,-0.87878788,-0.9062598075,0.9062598075,0
0.84848485,-0.87878788,-0.9175228023,0.9175228023,0
0.85858586,-0.87878788,-0.9278106107,0.9278106107,0
0.86868687,-0.87878788,-0.9371925832,0.9371925832,0
0.87878788,-0.87878788,-0.9457329238,0.9457329238,0
0.88888889,-0.87878788,-0.9534908643,0.9534908643,0
0.89898990,-0.87878788,-0.9605209097,0.9605209097,0
0.90909091,-0.87878788,-0.9668731270,0.9668731270,0
0.91919192,-0.87878788,-0.9725934536,0.9725934536,0
0.92929293,-0.87878788,-0.9777240142,0.9777240142,0
0.93939394,-0.87878788,-0.9823034323,0.9823034323,0
0.94949495,-0.87878788,-0.9863671309,0.9863671309,0
0.95959596,-0.87878788,-0.9899476178,0.9899476178,0
0.96969697,-0.87878788,-0.9930747533,0.9930747533,0
0.97979798,-0.87878788,-0.9957759974,0.9957759974,0
0.98989899,-0.87878788,-0.9980766382,0.9980766382,0
1.00000000,-0.87878788,-1.0000000000,1.0000000000,0
0.00000000,-0.81818182,0.0000000000,-0.0000000000,0
0.01010101,-0.81818182,-0.0000000000,0.0000000000,0
0.02020202,-0.81818182,-0.0000000000,0.0000000000,0
0.03030303,-0.81818182,-0.0000000001,0.0000000001,0
0.04040404,-0.81818182,-0.0000000007,0.0000000007,0
0.05050505,-0.81818182,-0.0000000024,0.0000000024,0
0.06060606,-0.81818182,-0.0000000067,0.0000000067,0
0.07070707,-0.81818182,-0.0000000165,0.0000000165,0
0.08080808,-0.81818182,-0.0000000366,0.0000000366,0
0.09090909,-0.81818182,-0.0000000747,0.0000000747,0
0.10101010,-0.81818182,-0.0000001431,0.0000001431,0
0.11111111,-0.81818182,-0.0000002603,0.0000002603,0
0.12121212,-0.81818182,-0.0000004536,0.0000004536,0
0.13131313,-0.81818182,-0.0000007623,0.0000007623,0
0.14141414,-0.81818182,-0.0000012422,0.0000012422,0
0.15151515,-0.81818182,-0.0000019715,0.0000019715,0
0.16161616,-0.81818182,-0.0000030576,0.0000030576,0
0.17171717,-0.81818182,-0.0000046474,0.0000046474,0
0.18181818,-0.81818182,-0.0000069388,0.0000069388,0
0.19191919,-0.81818182,-0.0000101971,0.0000101971,0
0.20202020,-0.81818182,-0.0000147748,0.0000147748,0
0.21212121,-0.81818182,-0.0000211370,0.0000211370,0
0.22222222,-0.81818182,-0.0000298939,0.0000298939,0
0.23232323,-0.81818182,-0.0000418418,0.0000418418,0
0.24242424,-0.81818182,-0.0000580149,0.0000580149,0
0.25252525,-0.81818182,-0.0000797501,0.0000797501,0
0.26262626,-0.81818182,-0.0001087695,0.0001087695,0
0.27272727,-0.81818182,-0.0001472822,0.0001472822,0
0.28282828,-0.81818182,-0.0001981136,0.0001981136,0
0.29292929,-0.81818182,-0.0002648653,0.0002648653,0
0.30303030,-0.81818182,-0.0003521152,0.0003521152,0
0.31313131,-0.81818182,-0.0004656659,0.0004656659,0
0.32323232,-0.81818182,-0.0006128521,0.0006128521,0
0.33333333,-0.81818182,-0.0008029214,0.0008029214,0
0.34343434,-0.81818182,-0.0010475024,0.0010475024,0
0.35353535,-0.81818182,-0.0013611787,0.0013611787,0
0.36363636,-0.81818182,-0.0017621897,0.0017621897,0
0.37373737,-0.81818182,-0.0022732801,0.0022732801,0
0.38383838,-0.81818182,-0.0029227241,0.0029227241,0
0.39393939,-0.81818182,-0.0037455471,0.0037455471,0
0.40404040,-0.81818182,-0.0047849692,0.0047849692,0
0.41414141,-0.81818182,-0.0060940873,0.0060940873,0
0.42424242,-0.81818182,-0.0077377984,0.0077377984,0
0.43434343,-0.81818182,-0.0097949499,0.0097949499,0
0.44444444,-0.81818182,-0.0123606663,0.0123606663,0
0.45454545,-0.81818182,-0.0155487511,0.0155487511,0
0.46464646,-0.81818182,-0.0194939950,0.0194939950,0
0.47474747,-0.81818182,-0.0243541221,0.0243541221,0
0.48484848,-0.81818182,-0.0303109894,0.0303109894,0
0.49494949,-0.81818182,-0.0375705205,0.0375705205,0
0.50505051,-0.81818182,-0.0463607174,0.0463607174,0
0.51515152,-0.81818182,-0.0569270004,0.0569270004,0
0.52525253,-0.81818182,-0.0695241224,0.0695241224,0
0.53535354,-0.81818182,-0.0844040629,0.0844040629,0
0.54545455,-0.81818182,-0.1017997093,0.1017997093,0
0.55555556,-0.81818182,-0.1219048220,0.1219048220,0
0.56565657,-0.81818182,-0.1448517231,0.1448517231,0
0.57575758,-0.81818182,-0.1706891995,0.1706891995,0
0.58585859,-0.81818182,-0.1993639733,0.1993639733,0
0.59595960,-0.81818182,-0.2307093928,0.2307093928,0
0.60606061,-0.81818182,-0.2644444208,0.2644444208,0
0.61616162,-0.81818182,-0.3001844604,0.3001844604,0
0.62626263,-0.81818182,-0.3374633708,0.3374633708,0
0.63636364,-0.81818182,-0.3757637839,0.3757637839,0
0.64646465,-0.81818182,-0.4145512540,0.4145512540,0
0.65656566,-0.81818182,-0.4533073307,0.4533073307,0
0.66666667,-0.81818182,-0.4915573799,0.4915573799,0
0.67676768,-0.81818182,-0.5288905251,0.5288905251,0
0.68686869,-0.81818182,-0.5649708716,0.5649708716,0
0.69696970,-0.81818182,-0.5995406987,0.5995406987,0
0.70707071,-0.81818182,-0.6324172736,0.6324172736,0
0.71717172,-0.81818182,-0.6634853205,0.6634853205,0
0.72727273,-0.81818182,-0.6926870865,0.6926870865,0
0.73737374,-0.81818182,-0.7200115933,0.7200115933,0
0.74747475,-0.81818182,-0.7454842021,0.7454842021,0
0.75757576,-0.81818182,-0.7691571887,0.7691571887,0
0.76767677,-0.81818182,-0.7911016732,0.7911016732,0
0.77777778,-0.81818182,-0.8114009973,0.8114009973,0
0.78787879,-0.81818182,-0.8301454849,0.8301454849,0
0.79797980,-0.81818182,-0.8474284339,0.8474284339,0
0.80808081,-0.81818182,-0.8633431515,0.8633431515,0
0.81818182,-0.81818182,-0.8779808420,0.8779808420,0
0.82828283,-0.81818182,-0.8914291697,0.8914291697,0
0.83838384,-0.81818182,-0.9037713422,0.9037713422,0
0.84848485,-0.81818182,-0.9150855874,0.9150855874,0
0.85858586,-0.81818182,-0.9254449180,0.9254449180,0
0.86868687,-0.81818182,-0.9349171033,0.9349171033,0
0.87878788,-0.81818182,-0.9435647845,0.9435647845,0
0.88888889,-0.81818182,-0.9514456848,0.9514456848,0
0.89898990,-0.81818182,-0.9586128795,0.9586128795,0
0.90909091,-0.81818182,-0.9651150994,0.9651150994,0
0.91919192,-0.81818182,-0.9709970479,0.9709970479,0
0.92929293,-0.81818182,-0.9762997203,0.9762997203,0
0.93939394,-0.81818182,-0.9810607148,0.9810607148,0
0.94949495,-0.81818182,-0.9853145295,0.9853145295,0
0.95959596,-0.81818182,-0.9890928430,0.9890928430,0
0.96969697,-0.81818182,-0.9924247744,0.9924247744,0
0.97979798,-0.81818182,-0.9953371248,0.9953371248,0
0.98989899,-0.81818182,-0.9978545977,0.9978545977,0
1.00000000,-0.81818182,-1.0000000000,1.0000000000,0
0.00000000,-0.75757576,0.0000000000,-0.0000000000,0
0.01010101,-0.75757576,-0.0000000000,0.0000000000,0
0.02020202,-0.75757576,-0.0000000000,0.0000000000,0
0.03030303,-0.75757576,-0.0000000001,0.0000000001,0
0.04040404,-0.75757576,-0.0000000007,0.0000000007,0
0.05050505,-0.75757576,-0.0000000023,0.0000000023,0
0.06060606,-0.75757576,-0.0000000065,0.0000000065,0
0.07070707,-0.75757576,-0.0000000160,0.0000000160,0
0.08080808,-0.75757576,-0.0000000353,0.0000000353,0
0.09090909,-0.75757576,-0.0000000718,0.0000000718,0
0.10101010,-0.75757576,-0.0000001370,0.0000001370,0
0.11111111,-0.75757576,-0.0000002484,0.0000002484,0
0.12121212,-0.75757576,-0.0000004316,0.0000004316,0
0.13131313,-0.75757576,-0.0000007235,0.0000007235,0
0.14141414,-0.75757576,-0.0000011765,0.0000011765,0
0.15151515,-0.75757576,-0.0000018635,0.0000018635,0
0.16161616,-0.75757576,-0.0000028854,0.0000028854,0
0.17171717,-0.75757576,-0.0000043792,0.0000043792,0
0.18181818,-0.75757576,-0.0000065303,0.0000065303,0
0.19191919,-0.75757576,-0.0000095866,0.0000095866,0
0.20202020,-0.75757576,-0.0000138777,0.0000138777,0
0.21212121,-0.75757576,-0.0000198389,0.0000198389,0
0.22222222,-0.75757576,-0.0000280415,0.0000280415,0
0.23232323,-0.75757576,-0.0000392316,0.0000392316,0
0.24242424,-0.75757576,-0.0000543789,0.0000543789,0
0.25252525,-0.75757576,-0.0000747384,0.0000747384,0
0.26262626,-0.75757576,-0.0001019286,0.0001019286,0
0.27272727,-0.75757576,-0.0001380285,0.0001380285,0
0.28282828,-0.75757576,-0.0001857009,0.0001857009,0
0.29292929,-0.75757576,-0.0002483459,0.0002483459,0
0.30303030,-0.75757576,-0.0003302929,0.0003302929,0
0.31313131,-0.75757576,-0.0004370399,0.0004370399,0
0.32323232,-0.75757576,-0.0005755518,0.0005755518,0
0.33333333,-0.75757576,-0.0007546293,0.0007546293,0
0.34343434,-0.75757576,-0.0009853661,0.0009853661,0
0.35353535,-0.75757576,-0.0012817117,0.0012817117,0
0.36363636,-0.75757576,-0.0016611606,0.0016611606,0
0.37373737,-0.75757576,-0.0021455945,0.0021455945,0
0.38383838,-0.75757576,-0.0027623010,0.0027623010,0
0.39393939,-0.75757576,-0.0035451989,0.0035451989,0
0.40404040,-0.75757576,-0.0045362943,0.0045362943,0
0.41414141,-0.75757576,-0.0057873913,0.0057873913,0
0.42424242,-0.75757576,-0.0073620659,0.0073620659,0
0.43434343,-0.75757576,-0.0093378951,0.0093378951,0
0.44444444,-0.75757576,-0.0118088987,0.0118088987,0
0.45454545,-0.75757576,-0.0148881016,0.0148881016,0
0.46464646,-0.75757576,-0.0187100492,0.0187100492,0
0.47474747,-0.75757576,-0.0234330108,0.0234330108,0
0.48484848,-0.75757576,-0.0292404733,0.0292404733,0
0.49494949,-0.75757576,-0.0363413802,0.0363413802,0
0.50505051,-0.75757576,-0.0449684117,0.0449684117,0
0.51515152,-0.75757576,-0.0553734825,0.0553734825,0
0.52525253,-0.75757576,-0.0678196053,0.0678196053,0
0.53535354,-0.75757576,-0.0825684166,0.0825684166,0
0.54545455,-0.75757576,-0.0998630835,0.0998630835,0
0.55555556,-0.75757576,-0.1199070578,0.1199070578,0
0.56565657,-0.75757576,-0.1428402033,0.1428402033,0
0.57575758,-0.75757576,-0.1687150214,0.1687150214,0
0.58585859,-0.75757576,-0.1974766982,0.1974766982,0
0.59595960,-0.75757576,-0.2289510590,0.2289510590,0
0.60606061,-0.75757576,-0.2628438496,0.2628438496,0
0.61616162,-0.75757576,-0.2987529955,0.2987529955,0
0.62626263,-0.75757576,-0.3361929666,0.3361929666,0
0.63636364,-0.75757576,-0.3746278528,0.3746278528,0
0.64646465,-0.75757576,-0.4135080535,0.4135080535,0
0.65656566,-0.75757576,-0.4523051345,0.4523051345,0
0.66666667,-0.75757576,-0.4905403975,0.4905403975,0
0.67676768,-0.75757576,-0.5278045566,0.5278045566,0
0.68686869,-0.75757576,-0.5637679366,0.5637679366,0
0.69696970,-0.75757576,-0.5981822344,0.5981822344,0
0.70707071,-0.75757576,-0.6308758371,0.6308758371,0
0.71717172,-0.75757576,-0.6617449721,0.6617449721,0
0.72727273,-0.75757576,-0.6907427672,0.6907427672,0
0.73737374,-0.75757576,-0.7178678385,0.7178678385,0
0.74747475,-0.75757576,-0.7431535032,0.7431535032,0
0.75757576,-0.75757576,-0.7666582476,0.7666582476,0
0.76767677,-0.75757576,-0.7884577216,0.7884577216,0
0.77777778,-0.75757576,-0.8086382866,0.8086382866,0
0.78787879,-0.75757576,-0.8272919989,0.8272919989,0
0.79797980,-0.75757576,-0.8445128402,0.8445128402,0
0.80808081,-0.75757576,-0.8603939820,0.8603939820,0
0.81818182,-0.75757576,-0.8750258800,0.8750258800,0
0.82828283,-0.75757576,-0.8884950133,0.8884950133,0
0.83838384,-0.75757576,-0.9008831145,0.9008831145,0
0.84848485,-0.75757576,-0.9122667628,0.9122667628,0
0.85858586,-0.75757576,-0.9227172396,0.9227172396,0
0.86868687,-0.75757576,-0.9323005688,0.9323005688,0
0.87878788,-0.75757576,-0.9410776812,0.9410776812,0
0.88888889,-0.75757576,-0.9491046595,0.9491046595,0
0.89898990,-0.75757576,-0.9564330313,0.9564330313,0
0.90909091,-0.75757576,-0.9631100860,0.9631100860,0
0.91919192,-0.75757576,-0.9691791989,0.9691791989,0
0.92929293,-0.75757576,-0.9746801520,0.9746801520,0
0.93939394,-0.75757576,-0.9796494430,0.9796494430,0
0.94949495,-0.75757576,-0.9841205777,0.9841205777,0
0.95959596,-0.75757576,-0.9881243446,0.9881243446,0
0.96969697,-0.75757576,-0.9916890674,0.9916890674,0
0.97979798,-0.75757576,-0.9948408390,0.9948408390,0
0.98989899,-0.75757576,-0.9976037335,0.9976037335,0
1.00000000,-0.75757576,-1.0000000000,1.0000000000,0
0.00000000,-0.69696970,0.0000000000,-0.0000000000,0
0.01010101,-0.69696970,-0.0000000000,0.0000000000,0
0.02020202,-0.69696970,-0.0000000000,0.0000000000,0
0.03030303,-0.69696970,-0.0000000001,0.0000000001,0
0.04040404,-0.69696970,-0.0000000007,0.0000000007,0
0.05050505,-0.69696970,-0.0000000023,0.0000000023,0
0.06060606,-0.69696970,-0.0000000063,0.0000000063,0
0.07070707,-0.69696970,-0.0000000154,0.0000000154,0
0.08080808,-0.69696970,-0.0000000338,0.0000000338,0
0.09090909,-0.69696970,-0.0000000686,0.0000000686,0
0.10101010,-0.69696970,-0.0000001304,0.0000001304,0
0.11111111,-0.69696970,-0.0000002357,0.0000002357,0
0.12121212,-0.69696970,-0.0000004084,0.0000004084,0
0.13131313,-0.69696970,-0.0000006829,0.0000006829,0
0.14141414,-0.69696970,-0.0000011080,0.0000011080,0
0.15151515,-0.69696970,-0.0000017516,0.0000017516,0
0.16161616,-0.69696970,-0.0000027073,0.0000027073,0
0.17171717,-0.69696970,-0.0000041027,0.0000041027,0
0.18181818,-0.69696970,-0.0000061098,0.0000061098,0
0.19191919,-0.69696970,-0.0000089590,0.0000089590,0
0.20202020,-0.69696970,-0.0000129567,0.0000129567,0
0.21212121,-0.69696970,-0.0000185074,0.0000185074,0
0.22222222,-0.69696970,-0.0000261426,0.0000261426,0
0.23232323,-0.69696970,-0.0000365567,0.0000365567,0
0.24242424,-0.69696970,-0.0000506533,0.0000506533,0
0.25252525,-0.69696970,-0.0000696031,0.0000696031,0
0.26262626,-0.69696970,-0.0000949172,0.0000949172,0
0.27272727,-0.69696970,-0.0001285400,0.0001285400,0
0.28282828,-0.69696970,-0.0001729658,0.0001729658,0
0.29292929,-0.69696970,-0.0002313846,0.0002313846,0
0.30303030,-0.69696970,-0.0003078661,0.0003078661,0
0.31313131,-0.69696970,-0.0004075893,0.0004075893,0
0.32323232,-0.69696970,-0.0005371294,0.0005371294,0
0.33333333,-0.69696970,-0.0007048147,0.0007048147,0
0.34343434,-0.69696970,-0.0009211709,0.0009211709,0
0.35353535,-0.69696970,-0.0011994693,0.0011994693,0
0.36363636,-0.69696970,-0.0015564043,0.0015564043,0
0.37373737,-0.69696970,-0.0020129231,0.0020129231,0
0.38383838,-0.69696970,-0.0025952372,0.0025952372,0
0.39393939,-0.69696970,-0.0033360460,0.0033360460,0
0.40404040,-0.69696970,-0.0042760031,0.0042760031,0
0.41414141,-0.69696970,-0.0054654513,0.0054654513,0
0.42424242,-0.69696970,-0.0069664449,0.0069664449,0
0.43434343,-0.69696970,-0.0088550570,0.0088550570,0
0.44444444,-0.69696970,-0.0112239395,0.0112239395,0
0.45454545,-0.69696970,-0.0141850532,0.0141850532,0
0.46464646,-0.69696970,-0.0178724074,0.0178724074,0
0.47474747,-0.69696970,-0.0224445452,0.0224445452,0
0.48484848,-0.69696970,-0.0280863698,0.0280863698,0
0.49494949,-0.69696970,-0.0350097381,0.0350097381,0
0.50505051,-0.69696970,-0.0434520686,0.0434520686,0
0.51515152,-0.69696970,-0.0536720574,0.0536720574,0
0.52525253,-0.69696970,-0.0659415367,0.0659415367,0
0.53535354,-0.69696970,-0.0805326459,0.0805326459,0
0.54545455,-0.69696970,-0.0976999160,0.0976999160,0
0.55555556,-0.69696970,-0.1176576912,0.1176576912,0
0.56565657,-0.69696970,-0.1405544955,0.1405544955,0
0.57575758,-0.69696970,-0.1664473365,0.1664473365,0
0.58585859,-0.69696970,-0.1952801035,0.1952801035,0
0.59595960,-0.69696970,-0.2268706580,0.2268706580,0
0.60606061,-0.69696970,-0.2609104489,0.2609104489,0
0.61616162,-0.69696970,-0.2969784239,0.2969784239,0
0.62626263,-0.69696970,-0.3345680929,0.3345680929,0
0.63636364,-0.69696970,-0.3731237326,0.3731237326,0
0.64646465,-0.69696970,-0.4120798927,0.4120798927,0
0.65656566,-0.69696970,-0.4508981480,0.4508981480,0
0.66666667,-0.69696970,-0.4890963554,0.4890963554,0
0.67676768,-0.69696970,-0.5262678812,0.5262678812,0
0.68686869,-0.69696970,-0.5620905394,0.5620905394,0
0.69696970,-0.69696970,-0.5963267070,0.5963267070,0
0.70707071,-0.69696970,-0.6288169869,0.6288169869,0
0.71717172,-0.69696970,-0.6594699539,0.6594699539,0
0.72727273,-0.69696970,-0.6882501825,0.6882501825,0
0.73737374,-0.69696970,-0.7151661901,0.7151661901,0
0.74747475,-0.69696970,-0.7402593409,0.7402593409,0
0.75757576,-0.69696970,-0.7635942586,0.7635942586,0
0.76767677,-0.69696970,-0.7852509361,0.7852509361,0
0.77777778,-0.69696970,-0.8053184972,0.8053184972,0
0.78787879,-0.69696970,-0.8238904367,0.8238904367,0
0.79797980,-0.69696970,-0.8410611143,0.8410611143,0
0.80808081,-0.69696970,-0.8569232650,0.8569232650,0
0.81818182,-0.69696970,-0.8715663100,0.8715663100,0
0.82828283,-0.69696970,-0.8850752790,0.8850752790,0
0.83838384,-0.69696970,-0.8975301890,0.8975301890,0
0.84848485,-0.69696970,-0.9090057545,0.9090057545,0
0.85858586,-0.69696970,-0.9195713328,0.9195713328,0
0.86868687,-0.69696970,-0.9292910310,0.9292910310,0
0.87878788,-0.69696970,-0.9382239178,0.9382239178,0
0.88888889,-0.69696970,-0.9464243014,0.9464243014,0
0.89898990,-0.69696970,-0.9539420431,0.9539420431,0
0.90909091,-0.69696970,-0.9608228856,0.9608228856,0
0.91919192,-0.69696970,-0.9671087828,0.9671087828,0
0.92929293,-0.69696970,-0.9728382199,0.9728382199,0
0.93939394,-0.69696970,-0.9780465198,0.9780465198,0
0.94949495,-0.69696970,-0.9827661293,0.9827661293,0
0.95959596,-0.69696970,-0.9870268866,0.9870268866,0
0.96969697,-0.69696970,-0.9908562659,0.9908562659,0
0.97979798,-0.69696970,-0.9942796026,0.9942796026,0
0.98989899,-0.69696970,-0.9973202971,0.9973202971,0
1.00000000,-0.69696970,-1.0000000000,1.0000000000,0
0.00000000,-0.63636364,0.0000000000,-0.0000000000,0
0.01010101,-0.63636364,-0.0000000000,0.0000000000,0
0.02020202,-0.63636364,-0.0000000000,0.0000000000,0
0.03030303,-0.63636364,-0.0000000001,0.0000000001,0
0.04040404,-0.63636364,-0.0000000006,0.0000000006,0
0.05050505,-0.63636364,-0.0000000022,0.0000000022,0
0.06060606,-0.63636364,-0.0000000061,0.0000000061,0
0.07070707,-0.63636364,-0.0000000148,0.0000000148,0
0.08080808,-0.63636364,-0.0000000323,0.0000000323,0
0.09090909,-0.63636364,-0.0000000651,0.0000000651,0
0.10101010,-0.63636364,-0.0000001234,0.0000001234,0
0.11111111,-0.63636364,-0.0000002224,0.0000002224,0
0.12121212,-0.63636364,-0.0000003842,0.0000003842,0
0.13131313,-0.63636364,-0.0000006408,0.0000006408,0
0.14141414,-0.63636364,-0.0000010372,0.0000010372,0
0.15151515,-0.63636364,-0.0000016364,0.0000016364,0
0.16161616,-0.63636364,-0.0000025247,0.0000025247,0
0.17171717,-0.63636364,-0.0000038198,0.0000038198,0
0.18181818,-0.63636364,-0.0000056805,0.0000056805,0
0.19191919,-0.63636364,-0.0000083195,0.0000083195,0
0.20202020,-0.63636364,-0.0000120194,0.0000120194,0
0.21212121,-0.63636364,-0.0000171537,0.0000171537,0
0.22222222,-0.63636364,-0.0000242135,0.0000242135,0
0.23232323,-0.63636364,-0.0000338406,0.0000338406,0
0.24242424,-0.63636364,-0.0000468711,0.0000468711,0
0.25252525,-0.63636364,-0.0000643896,0.0000643896,0
0.26262626,-0.63636364,-0.0000877976,0.0000877976,0
0.27272727,-0.63636364,-0.0001189014,0.0001189014,0
0.28282828,-0.63636364,-0.0001600216,0.0001600216,0
0.29292929,-0.63636364,-0.0002141314,0.0002141314,0
0.30303030,-0.63636364,-0.0002850317,0.0002850317,0
0.31313131,-0.63636364,-0.0003775698,0.0003775698,0
0.32323232,-0.63636364,-0.0004979140,0.0004979140,0
0.33333333,-0.63636364,-0.0006538971,0.0006538971,0
0.34343434,-0.63636364,-0.0008554455,0.0008554455,0
0.35353535,-0.63636364,-0.0011151121,0.0011151121,0
0.36363636,-0.63636364,-0.0014487369,0.0014487369,0
0.37373737,-0.63636364,-0.0018762624,0.0018762624,0
0.38383838,-0.63636364,-0.0024227333,0.0024227333,0
0.39393939,-0.63636364,-0.0031195142,0.0031195142,0
0.40404040,-0.63636364,-0.0040057601,0.0040057601,0
0.41414141,-0.63636364,-0.0051301718,0.0051301718,0
0.42424242,-0.63636364,-0.0065530607,0.0065530607,0
0.43434343,-0.63636364,-0.0083487319,0.0083487319,0
0.44444444,-0.63636364,-0.0106081627,0.0106081627,0
0.45454545,-0.63636364,-0.0134419053,0.0134419053,0
0.46464646,-0.63636364,-0.0169830638,0.0169830638,0
0.47474747,-0.63636364,-0.0213900865,0.0213900865,0
0.48484848,-0.63636364,-0.0268489625,0.0268489625,0
0.49494949,-0.63636364,-0.0335742248,0.0335742248,0
0.50505051,-0.63636364,-0.0418079538,0.0418079538,0
0.51515152,-0.63636364,-0.0518157851,0.0518157851,0
0.52525253,-0.63636364,-0.0638788297,0.0638788297,0
0.53535354,-0.63636364,-0.0782805211,0.0782805211,0
0.54545455,-0.63636364,-0.0952878486,0.0952878486,0
0.55555556,-0.63636364,-0.1151273289,0.1151273289,0
0.56565657,-0.63636364,-0.1379574048,0.1379574048,0
0.57575758,-0.63636364,-0.1638405583,0.1638405583,0
0.58585859,-0.63636364,-0.1927198030,0.1927198030,0
0.59595960,-0.63636364,-0.2244047591,0.2244047591,0
0.60606061,-0.63636364,-0.2585716366,0.2585716366,0
0.61616162,-0.63636364,-0.2947790388,0.2947790388,0
0.62626263,-0.63636364,-0.3324981027,0.3324981027,0
0.63636364,-0.63636364,-0.3711522252,0.3711522252,0
0.64646465,-0.63636364,-0.4101596625,0.4101596625,0
0.65656566,-0.63636364,-0.4489722630,0.4489722630,0
0.66666667,-0.63636364,-0.4871053085,0.4871053085,0
0.67676768,-0.63636364,-0.5241560665,0.5241560665,0
0.68686869,-0.63636364,-0.5598112097,0.5598112097,0
0.69696970,-0.63636364,-0.5938450626,0.5938450626,0
0.70707071,-0.63636364,-0.6261114640,0.6261114640,0
0.71717172,-0.63636364,-0.6565320430,0.6565320430,0
0.72727273,-0.63636364,-0.6850832146,0.6850832146,0
0.73737374,-0.63636364,-0.7117835194,0.7117835194,0
0.74747475,-0.63636364,-0.7366822789,0.7366822789,0
0.75757576,-0.63636364,-0.7598500163,0.7598500163,0
0.76767677,-0.63636364,-0.7813707382,0.7813707382,0
0.77777778,-0.63636364,-0.8013359540,0.8013359540,0
0.78787879,-0.63636364,-0.8198402076,0.8198402076,0
0.79797980,-0.63636364,-0.8369778560,0.8369778560,0
0.80808081,-0.63636364,-0.8528408399,0.8528408399,0
0.81818182,-0.63636364,-0.8675172190,0.8675172190,0
0.82828283,-0.63636364,-0.8810902796,0.8810902796,0
0.83838384,-0.63636364,-0.8936380622,0.8936380622,0
0.84848485,-0.63636364,-0.9052331871,0.9052331871,0
0.85858586,-0.63636364,-0.9159428871,0.9159428871,0
0.86868687,-0.63636364,-0.9258291769,0.9258291769,0
0.87878788,-0.63636364,-0.9349491105,0.9349491105,0
0.88888889,-0.63636364,-0.9433550878,0.9433550878,0
0.89898990,-0.63636364,-0.9510951864,0.9510951864,0
0.90909091,-0.63636364,-0.9582134994,0.9582134994,0
0.91919192,-0.63636364,-0.9647504679,0.9647504679,0
0.92929293,-0.63636364,-0.9707431999,0.9707431999,0
0.93939394,-0.63636364,-0.9762257708,0.9762257708,0
0.94949495,-0.63636364,-0.9812295039,0.9812295039,0
0.95959596,-0.63636364,-0.9857832286,0.9857832286,0
0.96969697,-0.63636364,-0.9899135167,0.9899135167,0
0.97979798,-0.63636364,-0.9936448980,0.9936448980,0
0.98989899,-0.63636364,-0.9970000552,0.9970000552,0
1.00000000,-0.63636364,-1.0000000000,1.0000000000,0
0.00000000,-0.57575758,0.0000000000,-0.0000000000,0
0.01010101,-0.57575758,-0.0000000000,0.0000000000,0
0.02020202,-0.57575758,-0.0000000000,0.0000000000,0
0.03030303,-0.57575758,-0.0000000001,0.0000000001,0
0.04040404,-0.57575758,-0.0000000006,0.0000000006,0
0.05050505,-0.57575758,-0.0000000021,0.0000000021,0
0.06060606,-0.57575758,-0.0000000058,0.0000000058,0
0.07070707,-0.57575758,-0.0000000141,0.0000000141,0
0.08080808,-0.57575758,-0.0000000306,0.0000000306,0
0.09090909,-0.57575758,-0.0000000615,0.0000000615,0
0.10101010,-0.57575758,-0.0000001161,0.0000001161,0
0.11111111,-0.57575758,-0.0000002085,0.0000002085,0
0.12121212,-0.57575758,-0.0000003591,0.0000003591,0
0.13131313,-0.57575758,-0.0000005974,0.0000005974,0
0.14141414,-0.57575758,-0.0000009648,0.0000009648,0
0.15151515,-0.57575758,-0.0000015189,0.0000015189,0
0.16161616,-0.57575758,-0.0000023390,0.0000023390,0
0.17171717,-0.57575758,-0.0000035330,0.0000035330,0
0.18181818,-0.57575758,-0.0000052463,0.0000052463,0
0.19191919,-0.57575758,-0.0000076738,0.0000076738,0
0.20202020,-0.57575758,-0.0000110744,0.0000110744,0
0.21212121,-0.57575758,-0.0000157906,0.0000157906,0
0.22222222,-0.57575758,-0.0000222724,0.0000222724,0
0.23232323,-0.57575758,-0.0000311091,0.0000311091,0
0.24242424,-0.57575758,-0.0000430687,0.0000430687,0
0.25252525,-0.57575758,-0.0000591486,0.0000591486,0
0.26262626,-0.57575758,-0.0000806394,0.0000806394,0
0.27272727,-0.57575758,-0.0001092069,0.0001092069,0
0.28282828,-0.57575758,-0.0001469947,0.0001469947,0
0.29292929,-0.57575758,-0.0001967547,0.0001967547,0
0.30303030,-0.57575758,-0.0002620118,0.0002620118,0
0.31313131,-0.57575758,-0.0003472714,0.0003472714,0
0.32323232,-0.57575758,-0.0004582810,0.0004582810,0
0.33333333,-0.57575758,-0.0006023581,0.0006023581,0
0.34343434,-0.57575758,-0.0007888028,0.0007888028,0
0.35353535,-0.57575758,-0.0010294121,0.0010294121,0
0.36363636,-0.57575758,-0.0013391215,0.0013391215,0
0.37373737,-0.57575758,-0.0017368016,0.0017368016,0
0.38383838,-0.57575758,-0.0022462414,0.0022462414,0
0.39393939,-0.57575758,-0.0028973543,0.0028973543,0
0.40404040,-0.57575758,-0.0037276466,0.0037276466,0
0.41414141,-0.57575758,-0.0047839858,0.0047839858,0
0.42424242,-0.57575758,-0.0061247013,0.0061247013,0
0.43434343,-0.57575758,-0.0078220367,0.0078220367,0
0.44444444,-0.57575758,-0.0099649428,0.0099649428,0
0.45454545,-0.57575758,-0.0126621547,0.0126621547,0
0.46464646,-0.57575758,-0.0160454149,0.0160454149,0
0.47474747,-0.57575758,-0.0202725939,0.0202725939,0
0.48484848,-0.57575758,-0.0255302941,0.0255302941,0
0.49494949,-0.57575758,-0.0320353194,0.0320353194,0
0.50505051,-0.57575758,-0.0400341499,0.0400341499,0
0.51515152,-0.57575758,-0.0497993318,0.0497993318,0
0.52525253,-0.57575758,-0.0616215462,0.0616215462,0
0.53535354,-0.57575758,-0.0757961913,0.0757961913,0
0.54545455,-0.57575758,-0.0926037617,0.0926037617,0
0.55555556,-0.57575758,-0.1122842699,0.1122842699,0
0.56565657,-0.57575758,-0.1350074707,0.1350074707,0
0.57575758,-0.57575758,-0.1608424982,0.1608424982,0
0.58585859,-0.57575758,-0.1897321640,0.1897321640,0
0.59595960,-0.57575758,-0.2214778372,0.2214778372,0
0.60606061,-0.57575758,-0.2557398178,0.2557398178,0
0.61616162,-0.57575758,-0.2920552778,0.2920552778,0
0.62626263,-0.57575758,-0.3298718742,0.3298718742,0
0.63636364,-0.57575758,-0.3685913973,0.3685913973,0
0.64646465,-0.57575758,-0.4076157232,0.4076157232,0
0.65656566,-0.57575758,-0.4463875732,0.4463875732,0
0.66666667,-0.57575758,-0.4844207888,0.4844207888,0
0.67676768,-0.57575758,-0.5213179465,0.5213179465,0
0.68686869,-0.57575758,-0.5567759831,0.5567759831,0
0.69696970,-0.57575758,-0.5905823609,0.5905823609,0
0.70707071,-0.57575758,-0.6226050082,0.6226050082,0
0.71717172,-0.57575758,-0.6527790936,0.6527790936,0
0.72727273,-0.57575758,-0.6810930210,0.6810930210,0
0.73737374,-0.57575758,-0.7075752324,0.7075752324,0
0.74747475,-0.57575758,-0.7322826921,0.7322826921,0
0.75757576,-0.57575758,-0.7552913893,0.7552913893,0
0.76767677,-0.57575758,-0.7766888506,0.7766888506,0
0.77777778,-0.57575758,-0.7965684642,0.7965684642,0
0.78787879,-0.57575758,-0.8150253309,0.8150253309,0
0.79797980,-0.57575758,-0.8321533479,0.8321533479,0
0.80808081,-0.57575758,-0.8480432482,0.8480432482,0
0.81818182,-0.57575758,-0.8627813633,0.8627813633,0
0.82828283,-0.57575758,-0.8764489163,0.8764489163,0
0.83838384,-0.57575758,-0.8891216939,0.8891216939,0
0.84848485,-0.57575758,-0.9008699841,0.9008699841,0
0.85858586,-0.57575758,-0.9117586899,0.9117586899,0
0.86868687,-0.57575758,-0.9218475586,0.9218475586,0
0.87878788,-0.57575758,-0.9311914781,0.9311914781,0
0.88888889,-0.57575758,-0.9398408097,0.9398408097,0
0.89898990,-0.57575758,-0.9478417345,0.9478417345,0
0.90909091,-0.57575758,-0.9552365973,0.9552365973,0
0.91919192,-0.57575758,-0.9620642399,0.9620642399,0
0.92929293,-0.57575758,-0.9683603160,0.9683603160,0
0.93939394,-0.57575758,-0.9741575855,0.9741575855,0
0.94949495,-0.57575758,-0.9794861865,0.9794861865,0
0.95959596,-0.57575758,-0.9843738843,0.9843738843,0
0.96969697,-0.57575758,-0.9888462977,0.9888462977,0
0.97979798,-0.57575758,-0.9929271045,0.9929271045,0
0.98989899,-0.57575758,-0.9966382274,0.9966382274,0
1.00000000,-0.57575758,-1.0000000000,1.0000000000,0
0.00000000,-0.51515152,0.0000000000,-0.0000000000,0
0.01010101,-0.51515152,-0.0000000000,0.0000000000,0
0.02020202,-0.51515152,-0.0000000000,0.0000000000,0
0.03030303,-0.51515152,-0.0000000001,0.0000000001,0
0.04040404,-0.51515152,-0.0000000006,0.0000000006,0
0.05050505,-0.51515152,-0.0000000020,0.0000000020,0
0.06060606,-0.51515152,-0.0000000055,0.0000000055,0
0.07070707,-0.51515152,-0.0000000133,0.0000000133,0
0.08080808,-0.51515152,-0.0000000288,0.0000000288,0
0.09090909,-0.51515152,-0.0000000576,0.0000000576,0
0.10101010,-0.51515152,-0.0000001084,0.0000001084,0
0.11111111,-0.51515152,-0.0000001941,0.0000001941,0
0.12121212,-0.51515152,-0.0000003334,0.0000003334,0
0.13131313,-0.51515152,-0.0000005532,0.0000005532,0
0.14141414,-0.51515152,-0.0000008912,0.0000008912,0
0.15151515,-0.51515152,-0.0000014001,0.0000014001,0
0.16161616,-0.51515152,-0.0000021520,0.0000021520,0
0.17171717,-0.51515152,-0.0000032449,0.0000032449,0
0.18181818,-0.51515152,-0.0000048113,0.0000048113,0
0.19191919,-0.51515152,-0.0000070282,0.0000070282,0
0.20202020,-0.51515152,-0.0000101311,0.0000101311,0
0.21212121,-0.51515152,-0.0000144314,0.0000144314,0
0.22222222,-0.51515152,-0.0000203389,0.0000203389,0
0.23232323,-0.51515152,-0.0000283901,0.0000283901,0
0.24242424,-0.51515152,-0.0000392851,0.0000392851,0
0.25252525,-0.51515152,-0.0000539342,0.0000539342,0
0.26262626,-0.51515152,-0.0000735168,0.0000735168,0
0.27272727,-0.51515152,-0.0000995574,0.0000995574,0
0.28282828,-0.51515152,-0.0001340214,0.0001340214,0
0.29292929,-0.51515152,-0.0001794365,0.0001794365,0
0.30303030,-0.51515152,-0.0002390472,0.0002390472,0
0.31313131,-0.51515152,-0.0003170105,0.0003170105,0
0.32323232,-0.51515152,-0.0004186423,0.0004186423,0
0.33333333,-0.51515152,-0.0005507299,0.0005507299,0
0.34343434,-0.51515152,-0.0007219244,0.0007219244,0
0.35353535,-0.51515152,-0.0009432351,0.0009432351,0
0.36363636,-0.51515152,-0.0012286485,0.0012286485,0
0.37373737,-0.51515152,-0.0015959014,0.0015959014,0
0.38383838,-0.51515152,-0.0020674423,0.0020674423,0
0.39393939,-0.51515152,-0.0026716199,0.0026716199,0
0.40404040,-0.51515152,-0.0034441409,0.0034441409,0
0.41414141,-0.51515152,-0.0044298421,0.0044298421,0
0.42424242,-0.51515152,-0.0056848170,0.0056848170,0
0.43434343,-0.51515152,-0.0072789275,0.0072789275,0
0.44444444,-0.51515152,-0.0092987028,0.0092987028,0
0.45454545,-0.51515152,-0.0118505859,0.0118505859,0
0.46464646,-0.51515152,-0.0150644064,0.0150644064,0
0.47474747,-0.51515152,-0.0190968439,0.0190968439,0
0.48484848,-0.51515152,-0.0241344729,0.0241344729,0
0.49494949,-0.51515152,-0.0303957542,0.0303957542,0
0.50505051,-0.51515152,-0.0381310636,0.0381310636,0
0.51515152,-0.51515152,-0.0476195678,0.0476195678,0
0.52525253,-0.51515152,-0.0591615539,0.0591615539,0
0.53535354,-0.51515152,-0.0730648428,0.0730648428,0
0.54545455,-0.51515152,-0.0896243473,0.0896243473,0
0.55555556,-0.51515152,-0.1090948799,0.1090948799,0
0.56565657,-0.51515152,-0.1316590139,0.1316590139,0
0.57575758,-0.51515152,-0.1573939530,0.1573939530,0
0.58585859,-0.51515152,-0.1862433239,0.1862433239,0
0.59595960,-0.51515152,-0.2180006486,0.2180006486,0
0.60606061,-0.51515152,-0.2523101035,0.2523101035,0
0.61616162,-0.51515152,-0.2886868317,0.2886868317,0
0.62626263,-0.51515152,-0.3265544156,0.3265544156,0
0.63636364,-0.51515152,-0.3652928276,0.3652928276,0
0.64646465,-0.51515152,-0.4042879583,0.4042879583,0
0.65656566,-0.51515152,-0.4429743944,0.4429743944,0
0.66666667,-0.51515152,-0.4808659289,0.4808659289,0
0.67676768,-0.51515152,-0.5175719491,0.5175719491,0
0.68686869,-0.51515152,-0.5528009969,0.5528009969,0
0.69696970,-0.51515152,-0.5863546671,0.5863546671,0
0.70707071,-0.51515152,-0.6181155496,0.6181155496,0
0.71717172,-0.51515152,-0.6480325132,0.6480325132,0
0.72727273,-0.51515152,-0.6761057695,0.6761057695,0
0.73737374,-0.51515152,-0.7023732329,0.7023732329,0
0.74747475,-0.51515152,-0.7268989268,0.7268989268,0
0.75757576,-0.51515152,-0.7497636473,0.7497636473,0
0.76767677,-0.51515152,-0.7710577679,0.7710577679,0
0.77777778,-0.51515152,-0.7908759082,0.7908759082,0
0.78787879,-0.51515152,-0.8093131306,0.8093131306,0
0.79797980,-0.51515152,-0.8264623398,0.8264623398,0
0.80808081,-0.51515152,-0.8424125959,0.8424125959,0
0.81818182,-0.51515152,-0.8572481021,0.8572481021,0
0.82828283,-0.51515152,-0.8710476772,0.8710476772,0
0.83838384,-0.51515152,-0.8838845667,0.8838845667,0
0.84848485,-0.51515152,-0.8958264838,0.8958264838,0
0.85858586,-0.51515152,-0.9069357984,0.9069357984,0
0.86868687,-0.51515152,-0.9172698185,0.9172698185,0
0.87878788,-0.51515152,-0.9268811210,0.9268811210,0
0.88888889,-0.51515152,-0.9358179054,0.9358179054,0
0.89898990,-0.51515152,-0.9441243504,0.9441243504,0
0.90909091,-0.51515152,-0.9518409612,0.9518409612,0
0.91919192,-0.51515152,-0.9590049002,0.9590049002,0
0.92929293,-0.51515152,-0.9656502964,0.9656502964,0
0.93939394,-0.51515152,-0.9718085316,0.9718085316,0
0.94949495,-0.51515152,-0.9775085022,0.9775085022,0
0.95959596,-0.51515152,-0.9827768577,0.9827768577,0
0.96969697,-0.51515152,-0.9876382170,0.9876382170,0
0.97979798,-0.51515152,-0.9921153630,0.9921153630,0
0.98989899,-0.51515152,-0.9962294178,0.9962294178,0
1.00000000,-0.51515152,-1.0000000000,1.0000000000,0
0.00000000,-0.45454545,0.0000000000,-0.0000000000,0
0.01010101,-0.45454545,-0.0000000000,0.0000000000,0
0.02020202,-0.45454545,-0.0000000000,0.0000000000,0
0.03030303,-0.45454545,-0.0000000001,0.0000000001,0
0.04040404,-0.45454545,-0.0000000006,0.0000000006,0
0.05050505,-0.45454545,-0.0000000019,0.0000000019,0
0.06060606,-0.45454545,-0.0000000052,0.0000000052,0
0.07070707,-0.45454545,-0.0000000124,0.0000000124,0
0.08080808,-0.45454545,-0.0000000268,0.0000000268,0
0.09090909,-0.45454545,-0.0000000536,0.0000000536,0
0.10101010,-0.45454545,-0.0000001005,0.0000001005,0
0.11111111,-0.45454545,-0.0000001793,0.0000001793,0
0.12121212,-0.45454545,-0.0000003072,0.0000003072,0
0.13131313,-0.45454545,-0.0000005084,0.0000005084,0
0.14141414,-0.45454545,-0.0000008172,0.0000008172,0
0.15151515,-0.45454545,-0.0000012811,0.0000012811,0
0.16161616,-0.45454545,-0.0000019653,0.0000019653,0
0.17171717,-0.45454545,-0.0000029584,0.0000029584,0
0.18181818,-0.45454545,-0.0000043797,0.0000043797,0
0.19191919,-0.45454545,-0.0000063890,0.0000063890,0
0.20202020,-0.45454545,-0.0000091989,0.0000091989,0
0.21212121,-0.45454545,-0.0000130903,0.0000130903,0
0.22222222,-0.45454545,-0.0000184330,0.0000184330,0
0.23232323,-0.45454545,-0.0000257121,0.0000257121,0
0.24242424,-0.45454545,-0.0000355605,0.0000355605,0
0.25252525,-0.45454545,-0.0000488022,0.0000488022,0
0.26262626,-0.45454545,-0.0000665066,0.0000665066,0
0.27272727,-0.45454545,-0.0000900577,0.0000900577,0
0.28282828,-0.45454545,-0.0001212431,0.0001212431,0
0.29292929,-0.45454545,-0.0001623661,0.0001623661,0
0.30303030,-0.45454545,-0.0002163897,0.0002163897,0
0.31313131,-0.45454545,-0.0002871191,0.0002871191,0
0.32323232,-0.45454545,-0.0003794330,0.0003794330,0
0.33333333,-0.45454545,-0.0004995778,0.0004995778,0
0.34343434,-0.45454545,-0.0006555398,0.0006555398,0
0.35353535,-0.45454545,-0.0008575155,0.0008575155,0
0.36363636,-0.45454545,-0.0011185050,0.0011185050,0
0.37373737,-0.45454545,-0.0014550573,0.0014550573,0
0.38383838,-0.45454545,-0.0018882039,0.0018882039,0
0.39393939,-0.45454545,-0.0024446216,0.0024446216,0
0.40404040,-0.45454545,-0.0031580703,0.0031580703,0
0.41414141,-0.45454545,-0.0040711578,0.0040711578,0
0.42424242,-0.45454545,-0.0052374793,0.0052374793,0
0.43434343,-0.45454545,-0.0067241733,0.0067241733,0
0.44444444,-0.45454545,-0.0086149128,0.0086149128,0
0.45454545,-0.45454545,-0.0110133091,0.0110133091,0
0.46464646,-0.45454545,-0.0140466287,0.0140466287,0
0.47474747,-0.45454545,-0.0178696051,0.0178696051,0
0.48484848,-0.45454545,-0.0226679499,0.0226679499,0
0.49494949,-0.45454545,-0.0286609167,0.0286609167,0
0.50505051,-0.45454545,-0.0361019672,0.0361019672,0
0.51515152,-0.45454545,-0.0452762492,0.0452762492,0
0.52525253,-0.45454545,-0.0564933287,0.0564933287,0
0.53535354,-0.45454545,-0.0700735682,0.0700735682,0
0.54545455,-0.45454545,-0.0863269557,0.0863269557,0
0.55555556,-0.45454545,-0.1055242888,0.1055242888,0
0.56565657,-0.45454545,-0.1278625287,0.1278625287,0
0.57575758,-0.45454545,-0.1534286308,0.1534286308,0
0.58585859,-0.45454545,-0.1821685079,0.1821685079,0
0.59595960,-0.45454545,-0.2138688469,0.2138688469,0
0.60606061,-0.45454545,-0.2481582040,0.2481582040,0
0.61616162,-0.45454545,-0.2845298740,0.2845298740,0
0.62626263,-0.45454545,-0.3223835594,0.3223835594,0
0.63636364,-0.45454545,-0.3610779440,0.3610779440,0
0.64646465,-0.45454545,-0.3999839482,0.3999839482,0
0.65656566,-0.45454545,-0.4385294540,0.4385294540,0
0.66666667,-0.45454545,-0.4762298103,0.4762298103,0
0.67676768,-0.45454545,-0.5127027014,0.5127027014,0
0.68686869,-0.45454545,-0.5476694036,0.5476694036,0
0.69696970,-0.45454545,-0.5809462894,0.5809462894,0
0.70707071,-0.45454545,-0.6124307566,0.6124307566,0
0.71717172,-0.45454545,-0.6420850913,0.6420850913,0
0.72727273,-0.45454545,-0.6699207108,0.6699207108,0
0.73737374,-0.45454545,-0.6959842006,0.6959842006,0
0.74747475,-0.45454545,-0.7203457478,0.7203457478,0
0.75757576,-0.45454545,-0.7430900472,0.7430900472,0
0.76767677,-0.45454545,-0.7643094537,0.7643094537,0
0.77777778,-0.45454545,-0.7840990288,0.7840990288,0
0.78787879,-0.45454545,-0.8025530992,0.8025530992,0
0.79797980,-0.45454545,-0.8197629754,0.8197629754,0
0.80808081,-0.45454545,-0.8358155350,0.8358155350,0
0.81818182,-0.45454545,-0.8507924263,0.8507924263,0
0.82828283,-0.45454545,-0.8647697105,0.8647697105,0
0.83838384,-0.45454545,-0.8778178007,0.8778178007,0
0.84848485,-0.45454545,-0.8900015958,0.8900015958,0
0.85858586,-0.45454545,-0.9013807361,0.9013807361,0
0.86868687,-0.45454545,-0.9120099281,0.9120099281,0
0.87878788,-0.45454545,-0.9219393033,0.9219393033,0
0.88888889,-0.45454545,-0.9312147869,0.9312147869,0
0.89898990,-0.45454545,-0.9398784601,0.9398784601,0
0.90909091,-0.45454545,-0.9479689071,0.9479689071,0
0.91919192,-0.45454545,-0.9555215407,0.9555215407,0
0.92929293,-0.45454545,-0.9625689031,0.9625689031,0
0.93939394,-0.45454545,-0.9691409424,0.9691409424,0
0.94949495,-0.45454545,-0.9752652632,0.9752652632,0
0.95959596,-0.45454545,-0.9809673541,0.9809673541,0
0.96969697,-0.45454545,-0.9862707917,0.9862707917,0
0.97979798,-0.45454545,-0.9911974246,0.9911974246,0
0.98989899,-0.45454545,-0.9957675377,0.9957675377,0
1.00000000,-0.45454545,-1.0000000000,1.0000000000,0
0.00000000,-0.39393939,0.0000000000,-0.0000000000,0
0.01010101,-0.39393939,-0.0000000000,0.0000000000,0
0.02020202,-0.39393939,-0.0000000000,0.0000000000,0
0.03030303,-0.39393939,-0.0000000001,0.0000000001,0
0.04040404,-0.39393939,-0.0000000005,0.0000000005,0
0.05050505,-0.39393939,-0.0000000018,0.0000000018,0
0.06060606,-0.39393939,-0.0000000048,0.0000000048,0
0.07070707,-0.39393939,-0.0000000115,0.0000000115,0
0.08080808,-0.39393939,-0.0000000248,0.0000000248,0
0.09090909,-0.39393939,-0.0000000494,0.0000000494,0
0.10101010,-0.39393939,-0.0000000924,0.0000000924,0
0.11111111,-0.39393939,-0.0000001644,0.0000001644,0
0.12121212,-0.39393939,-0.0000002808,0.0000002808,0
0.13131313,-0.39393939,-0.0000004636,0.0000004636,0
0.14141414,-0.39393939,-0.0000007435,0.0000007435,0
0.15151515,-0.39393939,-0.0000011631,0.0000011631,0
0.16161616,-0.39393939,-0.0000017809,0.0000017809,0
0.17171717,-0.39393939,-0.0000026763,0.0000026763,0
0.18181818,-0.39393939,-0.0000039559,0.0000039559,0
0.19191919,-0.39393939,-0.0000057630,0.0000057630,0
0.20202020,-0.39393939,-0.0000082875,0.0000082875,0
0.21212121,-0.39393939,-0.0000117811,0.0000117811,0
0.22222222,-0.39393939,-0.0000165749,0.0000165749,0
0.23232323,-0.39393939,-0.0000231034,0.0000231034,0
0.24242424,-0.39393939,-0.0000319344,0.0000319344,0
0.25252525,-0.39393939,-0.0000438078,0.0000438078,0
0.26262626,-0.39393939,-0.0000596848,0.0000596848,0
0.27272727,-0.39393939,-0.0000808116,0.0000808116,0
0.28282828,-0.39393939,-0.0001088003,0.0001088003,0
0.29292929,-0.39393939,-0.0001457327,0.0001457327,0
0.30303030,-0.39393939,-0.0001942919,0.0001942919,0
0.31313131,-0.39393939,-0.0002579323,0.0002579323,0
0.32323232,-0.39393939,-0.0003410943,0.0003410943,0
0.33333333,-0.39393939,-0.0004494794,0.0004494794,0
0.34343434,-0.39393939,-0.0005903997,0.0005903997,0
0.35353535,-0.39393939,-0.0007732224,0.0007732224,0
0.36363636,-0.39393939,-0.0010099334,0.0010099334,0
0.37373737,-0.39393939,-0.0013158507,0.0013158507,0
0.38383838,-0.39393939,-0.0017105231,0.0017105231,0
0.39393939,-0.39393939,-0.0022188591,0.0022188591,0
0.40404040,-0.39393939,-0.0028725346,0.0028725346,0
0.41414141,-0.39393939,-0.0037117359,0.0037117359,0
0.42424242,-0.39393939,-0.0047872959,0.0047872959,0
0.43434343,-0.39393939,-0.0061632753,0.0061632753,0
0.44444444,-0.39393939,-0.0079200252,0.0079200252,0
0.45454545,-0.39393939,-0.0101577271,0.0101577271,0
0.46464646,-0.39393939,-0.0130003368,0.0130003368,0
0.47474747,-0.39393939,-0.0165997390,0.0165997390,0
0.48484848,-0.39393939,-0.0211397337,0.0211397337,0
0.49494949,-0.39393939,-0.0268392132,0.0268392132,0
0.50505051,-0.39393939,-0.0339535431,0.0339535431,0
0.51515152,-0.39393939,-0.0427727668,0.0427727668,0
0.52525253,-0.39393939,-0.0536149042,0.0536149042,0
0.53535354,-0.39393939,-0.0668124820,0.0668124820,0
0.54545455,-0.39393939,-0.0826907942,0.0826907942,0
0.55555556,-0.39393939,-0.1015375406,0.1015375406,0
0.56565657,-0.39393939,-0.1235656118,0.1235656118,0
0.57575758,-0.39393939,-0.1488736662,0.1488736662,0
0.58585859,-0.39393939,-0.1774119537,0.1774119537,0
0.59595960,-0.39393939,-0.2089621960,0.2089621960,0
0.60606061,-0.39393939,-0.2431388942,0.2431388942,0
0.61616162,-0.39393939,-0.2794148400,0.2794148400,0
0.62626263,-0.39393939,-0.3171672014,0.3171672014,0
0.63636364,-0.39393939,-0.3557349192,0.3557349192,0
0.64646465,-0.39393939,-0.3944757327,0.3944757327,0
0.65656566,-0.39393939,-0.4328127068,0.4328127068,0
0.66666667,-0.39393939,-0.4702644713,0.4702644713,0
0.67676768,-0.39393939,-0.5064583129,0.5064583129,0
0.68686869,-0.39393939,-0.5411289641,0.5411289641,0
0.69696970,-0.39393939,-0.5741076769,0.5741076769,0
0.70707071,-0.39393939,-0.6053062110,0.6053062110,0
0.71717172,-0.39393939,-0.6346994106,0.6346994106,0
0.72727273,-0.39393939,-0.6623087819,0.6623087819,0
0.73737374,-0.39393939,-0.6881883454,0.6881883454,0
0.74747475,-0.39393939,-0.7124132084,0.7124132084,0
0.75757576,-0.39393939,-0.7350707886,0.7350707886,0
0.76767677,-0.39393939,-0.7562543596,0.7562543596,0
0.77777778,-0.39393939,-0.7760584960,0.7760584960,0
0.78787879,-0.39393939,-0.7945759968,0.7945759968,0
0.79797980,-0.39393939,-0.8118959177,0.8118959177,0
0.80808081,-0.39393939,-0.8281024094,0.8281024094,0
0.81818182,-0.39393939,-0.8432741232,0.8432741232,0
0.82828283,-0.39393939,-0.8574840064,0.8574840064,0
0.83838384,-0.39393939,-0.8707993536,0.8707993536,0
0.84848485,-0.39393939,-0.8832820209,0.8832820209,0
0.85858586,-0.39393939,-0.8949887358,0.8949887358,0
0.86868687,-0.39393939,-0.9059714565,0.9059714565,0
0.87878788,-0.39393939,-0.9162777500,0.9162777500,0
0.88888889,-0.39393939,-0.9259511700,0.9259511700,0
0.89898990,-0.39393939,-0.9350316196,0.9350316196,0
0.90909091,-0.39393939,-0.9435556942,0.9435556942,0
0.91919192,-0.39393939,-0.9515569982,0.9515569982,0
0.92929293,-0.39393939,-0.9590664361,0.9590664361,0
0.93939394,-0.39393939,-0.9661124765,0.9661124765,0
0.94949495,-0.39393939,-0.9727213906,0.9727213906,0
0.95959596,-0.39393939,-0.9789174672,0.9789174672,0
0.96969697,-0.39393939,-0.9847232049,0.9847232049,0
0.97979798,-0.39393939,-0.9901594837,0.9901594837,0
0.98989899,-0.39393939,-0.9952457194,0.9952457194,0
1.00000000,-0.39393939,-1.0000000000,1.0000000000,0
0.00000000,-0.33333333,0.0000000000,-0.0000000000,0
0.01010101,-0.33333333,-0.0000000000,0.0000000000,0
0.02020202,-0.33333333,-0.0000000000,0.0000000000,0
0.03030303,-0.33333333,-0.0000000001,0.0000000001,0
0.04040404,-0.33333333,-0.0000000005,0.0000000005,0
0.05050505,-0.33333333,-0.0000000016,0.0000000016,0
0.06060606,-0.33333333,-0.0000000045,0.0000000045,0
0.07070707,-0.33333333,-0.0000000106,0.0000000106,0
0.08080808,-0.33333333,-0.0000000228,0.0000000228,0
0.09090909,-0.33333333,-0.0000000451,0.0000000451,0
0.10101010,-0.33333333,-0.0000000842,0.0000000842,0
0.11111111,-0.33333333,-0.0000001494,0.0000001494,0
0.12121212,-0.33333333,-0.0000002545,0.0000002545,0
0.13131313,-0.33333333,-0.0000004192,0.0000004192,0
0.14141414,-0.33333333,-0.0000006708,0.0000006708,0
0.15151515,-0.33333333,-0.0000010474,0.0000010474,0
0.16161616,-0.33333333,-0.0000016007,0.0000016007,0
0.17171717,-0.33333333,-0.0000024014,0.0000024014,0
0.18181818,-0.33333333,-0.0000035444,0.0000035444,0
0.19191919,-0.33333333,-0.0000051564,0.0000051564,0
0.20202020,-0.33333333,-0.0000074063,0.0000074063,0
0.21212121,-0.33333333,-0.0000105173,0.0000105173,0
0.22222222,-0.33333333,-0.0000147836,0.0000147836,0
0.23232323,-0.33333333,-0.0000205912,0.0000205912,0
0.24242424,-0.33333333,-0.0000284449,0.0000284449,0
0.25252525,-0.33333333,-0.0000390035,0.0000390035,0
0.26262626,-0.33333333,-0.0000531236,0.0000531236,0
0.27272727,-0.33333333,-0.0000719178,0.0000719178,0
0.28282828,-0.33333333,-0.0000968275,0.0000968275,0
0.29292929,-0.33333333,-0.0001297174,0.0001297174,0
0.30303030,-0.33333333,-0.0001729968,0.0001729968,0
0.31313131,-0.33333333,-0.0002297740,0.0002297740,0
0.32323232,-0.33333333,-0.0003040556,0.0003040556,0
0.33333333,-0.33333333,-0.0004010004,0.0004010004,0
0.34343434,-0.33333333,-0.0005272452,0.0005272452,0
0.35353535,-0.33333333,-0.0006913207,0.0006913207,0
0.36363636,-0.33333333,-0.0009041827,0.0009041827,0
0.37373737,-0.33333333,-0.0011798875,0.0011798875,0
0.38383838,-0.33333333,-0.0015364505,0.0015364505,0
0.39393939,-0.33333333,-0.0019969317,0.0019969317,0
0.40404040,-0.33333333,-0.0025908007,0.0025908007,0
0.41414141,-0.33333333,-0.0033556441,0.0033556441,0
0.42424242,-0.33333333,-0.0043392770,0.0043392770,0
0.43434343,-0.33333333,-0.0056023265,0.0056023265,0
0.44444444,-0.33333333,-0.0072213370,0.0072213370,0
0.45454545,-0.33333333,-0.0092924159,0.0092924159,0
0.46464646,-0.33333333,-0.0119353741,0.0119353741,0
0.47474747,-0.33333333,-0.0152981986,0.0152981986,0
0.48484848,-0.33333333,-0.0195615062,0.0195615062,0
0.49494949,-0.33333333,-0.0249423525,0.0249423525,0
0.50505051,-0.33333333,-0.0316963910,0.0316963910,0
0.51515152,-0.33333333,-0.0401169251,0.0401169251,0
0.52525253,-0.33333333,-0.0505289572,0.0505289572,0
0.53535354,-0.33333333,-0.0632761093,0.0632761093,0
0.54545455,-0.33333333,-0.0786985653,0.0786985653,0
0.55555556,-0.33333333,-0.0971013644,0.0971013644,0
0.56565657,-0.33333333,-0.1187146890,0.1187146890,0
0.57575758,-0.33333333,-0.1436510884,0.1436510884,0
0.58585859,-0.33333333,-0.1718679113,0.1718679113,0
0.59595960,-0.33333333,-0.2031449438,0.2031449438,0
0.60606061,-0.33333333,-0.2370856953,0.2370856953,0
0.61616162,-0.33333333,-0.2731454590,0.2731454590,0
0.62626263,-0.33333333,-0.3106818205,0.3106818205,0
0.63636364,-0.33333333,-0.3490168711,0.3490168711,0
0.64646465,-0.33333333,-0.3874978914,0.3874978914,0
0.65656566,-0.33333333,-0.4255454627,0.4255454627,0
0.66666667,-0.33333333,-0.4626831974,0.4626831974,0
0.67676768,-0.33333333,-0.4985488873,0.4985488873,0
0.68686869,-0.33333333,-0.5328907914,0.5328907914,0
0.69696970,-0.33333333,-0.5655543748,0.5655543748,0
0.70707071,-0.33333333,-0.5964645357,0.5964645357,0
0.71717172,-0.33333333,-0.6256071054,0.6256071054,0
0.72727273,-0.33333333,-0.6530119529,0.6530119529,0
0.73737374,-0.33333333,-0.6787388080,0.6787388080,0
0.74747475,-0.33333333,-0.7028660772,0.7028660772,0
0.75757576,-0.33333333,-0.7254824472,0.7254824472,0
0.76767677,-0.33333333,-0.7466808517,0.7466808517,0
0.77777778,-0.33333333,-0.7665543177,0.7665543177,0
0.78787879,-0.33333333,-0.7851932424,0.7851932424,0
0.79797980,-0.33333333,-0.8026837184,0.8026837184,0
0.80808081,-0.33333333,-0.8191066044,0.8191066044,0
0.81818182,-0.33333333,-0.8345371087,0.8345371087,0
0.82828283,-0.33333333,-0.8490447153,0.8490447153,0
0.83838384,-0.33333333,-0.8626933294,0.8626933294,0
0.84848485,-0.33333333,-0.8755415546,0.8755415546,0
0.85858586,-0.33333333,-0.8876430435,0.8876430435,0
0.86868687,-0.33333333,-0.8990468801,0.8990468801,0
0.87878788,-0.33333333,-0.9097979691,0.9097979691,0
0.88888889,-0.33333333,-0.9199374151,0.9199374151,0
0.89898990,-0.33333333,-0.9295028810,0.9295028810,0
0.90909091,-0.33333333,-0.9385289218,0.9385289218,0
0.91919192,-0.33333333,-0.9470472902,0.9470472902,0
0.92929293,-0.33333333,-0.9550872151,0.9550872151,0
0.93939394,-0.33333333,-0.9626756513,0.9626756513,0
0.94949495,-0.33333333,-0.9698375055,0.9698375055,0
0.95959596,-0.33333333,-0.9765958371,0.9765958371,0
0.96969697,-0.33333333,-0.9829720379,0.9829720379,0
0.97979798,-0.33333333,-0.9889859922,0.9889859922,0
0.98989899,-0.33333333,-0.9946562192,0.9946562192,0
1.00000000,-0.33333333,-1.0000000000,1.0000000000,0
0.00000000,-0.27272727,0.0000000000,-0.0000000000,0
0.01010101,-0.27272727,-0.0000000000,0.0000000000,0
0.02020202,-0.27272727,-0.0000000000,0.0000000000,0
0.03030303,-0.27272727,-0.0000000001,0.0000000001,0
0.04040404,-0.27272727,-0.0000000004,0.0000000004,0
0.05050505,-0.27272727,-0.0000000015,0.0000000015,0
0.06060606,-0.27272727,-0.0000000041,0.0000000041,0
0.07070707,-0.27272727,-0.0000000097,0.0000000097,0
0.08080808,-0.27272727,-0.0000000207,0.0000000207,0
0.09090909,-0.27272727,-0.0000000408,0.0000000408,0
0.10101010,-0.27272727,-0.0000000760,0.0000000760,0
0.11111111,-0.27272727,-0.0000001345,0.0000001345,0
0.12121212,-0.27272727,-0.0000002286,0.0000002286,0
0.13131313,-0.27272727,-0.0000003757,0.0000003757,0
0.14141414,-0.27272727,-0.0000006000,0.0000006000,0
0.15151515,-0.27272727,-0.0000009350,0.0000009350,0
0.16161616,-0.27272727,-0.0000014266,0.0000014266,0
0.17171717,-0.27272727,-0.0000021367,0.0000021367,0
0.18181818,-0.27272727,-0.0000031490,0.0000031490,0
0.19191919,-0.27272727,-0.0000045752,0.0000045752,0
0.20202020,-0.27272727,-0.0000065638,0.0000065638,0
0.21212121,-0.27272727,-0.0000093113,0.0000093113,0
0.22222222,-0.27272727,-0.0000130766,0.0000130766,0
0.23232323,-0.27272727,-0.0000181998,0.0000181998,0
0.24242424,-0.27272727,-0.0000251262,0.0000251262,0
0.25252525,-0.27272727,-0.0000344367,0.0000344367,0
0.26262626,-0.27272727,-0.0000468886,0.0000468886,0
0.27272727,-0.27272727,-0.0000634660,0.0000634660,0
0.28282828,-0.27272727,-0.0000854464,0.0000854464,0
0.29292929,-0.27272727,-0.0001144856,0.0001144856,0
0.30303030,-0.27272727,-0.0001527270,0.0001527270,0
0.31313131,-0.27272727,-0.0002029428,0.0002029428,0
0.32323232,-0.27272727,-0.0002687151,0.0002687151,0
0.33333333,-0.27272727,-0.0003546695,0.0003546695,0
0.34343434,-0.27272727,-0.0004667748,0.0004667748,0
0.35353535,-0.27272727,-0.0006127289,0.0006127289,0
0.36363636,-0.27272727,-0.0008024537,0.0008024537,0
0.37373737,-0.27272727,-0.0010487293,0.0010487293,0
0.38383838,-0.27272727,-0.0013680048,0.0013680048,0
0.39393939,-0.27272727,-0.0017814314,0.0017814314,0
0.40404040,-0.27272727,-0.0023161736,0.0023161736,0
0.41414141,-0.27272727,-0.0030070612,0.0030070612,0
0.42424242,-0.27272727,-0.0038986566,0.0038986566,0
0.43434343,-0.27272727,-0.0050478104,0.0050478104,0
0.44444444,-0.27272727,-0.0065267737,0.0065267737,0
0.45454545,-0.27272727,-0.0084269084,0.0084269084,0
0.46464646,-0.27272727,-0.0108629782,0.0108629782,0
0.47474747,-0.27272727,-0.0139778934,0.0139778934,0
0.48484848,-0.27272727,-0.0179475974,0.0179475974,0
0.49494949,-0.27272727,-0.0229854978,0.0229854978,0
0.50505051,-0.27272727,-0.0293454380,0.0293454380,0
0.51515152,-0.27272727,-0.0373216993,0.0373216993,0
0.52525253,-0.27272727,-0.0472439935,0.0472439935,0
0.53535354,-0.27272727,-0.0594650565,0.0594650565,0
0.54545455,-0.27272727,-0.0743386280,0.0743386280,0
0.55555556,-0.27272727,-0.0921867587,0.0921867587,0
0.56565657,-0.27272727,-0.1132578763,0.1132578763,0
0.57575758,-0.27272727,-0.1376807493,0.1376807493,0
0.58585859,-0.27272727,-0.1654234027,0.1654234027,0
0.59595960,-0.27272727,-0.1962682092,0.1962682092,0
0.60606061,-0.27272727,-0.2298127674,0.2298127674,0
0.61616162,-0.27272727,-0.2655001358,0.2655001358,0
0.62626263,-0.27272727,-0.3026734257,0.3026734257,0
0.63636364,-0.27272727,-0.3406425064,0.3406425064,0
0.64646465,-0.27272727,-0.3787480245,0.3787480245,0
0.65656566,-0.27272727,-0.4164108171,0.4164108171,0
0.66666667,-0.27272727,-0.4531609663,0.4531609663,0
0.67676768,-0.27272727,-0.4886470036,0.4886470036,0
0.68686869,-0.27272727,-0.5226298576,0.5226298576,0
0.69696970,-0.27272727,-0.5549675290,0.5549675290,0
0.70707071,-0.27272727,-0.5855958646,0.5855958646,0
0.71717172,-0.27272727,-0.6145092655,0.6145092655,0
0.72727273,-0.27272727,-0.6417435454,0.6417435454,0
0.73737374,-0.27272727,-0.6673618788,0.6673618788,0
0.74747475,-0.27272727,-0.6914439511,0.6914439511,0
0.75757576,-0.27272727,-0.7140779821,0.7140779821,0
0.76767677,-0.27272727,-0.7353551160,0.7353551160,0
0.77777778,-0.27272727,-0.7553656509,0.7553656509,0
0.78787879,-0.27272727,-0.7741966383,0.7741966383,0
0.79797980,-0.27272727,-0.7919304663,0.7919304663,0
0.80808081,-0.27272727,-0.8086441275,0.8086441275,0
0.81818182,-0.27272727,-0.8244089487,0.8244089487,0
0.82828283,-0.27272727,-0.8392906202,0.8392906202,0
0.83838384,-0.27272727,-0.8533494104,0.8533494104,0
0.84848485,-0.27272727,-0.8666404878,0.8666404878,0
0.85858586,-0.27272727,-0.8792142955,0.8792142955,0
0.86868687,-0.27272727,-0.8911169456,0.8911169456,0
0.87878788,-0.27272727,-0.9023906084,0.9023906084,0
0.88888889,-0.27272727,-0.9130738862,0.9130738862,0
0.89898990,-0.27272727,-0.9232021618,0.9232021618,0
0.90909091,-0.27272727,-0.9328079187,0.9328079187,0
0.91919192,-0.27272727,-0.9419210328,0.9419210328,0
0.92929293,-0.27272727,-0.9505690351,0.9505690351,0
0.93939394,-0.27272727,-0.9587773471,0.9587773471,0
0.94949495,-0.27272727,-0.9665694916,0.9665694916,0
0.95959596,-0.27272727,-0.9739672796,0.9739672796,0
0.96969697,-0.27272727,-0.9809909771,0.9809909771,0
0.97979798,-0.27272727,-0.9876594527,0.9876594527,0
0.98989899,-0.27272727,-0.9939903092,0.9939903092,0
1.00000000,-0.27272727,-1.0000000000,1.0000000000,0
0.00000000,-0.21212121,0.0000000000,-0.0000000000,0
0.01010101,-0.21212121,-0.0000000000,0.0000000000,0
0.02020202,-0.21212121,-0.0000000000,0.0000000000,0
0.03030303,-0.21212121,-0.0000000001,0.0000000001,0
0.04040404,-0.21212121,-0.0000000004,0.0000000004,0
0.05050505,-0.21212121,-0.0000000014,0.0000000014,0
0.06060606,-0.21212121,-0.0000000037,0.0000000037,0
0.07070707,-0.21212121,-0.0000000087,0.0000000087,0
0.08080808,-0.21212121,-0.0000000185,0.0000000185,0
0.09090909,-0.21212121,-0.0000000366,0.0000000366,0
0.10101010,-0.21212121,-0.0000000679,0.0000000679,0
0.11111111,-0.21212121,-0.0000001199,0.0000001199,0
0.12121212,-0.21212121,-0.0000002034,0.0000002034,0
0.13131313,-0.21212121,-0.0000003336,0.0000003336,0
0.14141414,-0.21212121,-0.0000005318,0.0000005318,0
0.15151515,-0.21212121,-0.0000008273,0.0000008273,0
0.16161616,-0.21212121,-0.0000012601,0.0000012601,0
0.17171717,-0.21212121,-0.0000018846,0.0000018846,0
0.18181818,-0.21212121,-0.0000027737,0.0000027737,0
0.19191919,-0.21212121,-0.0000040248,0.0000040248,0
0.20202020,-0.21212121,-0.0000057677,0.0000057677,0
0.21212121,-0.21212121,-0.0000081737,0.0000081737,0
0.22222222,-0.21212121,-0.0000114690,0.0000114690,0
0.23232323,-0.21212121,-0.0000159506,0.0000159506,0
0.24242424,-0.21212121,-0.0000220076,0.0000220076,0
0.25252525,-0.21212121,-0.0000301482,0.0000301482,0
0.26262626,-0.21212121,-0.0000410356,0.0000410356,0
0.27272727,-0.21212121,-0.0000555328,0.0000555328,0
0.28282828,-0.21212121,-0.0000747617,0.0000747617,0
0.29292929,-0.21212121,-0.0001001793,0.0001001793,0
0.30303030,-0.21212121,-0.0001336750,0.0001336750,0
0.31313131,-0.21212121,-0.0001776984,0.0001776984,0
0.32323232,-0.21212121,-0.0002354222,0.0002354222,0
0.33333333,-0.21212121,-0.0003109547,0.0003109547,0
0.34343434,-0.21212121,-0.0004096129,0.0004096129,0
0.35353535,-0.21212121,-0.0005382766,0.0005382766,0
0.36363636,-0.21212121,-0.0007058443,0.0007058443,0
0.37373737,-0.21212121,-0.0009238219,0.0009238219,0
0.38383838,-0.21212121,-0.0012070803,0.0012070803,0
0.39393939,-0.21212121,-0.0015748271,0.0015748271,0
0.40404040,-0.21212121,-0.0020518498,0.0020518498,0
0.41414141,-0.21212121,-0.0026700973,0.0026700973,0
0.42424242,-0.21212121,-0.0034706759,0.0034706759,0
0.43434343,-0.21212121,-0.0045063460,0.0045063460,0
0.44444444,-0.21212121,-0.0058445988,0.0058445988,0
0.45454545,-0.21212121,-0.0075713783,0.0075713783,0
0.46464646,-0.21212121,-0.0097954597,0.0097954597,0
0.47474747,-0.21212121,-0.0126533983,0.0126533983,0
0.48484848,-0.21212121,-0.0163147814,0.0163147814,0
0.49494949,-0.21212121,-0.0209872310,0.0209872310,0
0.50505051,-0.21212121,-0.0269201800,0.0269201800,0
0.51515152,-0.21212121,-0.0344058908,0.0344058908,0
0.52525253,-0.21212121,-0.0437755672,0.0437755672,0
0.53535354,-0.21212121,-0.0553879403,0.0553879403,0
0.54545455,-0.21212121,-0.0696077449,0.0696077449,0
0.55555556,-0.21212121,-0.0867725983,0.0867725983,0
0.56565657,-0.21212121,-0.1071493899,0.1071493899,0
0.57575758,-0.21212121,-0.1308853784,0.1308853784,0
0.58585859,-0.21212121,-0.1579636911,0.1579636911,0
0.59595960,-0.21212121,-0.1881756125,0.1881756125,0
0.60606061,-0.21212121,-0.2211204808,0.2211204808,0
0.61616162,-0.21212121,-0.2562373127,0.2562373127,0
0.62626263,-0.21212121,-0.2928626334,0.2928626334,0
0.63636364,-0.21212121,-0.3303008915,0.3303008915,0
0.64646465,-0.21212121,-0.3678912143,0.3678912143,0
0.65656566,-0.21212121,-0.4050577969,0.4050577969,0
0.66666667,-0.21212121,-0.4413382627,0.4413382627,0
0.67676768,-0.21212121,-0.4763911749,0.4763911749,0
0.68686869,-0.21212121,-0.5099880726,0.5099880726,0
0.69696970,-0.21212121,-0.5419965704,0.5419965704,0
0.70707071,-0.21212121,-0.5723601315,0.5723601315,0
0.71717172,-0.21212121,-0.6010783441,0.6010783441,0
0.72727273,-0.21212121,-0.6281897809,0.6281897809,0
0.73737374,-0.21212121,-0.6537582175,0.6537582175,0
0.74747475,-0.21212121,-0.6778621819,0.6778621819,0
0.75757576,-0.21212121,-0.7005874036,0.7005874036,0
0.76767677,-0.21212121,-0.7220216016,0.7220216016,0
0.77777778,-0.21212121,-0.7422510509,0.7422510509,0
0.78787879,-0.21212121,-0.7613584535,0.7613584535,0
0.79797980,-0.21212121,-0.7794217279,0.7794217279,0
0.80808081,-0.21212121,-0.7965134279,0.7965134279,0
0.81818182,-0.21212121,-0.8127005773,0.8127005773,0
0.82828283,-0.21212121,-0.8280447680,0.8280447680,0
0.83838384,-0.21212121,-0.8426024161,0.8426024161,0
0.84848485,-0.21212121,-0.8564251059,0.8564251059,0
0.85858586,-0.21212121,-0.8695599711,0.8695599711,0
0.86868687,-0.21212121,-0.8820500860,0.8820500860,0
0.87878788,-0.21212121,-0.8939348461,0.8939348461,0
0.88888889,-0.21212121,-0.9052503273,0.9052503273,0
0.89898990,-0.21212121,-0.9160296186,0.9160296186,0
0.90909091,-0.21212121,-0.9263031250,0.9263031250,0
0.91919192,-0.21212121,-0.9360988413,0.9360988413,0
0.92929293,-0.21212121,-0.9454425983,0.9454425983,0
0.93939394,-0.21212121,-0.9543582808,0.9543582808,0
0.94949495,-0.21212121,-0.9628680235,0.9628680235,0
0.95959596,-0.21212121,-0.9709923828,0.9709923828,0
0.96969697,-0.21212121,-0.9787504909,0.9787504909,0
0.97979798,-0.21212121,-0.9861601908,0.9861601908,0
0.98989899,-0.21212121,-0.9932381565,0.9932381565,0
1.00000000,-0.21212121,-1.0000000000,1.0000000000,0
0.00000000,-0.15151515,0.0000000000,-0.0000000000,0
0.01010101,-0.15151515,-0.0000000000,0.0000000000,0
0.02020202,-0.15151515,-0.0000000000,0.0000000000,0
0.03030303,-0.15151515,-0.0000000001,0.0000000001,0
0.04040404,-0.15151515,-0.0000000004,0.0000000004,0
0.05050505,-0.15151515,-0.0000000012,0.0000000012,0
0.06060606,-0.15151515,-0.0000000033,0.0000000033,0
0.07070707,-0.15151515,-0.0000000077,0.0000000077,0
0.08080808,-0.15151515,-0.0000000165,0.0000000165,0
0.09090909,-0.15151515,-0.0000000324,0.0000000324,0
0.10101010,-0.15151515,-0.0000000600,0.0000000600,0
0.11111111,-0.15151515,-0.0000001058,0.0000001058,0
0.12121212,-0.15151515,-0.0000001792,0.0000001792,0
0.13131313,-0.15151515,-0.0000002934,0.0000002934,0
0.14141414,-0.15151515,-0.0000004669,0.0000004669,0
0.15151515,-0.15151515,-0.0000007252,0.0000007252,0
0.16161616,-0.15151515,-0.0000011030,0.0000011030,0
0.17171717,-0.15151515,-0.0000016474,0.0000016474,0
0.18181818,-0.15151515,-0.0000024215,0.0000024215,0
0.19191919,-0.15151515,-0.0000035097,0.0000035097,0
0.20202020,-0.15151515,-0.0000050242,0.0000050242,0
0.21212121,-0.15151515,-0.0000071135,0.0000071135,0
0.22222222,-0.15151515,-0.0000099732,0.0000099732,0
0.23232323,-0.15151515,-0.0000138605,0.0000138605,0
0.24242424,-0.15151515,-0.0000191125,0.0000191125,0
0.25252525,-0.15151515,-0.0000261701,0.0000261701,0
0.26262626,-0.15151515,-0.0000356088,0.0000356088,0
0.27272727,-0.15151515,-0.0000481787,0.0000481787,0
0.28282828,-0.15151515,-0.0000648563,0.0000648563,0
0.29292929,-0.15151515,-0.0000869116,0.0000869116,0
0.30303030,-0.15151515,-0.0001159952,0.0001159952,0
0.31313131,-0.15151515,-0.0001542508,0.0001542508,0
0.32323232,-0.15151515,-0.0002044619,0.0002044619,0
0.33333333,-0.15151515,-0.0002702421,0.0002702421,0
0.34343434,-0.15151515,-0.0003562813,0.0003562813,0
0.35353535,-0.15151515,-0.0004686665,0.0004686665,0
0.36363636,-0.15151515,-0.0006152978,0.0006152978,0
0.37373737,-0.15151515,-0.0008064273,0.0008064273,0
0.38383838,-0.15151515,-0.0010553580,0.0010553580,0
0.39393939,-0.15151515,-0.0013793468,0.0013793468,0
0.40404040,-0.15151515,-0.0018007673,0.0018007673,0
0.41414141,-0.15151515,-0.0023486019,0.0023486019,0
0.42424242,-0.15151515,-0.0030603428,0.0030603428,0
0.43434343,-0.15151515,-0.0039843931,0.0039843931,0
0.44444444,-0.15151515,-0.0051830614,0.0051830614,0
0.45454545,-0.15151515,-0.0067362322,0.0067362322,0
0.46464646,-0.15151515,-0.0087457534,0.0087457534,0
0.47474747,-0.15151515,-0.0113404949,0.0113404949,0
0.48484848,-0.15151515,-0.0146818625,0.0146818625,0
0.49494949,-0.15151515,-0.0189692748,0.0189692748,0
0.50505051,-0.15151515,-0.0244446765,0.0244446765,0
0.51515152,-0.15151515,-0.0313945789,0.0313945789,0
0.52525253,-0.15151515,-0.0401474269,0.0401474269,0
0.53535354,-0.15151515,-0.0510634984,0.0510634984,0
0.54545455,-0.15151515,-0.0645144322,0.0645144322,0
0.55555556,-0.15151515,-0.0808504492,0.0808504492,0
0.56565657,-0.15151515,-0.1003559557,0.1003559557,0
0.57575758,-0.15151515,-0.1231985767,0.1231985767,0
0.58585859,-0.15151515,-0.1493816943,0.1493816943,0
0.59595960,-0.15151515,-0.1787138156,0.1787138156,0
0.60606061,-0.15151515,-0.2108067117,0.2108067117,0
0.61616162,-0.15151515,-0.2451071286,0.2451071286,0
0.62626263,-0.15151515,-0.2809563173,0.2809563173,0
0.63636364,-0.15151515,-0.3176627624,0.3176627624,0
0.64646465,-0.15151515,-0.3545707212,0.3545707212,0
0.65656566,-0.15151515,-0.3911112307,0.3911112307,0
0.66666667,-0.15151515,-0.4268299743,0.4268299743,0
0.67676768,-0.15151515,-0.4613936896,0.4613936896,0
0.68686869,-0.15151515,-0.4945810526,0.4945810526,0
0.69696970,-0.15151515,-0.5262649438,0.5262649438,0
0.70707071,-0.15151515,-0.5563918310,0.5563918310,0
0.71717172,-0.15151515,-0.5849620441,0.5849620441,0
0.72727273,-0.15151515,-0.6120128989,0.6120128989,0
0.73737374,-0.15151515,-0.6376053112,0.6376053112,0
0.74747475,-0.15151515,-0.6618137735,0.6618137735,0
0.75757576,-0.15151515,-0.6847192023,0.6847192023,0
0.76767677,-0.15151515,-0.7064040607,0.7064040607,0
0.77777778,-0.15151515,-0.7269491900,0.7269491900,0
0.78787879,-0.15151515,-0.7464318772,0.7464318772,0
0.79797980,-0.15151515,-0.7649247829,0.7649247829,0
0.80808081,-0.15151515,-0.7824954517,0.7824954517,0
0.81818182,-0.15151515,-0.7992062014,0.7992062014,0
0.82828283,-0.15151515,-0.8151142500,0.8151142500,0
0.83838384,-0.15151515,-0.8302719806,0.8302719806,0
0.84848485,-0.15151515,-0.8447272812,0.8447272812,0
0.85858586,-0.15151515,-0.8585239135,0.8585239135,0
0.86868687,-0.15151515,-0.8717018862,0.8717018862,0
0.87878788,-0.15151515,-0.8842978140,0.8842978140,0
0.88888889,-0.15151515,-0.8963452555,0.8963452555,0
0.89898990,-0.15151515,-0.9078750226,0.9078750226,0
0.90909091,-0.15151515,-0.9189154625,0.9189154625,0
0.91919192,-0.15151515,-0.9294927106,0.9294927106,0
0.92929293,-0.15151515,-0.9396309168,0.9396309168,0
0.93939394,-0.15151515,-0.9493524467,0.9493524467,0
0.94949495,-0.15151515,-0.9586780599,0.9586780599,0
0.95959596,-0.15151515,-0.9676270683,0.9676270683,0
0.96969697,-0.15151515,-0.9762174755,0.9762174755,0
0.97979798,-0.15151515,-0.9844661005,0.9844661005,0
0.98989899,-0.15151515,-0.9923886870,0.9923886870,0
1.00000000,-0.15151515,-1.0000000000,1.0000000000,0
0.00000000,-0.09090909,0.0000000000,-0.0000000000,0
0.01010101,-0.09090909,-0.0000000000,0.0000000000,0
0.02020202,-0.09090909,-0.0000000000,0.0000000000,0
0.03030303,-0.09090909,-0.0000000001,0.0000000001,0
0.04040404,-0.09090909,-0.0000000003,0.0000000003,0
0.05050505,-0.09090909,-0.0000000011,0.0000000011,0
0.06060606,-0.09090909,-0.0000000029,0.0000000029,0
0.07070707,-0.09090909,-0.0000000068,0.0000000068,0
0.08080808,-0.09090909,-0.0000000145,0.0000000145,0
0.09090909,-0.09090909,-0.0000000284,0.0000000284,0
0.10101010,-0.09090909,-0.0000000525,0.0000000525,0
0.11111111,-0.09090909,-0.0000000924,0.0000000924,0
0.12121212,-0.09090909,-0.0000001563,0.0000001563,0
0.13131313,-0.09090909,-0.0000002554,0.0000002554,0
0.14141414,-0.09090909,-0.0000004059,0.0000004059,0
0.15151515,-0.09090909,-0.0000006297,0.0000006297,0
0.16161616,-0.09090909,-0.0000009565,0.0000009565,0
0.17171717,-0.09090909,-0.0000014269,0.0000014269,0
0.18181818,-0.09090909,-0.0000020950,0.0000020950,0
0.19191919,-0.09090909,-0.0000030334,0.0000030334,0
0.20202020,-0.09090909,-0.0000043384,0.0000043384,0
0.21212121,-0.09090909,-0.0000061373,0.0000061373,0
0.22222222,-0.09090909,-0.0000085981,0.0000085981,0
0.23232323,-0.09090909,-0.0000119417,0.0000119417,0
0.24242424,-0.09090909,-0.0000164578,0.0000164578,0
0.25252525,-0.09090909,-0.0000225252,0.0000225252,0
0.26262626,-0.09090909,-0.0000306393,0.0000306393,0
0.27272727,-0.09090909,-0.0000414464,0.0000414464,0
0.28282828,-0.09090909,-0.0000557885,0.0000557885,0
0.29292929,-0.09090909,-0.0000747630,0.0000747630,0
0.30303030,-0.09090909,-0.0000997980,0.0000997980,0
0.31313131,-0.09090909,-0.0001327522,0.0001327522,0
0.32323232,-0.09090909,-0.0001760440,0.0001760440,0
0.33333333,-0.09090909,-0.0002328206,0.0002328206,0
0.34343434,-0.09090909,-0.0003071771,0.0003071771,0
0.35353535,-0.09090909,-0.0004044440,0.0004044440,0
0.36363636,-0.09090909,-0.0005315612,0.0005315612,0
0.37373737,-0.09090909,-0.0006975653,0.0006975653,0
0.38383838,-0.09090909,-0.0009142259,0.0009142259,0
0.39393939,-0.09090909,-0.0011968716,0.0011968716,0
0.40404040,-0.09090909,-0.0015654624,0.0015654624,0
0.41414141,-0.09090909,-0.0020459757,0.0020459757,0
0.42424242,-0.09090909,-0.0026721870,0.0026721870,0
0.43434343,-0.09090909,-0.0034879394,0.0034879394,0
0.44444444,-0.09090909,-0.0045500051,0.0045500051,0
0.45454545,-0.09090909,-0.0059316346,0.0059316346,0
0.46464646,-0.09090909,-0.0077268610,0.0077268610,0
0.47474747,-0.09090909,-0.0100555506,0.0100555506,0
0.48484848,-0.09090909,-0.0130690399,0.0130690399,0
0.49494949,-0.09090909,-0.0169559338,0.0169559338,0
0.50505051,-0.09090909,-0.0219472200,0.0219472200,0
0.51515152,-0.09090909,-0.0283192548,0.0283192548,0
0.52525253,-0.09090909,-0.0363924432,0.0363924432,0
0.53535354,-0.09090909,-0.0465227386,0.0465227386,0
0.54545455,-0.09090909,-0.0590828306,0.0590828306,0
0.55555556,-0.09090909,-0.0744306834,0.0744306834,0
0.56565657,-0.09090909,-0.0928656193,0.0928656193,0
0.57575758,-0.09090909,-0.1145766027,0.1145766027,0
0.58585859,-0.09090909,-0.1395927702,0.1395927702,0
0.59595960,-0.09090909,-0.1677500253,0.1677500253,0
0.60606061,-0.09090909,-0.1986864977,0.1986864977,0
0.61616162,-0.09090909,-0.2318724493,0.2318724493,0
0.62626263,-0.09090909,-0.2666691398,0.2666691398,0
0.63636364,-0.09090909,-0.3024017030,0.3024017030,0
0.64646465,-0.09090909,-0.3384280709,0.3384280709,0
0.65656566,-0.09090909,-0.3741901862,0.3741901862,0
0.66666667,-0.09090909,-0.4092418272,0.4092418272,0
0.67676768,-0.09090909,-0.4432548865,0.4432548865,0
0.68686869,-0.09090909,-0.4760102364,0.4760102364,0
0.69696970,-0.09090909,-0.5073801855,0.5073801855,0
0.70707071,-0.09090909,-0.5373082488,0.5373082488,0
0.71717172,-0.09090909,-0.5657899313,0.5657899313,0
0.72727273,-0.09090909,-0.5928563908,0.5928563908,0
0.73737374,-0.09090909,-0.6185615533,0.6185615533,0
0.74747475,-0.09090909,-0.6429725127,0.6429725127,0
0.75757576,-0.09090909,-0.6661627083,0.6661627083,0
0.76767677,-0.09090909,-0.6882072874,0.6882072874,0
0.77777778,-0.09090909,-0.7091800999,0.7091800999,0
0.78787879,-0.09090909,-0.7291518654,0.7291518654,0
0.79797980,-0.09090909,-0.7481891549,0.7481891549,0
0.80808081,-0.09090909,-0.7663539192,0.7663539192,0
0.81818182,-0.09090909,-0.7837033750,0.7837033750,0
0.82828283,-0.09090909,-0.8002901114,0.8002901114,0
0.83838384,-0.09090909,-0.8161623273,0.8161623273,0
0.84848485,-0.09090909,-0.8313641371,0.8313641371,0
0.85858586,-0.09090909,-0.8459359056,0.8459359056,0
0.86868687,-0.09090909,-0.8599145850,0.8599145850,0
0.87878788,-0.09090909,-0.8733340417,0.8733340417,0
0.88888889,-0.09090909,-0.8862253616,0.8862253616,0
0.89898990,-0.09090909,-0.8986171311,0.8986171311,0
0.90909091,-0.09090909,-0.9105356921,0.9105356921,0
0.91919192,-0.09090909,-0.9220053712,0.9220053712,0
0.92929293,-0.09090909,-0.9330486846,0.9330486846,0
0.93939394,-0.09090909,-0.9436865198,0.9436865198,0
0.94949495,-0.09090909,-0.9539382970,0.9539382970,0
0.95959596,-0.09090909,-0.9638221124,0.9638221124,0
0.96969697,-0.09090909,-0.9733548637,0.9733548637,0
0.97979798,-0.09090909,-0.9825523627,0.9825523627,0
0.98989899,-0.09090909,-0.9914294335,0.9914294335,0
1.00000000,-0.09090909,-1.0000000000,1.0000000000,0
0.00000000,-0.03030303,0.0000000000,-0.0000000000,0
0.01010101,-0.03030303,-0.0000000000,0.0000000000,0
0.02020202,-0.03030303,-0.0000000000,0.0000000000,0
0.03030303,-0.03030303,-0.0000000001,0.0000000001,0
0.04040404,-0.03030303,-0.0000000003,0.0000000003,0
0.05050505,-0.03030303,-0.0000000009,0.0000000009,0
0.06060606,-0.03030303,-0.0000000025,0.0000000025,0
0.07070707,-0.03030303,-0.0000000059,0.0000000059,0
0.08080808,-0.03030303,-0.0000000125,0.0000000125,0
0.09090909,-0.03030303,-0.0000000246,0.0000000246,0
0.10101010,-0.03030303,-0.0000000454,0.0000000454,0
0.11111111,-0.03030303,-0.0000000799,0.0000000799,0
0.12121212,-0.03030303,-0.0000001348,0.0000001348,0
0.13131313,-0.03030303,-0.0000002202,0.0000002202,0
0.14141414,-0.03030303,-0.0000003495,0.0000003495,0
0.15151515,-0.03030303,-0.0000005414,0.0000005414,0
0.16161616,-0.03030303,-0.0000008216,0.0000008216,0
0.17171717,-0.03030303,-0.0000012244,0.0000012244,0
0.18181818,-0.03030303,-0.0000017961,0.0000017961,0
0.19191919,-0.03030303,-0.0000025984,0.0000025984,0
0.20202020,-0.03030303,-0.0000037133,0.0000037133,0
0.21212121,-0.03030303,-0.0000052493,0.0000052493,0
0.22222222,-0.03030303,-0.0000073494,0.0000073494,0
0.23232323,-0.03030303,-0.0000102017,0.0000102017,0
0.24242424,-0.03030303,-0.0000140530,0.0000140530,0
0.25252525,-0.03030303,-0.0000192265,0.0000192265,0
0.26262626,-0.03030303,-0.0000261447,0.0000261447,0
0.27272727,-0.03030303,-0.0000353596,0.0000353596,0
0.28282828,-0.03030303,-0.0000475914,0.0000475914,0
0.29292929,-0.03030303,-0.0000637792,0.0000637792,0
0.30303030,-0.03030303,-0.0000851477,0.0000851477,0
0.31313131,-0.03030303,-0.0001132932,0.0001132932,0
0.32323232,-0.03030303,-0.0001502969,0.0001502969,0
0.33333333,-0.03030303,-0.0001988724,0.0001988724,0
0.34343434,-0.03030303,-0.0002625594,0.0002625594,0
0.35353535,-0.03030303,-0.0003459770,0.0003459770,0
0.36363636,-0.03030303,-0.0004551556,0.0004551556,0
0.37373737,-0.03030303,-0.0005979719,0.0005979719,0
0.38383838,-0.03030303,-0.0007847184,0.0007847184,0
0.39393939,-0.03030303,-0.0010288486,0.0010288486,0
0.40404040,-0.03030303,-0.0013479490,0.0013479490,0
0.41414141,-0.03030303,-0.0017650040,0.0017650040,0
0.42424242,-0.03030303,-0.0023100337,0.0023100337,0
0.43434343,-0.03030303,-0.0030221972,0.0030221972,0
0.44444444,-0.03030303,-0.0039524698,0.0039524698,0
0.45454545,-0.03030303,-0.0051669979,0.0051669979,0
0.46464646,-0.03030303,-0.0067512186,0.0067512186,0
0.47474747,-0.03030303,-0.0088147675,0.0088147675,0
0.48484848,-0.03030303,-0.0114970662,0.0114970662,0
0.49494949,-0.03030303,-0.0149732411,0.0149732411,0
0.50505051,-0.03030303,-0.0194596260,0.0194596260,0
0.51515152,-0.03030303,-0.0252175211,0.0252175211,0
0.52525253,-0.03030303,-0.0325531366,0.0325531366,0
0.53535354,-0.03030303,-0.0418108940,0.0418108940,0
0.54545455,-0.03030303,-0.0533568717,0.0533568717,0
0.55555556,-0.03030303,-0.0675497744,0.0675497744,0
0.56565657,-0.03030303,-0.0846991107,0.0846991107,0
0.57575758,-0.03030303,-0.1050145846,0.1050145846,0
0.58585859,-0.03030303,-0.1285561825,0.1285561825,0
0.59595960,-0.03030303,-0.1551985752,0.1551985752,0
0.60606061,-0.03030303,-0.1846229866,0.1846229866,0
0.61616162,-0.03030303,-0.2163429061,0.2163429061,0
0.62626263,-0.03030303,-0.2497590779,0.2497590779,0
0.63636364,-0.03030303,-0.2842295031,0.2842295031,0
0.64646465,-0.03030303,-0.3191367787,0.3191367787,0
0.65656566,-0.03030303,-0.3539389496,0.3539389496,0
0.66666667,-0.03030303,-0.3881979222,0.3881979222,0
0.67676768,-0.03030303,-0.4215869407,0.4215869407,0
0.68686869,-0.03030303,-0.4538829294,0.4538829294,0
0.69696970,-0.03030303,-0.4849504527,0.4849504527,0
0.70707071,-0.03030303,-0.5147228384,0.5147228384,0
0.71717172,-0.03030303,-0.5431840768,0.5431840768,0
0.72727273,-0.03030303,-0.5703533344,0.5703533344,0
0.73737374,-0.03030303,-0.5962726749,0.5962726749,0
0.74747475,-0.03030303,-0.6209978564,0.6209978564,0
0.75757576,-0.03030303,-0.6445917455,0.6445917455,0
0.76767677,-0.03030303,-0.6671197978,0.6671197978,0
0.77777778,-0.03030303,-0.6886470891,0.6886470891,0
0.78787879,-0.03030303,-0.7092364656,0.7092364656,0
0.79797980,-0.03030303,-0.7289474762,0.7289474762,0
0.80808081,-0.03030303,-0.7478358352,0.7478358352,0
0.81818182,-0.03030303,-0.7659532334,0.7659532334,0
0.82828283,-0.03030303,-0.7833473700,0.7833473700,0
0.83838384,-0.03030303,-0.8000621181,0.8000621181,0
0.84848485,-0.03030303,-0.8161377629,0.8161377629,0
0.85858586,-0.03030303,-0.8316112750,0.8316112750,0
0.86868687,-0.03030303,-0.8465165942,0.8465165942,0
0.87878788,-0.03030303,-0.8608849063,0.8608849063,0
0.88888889,-0.03030303,-0.8747449071,0.8747449071,0
0.89898990,-0.03030303,-0.8881230457,0.8881230457,0
0.90909091,-0.03030303,-0.9010437478,0.9010437478,0
0.91919192,-0.03030303,-0.9135296166,0.9135296166,0
0.92929293,-0.03030303,-0.9256016136,0.9256016136,0
0.93939394,-0.03030303,-0.9372792198,0.9372792198,0
0.94949495,-0.03030303,-0.9485805792,0.9485805792,0
0.95959596,-0.03030303,-0.9595226258,0.9595226258,0
0.96969697,-0.03030303,-0.9701211968,0.9701211968,0
0.97979798,-0.03030303,-0.9803911326,0.9803911326,0
0.98989899,-0.03030303,-0.9903463658,0.9903463658,0
1.00000000,-0.03030303,-1.0000000000,1.0000000000,0
0.00000000,0.03030303,0.0000000000,-0.0000000000,0
0.01010101,0.03030303,-0.0000000000,0.0000000000,0
0.02020202,0.03030303,-0.0000000000,0.0000000000,0
0.03030303,0.03030303,-0.0000000001,0.0000000001,0
0.04040404,0.03030303,-0.0000000002,0.0000000002,0
0.05050505,0.03030303,-0.0000000008,0.0000000008,0
0.06060606,0.03030303,-0.0000000022,0.0000000022,0
0.07070707,0.03030303,-0.0000000051,0.0000000051,0
0.08080808,0.03030303,-0.0000000108,0.0000000108,0
0.09090909,0.03030303,-0.0000000211,0.0000000211,0
0.10101010,0.03030303,-0.0000000389,0.0000000389,0
0.11111111,0.03030303,-0.0000000682,0.0000000682,0
0.12121212,0.03030303,-0.0000001151,0.0000001151,0
0.13131313,0.03030303,-0.0000001878,0.0000001878,0
0.14141414,0.03030303,-0.0000002978,0.0000002978,0
0.15151515,0.03030303,-0.0000004610,0.0000004610,0
0.16161616,0.03030303,-0.0000006991,0.0000006991,0
0.17171717,0.03030303,-0.0000010410,0.0000010410,0
0.18181818,0.03030303,-0.0000015259,0.0000015259,0
0.19191919,0.03030303,-0.0000022061,0.0000022061,0
0.20202020,0.03030303,-0.0000031507,0.0000031507,0
0.21212121,0.03030303,-0.0000044514,0.0000044514,0
0.22222222,0.03030303,-0.0000062291,0.0000062291,0
0.23232323,0.03030303,-0.0000086427,0.0000086427,0
0.24242424,0.03030303,-0.0000119010,0.0000119010,0
0.25252525,0.03030303,-0.0000162773,0.0000162773,0
0.26262626,0.03030303,-0.0000221291,0.0000221291,0
0.27272727,0.03030303,-0.0000299240,0.0000299240,0
0.28282828,0.03030303,-0.0000402725,0.0000402725,0
0.29292929,0.03030303,-0.0000539718,0.0000539718,0
0.30303030,0.03030303,-0.0000720625,0.0000720625,0
0.31313131,0.03030303,-0.0000959030,0.0000959030,0
0.32323232,0.03030303,-0.0001272671,0.0001272671,0
0.33333333,0.03030303,-0.0001684718,0.0001684718,0
0.34343434,0.03030303,-0.0002225454,0.0002225454,0
0.35353535,0.03030303,-0.0002934482,0.0002934482,0
0.36363636,0.03030303,-0.0003863626,0.0003863626,0
0.37373737,0.03030303,-0.0005080754,0.0005080754,0
0.38383838,0.03030303,-0.0006674797,0.0006674797,0
0.39393939,0.03030303,-0.0008762349,0.0008762349,0
0.40404040,0.03030303,-0.0011496326,0.0011496326,0
0.41414141,0.03030303,-0.0015077287,0.0015077287,0
0.42424242,0.03030303,-0.0019768177,0.0019768177,0
0.43434343,0.03030303,-0.0025913402,0.0025913402,0
0.44444444,0.03030303,-0.0033963270,0.0033963270,0
0.45454545,0.03030303,-0.0044504886,0.0044504886,0
0.46464646,0.03030303,-0.0058300471,0.0058300471,0
0.47474747,0.03030303,-0.0076333573,0.0076333573,0
0.48484848,0.03030303,-0.0099862529,0.0099862529,0
0.49494949,0.03030303,-0.0130478437,0.0130478437,0
0.50505051,0.03030303,-0.0170161315,0.0170161315,0
0.51515152,0.03030303,-0.0221322733,0.0221322733,0
0.52525253,0.03030303,-0.0286816156,0.0286816156,0
0.53535354,0.03030303,-0.0369888651,0.0369888651,0
0.54545455,0.03030303,-0.0474042933,0.0474042933,0
0.55555556,0.03030303,-0.0602782647,0.0602782647,0
0.56565657,0.03030303,-0.0759233288,0.0759233288,0
0.57575758,0.03030303,-0.0945670205,0.0945670205,0
0.58585859,0.03030303,-0.1163036840,0.1163036840,0
0.59595960,0.03030303,-0.1410578616,0.1410578616,0
0.60606061,0.03030303,-0.1685719694,0.1685719694,0
0.61616162,0.03030303,-0.1984252701,0.1984252701,0
0.62626263,0.03030303,-0.2300811800,0.2300811800,0
0.63636364,0.03030303,-0.2629505845,0.2629505845,0
0.64646465,0.03030303,-0.2964549384,0.2964549384,0
0.65656566,0.03030303,-0.3300757989,0.3300757989,0
0.66666667,0.03030303,-0.3633843905,0.3633843905,0
0.67676768,0.03030303,-0.3960517566,0.3960517566,0
0.68686869,0.03030303,-0.4278443332,0.4278443332,0
0.69696970,0.03030303,-0.4586109797,0.4586109797,0
0.70707071,0.03030303,-0.4882666316,0.4882666316,0
0.71717172,0.03030303,-0.5167760686,0.5167760686,0
0.72727273,0.03030303,-0.5441396828,0.5441396828,0
0.73737374,0.03030303,-0.5703819565,0.5703819565,0
0.74747475,0.03030303,-0.5955426513,0.5955426513,0
0.75757576,0.03030303,-0.6196703668,0.6196703668,0
0.76767677,0.03030303,-0.6428180088,0.6428180088,0
0.77777778,0.03030303,-0.6650397172,0.6650397172,0
0.78787879,0.03030303,-0.6863888681,0.6863888681,0
0.79797980,0.03030303,-0.7069168408,0.7069168408,0
0.80808081,0.03030303,-0.7266723142,0.7266723142,0
0.81818182,0.03030303,-0.7457009236,0.7457009236,0
0.82828283,0.03030303,-0.7640451510,0.7640451510,0
0.83838384,0.03030303,-0.7817443663,0.7817443663,0
0.84848485,0.03030303,-0.7988349572,0.7988349572,0
0.85858586,0.03030303,-0.8153505102,0.8153505102,0
0.86868687,0.03030303,-0.8313220140,0.8313220140,0
0.87878788,0.03030303,-0.8467780707,0.8467780707,0
0.88888889,0.03030303,-0.8617451022,0.8617451022,0
0.89898990,0.03030303,-0.8762475469,0.8762475469,0
0.90909091,0.03030303,-0.8903080428,0.8903080428,0
0.91919192,0.03030303,-0.9039475953,0.9039475953,0
0.92929293,0.03030303,-0.9171857299,0.9171857299,0
0.93939394,0.03030303,-0.9300406305,0.9300406305,0
0.94949495,0.03030303,-0.9425292630,0.9425292630,0
0.95959596,0.03030303,-0.9546674863,0.9546674863,0
0.96969697,0.03030303,-0.9664701520,0.9664701520,0
0.97979798,0.03030303,-0.9779511924,0.9779511924,0
0.98989899,0.03030303,-0.9891237004,0.9891237004,0
1.00000000,0.03030303,-1.0000000000,1.0000000000,0
0.00000000,0.09090909,0.0000000000,-0.0000000000,0
0.01010101,0.09090909,-0.0000000000,0.0000000000,0
0.02020202,0.09090909,-0.0000000000,0.0000000000,0
0.03030303,0.09090909,-0.0000000000,0.0000000000,0
0.04040404,0.09090909,-0.0000000002,0.0000000002,0
0.05050505,0.09090909,-0.0000000007,0.0000000007,0
0.06060606,0.09090909,-0.0000000018,0.0000000018,0
0.07070707,0.09090909,-0.0000000043,0.0000000043,0
0.08080808,0.09090909,-0.0000000091,0.0000000091,0
0.09090909,0.09090909,-0.0000000178,0.0000000178,0
0.10101010,0.09090909,-0.0000000329,0.0000000329,0
0.11111111,0.09090909,-0.0000000577,0.0000000577,0
0.12121212,0.09090909,-0.0000000972,0.0000000972,0
0.13131313,0.09090909,-0.0000001585,0.0000001585,0
0.14141414,0.09090909,-0.0000002513,0.0000002513,0
0.15151515,0.09090909,-0.0000003888,0.0000003888,0
0.16161616,0.09090909,-0.0000005891,0.0000005891,0
0.17171717,0.09090909,-0.0000008769,0.0000008769,0
0.18181818,0.09090909,-0.0000012847,0.0000012847,0
0.19191919,0.09090909,-0.0000018565,0.0000018565,0
0.20202020,0.09090909,-0.0000026503,0.0000026503,0
0.21212121,0.09090909,-0.0000037431,0.0000037431,0
0.22222222,0.09090909,-0.0000052361,0.0000052361,0
0.23232323,0.09090909,-0.0000072628,0.0000072628,0
0.24242424,0.09090909,-0.0000099983,0.0000099983,0
0.25252525,0.09090909,-0.0000136720,0.0000136720,0
0.26262626,0.09090909,-0.0000185843,0.0000185843,0
0.27272727,0.09090909,-0.0000251281,0.0000251281,0
0.28282828,0.09090909,-0.0000338167,0.0000338167,0
0.29292929,0.09090909,-0.0000453212,0.0000453212,0
0.30303030,0.09090909,-0.0000605181,0.0000605181,0
0.31313131,0.09090909,-0.0000805532,0.0000805532,0
0.32323232,0.09090909,-0.0001069242,0.0001069242,0
0.33333333,0.09090909,-0.0001415903,0.0001415903,0
0.34343434,0.09090909,-0.0001871159,0.0001871159,0
0.35353535,0.09090909,-0.0002468602,0.0002468602,0
0.36363636,0.09090909,-0.0003252274,0.0003252274,0
0.37373737,0.09090909,-0.0004279960,0.0004279960,0
0.38383838,0.09090909,-0.0005627545,0.0005627545,0
0.39393939,0.09090909,-0.0007394745,0.0007394745,0
0.40404040,0.09090909,-0.0009712667,0.0009712667,0
0.41414141,0.09090909,-0.0012753722,0.0012753722,0
0.42424242,0.09090909,-0.0016744591,0.0016744591,0
0.43434343,0.09090909,-0.0021983087,0.0021983087,0
0.44444444,0.09090909,-0.0028859857,0.0028859857,0
0.45454545,0.09090909,-0.0037885990,0.0037885990,0
0.46464646,0.09090909,-0.0049727499,0.0049727499,0
0.47474747,0.09090909,-0.0065247262,0.0065247262,0
0.48484848,0.09090909,-0.0085554130,0.0085554130,0
0.49494949,0.09090909,-0.0112057124,0.0112057124,0
0.50505051,0.09090909,-0.0146519575,0.0146519575,0
0.51515152,0.09090909,-0.0191103424,0.0191103424,0
0.52525253,0.09090909,-0.0248387596,0.0248387596,0
0.53535354,0.09090909,-0.0321337475,0.0321337475,0
0.54545455,0.09090909,-0.0413197704,0.0413197704,0
0.55555556,0.09090909,-0.0527282628,0.0527282628,0
0.56565657,0.09090909,-0.0666653943,0.0666653943,0
0.57575758,0.09090909,-0.0833707244,0.0833707244,0
0.58585859,0.09090909,-0.1029733650,0.1029733650,0
0.59595960,0.09090909,-0.1254561927,0.1254561927,0
0.60606061,0.09090909,-0.1506394468,0.1506394468,0
0.61616162,0.09090909,-0.1781909186,0.1781909186,0
0.62626263,0.09090909,-0.2076618406,0.2076618406,0
0.63636364,0.09090909,-0.2385393040,0.2385393040,0
0.64646465,0.09090909,-0.2703017622,0.2703017622,0
0.65656566,0.09090909,-0.3024655449,0.3024655449,0
0.66666667,0.09090909,-0.3346155745,0.3346155745,0
0.67676768,0.09090909,-0.3664193869,0.3664193869,0
0.68686869,0.09090909,-0.3976276538,0.3976276538,0
0.69696970,0.09090909,-0.4280659897,0.4280659897,0
0.70707071,0.09090909,-0.4576225196,0.4576225196,0
0.71717172,0.09090909,-0.4862344887,0.4862344887,0
0.72727273,0.09090909,-0.5138758750,0.5138758750,0
0.73737374,0.09090909,-0.5405469182,0.5405469182,0
0.74747475,0.09090909,-0.5662657924,0.5662657924,0
0.75757576,0.09090909,-0.5910622756,0.5910622756,0
0.76767677,0.09090909,-0.6149731067,0.6149731067,0
0.77777778,0.09090909,-0.6380386835,0.6380386835,0
0.78787879,0.09090909,-0.6603007845,0.6603007845,0
0.79797980,0.09090909,-0.6818010448,0.6818010448,0
0.80808081,0.09090909,-0.7025799788,0.7025799788,0
0.81818182,0.09090909,-0.7226763855,0.7226763855,0
0.82828283,0.09090909,-0.7421270207,0.7421270207,0
0.83838384,0.09090909,-0.7609664482,0.7609664482,0
0.84848485,0.09090909,-0.7792270110,0.7792270110,0
0.85858586,0.09090909,-0.7969388767,0.7969388767,0
0.86868687,0.09090909,-0.8141301305,0.8141301305,0
0.87878788,0.09090909,-0.8308268930,0.8308268930,0
0.88888889,0.09090909,-0.8470534513,0.8470534513,0
0.89898990,0.09090909,-0.8628323928,0.8628323928,0
0.90909091,0.09090909,-0.8781847373,0.8781847373,0
0.91919192,0.09090909,-0.8931300635,0.8931300635,0
0.92929293,0.09090909,-0.9076866273,0.9076866273,0
0.93939394,0.09090909,-0.9218714727,0.9218714727,0
0.94949495,0.09090909,-0.9357005328,0.9357005328,0
0.95959596,0.09090909,-0.9491887233,0.9491887233,0
0.96969697,0.09090909,-0.9623500263,0.9623500263,0
0.97979798,0.09090909,-0.9751975679,0.9751975679,0
0.98989899,0.09090909,-0.9877436872,0.9877436872,0
1.00000000,0.09090909,-1.0000000000,1.0000000000,0
0.00000000,0.15151515,0.0000000000,-0.0000000000,0
0.01010101,0.15151515,-0.0000000000,0.0000000000,0
0.02020202,0.15151515,-0.0000000000,0.0000000000,0
0.03030303,0.15151515,-0.0000000000,0.0000000000,0
0.04040404,0.15151515,-0.0000000002,0.0000000002,0
0.05050505,0.15151515,-0.0000000006,0.0000000006,0
0.06060606,0.15151515,-0.0000000015,0.0000000015,0
0.07070707,0.15151515,-0.0000000036,0.0000000036,0
0.08080808,0.15151515,-0.0000000076,0.0000000076,0
0.09090909,0.15151515,-0.0000000149,0.0000000149,0
0.10101010,0.15151515,-0.0000000275,0.0000000275,0
0.11111111,0.15151515,-0.0000000482,0.0000000482,0
0.12121212,0.15151515,-0.0000000813,0.0000000813,0
0.13131313,0.15151515,-0.0000001325,0.0000001325,0
0.14141414,0.15151515,-0.0000002099,0.0000002099,0
0.15151515,0.15151515,-0.0000003247,0.0000003247,0
0.16161616,0.15151515,-0.0000004919,0.0000004919,0
0.17171717,0.15151515,-0.0000007319,0.0000007319,0
0.18181818,0.15151515,-0.0000010722,0.0000010722,0
0.19191919,0.15151515,-0.0000015490,0.0000015490,0
0.20202020,0.15151515,-0.0000022109,0.0000022109,0
0.21212121,0.15151515,-0.0000031219,0.0000031219,0
0.22222222,0.15151515,-0.0000043664,0.0000043664,0
0.23232323,0.15151515,-0.0000060557,0.0000060557,0
0.24242424,0.15151515,-0.0000083356,0.0000083356,0
0.25252525,0.15151515,-0.0000113973,0.0000113973,0
0.26262626,0.15151515,-0.0000154915,0.0000154915,0
0.27272727,0.15151515,-0.0000209458,0.0000209458,0
0.28282828,0.15151515,-0.0000281886,0.0000281886,0
0.29292929,0.15151515,-0.0000377802,0.0000377802,0
0.30303030,0.15151515,-0.0000504531,0.0000504531,0
0.31313131,0.15151515,-0.0000671652,0.0000671652,0
0.32323232,0.15151515,-0.0000891698,0.0000891698,0
0.33333333,0.15151515,-0.0001181078,0.0001181078,0
0.34343434,0.15151515,-0.0001561288,0.0001561288,0
0.35353535,0.15151515,-0.0002060519,0.0002060519,0
0.36363636,0.15151515,-0.0002715770,0.0002715770,0
0.37373737,0.15151515,-0.0003575650,0.0003575650,0
0.38383838,0.15151515,-0.0004704069,0.0004704069,0
0.39393939,0.15151515,-0.0006185129,0.0006185129,0
0.40404040,0.15151515,-0.0008129564,0.0008129564,0
0.41414141,0.15151515,-0.0010683215,0.0010683215,0
0.42424242,0.15151515,-0.0014038137,0.0014038137,0
0.43434343,0.15151515,-0.0018447059,0.0018447059,0
0.44444444,0.15151515,-0.0024242066,0.0024242066,0
0.45454545,0.15151515,-0.0031858411,0.0031858411,0
0.46464646,0.15151515,-0.0041864365,0.0041864365,0
0.47474747,0.15151515,-0.0054997701,0.0054997701,0
0.48484848,0.15151515,-0.0072208714,0.0072208714,0
0.49494949,0.15151515,-0.0094708247,0.0094708247,0
0.50505051,0.15151515,-0.0124016766,0.0124016766,0
0.51515152,0.15151515,-0.0162006723,0.0162006723,0
0.52525253,0.15151515,-0.0210925415,0.0210925415,0
0.53535354,0.15151515,-0.0273379833,0.0273379833,0
0.54545455,0.15151515,-0.0352260770,0.0352260770,0
0.55555556,0.15151515,-0.0450584307,0.0450584307,0
0.56565657,0.15151515,-0.0571239407,0.0571239407,0
0.57575758,0.15151515,-0.0716653908,0.0716653908,0
0.58585859,0.15151515,-0.0888425097,0.0888425097,0
0.59595960,0.15151515,-0.1086993359,0.1086993359,0
0.60606061,0.15151515,-0.1311449232,0.1311449232,0
0.61616162,0.15151515,-0.1559540887,0.1559540887,0
0.62626263,0.15151515,-0.1827893278,0.1827893278,0
0.63636364,0.15151515,-0.2112385979,0.2112385979,0
0.64646465,0.15151515,-0.2408594733,0.2408594733,0
0.65656566,0.15151515,-0.2712199062,0.2712199062,0
0.66666667,0.15151515,-0.3019288676,0.3019288676,0
0.67676768,0.15151515,-0.3326544184,0.3326544184,0
0.68686869,0.15151515,-0.3631302980,0.3631302980,0
0.69696970,0.15151515,-0.3931540218,0.3931540218,0
0.70707071,0.15151515,-0.4225798587,0.4225798587,0
0.71717172,0.15151515,-0.4513095176,0.4513095176,0
0.72727273,0.15151515,-0.4792825018,0.4792825018,0
0.73737374,0.15151515,-0.5064672653,0.5064672653,0
0.74747475,0.15151515,-0.5328536860,0.5328536860,0
0.75757576,0.15151515,-0.5584469773,0.5584469773,0
0.76767677,0.15151515,-0.5832629426,0.5832629426,0
0.77777778,0.15151515,-0.6073243803,0.6073243803,0
0.78787879,0.15151515,-0.6306584243,0.6306584243,0
0.79797980,0.15151515,-0.6532946179,0.6532946179,0
0.80808081,0.15151515,-0.6752635462,0.6752635462,0
0.81818182,0.15151515,-0.6965958872,0.6965958872,0
0.82828283,0.15151515,-0.7173217712,0.7173217712,0
0.83838384,0.15151515,-0.7374703627,0.7374703627,0
0.84848485,0.15151515,-0.7570696036,0.7570696036,0
0.85858586,0.15151515,-0.7761460692,0.7761460692,0
0.86868687,0.15151515,-0.7947249026,0.7947249026,0
0.87878788,0.15151515,-0.8128298043,0.8128298043,0
0.88888889,0.15151515,-0.8304830570,0.8304830570,0
0.89898990,0.15151515,-0.8477055742,0.8477055742,0
0.90909091,0.15151515,-0.8645169626,0.8645169626,0
0.91919192,0.15151515,-0.8809355932,0.8809355932,0
0.92929293,0.15151515,-0.8969786751,0.8969786751,0
0.93939394,0.15151515,-0.9126623304,0.9126623304,0
0.94949495,0.15151515,-0.9280016674,0.9280016674,0
0.95959596,0.15151515,-0.9430108515,0.9430108515,0
0.96969697,0.15151515,-0.9577031716,0.9577031716,0
0.97979798,0.15151515,-0.9720911043,0.9720911043,0
0.98989899,0.15151515,-0.9861863723,0.9861863723,0
1.00000000,0.15151515,-1.0000000000,1.0000000000,0
0.00000000,0.21212121,0.0000000000,-0.0000000000,0
0.01010101,0.21212121,-0.0000000000,0.0000000000,0
0.02020202,0.21212121,-0.0000000000,0.0000000000,0
0.03030303,0.21212121,-0.0000000000,0.0000000000,0
0.04040404,0.21212121,-0.0000000001,0.0000000001,0
0.05050505,0.21212121,-0.0000000005,0.0000000005,0
0.06060606,0.21212121,-0.0000000013,0.0000000013,0
0.07070707,0.21212121,-0.0000000030,0.0000000030,0
0.08080808,0.21212121,-0.0000000063,0.0000000063,0
0.09090909,0.21212121,-0.0000000123,0.0000000123,0
0.10101010,0.21212121,-0.0000000227,0.0000000227,0
0.11111111,0.21212121,-0.0000000399,0.0000000399,0
0.12121212,0.21212121,-0.0000000672,0.0000000672,0
0.13131313,0.21212121,-0.0000001096,0.0000001096,0
0.14141414,0.21212121,-0.0000001736,0.0000001736,0
0.15151515,0.21212121,-0.0000002686,0.0000002686,0
0.16161616,0.21212121,-0.0000004070,0.0000004070,0
0.17171717,0.21212121,-0.0000006056,0.0000006056,0
0.18181818,0.21212121,-0.0000008871,0.0000008871,0
0.19191919,0.21212121,-0.0000012818,0.0000012818,0
0.20202020,0.21212121,-0.0000018295,0.0000018295,0
0.21212121,0.21212121,-0.0000025835,0.0000025835,0
0.22222222,0.21212121,-0.0000036136,0.0000036136,0
0.23232323,0.21212121,-0.0000050118,0.0000050118,0
0.24242424,0.21212121,-0.0000068991,0.0000068991,0
0.25252525,0.21212121,-0.0000094337,0.0000094337,0
0.26262626,0.21212121,-0.0000128233,0.0000128233,0
0.27272727,0.21212121,-0.0000173392,0.0000173392,0
0.28282828,0.21212121,-0.0000233367,0.0000233367,0
0.29292929,0.21212121,-0.0000312799,0.0000312799,0
0.30303030,0.21212121,-0.0000417762,0.0000417762,0
0.31313131,0.21212121,-0.0000556198,0.0000556198,0
0.32323232,0.21212121,-0.0000738504,0.0000738504,0
0.33333333,0.21212121,-0.0000978291,0.0000978291,0
0.34343434,0.21212121,-0.0001293400,0.0001293400,0
0.35353535,0.21212121,-0.0001707234,0.0001707234,0
0.36363636,0.21212121,-0.0002250515,0.0002250515,0
0.37373737,0.21212121,-0.0002963614,0.0002963614,0
0.38383838,0.21212121,-0.0003899627,0.0003899627,0
0.39393939,0.21212121,-0.0005128437,0.0005128437,0
0.40404040,0.21212121,-0.0006742068,0.0006742068,0
0.41414141,0.21212121,-0.0008861727,0.0008861727,0
0.42424242,0.21212121,-0.0011647028,0.0011647028,0
0.43434343,0.21212121,-0.0015307983,0.0015307983,0
0.44444444,0.21212121,-0.0020120489,0.0020120489,0
0.45454545,0.21212121,-0.0026446037,0.0026446037,0
0.46464646,0.21212121,-0.0034756415,0.0034756415,0
0.47474747,0.21212121,-0.0045663900,0.0045663900,0
0.48484848,0.21212121,-0.0059956925,0.0059956925,0
0.49494949,0.21212121,-0.0078640141,0.0078640141,0
0.50505051,0.21212121,-0.0102975962,0.0102975962,0
0.51515152,0.21212121,-0.0134521933,0.0134521933,0
0.52525253,0.21212121,-0.0175154561,0.0175154561,0
0.53535354,0.21212121,-0.0227066154,0.0227066154,0
0.54545455,0.21212121,-0.0292718020,0.0292718020,0
0.55555556,0.21212121,-0.0374733473,0.0374733473,0
0.56565657,0.21212121,-0.0475720494,0.0475720494,0
0.57575758,0.21212121,-0.0598028685,0.0598028685,0
0.58585859,0.21212121,-0.0743467222,0.0743467222,0
0.59595960,0.21212121,-0.0913033344,0.0913033344,0
0.60606061,0.21212121,-0.1106713289,0.1106713289,0
0.61616162,0.21212121,-0.1323409748,0.1323409748,0
0.62626263,0.21212121,-0.1561020104,0.1561020104,0
0.63636364,0.21212121,-0.1816648921,0.1816648921,0
0.64646465,0.21212121,-0.2086903810,0.2086903810,0
0.65656566,0.21212121,-0.2368209799,0.2368209799,0
0.66666667,0.21212121,-0.2657085705,0.2657085705,0
0.67676768,0.21212121,-0.2950348489,0.2950348489,0
0.68686869,0.21212121,-0.3245236172,0.3245236172,0
0.69696970,0.21212121,-0.3539458248,0.3539458248,0
0.70707071,0.21212121,-0.3831191701,0.3831191701,0
0.71717172,0.21212121,-0.4119042369,0.4119042369,0
0.72727273,0.21212121,-0.4401988458,0.4401988458,0
0.73737374,0.21212121,-0.4679318394,0.4679318394,0
0.74747475,0.21212121,-0.4950570733,0.4950570733,0
0.75757576,0.21212121,-0.5215480294,0.5215480294,0
0.76767677,0.21212121,-0.5473932200,0.5473932200,0
0.77777778,0.21212121,-0.5725924043,0.5725924043,0
0.78787879,0.21212121,-0.5971535519,0.5971535519,0
0.79797980,0.21212121,-0.6210904569,0.6210904569,0
0.80808081,0.21212121,-0.6444208917,0.6444208917,0
0.81818182,0.21212121,-0.6671652010,0.6671652010,0
0.82828283,0.21212121,-0.6893452439,0.6893452439,0
0.83838384,0.21212121,-0.7109836084,0.7109836084,0
0.84848485,0.21212121,-0.7321030387,0.7321030387,0
0.85858586,0.21212121,-0.7527260223,0.7527260223,0
0.86868687,0.21212121,-0.7728745021,0.7728745021,0
0.87878788,0.21212121,-0.7925696798,0.7925696798,0
0.88888889,0.21212121,-0.8118318901,0.8118318901,0
0.89898990,0.21212121,-0.8306805252,0.8306805252,0
0.90909091,0.21212121,-0.8491339984,0.8491339984,0
0.91919192,0.21212121,-0.8672097345,0.8672097345,0
0.92929293,0.21212121,-0.8849241806,0.8849241806,0
0.93939394,0.21212121,-0.9022928303,0.9022928303,0
0.94949495,0.21212121,-0.9193302571,0.9193302571,0
0.95959596,0.21212121,-0.9360501548,0.9360501548,0
0.96969697,0.21212121,-0.9524653805,0.9524653805,0
0.97979798,0.21212121,-0.9685879998,0.9685879998,0
0.98989899,0.21212121,-0.9844293329,0.9844293329,0
1.00000000,0.21212121,-1.0000000000,1.0000000000,0
0.00000000,0.27272727,0.0000000000,-0.0000000000,0
0.01010101,0.27272727,-0.0000000000,0.0000000000,0
0.02020202,0.27272727,-0.0000000000,0.0000000000,0
0.03030303,0.27272727,-0.0000000000,0.0000000000,0
0.04040404,0.27272727,-0.0000000001,0.0000000001,0
0.05050505,0.27272727,-0.0000000004,0.0000000004,0
0.06060606,0.27272727,-0.0000000010,0.0000000010,0
0.07070707,0.27272727,-0.0000000024,0.0000000024,0
0.08080808,0.27272727,-0.0000000052,0.0000000052,0
0.09090909,0.27272727,-0.0000000101,0.0000000101,0
0.10101010,0.27272727,-0.0000000186,0.0000000186,0
0.11111111,0.27272727,-0.0000000327,0.0000000327,0
0.12121212,0.27272727,-0.0000000551,0.0000000551,0
0.13131313,0.27272727,-0.0000000898,0.0000000898,0
0.14141414,0.27272727,-0.0000001423,0.0000001423,0
0.15151515,0.27272727,-0.0000002202,0.0000002202,0
0.16161616,0.27272727,-0.0000003338,0.0000003338,0
0.17171717,0.27272727,-0.0000004969,0.0000004969,0
0.18181818,0.27272727,-0.0000007281,0.0000007281,0
0.19191919,0.27272727,-0.0000010523,0.0000010523,0
0.20202020,0.27272727,-0.0000015025,0.0000015025,0
0.21212121,0.27272727,-0.0000021223,0.0000021223,0
0.22222222,0.27272727,-0.0000029692,0.0000029692,0
0.23232323,0.27272727,-0.0000041191,0.0000041191,0
0.24242424,0.27272727,-0.0000056715,0.0000056715,0
0.25252525,0.27272727,-0.0000077568,0.0000077568,0
0.26262626,0.27272727,-0.0000105458,0.0000105458,0
0.27272727,0.27272727,-0.0000142621,0.0000142621,0
0.28282828,0.27272727,-0.0000191979,0.0000191979,0
0.29292929,0.27272727,-0.0000257354,0.0000257354,0
0.30303030,0.27272727,-0.0000343742,0.0000343742,0
0.31313131,0.27272727,-0.0000457678,0.0000457678,0
0.32323232,0.27272727,-0.0000607709,0.0000607709,0
0.33333333,0.27272727,-0.0000805023,0.0000805023,0
0.34343434,0.27272727,-0.0001064277,0.0001064277,0
0.35353535,0.27272727,-0.0001404681,0.0001404681,0
0.36363636,0.27272727,-0.0001851434,0.0001851434,0
0.37373737,0.27272727,-0.0002437623,0.0002437623,0
0.38383838,0.27272727,-0.0003206711,0.0003206711,0
0.39393939,0.27272727,-0.0004215831,0.0004215831,0
0.40404040,0.27272727,-0.0005540103,0.0005540103,0
0.41414141,0.27272727,-0.0007278297,0.0007278297,0
0.42424242,0.27272727,-0.0009560212,0.0009560212,0
0.43434343,0.27272727,-0.0012556238,0.0012556238,0
0.44444444,0.27272727,-0.0016489630,0.0016489630,0
0.45454545,0.27272727,-0.0021652057,0.0021652057,0
0.46464646,0.27272727,-0.0028422976,0.0028422976,0
0.47474747,0.27272727,-0.0037293208,0.0037293208,0
0.48484848,0.27272727,-0.0048892710,0.0048892710,0
0.49494949,0.27272727,-0.0064021791,0.0064021791,0
0.50505051,0.27272727,-0.0083683827,0.0083683827,0
0.51515152,0.27272727,-0.0109115724,0.0109115724,0
0.52525253,0.27272727,-0.0141810049,0.0141810049,0
0.53535354,0.27272727,-0.0183520215,0.0183520215,0
0.54545455,0.27272727,-0.0236238057,0.0236238057,0
0.55555556,0.27272727,-0.0302132891,0.0302132891,0
0.56565657,0.27272727,-0.0383444191,0.0383444191,0
0.57575758,0.27272727,-0.0482327511,0.0482327511,0
0.58585859,0.27272727,-0.0600664982,0.0600664982,0
0.59595960,0.27272727,-0.0739864851,0.0739864851,0
0.60606061,0.27272727,-0.0900684471,0.0900684471,0
0.61616162,0.27272727,-0.1083112469,0.1083112469,0
0.62626263,0.27272727,-0.1286336066,0.1286336066,0
0.63636364,0.27272727,-0.1508800972,0.1508800972,0
0.64646465,0.27272727,-0.1748350416,0.1748350416,0
0.65656566,0.27272727,-0.2002414252,0.2002414252,0
0.66666667,0.27272727,-0.2268213298,0.2268213298,0
0.67676768,0.27272727,-0.2542948078,0.2542948078,0
0.68686869,0.27272727,-0.2823951345,0.2823951345,0
0.69696970,0.27272727,-0.3108795419,0.3108795419,0
0.70707071,0.27272727,-0.3395355095,0.3395355095,0
0.71717172,0.27272727,-0.3681832912,0.3681832912,0
0.72727273,0.27272727,-0.3966756221,0.3966756221,0
0.73737374,0.27272727,-0.4248955485,0.4248955485,0
0.74747475,0.27272727,-0.4527531858,0.4527531858,0
0.75757576,0.27272727,-0.4801820168,0.4801820168,0
0.76767677,0.27272727,-0.5071351493,0.5071351493,0
0.77777778,0.27272727,-0.5335817952,0.5335817952,0
0.78787879,0.27272727,-0.5595041111,0.5595041111,0
0.79797980,0.27272727,-0.5848944571,0.5848944571,0
0.80808081,0.27272727,-0.6097530802,0.6097530802,0
0.81818182,0.27272727,-0.6340861939,0.6340861939,0
0.82828283,0.27272727,-0.6579044124,0.6579044124,0
0.83838384,0.27272727,-0.6812214922,0.6812214922,0
0.84848485,0.27272727,-0.7040533327,0.7040533327,0
0.85858586,0.27272727,-0.7264171925,0.7264171925,0
0.86868687,0.27272727,-0.7483310812,0.7483310812,0
0.87878788,0.27272727,-0.7698132953,0.7698132953,0
0.88888889,0.27272727,-0.7908820671,0.7908820671,0
0.89898990,0.27272727,-0.8115553057,0.8115553057,0
0.90909091,0.27272727,-0.8318504094,0.8318504094,0
0.91919192,0.27272727,-0.8517841346,0.8517841346,0
0.92929293,0.27272727,-0.8713725088,0.8713725088,0
0.93939394,0.27272727,-0.8906307772,0.8906307772,0
0.94949495,0.27272727,-0.9095733753,0.9095733753,0
0.95959596,0.27272727,-0.9282139213,0.9282139213,0
0.96969697,0.27272727,-0.9465652227,0.9465652227,0
0.97979798,0.27272727,-0.9646392942,0.9646392942,0
0.98989899,0.27272727,-0.9824473832,0.9824473832,0
1.00000000,0.27272727,-1.0000000000,1.0000000000,0
0.00000000,0.33333333,0.0000000000,-0.0000000000,0
0.01010101,0.33333333,-0.0000000000,0.0000000000,0
0.02020202,0.33333333,-0.0000000000,0.0000000000,0
0.03030303,0.33333333,-0.0000000000,0.0000000000,0
0.04040404,0.33333333,-0.0000000001,0.0000000001,0
0.05050505,0.33333333,-0.0000000003,0.0000000003,0
0.06060606,0.33333333,-0.0000000008,0.0000000008,0
0.07070707,0.33333333,-0.0000000020,0.0000000020,0
0.08080808,0.33333333,-0.0000000042,0.0000000042,0
0.09090909,0.33333333,-0.0000000082,0.0000000082,0
0.10101010,0.33333333,-0.0000000151,0.0000000151,0
0.11111111,0.33333333,-0.0000000265,0.0000000265,0
0.12121212,0.33333333,-0.0000000447,0.0000000447,0
0.13131313,0.33333333,-0.0000000729,0.0000000729,0
0.14141414,0.33333333,-0.0000001156,0.0000001156,0
0.15151515,0.33333333,-0.0000001790,0.0000001790,0
0.16161616,0.33333333,-0.0000002715,0.0000002715,0
0.17171717,0.33333333,-0.0000004045,0.0000004045,0
0.18181818,0.33333333,-0.0000005930,0.0000005930,0
0.19191919,0.33333333,-0.0000008576,0.0000008576,0
0.20202020,0.33333333,-0.0000012252,0.0000012252,0
0.21212121,0.33333333,-0.0000017315,0.0000017315,0
0.22222222,0.33333333,-0.0000024236,0.0000024236,0
0.23232323,0.33333333,-0.0000033638,0.0000033638,0
0.24242424,0.33333333,-0.0000046334,0.0000046334,0
0.25252525,0.33333333,-0.0000063393,0.0000063393,0
0.26262626,0.33333333,-0.0000086213,0.0000086213,0
0.27272727,0.33333333,-0.0000116624,0.0000116624,0
0.28282828,0.33333333,-0.0000157017,0.0000157017,0
0.29292929,0.33333333,-0.0000210516,0.0000210516,0
0.30303030,0.33333333,-0.0000281202,0.0000281202,0
0.31313131,0.33333333,-0.0000374408,0.0000374408,0
0.32323232,0.33333333,-0.0000497100,0.0000497100,0
0.33333333,0.33333333,-0.0000658386,0.0000658386,0
0.34343434,0.33333333,-0.0000870176,0.0000870176,0
0.35353535,0.33333333,-0.0001148055,0.0001148055,0
0.36363636,0.33333333,-0.0001512422,0.0001512422,0
0.37373737,0.33333333,-0.0001989995,0.0001989995,0
0.38383838,0.33333333,-0.0002615774,0.0002615774,0
0.39393939,0.33333333,-0.0003435624,0.0003435624,0
0.40404040,0.33333333,-0.0004509631,0.0004509631,0
0.41414141,0.33333333,-0.0005916482,0.0005916482,0
0.42424242,0.33333333,-0.0007759115,0.0007759115,0
0.43434343,0.33333333,-0.0010171984,0.0010171984,0
0.44444444,0.33333333,-0.0013330288,0.0013330288,0
0.45454545,0.33333333,-0.0017461548,0.0017461548,0
0.46464646,0.33333333,-0.0022859895,0.0022859895,0
0.47474747,0.33333333,-0.0029903289,0.0029903289,0
0.48484848,0.33333333,-0.0039073682,0.0039073682,0
0.49494949,0.33333333,-0.0050979647,0.0050979647,0
0.50505051,0.33333333,-0.0066380343,0.0066380343,0
0.51515152,0.33333333,-0.0086208684,0.0086208684,0
0.52525253,0.33333333,-0.0111590351,0.0111590351,0
0.53535354,0.33333333,-0.0143853968,0.0143853968,0
0.54545455,0.33333333,-0.0184526643,0.0184526643,0
0.55555556,0.33333333,-0.0235308687,0.0235308687,0
0.56565657,0.33333333,-0.0298022183,0.0298022183,0
0.57575758,0.33333333,-0.0374530788,0.0374530788,0
0.58585859,0.33333333,-0.0466632657,0.0466632657,0
0.59595960,0.33333333,-0.0575934208,0.0575934208,0
0.60606061,0.33333333,-0.0703718289,0.0703718289,0
0.61616162,0.33333333,-0.0850824262,0.0850824262,0
0.62626263,0.33333333,-0.1017558086,0.1017558086,0
0.63636364,0.33333333,-0.1203646872,0.1203646872,0
0.64646465,0.33333333,-0.1408245215,0.1408245215,0
0.65656566,0.33333333,-0.1629991778,0.1629991778,0
0.66666667,0.33333333,-0.1867106441,0.1867106441,0
0.67676768,0.33333333,-0.2117512879,0.2117512879,0
0.68686869,0.33333333,-0.2378969674,0.2378969674,0
0.69696970,0.33333333,-0.2649194721,0.2649194721,0
0.70707071,0.33333333,-0.2925971667,0.2925971667,0
0.71717172,0.33333333,-0.3207232044,0.3207232044,0
0.72727273,0.33333333,-0.3491111323,0.3491111323,0
0.73737374,0.33333333,-0.3775980602,0.3775980602,0
0.74747475,0.33333333,-0.4060457809,0.4060457809,0
0.75757576,0.33333333,-0.4343403207,0.4343403207,0
0.76767677,0.33333333,-0.4623903995,0.4623903995,0
0.77777778,0.33333333,-0.4901252235,0.4901252235,0
0.78787879,0.33333333,-0.5174919481,0.5174919481,0
0.79797980,0.33333333,-0.5444530622,0.5444530622,0
0.80808081,0.33333333,-0.5709838649,0.5709838649,0
0.81818182,0.33333333,-0.5970701388,0.5970701388,0
0.82828283,0.33333333,-0.6227060763,0.6227060763,0
0.83838384,0.33333333,-0.6478924783,0.6478924783,0
0.84848485,0.33333333,-0.6726352222,0.6726352222,0
0.85858586,0.33333333,-0.6969439815,0.6969439815,0
0.86868687,0.33333333,-0.7208311717,0.7208311717,0
0.87878788,0.33333333,-0.7443110948,0.7443110948,0
0.88888889,0.33333333,-0.7673992538,0.7673992538,0
0.89898990,0.33333333,-0.7901118106,0.7901118106,0
0.90909091,0.33333333,-0.8124651634,0.8124651634,0
0.91919192,0.33333333,-0.8344756219,0.8344756219,0
0.92929293,0.33333333,-0.8561591630,0.8561591630,0
0.93939394,0.33333333,-0.8775312509,0.8775312509,0
0.94949495,0.33333333,-0.8986067087,0.8986067087,0
0.95959596,0.33333333,-0.9193996318,0.9193996318,0
0.96969697,0.33333333,-0.9399233326,0.9399233326,0
0.97979798,0.33333333,-0.9601903115,0.9601903115,0
0.98989899,0.33333333,-0.9802122468,0.9802122468,0
1.00000000,0.33333333,-1.0000000000,1.0000000000,0
0.00000000,0.39393939,0.0000000000,-0.0000000000,0
0.01010101,0.39393939,-0.0000000000,0.0000000000,0
0.02020202,0.39393939,-0.0000000000,0.0000000000,0
0.03030303,0.39393939,-0.0000000000,0.0000000000,0
0.04040404,0.39393939,-0.0000000001,0.0000000001,0
0.05050505,0.39393939,-0.0000000002,0.0000000002,0
0.06060606,0.39393939,-0.0000000007,0.0000000007,0
0.07070707,0.39393939,-0.0000000016,0.0000000016,0
0.08080808,0.39393939,-0.0000000033,0.0000000033,0
0.09090909,0.39393939,-0.0000000065,0.0000000065,0
0.10101010,0.39393939,-0.0000000121,0.0000000121,0
0.11111111,0.39393939,-0.0000000213,0.0000000213,0
0.12121212,0.39393939,-0.0000000359,0.0000000359,0
0.13131313,0.39393939,-0.0000000587,0.0000000587,0
0.14141414,0.39393939,-0.0000000931,0.0000000931,0
0.15151515,0.39393939,-0.0000001444,0.0000001444,0
0.16161616,0.39393939,-0.0000002192,0.0000002192,0
0.17171717,0.39393939,-0.0000003268,0.0000003268,0
0.18181818,0.39393939,-0.0000004796,0.0000004796,0
0.19191919,0.39393939,-0.0000006942,0.0000006942,0
0.20202020,0.39393939,-0.0000009926,0.0000009926,0
0.21212121,0.39393939,-0.0000014038,0.0000014038,0
0.22222222,0.39393939,-0.0000019664,0.0000019664,0
0.23232323,0.39393939,-0.0000027309,0.0000027309,0
0.24242424,0.39393939,-0.0000037638,0.0000037638,0
0.25252525,0.39393939,-0.0000051522,0.0000051522,0
0.26262626,0.39393939,-0.0000070099,0.0000070099,0
0.27272727,0.39393939,-0.0000094858,0.0000094858,0
0.28282828,0.39393939,-0.0000127743,0.0000127743,0
0.29292929,0.39393939,-0.0000171290,0.0000171290,0
0.30303030,0.39393939,-0.0000228809,0.0000228809,0
0.31313131,0.39393939,-0.0000304615,0.0000304615,0
0.32323232,0.39393939,-0.0000404333,0.0000404333,0
0.33333333,0.39393939,-0.0000535300,0.0000535300,0
0.34343434,0.39393939,-0.0000707082,0.0000707082,0
0.35353535,0.39393939,-0.0000932153,0.0000932153,0
0.36363636,0.39393939,-0.0001226782,0.0001226782,0
0.37373737,0.39393939,-0.0001612182,0.0001612182,0
0.38383838,0.39393939,-0.0002116010,0.0002116010,0
0.39393939,0.39393939,-0.0002774304,0.0002774304,0
0.40404040,0.39393939,-0.0003633992,0.0003633992,0
0.41414141,0.39393939,-0.0004756111,0.0004756111,0
0.42424242,0.39393939,-0.0006219913,0.0006219913,0
0.43434343,0.39393939,-0.0008128072,0.0008128072,0
0.44444444,0.39393939,-0.0010613202,0.0010613202,0
0.45454545,0.39393939,-0.0013845925,0.0013845925,0
0.46464646,0.39393939,-0.0018044692,0.0018044692,0
0.47474747,0.39393939,-0.0023487486,0.0023487486,0
0.48484848,0.39393939,-0.0030525446,0.0030525446,0
0.49494949,0.39393939,-0.0039598179,0.0039598179,0
0.50505051,0.39393939,-0.0051250272,0.0051250272,0
0.51515152,0.39393939,-0.0066148051,0.0066148051,0
0.52525253,0.39393939,-0.0085095137,0.0085095137,0
0.53535354,0.39393939,-0.0109044762,0.0109044762,0
0.54545455,0.39393939,-0.0139106261,0.0139106261,0
0.55555556,0.39393939,-0.0176542729,0.0176542729,0
0.56565657,0.39393939,-0.0222756713,0.0222756713,0
0.57575758,0.39393939,-0.0279261125,0.0279261125,0
0.58585859,0.39393939,-0.0347633453,0.0347633453,0
0.59595960,0.39393939,-0.0429452972,0.0429452972,0
0.60606061,0.39393939,-0.0526222833,0.0526222833,0
0.61616162,0.39393939,-0.0639281624,0.0639281624,0
0.62626263,0.39393939,-0.0769711643,0.0769711643,0
0.63636364,0.39393939,-0.0918253298,0.0918253298,0
0.64646465,0.39393939,-0.1085235907,0.1085235907,0
0.65656566,0.39393939,-0.1270534361,0.1270534361,0
0.66666667,0.39393939,-0.1473558360,0.1473558360,0
0.67676768,0.39393939,-0.1693276651,0.1693276651,0
0.68686869,0.39393939,-0.1928273784,0.1928273784,0
0.69696970,0.39393939,-0.2176832361,0.2176832361,0
0.70707071,0.39393939,-0.2437030717,0.2437030717,0
0.71717172,0.39393939,-0.2706844890,0.2706844890,0
0.72727273,0.39393939,-0.2984244693,0.2984244693,0
0.73737374,0.39393939,-0.3267276092,0.3267276092,0
0.74747475,0.39393939,-0.3554125236,0.3554125236,0
0.75757576,0.39393939,-0.3843162564,0.3843162564,0
0.76767677,0.39393939,-0.4132967959,0.4132967959,0
0.77777778,0.39393939,-0.4422339567,0.4422339567,0
0.78787879,0.39393939,-0.4710289801,0.4710289801,0
0.79797980,0.39393939,-0.4996032148,0.4996032148,0
0.80808081,0.39393939,-0.5278962155,0.5278962155,0
0.81818182,0.39393939,-0.5558635352,0.5558635352,0
0.82828283,0.39393939,-0.5834744266,0.5834744266,0
0.83838384,0.39393939,-0.6107096012,0.6107096012,0
0.84848485,0.39393939,-0.6375591450,0.6375591450,0
0.85858586,0.39393939,-0.6640206445,0.6640206445,0
0.86868687,0.39393939,-0.6900975473,0.6900975473,0
0.87878788,0.39393939,-0.7157977585,0.7157977585,0
0.88888889,0.39393939,-0.7411324613,0.7411324613,0
0.89898990,0.39393939,-0.7661151413,0.7661151413,0
0.90909091,0.39393939,-0.7907607931,0.7907607931,0
0.91919192,0.39393939,-0.8150852820,0.8150852820,0
0.92929293,0.39393939,-0.8391048394,0.8391048394,0
0.93939394,0.39393939,-0.8628356701,0.8628356701,0
0.94949495,0.39393939,-0.8862936516,0.8862936516,0
0.95959596,0.39393939,-0.9094941086,0.9094941086,0
0.96969697,0.39393939,-0.9324516500,0.9324516500,0
0.97979798,0.39393939,-0.9551800546,0.9551800546,0
0.98989899,0.39393939,-0.9776921961,0.9776921961,0
1.00000000,0.39393939,-1.0000000000,1.0000000000,0
0.00000000,0.45454545,0.0000000000,-0.0000000000,0
0.01010101,0.45454545,-0.0000000000,0.0000000000,0
0.02020202,0.45454545,-0.0000000000,0.0000000000,0
0.03030303,0.45454545,-0.0000000000,0.0000000000,0
0.04040404,0.45454545,-0.0000000001,0.0000000001,0
0.05050505,0.45454545,-0.0000000002,0.0000000002,0
0.06060606,0.45454545,-0.0000000005,0.0000000005,0
0.07070707,0.45454545,-0.0000000012,0.0000000012,0
0.08080808,0.45454545,-0.0000000026,0.0000000026,0
0.09090909,0.45454545,-0.0000000052,0.0000000052,0
0.10101010,0.45454545,-0.0000000096,0.0000000096,0
0.11111111,0.45454545,-0.0000000169,0.0000000169,0
0.12121212,0.45454545,-0.0000000286,0.0000000286,0
0.13131313,0.45454545,-0.0000000468,0.0000000468,0
0.14141414,0.45454545,-0.0000000745,0.0000000745,0
0.15151515,0.45454545,-0.0000001156,0.0000001156,0
0.16161616,0.45454545,-0.0000001757,0.0000001757,0
0.17171717,0.45454545,-0.0000002623,0.0000002623,0
0.18181818,0.45454545,-0.0000003855,0.0000003855,0
0.19191919,0.45454545,-0.0000005585,0.0000005585,0
0.20202020,0.45454545,-0.0000007994,0.0000007994,0
0.21212121,0.45454545,-0.0000011318,0.0000011318,0
0.22222222,0.45454545,-0.0000015868,0.0000015868,0
0.23232323,0.45454545,-0.0000022055,0.0000022055,0
0.24242424,0.45454545,-0.0000030419,0.0000030419,0
0.25252525,0.45454545,-0.0000041665,0.0000041665,0
0.26262626,0.45454545,-0.0000056717,0.0000056717,0
0.27272727,0.45454545,-0.0000076778,0.0000076778,0
0.28282828,0.45454545,-0.0000103418,0.0000103418,0
0.29292929,0.45454545,-0.0000138683,0.0000138683,0
0.30303030,0.45454545,-0.0000185232,0.0000185232,0
0.31313131,0.45454545,-0.0000246525,0.0000246525,0
0.32323232,0.45454545,-0.0000327057,0.0000327057,0
0.33333333,0.45454545,-0.0000432666,0.0000432666,0
0.34343434,0.45454545,-0.0000570928,0.0000570928,0
0.35353535,0.45454545,-0.0000751673,0.0000751673,0
0.36363636,0.45454545,-0.0000987642,0.0000987642,0
0.37373737,0.45454545,-0.0001295341,0.0001295341,0
0.38383838,0.45454545,-0.0001696123,0.0001696123,0
0.39393939,0.45454545,-0.0002217587,0.0002217587,0
0.40404040,0.45454545,-0.0002895341,0.0002895341,0
0.41414141,0.45454545,-0.0003775233,0.0003775233,0
0.42424242,0.45454545,-0.0004916156,0.0004916156,0
0.43434343,0.45454545,-0.0006393530,0.0006393530,0
0.44444444,0.45454545,-0.0008303595,0.0008303595,0
0.45454545,0.45454545,-0.0010768636,0.0010768636,0
0.46464646,0.45454545,-0.0013943267,0.0013943267,0
0.47474747,0.45454545,-0.0018021861,0.0018021861,0
0.48484848,0.45454545,-0.0023247196,0.0023247196,0
0.49494949,0.45454545,-0.0029920298,0.0029920298,0
0.50505051,0.45454545,-0.0038411387,0.0038411387,0
0.51515152,0.45454545,-0.0049171691,0.0049171691,0
0.52525253,0.45454545,-0.0062745728,0.0062745728,0
0.53535354,0.45454545,-0.0079783446,0.0079783446,0
0.54545455,0.45454545,-0.0101051318,0.0101051318,0
0.55555556,0.45454545,-0.0127441217,0.0127441217,0
0.56565657,0.45454545,-0.0159975483,0.0159975483,0
0.57575758,0.45454545,-0.0199806288,0.0199806288,0
0.58585859,0.45454545,-0.0248207068,0.0248207068,0
0.59595960,0.45454545,-0.0306553705,0.0306553705,0
0.60606061,0.45454545,-0.0376293296,0.0376293296,0
0.61616162,0.45454545,-0.0458899052,0.0458899052,0
0.62626263,0.45454545,-0.0555811098,0.0555811098,0
0.63636364,0.45454545,-0.0668364851,0.0668364851,0
0.64646465,0.45454545,-0.0797711028,0.0797711028,0
0.65656566,0.45454545,-0.0944733771,0.0944733771,0
0.66666667,0.45454545,-0.1109975458,0.1109975458,0
0.67676768,0.45454545,-0.1293577596,0.1293577596,0
0.68686869,0.45454545,-0.1495246483,0.1495246483,0
0.69696970,0.45454545,-0.1714249716,0.1714249716,0
0.70707071,0.45454545,-0.1949445581,0.1949445581,0
0.71717172,0.45454545,-0.2199342624,0.2199342624,0
0.72727273,0.45454545,-0.2462182446,0.2462182446,0
0.73737374,0.45454545,-0.2736035894,0.2736035894,0
0.74747475,0.45454545,-0.3018901898,0.3018901898,0
0.75757576,0.45454545,-0.3308799237,0.3308799237,0
0.76767677,0.45454545,-0.3603843934,0.3603843934,0
0.77777778,0.45454545,-0.3902308094,0.3902308094,0
0.78787879,0.45454545,-0.4202658982,0.4202658982,0
0.79797980,0.45454545,-0.4503579602,0.4503579602,0
0.80808081,0.45454545,-0.4803973566,0.4803973566,0
0.81818182,0.45454545,-0.5102957857,0.5102957857,0
0.82828283,0.45454545,-0.5399847113,0.5399847113,0
0.83838384,0.45454545,-0.5694132751,0.5694132751,0
0.84848485,0.45454545,-0.5985459619,0.5985459619,0
0.85858586,0.45454545,-0.6273602202,0.6273602202,0
0.86868687,0.45454545,-0.6558441813,0.6558441813,0
0.87878788,0.45454545,-0.6839945618,0.6839945618,0
0.88888889,0.45454545,-0.7118147991,0.7118147991,0
0.89898990,0.45454545,-0.7393134346,0.7393134346,0
0.90909091,0.45454545,-0.7665027417,0.7665027417,0
0.91919192,0.45454545,-0.7933975835,0.7933975835,0
0.92929293,0.45454545,-0.8200144763,0.8200144763,0
0.93939394,0.45454545,-0.8463708345,0.8463708345,0
0.94949495,0.45454545,-0.8724843709,0.8724843709,0
0.95959596,0.45454545,-0.8983726279,0.8983726279,0
0.96969697,0.45454545,-0.9240526178,0.9240526178,0
0.97979798,0.45454545,-0.9495405535,0.9495405535,0
0.98989899,0.45454545,-0.9748516525,0.9748516525,0
1.00000000,0.45454545,-1.0000000000,1.0000000000,0
0.00000000,0.51515152,0.0000000000,-0.0000000000,0
0.01010101,0.51515152,-0.0000000000,0.0000000000,0
0.02020202,0.51515152,-0.0000000000,0.0000000000,0
0.03030303,0.51515152,-0.0000000000,0.0000000000,0
0.04040404,0.51515152,-0.0000000000,0.0000000000,0
0.05050505,0.51515152,-0.0000000002,0.0000000002,0
0.06060606,0.51515152,-0.0000000004,0.0000000004,0
0.07070707,0.51515152,-0.0000000010,0.0000000010,0
0.08080808,0.51515152,-0.0000000021,0.0000000021,0
0.09090909,0.51515152,-0.0000000041,0.0000000041,0
0.10101010,0.51515152,-0.0000000076,0.0000000076,0
0.11111111,0.51515152,-0.0000000134,0.0000000134,0
0.12121212,0.51515152,-0.0000000227,0.0000000227,0
0.13131313,0.51515152,-0.0000000371,0.0000000371,0
0.14141414,0.51515152,-0.0000000592,0.0000000592,0
0.15151515,0.51515152,-0.0000000920,0.0000000920,0
0.16161616,0.51515152,-0.0000001400,0.0000001400,0
0.17171717,0.51515152,-0.0000002094,0.0000002094,0
0.18181818,0.51515152,-0.0000003081,0.0000003081,0
0.19191919,0.51515152,-0.0000004470,0.0000004470,0
0.20202020,0.51515152,-0.0000006406,0.0000006406,0
0.21212121,0.51515152,-0.0000009079,0.0000009079,0
0.22222222,0.51515152,-0.0000012743,0.0000012743,0
0.23232323,0.51515152,-0.0000017729,0.0000017729,0
0.24242424,0.51515152,-0.0000024472,0.0000024472,0
0.25252525,0.51515152,-0.0000033542,0.0000033542,0
0.26262626,0.51515152,-0.0000045682,0.0000045682,0
0.27272727,0.51515152,-0.0000061860,0.0000061860,0
0.28282828,0.51515152,-0.0000083334,0.0000083334,0
0.29292929,0.51515152,-0.0000111739,0.0000111739,0
0.30303030,0.51515152,-0.0000149191,0.0000149191,0
0.31313131,0.51515152,-0.0000198433,0.0000198433,0
0.32323232,0.51515152,-0.0000263009,0.0000263009,0
0.33333333,0.51515152,-0.0000347494,0.0000347494,0
0.34343434,0.51515152,-0.0000457785,0.0000457785,0
0.35353535,0.51515152,-0.0000601475,0.0000601475,0
0.36363636,0.51515152,-0.0000788322,0.0000788322,0
0.37373737,0.51515152,-0.0001030842,0.0001030842,0
0.38383838,0.51515152,-0.0001345059,0.0001345059,0
0.39393939,0.51515152,-0.0001751445,0.0001751445,0
0.40404040,0.51515152,-0.0002276081,0.0002276081,0
0.41414141,0.51515152,-0.0002952103,0.0002952103,0
0.42424242,0.51515152,-0.0003821480,0.0003821480,0
0.43434343,0.51515152,-0.0004937180,0.0004937180,0
0.44444444,0.51515152,-0.0006365804,0.0006365804,0
0.45454545,0.51515152,-0.0008190749,0.0008190749,0
0.46464646,0.51515152,-0.0010515998,0.0010515998,0
0.47474747,0.51515152,-0.0013470611,0.0013470611,0
0.48484848,0.51515152,-0.0017214012,0.0017214012,0
0.49494949,0.51515152,-0.0021942176,0.0021942176,0
0.50505051,0.51515152,-0.0027894780,0.0027894780,0
0.51515152,0.51515152,-0.0035363414,0.0035363414,0
0.52525253,0.51515152,-0.0044700858,0.0044700858,0
0.53535354,0.51515152,-0.0056331408,0.0056331408,0
0.54545455,0.51515152,-0.0070762082,0.0070762082,0
0.55555556,0.51515152,-0.0088594406,0.0088594406,0
0.56565657,0.51515152,-0.0110536206,0.0110536206,0
0.57575758,0.51515152,-0.0137412546,0.0137412546,0
0.58585859,0.51515152,-0.0170174542,0.0170174542,0
0.59595960,0.51515152,-0.0209904351,0.0209904351,0
0.60606061,0.51515152,-0.0257814174,0.0257814174,0
0.61616162,0.51515152,-0.0315236764,0.0315236764,0
0.62626263,0.51515152,-0.0383604757,0.0383604757,0
0.63636364,0.51515152,-0.0464416386,0.0464416386,0
0.64646465,0.51515152,-0.0559185944,0.0559185944,0
0.65656566,0.51515152,-0.0669378842,0.0669378842,0
0.66666667,0.51515152,-0.0796333359,0.0796333359,0
0.67676768,0.51515152,-0.0941173924,0.0941173924,0
0.68686869,0.51515152,-0.1104723616,0.1104723616,0
0.69696970,0.51515152,-0.1287425764,0.1287425764,0
0.70707071,0.51515152,-0.1489285325,0.1489285325,0
0.71717172,0.51515152,-0.1709839496,0.1709839496,0
0.72727273,0.51515152,-0.1948163644,0.1948163644,0
0.73737374,0.51515152,-0.2202913693,0.2202913693,0
0.74747475,0.51515152,-0.2472400576,0.2472400576,0
0.75757576,0.51515152,-0.2754687697,0.2754687697,0
0.76767677,0.51515152,-0.3047699549,0.3047699549,0
0.77777778,0.51515152,-0.3349329251,0.3349329251,0
0.78787879,0.51515152,-0.3657534566,0.3657534566,0
0.79797980,0.51515152,-0.3970415234,0.3970415234,0
0.80808081,0.51515152,-0.4286268139,0.4286268139,0
0.81818182,0.51515152,-0.4603620235,0.4603620235,0
0.82828283,0.51515152,-0.4921241618,0.4921241618,0
0.83838384,0.51515152,-0.5238142595,0.5238142595,0
0.84848485,0.51515152,-0.5553559073,0.5553559073,0
0.85858586,0.51515152,-0.5866930420,0.5866930420,0
0.86868687,0.51515152,-0.6177873313,0.6177873313,0
0.87878788,0.51515152,-0.6486154311,0.6486154311,0
0.88888889,0.51515152,-0.6791663098,0.6791663098,0
0.89898990,0.51515152,-0.7094387645,0.7094387645,0
0.90909091,0.51515152,-0.7394391987,0.7394391987,0
0.91919192,0.51515152,-0.7691796902,0.7691796902,0
0.92929293,0.51515152,-0.7986763511,0.7986763511,0
0.93939394,0.51515152,-0.8279479614,0.8279479614,0
0.94949495,0.51515152,-0.8570148520,0.8570148520,0
0.95959596,0.51515152,-0.8858980048,0.8858980048,0
0.96969697,0.51515152,-0.9146183413,0.9146183413,0
0.97979798,0.51515152,-0.9431961671,0.9431961671,0
0.98989899,0.51515152,-0.9716507492,0.9716507492,0
1.00000000,0.51515152,-1.0000000000,1.0000000000,0
0.00000000,0.57575758,0.0000000000,-0.0000000000,0
0.01010101,0.57575758,-0.0000000000,0.0000000000,0
0.02020202,0.57575758,-0.0000000000,0.0000000000,0
0.03030303,0.57575758,-0.0000000000,0.0000000000,0
0.04040404,0.57575758,-0.0000000000,0.0000000000,0
0.05050505,0.57575758,-0.0000000001,0.0000000001,0
0.06060606,0.57575758,-0.0000000003,0.0000000003,0
0.07070707,0.57575758,-0.0000000008,0.0000000008,0
0.08080808,0.57575758,-0.0000000016,0.0000000016,0
0.09090909,0.57575758,-0.0000000032,0.0000000032,0
0.10101010,0.57575758,-0.0000000059,0.0000000059,0
0.11111111,0.57575758,-0.0000000105,0.0000000105,0
0.12121212,0.57575758,-0.0000000178,0.0000000178,0
0.13131313,0.57575758,-0.0000000293,0.0000000293,0
0.14141414,0.57575758,-0.0000000467,0.0000000467,0
0.15151515,0.57575758,-0.0000000728,0.0000000728,0
0.16161616,0.57575758,-0.0000001110,0.0000001110,0
0.17171717,0.57575758,-0.0000001662,0.0000001662,0
0.18181818,0.57575758,-0.0000002450,0.0000002450,0
0.19191919,0.57575758,-0.0000003560,0.0000003560,0
0.20202020,0.57575758,-0.0000005110,0.0000005110,0
0.21212121,0.57575758,-0.0000007252,0.0000007252,0
0.22222222,0.57575758,-0.0000010190,0.0000010190,0
0.23232323,0.57575758,-0.0000014191,0.0000014191,0
0.24242424,0.57575758,-0.0000019605,0.0000019605,0
0.25252525,0.57575758,-0.0000026888,0.0000026888,0
0.26262626,0.57575758,-0.0000036635,0.0000036635,0
0.27272727,0.57575758,-0.0000049616,0.0000049616,0
0.28282828,0.57575758,-0.0000066831,0.0000066831,0
0.29292929,0.57575758,-0.0000089571,0.0000089571,0
0.30303030,0.57575758,-0.0000119499,0.0000119499,0
0.31313131,0.57575758,-0.0000158758,0.0000158758,0
0.32323232,0.57575758,-0.0000210091,0.0000210091,0
0.33333333,0.57575758,-0.0000277014,0.0000277014,0
0.34343434,0.57575758,-0.0000364015,0.0000364015,0
0.35353535,0.57575758,-0.0000476809,0.0000476809,0
0.36363636,0.57575758,-0.0000622653,0.0000622653,0
0.37373737,0.57575758,-0.0000810739,0.0000810739,0
0.38383838,0.57575758,-0.0001052670,0.0001052670,0
0.39393939,0.57575758,-0.0001363048,0.0001363048,0
0.40404040,0.57575758,-0.0001760189,0.0001760189,0
0.41414141,0.57575758,-0.0002266991,0.0002266991,0
0.42424242,0.57575758,-0.0002911985,0.0002911985,0
0.43434343,0.57575758,-0.0003730599,0.0003730599,0
0.44444444,0.57575758,-0.0004766692,0.0004766692,0
0.45454545,0.57575758,-0.0006074387,0.0006074387,0
0.46464646,0.57575758,-0.0007720297,0.0007720297,0
0.47474747,0.57575758,-0.0009786188,0.0009786188,0
0.48484848,0.57575758,-0.0012372201,0.0012372201,0
0.49494949,0.57575758,-0.0015600721,0.0015600721,0
0.50505051,0.57575758,-0.0019621021,0.0019621021,0
0.51515152,0.57575758,-0.0024614821,0.0024614821,0
0.52525253,0.57575758,-0.0030802885,0.0030802885,0
0.53535354,0.57575758,-0.0038452805,0.0038452805,0
0.54545455,0.57575758,-0.0047888056,0.0047888056,0
0.55555556,0.57575758,-0.0059498411,0.0059498411,0
0.56565657,0.57575758,-0.0073751645,0.0073751645,0
0.57575758,0.57575758,-0.0091206401,0.0091206401,0
0.58585859,0.57575758,-0.0112525810,0.0112525810,0
0.59595960,0.57575758,-0.0138491230,0.0138491230,0
0.60606061,0.57575758,-0.0170015041,0.0170015041,0
0.61616162,0.57575758,-0.0208150971,0.0208150971,0
0.62626263,0.57575758,-0.0254099893,0.0254099893,0
0.63636364,0.57575758,-0.0309208422,0.0309208422,0
0.64646465,0.57575758,-0.0374957216,0.0374957216,0
0.65656566,0.57575758,-0.0452935667,0.0452935667,0
0.66666667,0.57575758,-0.0544799978,0.0544799978,0
0.67676768,0.57575758,-0.0652212705,0.0652212705,0
0.68686869,0.57575758,-0.0776763841,0.0776763841,0
0.69696970,0.57575758,-0.0919876507,0.0919876507,0
0.70707071,0.57575758,-0.1082703963,0.1082703963,0
0.71717172,0.57575758,-0.1266028258,0.1266028258,0
0.72727273,0.57575758,-0.1470173427,0.1470173427,0
0.73737374,0.57575758,-0.1694946613,0.1694946613,0
0.74747475,0.57575758,-0.1939618089,0.1939618089,0
0.75757576,0.57575758,-0.2202946005,0.2202946005,0
0.76767677,0.57575758,-0.2483244680,0.2483244680,0
0.77777778,0.57575758,-0.2778488204,0.2778488204,0
0.78787879,0.57575758,-0.3086435809,0.3086435809,0
0.79797980,0.57575758,-0.3404763156,0.3404763156,0
0.80808081,0.57575758,-0.3731184678,0.3731184678,0
0.81818182,0.57575758,-0.4063555690,0.4063555690,0
0.82828283,0.57575758,-0.4399947839,0.4399947839,0
0.83838384,0.57575758,-0.4738696263,0.4738696263,0
0.84848485,0.57575758,-0.5078420679,0.5078420679,0
0.85858586,0.57575758,-0.5418024996,0.5418024996,0
0.86868687,0.57575758,-0.5756681057,0.5756681057,0
0.87878788,0.57575758,-0.6093802045,0.6093802045,0
0.88888889,0.57575758,-0.6429010306,0.6429010306,0
0.89898990,0.57575758,-0.6762103339,0.6762103339,0
0.90909091,0.57575758,-0.7093020550,0.7093020550,0
0.91919192,0.57575758,-0.7421812481,0.7421812481,0
0.92929293,0.57575758,-0.7748613390,0.7748613390,0
0.93939394,0.57575758,-0.8073617565,0.8073617565,0
0.94949495,0.57575758,-0.8397059337,0.8397059337,0
0.95959596,0.57575758,-0.8719196553,0.8719196553,0
0.96969697,0.57575758,-0.9040297145,0.9040297145,0
0.97979798,0.57575758,-0.9360628400,0.9360628400,0
0.98989899,0.57575758,-0.9680448502,0.9680448502,0
1.00000000,0.57575758,-1.0000000000,1.0000000000,0
0.00000000,0.63636364,0.0000000000,-0.0000000000,0
0.01010101,0.63636364,-0.0000000000,0.0000000000,0
0.02020202,0.63636364,-0.0000000000,0.0000000000,0
0.03030303,0.63636364,-0.0000000000,0.0000000000,0
0.04040404,0.63636364,-0.0000000000,0.0000000000,0
0.05050505,0.63636364,-0.0000000001,0.0000000001,0
0.06060606,0.63636364,-0.0000000002,0.0000000002,0
0.07070707,0.63636364,-0.0000000006,0.0000000006,0
0.08080808,0.63636364,-0.0000000013,0.0000000013,0
0.09090909,0.63636364,-0.0000000025,0.0000000025,0
0.10101010,0.63636364,-0.0000000046,0.0000000046,0
0.11111111,0.63636364,-0.0000000082,0.0000000082,0
0.12121212,0.63636364,-0.0000000139,0.0000000139,0
0.13131313,0.63636364,-0.0000000229,0.0000000229,0
0.14141414,0.63636364,-0.0000000367,0.0000000367,0
0.15151515,0.63636364,-0.0000000573,0.0000000573,0
0.16161616,0.63636364,-0.0000000876,0.0000000876,0
0.17171717,0.63636364,-0.0000001314,0.0000001314,0
0.18181818,0.63636364,-0.0000001940,0.0000001940,0
0.19191919,0.63636364,-0.0000002825,0.0000002825,0
0.20202020,0.63636364,-0.0000004060,0.0000004060,0
0.21212121,0.63636364,-0.0000005770,0.0000005770,0
0.22222222,0.63636364,-0.0000008117,0.0000008117,0
0.23232323,0.63636364,-0.0000011315,0.0000011315,0
0.24242424,0.63636364,-0.0000015643,0.0000015643,0
0.25252525,0.63636364,-0.0000021464,0.0000021464,0
0.26262626,0.63636364,-0.0000029247,0.0000029247,0
0.27272727,0.63636364,-0.0000039602,0.0000039602,0
0.28282828,0.63636364,-0.0000053310,0.0000053310,0
0.29292929,0.63636364,-0.0000071378,0.0000071378,0
0.30303030,0.63636364,-0.0000095088,0.0000095088,0
0.31313131,0.63636364,-0.0000126078,0.0000126078,0
0.32323232,0.63636364,-0.0000166426,0.0000166426,0
0.33333333,0.63636364,-0.0000218760,0.0000218760,0
0.34343434,0.63636364,-0.0000286395,0.0000286395,0
0.35353535,0.63636364,-0.0000373490,0.0000373490,0
0.36363636,0.63636364,-0.0000485250,0.0000485250,0
0.37373737,0.63636364,-0.0000628158,0.0000628158,0
0.38383838,0.63636364,-0.0000810263,0.0000810263,0
0.39393939,0.63636364,-0.0001041520,0.0001041520,0
0.40404040,0.63636364,-0.0001334200,0.0001334200,0
0.41414141,0.63636364,-0.0001703384,0.0001703384,0
0.42424242,0.63636364,-0.0002167556,0.0002167556,0
0.43434343,0.63636364,-0.0002749324,0.0002749324,0
0.44444444,0.63636364,-0.0003476292,0.0003476292,0
0.45454545,0.63636364,-0.0004382125,0.0004382125,0
0.46464646,0.63636364,-0.0005507855,0.0005507855,0
0.47474747,0.63636364,-0.0006903478,0.0006903478,0
0.48484848,0.63636364,-0.0008629923,0.0008629923,0
0.49494949,0.63636364,-0.0010761453,0.0010761453,0
0.50505051,0.63636364,-0.0013388625,0.0013388625,0
0.51515152,0.63636364,-0.0016621895,0.0016621895,0
0.52525253,0.63636364,-0.0020596013,0.0020596013,0
0.53535354,0.63636364,-0.0025475354,0.0025475354,0
0.54545455,0.63636364,-0.0031460340,0.0031460340,0
0.55555556,0.63636364,-0.0038795129,0.0038795129,0
0.56565657,0.63636364,-0.0047776740,0.0047776740,0
0.57575758,0.63636364,-0.0058765760,0.0058765760,0
0.58585859,0.63636364,-0.0072198719,0.0072198719,0
0.59595960,0.63636364,-0.0088602148,0.0088602148,0
0.60606061,0.63636364,-0.0108608128,0.0108608128,0
0.61616162,0.63636364,-0.0132970919,0.0132970919,0
0.62626263,0.63636364,-0.0162583861,0.0162583861,0
0.63636364,0.63636364,-0.0198495231,0.0198495231,0
0.64646465,0.63636364,-0.0241921097,0.0241921097,0
0.65656566,0.63636364,-0.0294252418,0.0294252418,0
0.66666667,0.63636364,-0.0357052849,0.0357052849,0
0.67676768,0.63636364,-0.0432043038,0.0432043038,0
0.68686869,0.63636364,-0.0521066908,0.0521066908,0
0.69696970,0.63636364,-0.0626035954,0.0626035954,0
0.70707071,0.63636364,-0.0748849162,0.0748849162,0
0.71717172,0.63636364,-0.0891289320,0.0891289320,0
0.72727273,0.63636364,-0.1054900901,0.1054900901,0
0.73737374,0.63636364,-0.1240860082,0.1240860082,0
0.74747475,0.63636364,-0.1449852402,0.1449852402,0
0.75757576,0.63636364,-0.1681976444,0.1681976444,0
0.76767677,0.63636364,-0.1936691213,0.1936691213,0
0.77777778,0.63636364,-0.2212819663,0.2212819663,0
0.78787879,0.63636364,-0.2508611899,0.2508611899,0
0.79797980,0.63636364,-0.2821861003,0.2821861003,0
0.80808081,0.63636364,-0.3150055292,0.3150055292,0
0.81818182,0.63636364,-0.3490545520,0.3490545520,0
0.82828283,0.63636364,-0.3840705345,0.3840705345,0
0.83838384,0.63636364,-0.4198067623,0.4198067623,0
0.84848485,0.63636364,-0.4560425927,0.4560425927,0
0.85858586,0.63636364,-0.4925897930,0.4925897930,0
0.86868687,0.63636364,-0.5292953226,0.5292953226,0
0.87878788,0.63636364,-0.5660411914,0.5660411914,0
0.88888889,0.63636364,-0.6027421893,0.6027421893,0
0.89898990,0.63636364,-0.6393422655,0.6393422655,0
0.90909091,0.63636364,-0.6758102251,0.6758102251,0
0.91919192,0.63636364,-0.7121352489,0.7121352489,0
0.92929293,0.63636364,-0.7483225821,0.7483225821,0
0.93939394,0.63636364,-0.7843896010,0.7843896010,0
0.94949495,0.63636364,-0.8203623596,0.8203623596,0
0.95959596,0.63636364,-0.8562726441,0.8562726441,0
0.96969697,0.63636364,-0.8921555189,0.8921555189,0
0.97979798,0.63636364,-0.9280473182,0.9280473182,0
0.98989899,0.63636364,-0.9639840277,0.9639840277,0
1.00000000,0.63636364,-1.0000000000,1.0000000000,0
0.00000000,0.69696970,0.0000000000,-0.0000000000,0
0.01010101,0.69696970,-0.0000000000,0.0000000000,0
0.02020202,0.69696970,-0.0000000000,0.0000000000,0
0.03030303,0.69696970,-0.0000000000,0.0000000000,0
0.04040404,0.69696970,-0.0000000000,0.0000000000,0
0.05050505,0.69696970,-0.0000000001,0.0000000001,0
0.06060606,0.69696970,-0.0000000002,0.0000000002,0
0.07070707,0.69696970,-0.0000000004,0.0000000004,0
0.08080808,0.69696970,-0.0000000010,0.0000000010,0
0.09090909,0.69696970,-0.0000000019,0.0000000019,0
0.10101010,0.69696970,-0.0000000036,0.0000000036,0
0.11111111,0.69696970,-0.0000000064,0.0000000064,0
0.12121212,0.69696970,-0.0000000109,0.0000000109,0
0.13131313,0.69696970,-0.0000000179,0.0000000179,0
0.14141414,0.69696970,-0.0000000287,0.0000000287,0
0.15151515,0.69696970,-0.0000000449,0.0000000449,0
0.16161616,0.69696970,-0.0000000688,0.0000000688,0
0.17171717,0.69696970,-0.0000001035,0.0000001035,0
0.18181818,0.69696970,-0.0000001531,0.0000001531,0
0.19191919,0.69696970,-0.0000002233,0.0000002233,0
0.20202020,0.69696970,-0.0000003215,0.0000003215,0
0.21212121,0.69696970,-0.0000004575,0.0000004575,0
0.22222222,0.69696970,-0.0000006443,0.0000006443,0
0.23232323,0.69696970,-0.0000008987,0.0000008987,0
0.24242424,0.69696970,-0.0000012430,0.0000012430,0
0.25252525,0.69696970,-0.0000017054,0.0000017054,0
0.26262626,0.69696970,-0.0000023229,0.0000023229,0
0.27272727,0.69696970,-0.0000031426,0.0000031426,0
0.28282828,0.69696970,-0.0000042248,0.0000042248,0
0.29292929,0.69696970,-0.0000056458,0.0000056458,0
0.30303030,0.69696970,-0.0000075024,0.0000075024,0
0.31313131,0.69696970,-0.0000099163,0.0000099163,0
0.32323232,0.69696970,-0.0000130399,0.0000130399,0
0.33333333,0.69696970,-0.0000170631,0.0000170631,0
0.34343434,0.69696970,-0.0000222212,0.0000222212,0
0.35353535,0.69696970,-0.0000288048,0.0000288048,0
0.36363636,0.69696970,-0.0000371709,0.0000371709,0
0.37373737,0.69696970,-0.0000477562,0.0000477562,0
0.38383838,0.69696970,-0.0000610933,0.0000610933,0
0.39393939,0.69696970,-0.0000778296,0.0000778296,0
0.40404040,0.69696970,-0.0000987500,0.0000987500,0
0.41414141,0.69696970,-0.0001248046,0.0001248046,0
0.42424242,0.69696970,-0.0001571427,0.0001571427,0
0.43434343,0.69696970,-0.0001971536,0.0001971536,0
0.44444444,0.69696970,-0.0002465179,0.0002465179,0
0.45454545,0.69696970,-0.0003072700,0.0003072700,0
0.46464646,0.69696970,-0.0003818756,0.0003818756,0
0.47474747,0.69696970,-0.0004733283,0.0004733283,0
0.48484848,0.69696970,-0.0005852676,0.0005852676,0
0.49494949,0.69696970,-0.0007221265,0.0007221265,0
0.50505051,0.69696970,-0.0008893131,0.0008893131,0
0.51515152,0.69696970,-0.0010934344,0.0010934344,0
0.52525253,0.69696970,-0.0013425735,0.0013425735,0
0.53535354,0.69696970,-0.0016466301,0.0016466301,0
0.54545455,0.69696970,-0.0020177396,0.0020177396,0
0.55555556,0.69696970,-0.0024707870,0.0024707870,0
0.56565657,0.69696970,-0.0030240345,0.0030240345,0
0.57575758,0.69696970,-0.0036998857,0.0036998857,0
0.58585859,0.69696970,-0.0045258095,0.0045258095,0
0.59595960,0.69696970,-0.0055354473,0.0055354473,0
0.60606061,0.69696970,-0.0067699290,0.0067699290,0
0.61616162,0.69696970,-0.0082794115,0.0082794115,0
0.62626263,0.69696970,-0.0101248471,0.0101248471,0
0.63636364,0.69696970,-0.0123799639,0.0123799639,0
0.64646465,0.69696970,-0.0151334070,0.0151334070,0
0.65656566,0.69696970,-0.0184909352,0.0184909352,0
0.66666667,0.69696970,-0.0225774949,0.0225774949,0
0.67676768,0.69696970,-0.0275388929,0.0275388929,0
0.68686869,0.69696970,-0.0335426742,0.0335426742,0
0.69696970,0.69696970,-0.0407776867,0.0407776867,0
0.70707071,0.69696970,-0.0494517103,0.0494517103,0
0.71717172,0.69696970,-0.0597864987,0.0597864987,0
0.72727273,0.69696970,-0.0720096767,0.0720096767,0
0.73737374,0.69696970,-0.0863432344,0.0863432344,0
0.74747475,0.69696970,-0.1029888946,0.1029888946,0
0.75757576,0.69696970,-0.1221113831,0.1221113831,0
0.76767677,0.69696970,-0.1438214632,0.1438214632,0
0.77777778,0.69696970,-0.1681612706,0.1681612706,0
0.78787879,0.69696970,-0.1950946895,0.1950946895,0
0.79797980,0.69696970,-0.2245050353,0.2245050353,0
0.80808081,0.69696970,-0.2562011165,0.2562011165,0
0.81818182,0.69696970,-0.2899311408,0.2899311408,0
0.82828283,0.69696970,-0.3254023672,0.3254023672,0
0.83838384,0.69696970,-0.3623034057,0.3623034057,0
0.84848485,0.69696970,-0.4003258757,0.4003258757,0
0.85858586,0.69696970,-0.4391827329,0.4391827329,0
0.86868687,0.69696970,-0.4786216338,0.4786216338,0
0.87878788,0.69696970,-0.5184328604,0.5184328604,0
0.88888889,0.69696970,-0.5584522553,0.5584522553,0
0.89898990,0.69696970,-0.5985601779,0.5985601779,0
0.90909091,0.69696970,-0.6386776965,0.6386776965,0
0.91919192,0.69696970,-0.6787611615,0.6787611615,0
0.92929293,0.69696970,-0.7187960916,0.7187960916,0
0.93939394,0.69696970,-0.7587910443,0.7587910443,0
0.94949495,0.69696970,-0.7987718919,0.7987718919,0
0.95959596,0.69696970,-0.8387767298,0.8387767298,0
0.96969697,0.69696970,-0.8788515006,0.8788515006,0
0.97979798,0.69696970,-0.9190463268,0.9190463268,0
0.98989899,0.69696970,-0.9594124935,0.9594124935,0
1.00000000,0.69696970,-1.0000000000,1.0000000000,0
0.00000000,0.75757576,0.0000000000,-0.0000000000,0
0.01010101,0.75757576,-0.0000000000,0.0000000000,0
0.02020202,0.75757576,-0.0000000000,0.0000000000,0
0.03030303,0.75757576,-0.0000000000,0.0000000000,0
0.04040404,0.75757576,-0.0000000000,0.0000000000,0
0.05050505,0.75757576,-0.0000000001,0.0000000001,0
0.06060606,0.75757576,-0.0000000001,0.0000000001,0
0.07070707,0.75757576,-0.0000000003,0.0000000003,0
0.08080808,0.75757576,-0.0000000007,0.0000000007,0
0.09090909,0.75757576,-0.0000000015,0.0000000015,0
0.10101010,0.75757576,-0.0000000028,0.0000000028,0
0.11111111,0.75757576,-0.0000000049,0.0000000049,0
0.12121212,0.75757576,-0.0000000084,0.0000000084,0
0.13131313,0.75757576,-0.0000000139,0.0000000139,0
0.14141414,0.75757576,-0.0000000224,0.0000000224,0
0.15151515,0.75757576,-0.0000000351,0.0000000351,0
0.16161616,0.75757576,-0.0000000539,0.0000000539,0
0.17171717,0.75757576,-0.0000000813,0.0000000813,0
0.18181818,0.75757576,-0.0000001205,0.0000001205,0
0.19191919,0.75757576,-0.0000001760,0.0000001760,0
0.20202020,0.75757576,-0.0000002538,0.0000002538,0
0.21212121,0.75757576,-0.0000003615,0.0000003615,0
0.22222222,0.75757576,-0.0000005094,0.0000005094,0
0.23232323,0.75757576,-0.0000007108,0.0000007108,0
0.24242424,0.75757576,-0.0000009828,0.0000009828,0
0.25252525,0.75757576,-0.0000013475,0.0000013475,0
0.26262626,0.75757576,-0.0000018330,0.0000018330,0
0.27272727,0.75757576,-0.0000024752,0.0000024752,0
0.28282828,0.75757576,-0.0000033192,0.0000033192,0
0.29292929,0.75757576,-0.0000044214,0.0000044214,0
0.30303030,0.75757576,-0.0000058524,0.0000058524,0
0.31313131,0.75757576,-0.0000076993,0.0000076993,0
0.32323232,0.75757576,-0.0000100694,0.0000100694,0
0.33333333,0.75757576,-0.0000130940,0.0000130940,0
0.34343434,0.75757576,-0.0000169328,0.0000169328,0
0.35353535,0.75757576,-0.0000217796,0.0000217796,0
0.36363636,0.75757576,-0.0000278678,0.0000278678,0
0.37373737,0.75757576,-0.0000354783,0.0000354783,0
0.38383838,0.75757576,-0.0000449483,0.0000449483,0
0.39393939,0.75757576,-0.0000566818,0.0000566818,0
0.40404040,0.75757576,-0.0000711626,0.0000711626,0
0.41414141,0.75757576,-0.0000889705,0.0000889705,0
0.42424242,0.75757576,-0.0001108009,0.0001108009,0
0.43434343,0.75757576,-0.0001374891,0.0001374891,0
0.44444444,0.75757576,-0.0001700404,0.0001700404,0
0.45454545,0.75757576,-0.0002096674,0.0002096674,0
0.46464646,0.75757576,-0.0002578357,0.0002578357,0
0.47474747,0.75757576,-0.0003163214,0.0003163214,0
0.48484848,0.75757576,-0.0003872810,0.0003872810,0
0.49494949,0.75757576,-0.0004733394,0.0004733394,0
0.50505051,0.75757576,-0.0005776980,0.0005776980,0
0.51515152,0.75757576,-0.0007042696,0.0007042696,0
0.52525253,0.75757576,-0.0008578456,0.0008578456,0
0.53535354,0.75757576,-0.0010443043,0.0010443043,0
0.54545455,0.75757576,-0.0012708702,0.0012708702,0
0.55555556,0.75757576,-0.0015464362,0.0015464362,0
0.56565657,0.75757576,-0.0018819655,0.0018819655,0
0.57575758,0.75757576,-0.0022909899,0.0022909899,0
0.58585859,0.75757576,-0.0027902294,0.0027902294,0
0.59595960,0.75757576,-0.0034003578,0.0034003578,0
0.60606061,0.75757576,-0.0041469464,0.0041469464,0
0.61616162,0.75757576,-0.0050616213,0.0050616213,0
0.62626263,0.75757576,-0.0061834695,0.0061834695,0
0.63636364,0.75757576,-0.0075607317,0.0075607317,0
0.64646465,0.75757576,-0.0092528110,0.0092528110,0
0.65656566,0.75757576,-0.0113326118,0.0113326118,0
0.66666667,0.75757576,-0.0138891910,0.0138891910,0
0.67676768,0.75757576,-0.0170306540,0.0170306540,0
0.68686869,0.75757576,-0.0208871439,0.0208871439,0
0.69696970,0.75757576,-0.0256136539,0.0256136539,0
0.70707071,0.75757576,-0.0313922333,0.0313922333,0
0.71717172,0.75757576,-0.0384329641,0.0384329641,0
0.72727273,0.75757576,-0.0469728790,0.0469728790,0
0.73737374,0.75757576,-0.0572718416,0.0572718416,0
0.74747475,0.75757576,-0.0696043870,0.0696043870,0
0.75757576,0.75757576,-0.0842467717,0.0842467717,0
0.76767677,0.75757576,-0.1014591045,0.1014591045,0
0.77777778,0.75757576,-0.1214634827,0.1214634827,0
0.78787879,0.75757576,-0.1444204081,0.1444204081,0
0.79797980,0.75757576,-0.1704070579,0.1704070579,0
0.80808081,0.75757576,-0.1994016968,0.1994016968,0
0.81818182,0.75757576,-0.2312781238,0.2312781238,0
0.82828283,0.75757576,-0.2658123560,0.2658123560,0
0.83838384,0.75757576,-0.3027011456,0.3027011456,0
0.84848485,0.75757576,-0.3415892525,0.3415892525,0
0.85858586,0.75757576,-0.3821006126,0.3821006126,0
0.86868687,0.75757576,-0.4238682170,0.4238682170,0
0.87878788,0.75757576,-0.4665585756,0.4665585756,0
0.88888889,0.75757576,-0.5098884796,0.5098884796,0
0.89898990,0.75757576,-0.5536336882,0.5536336882,0
0.90909091,0.75757576,-0.5976305858,0.5976305858,0
0.91919192,0.75757576,-0.6417726021,0.6417726021,0
0.92929293,0.75757576,-0.6860033276,0.6860033276,0
0.93939394,0.75757576,-0.7303079990,0.7303079990,0
0.94949495,0.75757576,-0.7747046066,0.7747046066,0
0.95959596,0.75757576,-0.8192354285,0.8192354285,0
0.96969697,0.75757576,-0.8639594321,0.8639594321,0
0.97979798,0.75757576,-0.9089457145,0.9089457145,0
0.98989899,0.75757576,-0.9542679850,0.9542679850,0
1.00000000,0.75757576,-1.0000000000,1.0000000000,0
0.00000000,0.81818182,0.0000000000,-0.0000000000,0
0.01010101,0.81818182,-0.0000000000,0.0000000000,0
0.02020202,0.81818182,-0.0000000000,0.0000000000,0
0.03030303,0.81818182,-0.0000000000,0.0000000000,0
0.04040404,0.81818182,-0.0000000000,0.0000000000,0
0.05050505,0.81818182,-0.0000000000,0.0000000000,0
0.06060606,0.81818182,-0.0000000001,0.0000000001,0
0.07070707,0.81818182,-0.0000000003,0.0000000003,0
0.08080808,0.81818182,-0.0000000006,0.0000000006,0
0.09090909,0.81818182,-0.0000000011,0.0000000011,0
0.10101010,0.81818182,-0.0000000021,0.0000000021,0
0.11111111,0.81818182,-0.0000000038,0.0000000038,0
0.12121212,0.81818182,-0.0000000065,0.0000000065,0
0.13131313,0.81818182,-0.0000000108,0.0000000108,0
0.14141414,0.81818182,-0.0000000174,0.0000000174,0
0.15151515,0.81818182,-0.0000000274,0.0000000274,0
0.16161616,0.81818182,-0.0000000422,0.0000000422,0
0.17171717,0.81818182,-0.0000000637,0.0000000637,0
0.18181818,0.81818182,-0.0000000946,0.0000000946,0
0.19191919,0.81818182,-0.0000001383,0.0000001383,0
0.20202020,0.81818182,-0.0000001996,0.0000001996,0
0.21212121,0.81818182,-0.0000002845,0.0000002845,0
0.22222222,0.81818182,-0.0000004009,0.0000004009,0
0.23232323,0.81818182,-0.0000005591,0.0000005591,0
0.24242424,0.81818182,-0.0000007721,0.0000007721,0
0.25252525,0.81818182,-0.0000010567,0.0000010567,0
0.26262626,0.81818182,-0.0000014338,0.0000014338,0
0.27272727,0.81818182,-0.0000019298,0.0000019298,0
0.28282828,0.81818182,-0.0000025772,0.0000025772,0
0.29292929,0.81818182,-0.0000034163,0.0000034163,0
0.30303030,0.81818182,-0.0000044962,0.0000044962,0
0.31313131,0.81818182,-0.0000058766,0.0000058766,0
0.32323232,0.81818182,-0.0000076297,0.0000076297,0
0.33333333,0.81818182,-0.0000098419,0.0000098419,0
0.34343434,0.81818182,-0.0000126167,0.0000126167,0
0.35353535,0.81818182,-0.0000160774,0.0000160774,0
0.36363636,0.81818182,-0.0000203706,0.0000203706,0
0.37373737,0.81818182,-0.0000256704,0.0000256704,0
0.38383838,0.81818182,-0.0000321832,0.0000321832,0
0.39393939,0.81818182,-0.0000401548,0.0000401548,0
0.40404040,0.81818182,-0.0000498773,0.0000498773,0
0.41414141,0.81818182,-0.0000616990,0.0000616990,0
0.42424242,0.81818182,-0.0000760362,0.0000760362,0
0.43434343,0.81818182,-0.0000933873,0.0000933873,0
0.44444444,0.81818182,-0.0001143509,0.0001143509,0
0.45454545,0.81818182,-0.0001396473,0.0001396473,0
0.46464646,0.81818182,-0.0001701457,0.0001701457,0
0.47474747,0.81818182,-0.0002068974,0.0002068974,0
0.48484848,0.81818182,-0.0002511769,0.0002511769,0
0.49494949,0.81818182,-0.0003045330,0.0003045330,0
0.50505051,0.81818182,-0.0003688526,0.0003688526,0
0.51515152,0.81818182,-0.0004464392,0.0004464392,0
0.52525253,0.81818182,-0.0005401123,0.0005401123,0
0.53535354,0.81818182,-0.0006533307,0.0006533307,0
0.54545455,0.81818182,-0.0007903475,0.0007903475,0
0.55555556,0.81818182,-0.0009564048,0.0009564048,0
0.56565657,0.81818182,-0.0011579786,0.0011579786,0
0.57575758,0.81818182,-0.0014030870,0.0014030870,0
0.58585859,0.81818182,-0.0017016788,0.0017016788,0
0.59595960,0.81818182,-0.0020661231,0.0020661231,0
0.60606061,0.81818182,-0.0025118263,0.0025118263,0
0.61616162,0.81818182,-0.0030580085,0.0030580085,0
0.62626263,0.81818182,-0.0037286780,0.0037286780,0
0.63636364,0.81818182,-0.0045538510,0.0045538510,0
0.64646465,0.81818182,-0.0055710685,0.0055710685,0
0.65656566,0.81818182,-0.0068272701,0.0068272701,0
0.66666667,0.81818182,-0.0083810839,0.0083810839,0
0.67676768,0.81818182,-0.0103055835,0.0103055835,0
0.68686869,0.81818182,-0.0126915416,0.0126915416,0
0.69696970,0.81818182,-0.0156511592,0.0156511592,0
0.70707071,0.81818182,-0.0193221650,0.0193221650,0
0.71717172,0.81818182,-0.0238720368,0.0238720368,0
0.72727273,0.81818182,-0.0295018877,0.0295018877,0
0.73737374,0.81818182,-0.0364492722,0.0364492722,0
0.74747475,0.81818182,-0.0449888245,0.0449888245,0
0.75757576,0.81818182,-0.0554292934,0.0554292934,0
0.76767677,0.81818182,-0.0681053283,0.0681053283,0
0.77777778,0.81818182,-0.0833624960,0.0833624960,0
0.78787879,0.81818182,-0.1015347313,0.1015347313,0
0.79797980,0.81818182,-0.1229149219,0.1229149219,0
0.80808081,0.81818182,-0.1477215466,0.1477215466,0
0.81818182,0.81818182,-0.1760666798,0.1760666798,0
0.82828283,0.81818182,-0.2079322803,0.2079322803,0
0.83838384,0.81818182,-0.2431613776,0.2431613776,0
0.84848485,0.81818182,-0.2814680335,0.2814680335,0
0.85858586,0.81818182,-0.3224653958,0.3224653958,0
0.86868687,0.81818182,-0.3657064730,0.3657064730,0
0.87878788,0.81818182,-0.4107293524,0.4107293524,0
0.88888889,0.81818182,-0.4570984863,0.4570984863,0
0.89898990,0.81818182,-0.5044360065,0.5044360065,0
0.90909091,0.81818182,-0.5524404824,0.5524404824,0
0.91919192,0.81818182,-0.6008936677,0.6008936677,0
0.92929293,0.81818182,-0.6496577682,0.6496577682,0
0.93939394,0.81818182,-0.6986664557,0.6986664557,0
0.94949495,0.81818182,-0.7479126223,0.7479126223,0
0.95959596,0.81818182,-0.7974351498,0.7974351498,0
0.96969697,0.81818182,-0.8473061663,0.8473061663,0
0.97979798,0.81818182,-0.8976195692,0.8976195692,0
0.98989899,0.81818182,-0.9484811062,0.9484811062,0
1.00000000,0.81818182,-1.0000000000,1.0000000000,0
0.00000000,0.87878788,0.0000000000,-0.0000000000,0
0.01010101,0.87878788,-0.0000000000,0.0000000000,0
0.02020202,0.87878788,-0.0000000000,0.0000000000,0
0.03030303,0.87878788,-0.0000000000,0.0000000000,0
0.04040404,0.87878788,-0.0000000000,0.0000000000,0
0.05050505,0.87878788,-0.0000000000,0.0000000000,0
0.06060606,0.87878788,-0.0000000001,0.0000000001,0
0.07070707,0.87878788,-0.0000000002,0.0000000002,0
0.08080808,0.87878788,-0.0000000004,0.0000000004,0
0.09090909,0.87878788,-0.0000000009,0.0000000009,0
0.10101010,0.87878788,-0.0000000016,0.0000000016,0
0.11111111,0.87878788,-0.0000000029,0.0000000029,0
0.12121212,0.87878788,-0.0000000050,0.0000000050,0
0.13131313,0.87878788,-0.0000000084,0.0000000084,0
0.14141414,0.87878788,-0.0000000135,0.0000000135,0
0.15151515,0.87878788,-0.0000000213,0.0000000213,0
0.16161616,0.87878788,-0.0000000329,0.0000000329,0
0.17171717,0.87878788,-0.0000000498,0.0000000498,0
0.18181818,0.87878788,-0.0000000740,0.0000000740,0
0.19191919,0.87878788,-0.0000001084,0.0000001084,0
0.20202020,0.87878788,-0.0000001564,0.0000001564,0
0.21212121,0.87878788,-0.0000002228,0.0000002228,0
0.22222222,0.87878788,-0.0000003136,0.0000003136,0
0.23232323,0.87878788,-0.0000004366,0.0000004366,0
0.24242424,0.87878788,-0.0000006013,0.0000006013,0
0.25252525,0.87878788,-0.0000008202,0.0000008202,0
0.26262626,0.87878788,-0.0000011081,0.0000011081,0
0.27272727,0.87878788,-0.0000014838,0.0000014838,0
0.28282828,0.87878788,-0.0000019697,0.0000019697,0
0.29292929,0.87878788,-0.0000025931,0.0000025931,0
0.30303030,0.87878788,-0.0000033868,0.0000033868,0
0.31313131,0.87878788,-0.0000043896,0.0000043896,0
0.32323232,0.87878788,-0.0000056479,0.0000056479,0
0.33333333,0.87878788,-0.0000072162,0.0000072162,0
0.34343434,0.87878788,-0.0000091589,0.0000091589,0
0.35353535,0.87878788,-0.0000115521,0.0000115521,0
0.36363636,0.87878788,-0.0000144853,0.0000144853,0
0.37373737,0.87878788,-0.0000180640,0.0000180640,0
0.38383838,0.87878788,-0.0000224131,0.0000224131,0
0.39393939,0.87878788,-0.0000276804,0.0000276804,0
0.40404040,0.87878788,-0.0000340414,0.0000340414,0
0.41414141,0.87878788,-0.0000417050,0.0000417050,0
0.42424242,0.87878788,-0.0000509203,0.0000509203,0
0.43434343,0.87878788,-0.0000619850,0.0000619850,0
0.44444444,0.87878788,-0.0000752559,0.0000752559,0
0.45454545,0.87878788,-0.0000911618,0.0000911618,0
0.46464646,0.87878788,-0.0001102187,0.0001102187,0
0.47474747,0.87878788,-0.0001330493,0.0001330493,0
0.48484848,0.87878788,-0.0001604068,0.0001604068,0
0.49494949,0.87878788,-0.0001932045,0.0001932045,0
0.50505051,0.87878788,-0.0002325528,0.0002325528,0
0.51515152,0.87878788,-0.0002798047,0.0002798047,0
0.52525253,0.87878788,-0.0003366135,0.0003366135,0
0.53535354,0.87878788,-0.0004050050,0.0004050050,0
0.54545455,0.87878788,-0.0004874684,0.0004874684,0
0.55555556,0.87878788,-0.0005870703,0.0005870703,0
0.56565657,0.87878788,-0.0007076007,0.0007076007,0
0.57575758,0.87878788,-0.0008537561,0.0008537561,0
0.58585859,0.87878788,-0.0010313740,0.0010313740,0
0.59595960,0.87878788,-0.0012477313,0.0012477313,0
0.60606061,0.87878788,-0.0015119246,0.0015119246,0
0.61616162,0.87878788,-0.0018353572,0.0018353572,0
0.62626263,0.87878788,-0.0022323621,0.0022323621,0
0.63636364,0.87878788,-0.0027209992,0.0027209992,0
0.64646465,0.87878788,-0.0033240747,0.0033240747,0
0.65656566,0.87878788,-0.0040704432,0.0040704432,0
0.66666667,0.87878788,-0.0049966639,0.0049966639,0
0.67676768,0.87878788,-0.0061490976,0.0061490976,0
0.68686869,0.87878788,-0.0075865414,0.0075865414,0
0.69696970,0.87878788,-0.0093834998,0.0093834998,0
0.70707071,0.87878788,-0.0116341841,0.0116341841,0
0.71717172,0.87878788,-0.0144572886,0.0144572886,0
0.72727273,0.87878788,-0.0180015052,0.0180015052,0
0.73737374,0.87878788,-0.0224515774,0.0224515774,0
0.74747475,0.87878788,-0.0280344137,0.0280344137,0
0.75757576,0.87878788,-0.0350243732,0.0350243732,0
0.76767677,0.87878788,-0.0437462695,0.0437462695,0
0.77777778,0.87878788,-0.0545739910,0.0545739910,0
0.78787879,0.87878788,-0.0679220784,0.0679220784,0
0.79797980,0.87878788,-0.0842274861,0.0842274861,0
0.80808081,0.87878788,-0.1039195960,0.1039195960,0
0.81818182,0.87878788,-0.1273788422,0.1273788422,0
0.82828283,0.87878788,-0.1548881006,0.1548881006,0
0.83838384,0.87878788,-0.1865854507,0.1865854507,0
0.84848485,0.87878788,-0.2224300541,0.2224300541,0
0.85858586,0.87878788,-0.2621923682,0.2621923682,0
0.86868687,0.87878788,-0.3054745887,0.3054745887,0
0.87878788,0.87878788,-0.3517585575,0.3517585575,0
0.88888889,0.87878788,-0.4004701857,0.4004701857,0
0.89898990,0.87878788,-0.4510455365,0.4510455365,0
0.90909091,0.87878788,-0.5029854228,0.5029854228,0
0.91919192,0.87878788,-0.5558909943,0.5558909943,0
0.92929293,0.87878788,-0.6094791599,0.6094791599,0
0.93939394,0.87878788,-0.6635813095,0.6635813095,0
0.94949495,0.87878788,-0.7181307972,0.7181307972,0
0.95959596,0.87878788,-0.7731445246,0.7731445246,0
0.96969697,0.87878788,-0.8287026975,0.8287026975,0
0.97979798,0.87878788,-0.8849293107,0.8849293107,0
0.98989899,0.87878788,-0.9419746222,0.9419746222,0
1.00000000,0.87878788,-1.0000000000,1.0000000000,0
0.00000000,0.93939394,0.0000000000,-0.0000000000,0
0.01010101,0.93939394,-0.0000000000,0.0000000000,0
0.02020202,0.93939394,-0.0000000000,0.0000000000,0
0.03030303,0.93939394,-0.0000000000,0.0000000000,0
0.04040404,0.93939394,-0.0000000000,0.0000000000,0
0.05050505,0.93939394,-0.0000000000,0.0000000000,0
0.06060606,0.93939394,-0.0000000001,0.0000000001,0
0.07070707,0.93939394,-0.0000000001,0.0000000001,0
0.08080808,0.93939394,-0.0000000003,0.0000000003,0
0.09090909,0.93939394,-0.0000000007,0.0000000007,0
0.10101010,0.93939394,-0.0000000012,0.0000000012,0
0.11111111,0.93939394,-0.0000000022,0.0000000022,0
0.12121212,0.93939394,-0.0000000039,0.0000000039,0
0.13131313,0.93939394,-0.0000000065,0.0000000065,0
0.14141414,0.93939394,-0.0000000105,0.0000000105,0
0.15151515,0.93939394,-0.0000000166,0.0000000166,0
0.16161616,0.93939394,-0.0000000256,0.0000000256,0
0.17171717,0.93939394,-0.0000000388,0.0000000388,0
0.18181818,0.93939394,-0.0000000577,0.0000000577,0
0.19191919,0.93939394,-0.0000000845,0.0000000845,0
0.20202020,0.93939394,-0.0000001218,0.0000001218,0
0.21212121,0.93939394,-0.0000001733,0.0000001733,0
0.22222222,0.93939394,-0.0000002433,0.0000002433,0
0.23232323,0.93939394,-0.0000003374,0.0000003374,0
0.24242424,0.93939394,-0.0000004627,0.0000004627,0
0.25252525,0.93939394,-0.0000006276,0.0000006276,0
0.26262626,0.93939394,-0.0000008426,0.0000008426,0
0.27272727,0.93939394,-0.0000011201,0.0000011201,0
0.28282828,0.93939394,-0.0000014750,0.0000014750,0
0.29292929,0.93939394,-0.0000019249,0.0000019249,0
0.30303030,0.93939394,-0.0000024905,0.0000024905,0
0.31313131,0.93939394,-0.0000031964,0.0000031964,0
0.32323232,0.93939394,-0.0000040710,0.0000040710,0
0.33333333,0.93939394,-0.0000051479,0.0000051479,0
0.34343434,0.93939394,-0.0000064664,0.0000064664,0
0.35353535,0.93939394,-0.0000080724,0.0000080724,0
0.36363636,0.93939394,-0.0000100203,0.0000100203,0
0.37373737,0.93939394,-0.0000123738,0.0000123738,0
0.38383838,0.93939394,-0.0000152083,0.0000152083,0
0.39393939,0.93939394,-0.0000186129,0.0000186129,0
0.40404040,0.93939394,-0.0000226933,0.0000226933,0
0.41414141,0.93939394,-0.0000275752,0.0000275752,0
0.42424242,0.93939394,-0.0000334082,0.0000334082,0
0.43434343,0.93939394,-0.0000403708,0.0000403708,0
0.44444444,0.93939394,-0.0000486764,0.0000486764,0
0.45454545,0.93939394,-0.0000585808,0.0000585808,0
0.46464646,0.93939394,-0.0000703911,0.0000703911,0
0.47474747,0.93939394,-0.0000844769,0.0000844769,0
0.48484848,0.93939394,-0.0001012841,0.0001012841,0
0.49494949,0.93939394,-0.0001213521,0.0001213521,0
0.50505051,0.93939394,-0.0001453346,0.0001453346,0
0.51515152,0.93939394,-0.0001740269,0.0001740269,0
0.52525253,0.93939394,-0.0002083983,0.0002083983,0
0.53535354,0.93939394,-0.0002496343,0.0002496343,0
0.54545455,0.93939394,-0.0002991891,0.0002991891,0
0.55555556,0.93939394,-0.0003588519,0.0003588519,0
0.56565657,0.93939394,-0.0004308319,0.0004308319,0
0.57575758,0.93939394,-0.0005178652,0.0005178652,0
0.58585859,0.93939394,-0.0006233527,0.0006233527,0
0.59595960,0.93939394,-0.0007515364,0.0007515364,0
0.60606061,0.93939394,-0.0009077260,0.0009077260,0
0.61616162,0.93939394,-0.0010985919,0.0010985919,0
0.62626263,0.93939394,-0.0013325440,0.0013325440,0
0.63636364,0.93939394,-0.0016202232,0.0016202232,0
0.64646465,0.93939394,-0.0019751402,0.0019751402,0
0.65656566,0.93939394,-0.0024145083,0.0024145083,0
0.66666667,0.93939394,-0.0029603277,0.0029603277,0
0.67676768,0.93939394,-0.0036407993,0.0036407993,0
0.68686869,0.93939394,-0.0044921641,0.0044921641,0
0.69696970,0.93939394,-0.0055610897,0.0055610897,0
0.70707071,0.93939394,-0.0069077498,0.0069077498,0
0.71717172,0.93939394,-0.0086097635,0.0086097635,0
0.72727273,0.93939394,-0.0107671708,0.0107671708,0
0.73737374,0.93939394,-0.0135085981,0.0135085981,0
0.74747475,0.93939394,-0.0169986844,0.0169986844,0
0.75757576,0.93939394,-0.0214466496,0.0214466496,0
0.76767677,0.93939394,-0.0271155257,0.0271155257,0
0.77777778,0.93939394,-0.0343309584,0.0343309584,0
0.78787879,0.93939394,-0.0434875764,0.0434875764,0
0.79797980,0.93939394,-0.0550497421,0.0550497421,0
0.80808081,0.93939394,-0.0695423070,0.0695423070,0
0.81818182,0.93939394,-0.0875264230,0.0875264230,0
0.82828283,0.93939394,-0.1095565476,0.1095565476,0
0.83838384,0.93939394,-0.1361186897,0.1361186897,0
0.84848485,0.93939394,-0.1675570079,0.1675570079,0
0.85858586,0.93939394,-0.2040043376,0.2040043376,0
0.86868687,0.93939394,-0.2453377092,0.2453377092,0
0.87878788,0.93939394,-0.2911773445,0.2911773445,0
0.88888889,0.93939394,-0.3409353341,0.3409353341,0
0.89898990,0.93939394,-0.3939030631,0.3939030631,0
0.90909091,0.93939394,-0.4493535236,0.4493535236,0
0.91919192,0.93939394,-0.5066326179,0.5066326179,0
0.92929293,0.93939394,-0.5652218570,0.5652218570,0
0.93939394,0.93939394,-0.6247672825,0.6247672825,0
0.94949495,0.93939394,-0.6850794728,0.6850794728,0
0.95959596,0.93939394,-0.7461141931,0.7461141931,0
0.96969697,0.93939394,-0.8079432649,0.8079432649,0
0.97979798,0.93939394,-0.8707227658,0.8707227658,0
0.98989899,0.93939394,-0.9346627124,0.9346627124,0
1.00000000,0.93939394,-1.0000000000,1.0000000000,0
0.00000000,1.00000000,0.0000000000,-0.0000000000,0
0.01010101,1.00000000,-0.0000000000,0.0000000000,0
0.02020202,1.00000000,-0.0000000000,0.0000000000,0
0.03030303,1.00000000,-0.0000000000,0.0000000000,0
0.04040404,1.00000000,-0.0000000000,0.0000000000,0
0.05050505,1.00000000,-0.0000000000,0.0000000000,0
0.06060606,1.00000000,-0.0000000000,0.0000000000,0
0.07070707,1.00000000,-0.0000000001,0.0000000001,0
0.08080808,1.00000000,-0.0000000002,0.0000000002,0
0.09090909,1.00000000,-0.0000000005,0.0000000005,0
0.10101010,1.00000000,-0.0000000010,0.0000000010,0
0.11111111,1.00000000,-0.0000000017,0.0000000017,0
0.12121212,1.00000000,-0.0000000030,0.0000000030,0
0.13131313,1.00000000,-0.0000000050,0.0000000050,0
0.14141414,1.00000000,-0.0000000081,0.0000000081,0
0.15151515,1.00000000,-0.0000000129,0.0000000129,0
0.16161616,1.00000000,-0.0000000199,0.0000000199,0
0.17171717,1.00000000,-0.0000000301,0.0000000301,0
0.18181818,1.00000000,-0.0000000448,0.0000000448,0
0.19191919,1.00000000,-0.0000000655,0.0000000655,0
0.20202020,1.00000000,-0.0000000942,0.0000000942,0
0.21212121,1.00000000,-0.0000001334,0.0000001334,0
0.22222222,1.00000000,-0.0000001864,0.0000001864,0
0.23232323,1.00000000,-0.0000002571,0.0000002571,0
0.24242424,1.00000000,-0.0000003502,0.0000003502,0
0.25252525,1.00000000,-0.0000004714,0.0000004714,0
0.26262626,1.00000000,-0.0000006275,0.0000006275,0
0.27272727,1.00000000,-0.0000008265,0.0000008265,0
0.28282828,1.00000000,-0.0000010778,0.0000010778,0
0.29292929,1.00000000,-0.0000013922,0.0000013922,0
0.30303030,1.00000000,-0.0000017827,0.0000017827,0
0.31313131,1.00000000,-0.0000022641,0.0000022641,0
0.32323232,1.00000000,-0.0000028537,0.0000028537,0
0.33333333,1.00000000,-0.0000035721,0.0000035721,0
0.34343434,1.00000000,-0.0000044429,0.0000044429,0
0.35353535,1.00000000,-0.0000054941,0.0000054941,0
0.36363636,1.00000000,-0.0000067586,0.0000067586,0
0.37373737,1.00000000,-0.0000082752,0.0000082752,0
0.38383838,1.00000000,-0.0000100894,0.0000100894,0
0.39393939,1.00000000,-0.0000122553,0.0000122553,0
0.40404040,1.00000000,-0.0000148368,0.0000148368,0
0.41414141,1.00000000,-0.0000179100,0.0000179100,0
0.42424242,1.00000000,-0.0000215649,0.0000215649,0
0.43434343,1.00000000,-0.0000259089,0.0000259089,0
0.44444444,1.00000000,-0.0000310700,0.0000310700,0
0.45454545,1.00000000,-0.0000372015,0.0000372015,0
0.46464646,1.00000000,-0.0000444864,0.0000444864,0
0.47474747,1.00000000,-0.0000531449,0.0000531449,0
0.48484848,1.00000000,-0.0000634418,0.0000634418,0
0.49494949,1.00000000,-0.0000756962,0.0000756962,0
0.50505051,1.00000000,-0.0000902946,0.0000902946,0
0.51515152,1.00000000,-0.0001077051,0.0001077051,0
0.52525253,1.00000000,-0.0001284976,0.0001284976,0
0.53535354,1.00000000,-0.0001533672,0.0001533672,0
0.54545455,1.00000000,-0.0001831646,0.0001831646,0
0.55555556,1.00000000,-0.0002189346,0.0002189346,0
0.56565657,1.00000000,-0.0002619651,0.0002619651,0
0.57575758,1.00000000,-0.0003138486,0.0003138486,0
0.58585859,1.00000000,-0.0003765624,0.0003765624,0
0.59595960,1.00000000,-0.0004525712,0.0004525712,0
0.60606061,1.00000000,-0.0005449588,0.0005449588,0
0.61616162,1.00000000,-0.0006576005,0.0006576005,0
0.62626263,1.00000000,-0.0007953864,0.0007953864,0
0.63636364,1.00000000,-0.0009645140,0.0009645140,0
0.64646465,1.00000000,-0.0011728719,0.0011728719,0
0.65656566,1.00000000,-0.0014305462,0.0014305462,0
0.66666667,1.00000000,-0.0017504888,0.0017504888,0
0.67676768,1.00000000,-0.0021494052,0.0021494052,0
0.68686869,1.00000000,-0.0026489331,0.0026489331,0
0.69696970,1.00000000,-0.0032772120,0.0032772120,0
0.70707071,1.00000000,-0.0040709728,0.0040709728,0
0.71717172,1.00000000,-0.0050783176,0.0050783176,0
0.72727273,1.00000000,-0.0063624040,0.0063624040,0
0.73737374,1.00000000,-0.0080062989,0.0080062989,0
0.74747475,1.00000000,-0.0101193078,0.0101193078,0
0.75757576,1.00000000,-0.0128450935,0.0128450935,0
0.76767677,1.00000000,-0.0163718373,0.0163718373,0
0.77777778,1.00000000,-0.0209444705,0.0209444705,0
0.78787879,1.00000000,-0.0268785128,0.0268785128,0
0.79797980,1.00000000,-0.0345741136,0.0345741136,0
0.80808081,1.00000000,-0.0445273434,0.0445273434,0
0.81818182,1.00000000,-0.0573336018,0.0573336018,0
0.82828283,1.00000000,-0.0736755944,0.0736755944,0
0.83838384,1.00000000,-0.0942869167,0.0942869167,0
0.84848485,1.00000000,-0.1198841778,0.1198841778,0
0.85858586,1.00000000,-0.1510684571,0.1510684571,0
0.86868687,1.00000000,-0.1882113560,0.1882113560,0
0.87878788,1.00000000,-0.2313571539,0.2313571539,0
0.88888889,1.00000000,-0.2801797032,0.2801797032,0
0.89898990,1.00000000,-0.3340203255,0.3340203255,0
0.90909091,1.00000000,-0.3920026089,0.3920026089,0
0.91919192,1.00000000,-0.4531885325,0.4531885325,0
0.92929293,1.00000000,-0.5167275064,0.5167275064,0
0.93939394,1.00000000,-0.5819612316,0.5819612316,0
0.94949495,1.00000000,-0.6484713295,0.6484713295,0
0.95959596,1.00000000,-0.7160776155,0.7160776155,0
0.96969697,1.00000000,-0.7848045785,0.7848045785,0
0.97979798,1.00000000,-0.8548332303,0.8548332303,0
0.98989899,1.00000000,-0.9264501812,0.9264501812,0
1.00000000,1.00000000,-1.0000000000,1.0000000000,0
0.00000000,1.06060606,0.0000000000,-0.0000000000,0
0.01010101,1.06060606,-0.0000000000,0.0000000000,0
0.02020202,1.06060606,-0.0000000000,0.0000000000,0
0.03030303,1.06060606,-0.0000000000,0.0000000000,0
0.04040404,1.06060606,-0.0000000000,0.0000000000,0
0.05050505,1.06060606,-0.0000000000,0.0000000000,0
0.06060606,1.06060606,-0.0000000000,0.0000000000,0
0.07070707,1.06060606,-0.0000000001,0.0000000001,0
0.08080808,1.06060606,-0.0000000002,0.0000000002,0
0.09090909,1.06060606,-0.0000000004,0.0000000004,0
0.10101010,1.06060606,-0.0000000007,0.0000000007,0
0.11111111,1.06060606,-0.0000000013,0.0000000013,0
0.12121212,1.06060606,-0.0000000023,0.0000000023,0
0.13131313,1.06060606,-0.0000000039,0.0000000039,0
0.14141414,1.06060606,-0.0000000063,0.0000000063,0
0.15151515,1.06060606,-0.0000000099,0.0000000099,0
0.16161616,1.06060606,-0.0000000154,0.0000000154,0
0.17171717,1.06060606,-0.0000000233,0.0000000233,0
0.18181818,1.06060606,-0.0000000345,0.0000000345,0
0.19191919,1.06060606,-0.0000000503,0.0000000503,0
0.20202020,1.06060606,-0.0000000719,0.0000000719,0
0.21212121,1.06060606,-0.0000001013,0.0000001013,0
0.22222222,1.06060606,-0.0000001406,0.0000001406,0
0.23232323,1.06060606,-0.0000001923,0.0000001923,0
0.24242424,1.06060606,-0.0000002596,0.0000002596,0
0.25252525,1.06060606,-0.0000003460,0.0000003460,0
0.26262626,1.06060606,-0.0000004559,0.0000004559,0
0.27272727,1.06060606,-0.0000005941,0.0000005941,0
0.28282828,1.06060606,-0.0000007664,0.0000007664,0
0.29292929,1.06060606,-0.0000009795,0.0000009795,0
0.30303030,1.06060606,-0.0000012412,0.0000012412,0
0.31313131,1.06060606,-0.0000015604,0.0000015604,0
0.32323232,1.06060606,-0.0000019479,0.0000019479,0
0.33333333,1.06060606,-0.0000024159,0.0000024159,0
0.34343434,1.06060606,-0.0000029790,0.0000029790,0
0.35353535,1.06060606,-0.0000036542,0.0000036542,0
0.36363636,1.06060606,-0.0000044616,0.0000044616,0
0.37373737,1.06060606,-0.0000054248,0.0000054248,0
0.38383838,1.06060606,-0.0000065715,0.0000065715,0
0.39393939,1.06060606,-0.0000079348,0.0000079348,0
0.40404040,1.06060606,-0.0000095532,0.0000095532,0
0.41414141,1.06060606,-0.0000114730,0.0000114730,0
0.42424242,1.06060606,-0.0000137485,0.0000137485,0
0.43434343,1.06060606,-0.0000164446,0.0000164446,0
0.44444444,1.06060606,-0.0000196383,0.0000196383,0
0.45454545,1.06060606,-0.0000234215,0.0000234215,0
0.46464646,1.06060606,-0.0000279040,0.0000279040,0
0.47474747,1.06060606,-0.0000332172,0.0000332172,0
0.48484848,1.06060606,-0.0000395190,0.0000395190,0
0.49494949,1.06060606,-0.0000469990,0.0000469990,0
0.50505051,1.06060606,-0.0000558864,0.0000558864,0
0.51515152,1.06060606,-0.0000664581,0.0000664581,0
0.52525253,1.06060606,-0.0000790502,0.0000790502,0
0.53535354,1.06060606,-0.0000940719,0.0000940719,0
0.54545455,1.06060606,-0.0001120228,0.0001120228,0
0.55555556,1.06060606,-0.0001335149,0.0001335149,0
0.56565657,1.06060606,-0.0001593010,0.0001593010,0
0.57575758,1.06060606,-0.0001903102,0.0001903102,0
0.58585859,1.06060606,-0.0002276941,0.0002276941,0
0.59595960,1.06060606,-0.0002728855,0.0002728855,0
0.60606061,1.06060606,-0.0003276750,0.0003276750,0
0.61616162,1.06060606,-0.0003943107,0.0003943107,0
0.62626263,1.06060606,-0.0004756272,0.0004756272,0
0.63636364,1.06060606,-0.0005752170,0.0005752170,0
0.64646465,1.06060606,-0.0006976549,0.0006976549,0
0.65656566,1.06060606,-0.0008487965,0.0008487965,0
0.66666667,1.06060606,-0.0010361765,0.0010361765,0
0.67676768,1.06060606,-0.0012695416,0.0012695416,0
0.68686869,1.06060606,-0.0015615678,0.0015615678,0
0.69696970,1.06060606,-0.0019288309,0.0019288309,0
0.70707071,1.06060606,-0.0023931226,0.0023931226,0
0.71717172,1.06060606,-0.0029832425,0.0029832425,0
0.72727273,1.06060606,-0.0037374423,0.0037374423,0
0.73737374,1.06060606,-0.0047067625,0.0047067625,0
0.74747475,1.06060606,-0.0059595808,0.0059595808,0
0.75757576,1.06060606,-0.0075877862,0.0075877862,0
0.76767677,1.06060606,-0.0097150923,0.0097150923,0
0.77777778,1.06060606,-0.0125080721,0.0125080721,0
0.78787879,1.06060606,-0.0161904742,0.0161904742,0
0.79797980,1.06060606,-0.0210611195,0.0210611195,0
0.80808081,1.06060606,-0.0275149502,0.0275149502,0
0.81818182,1.06060606,-0.0360652369,0.0360652369,0
0.82828283,1.06060606,-0.0473621371,0.0473621371,0
0.83838384,1.06060606,-0.0621985514,0.0621985514,0
0.84848485,1.06060606,-0.0814893249,0.0814893249,0
0.85858586,1.06060606,-0.1062071595,0.1062071595,0
0.86868687,1.06060606,-0.1372637057,0.1372637057,0
0.87878788,1.06060606,-0.1753432441,0.1753432441,0
0.88888889,1.06060606,-0.2207282514,0.2207282514,0
0.89898990,1.06060606,-0.2731845206,0.2731845206,0
0.90909091,1.06060606,-0.3319704128,0.3319704128,0
0.91919192,1.06060606,-0.3959867525,0.3959867525,0
0.92929293,1.06060606,-0.4640164174,0.4640164174,0
0.93939394,1.06060606,-0.5349646037,0.5349646037,0
0.94949495,1.06060606,-0.6080261517,0.6080261517,0
0.95959596,1.06060606,-0.6827540341,0.6827540341,0
0.96969697,1.06060606,-0.7590453563,0.7590453563,0
0.97979798,1.06060606,-0.8370785308,0.8370785308,0
0.98989899,1.06060606,-0.9172316333,0.9172316333,0
1.00000000,1.06060606,-1.0000000000,1.0000000000,0
0.00000000,1.12121212,0.0000000000,-0.0000000000,0
0.01010101,1.12121212,-0.0000000000,0.0000000000,0
0.02020202,1.12121212,-0.0000000000,0.0000000000,0
0.03030303,1.12121212,-0.0000000000,0.0000000000,0
0.04040404,1.12121212,-0.0000000000,0.0000000000,0
0.05050505,1.12121212,-0.0000000000,0.0000000000,0
0.06060606,1.12121212,-0.0000000000,0.0000000000,0
0.07070707,1.12121212,-0.0000000001,0.0000000001,0
0.08080808,1.12121212,-0.0000000001,0.0000000001,0
0.09090909,1.12121212,-0.0000000003,0.0000000003,0
0.10101010,1.12121212,-0.0000000006,0.0000000006,0
0.11111111,1.12121212,-0.0000000010,0.0000000010,0
0.12121212,1.12121212,-0.0000000018,0.0000000018,0
0.13131313,1.12121212,-0.0000000030,0.0000000030,0
0.14141414,1.12121212,-0.0000000048,0.0000000048,0
0.15151515,1.12121212,-0.0000000077,0.0000000077,0
0.16161616,1.12121212,-0.0000000118,0.0000000118,0
0.17171717,1.12121212,-0.0000000178,0.0000000178,0
0.18181818,1.12121212,-0.0000000263,0.0000000263,0
0.19191919,1.12121212,-0.0000000381,0.0000000381,0
0.20202020,1.12121212,-0.0000000541,0.0000000541,0
0.21212121,1.12121212,-0.0000000755,0.0000000755,0
0.22222222,1.12121212,-0.0000001038,0.0000001038,0
0.23232323,1.12121212,-0.0000001405,0.0000001405,0
0.24242424,1.12121212,-0.0000001876,0.0000001876,0
0.25252525,1.12121212,-0.0000002474,0.0000002474,0
0.26262626,1.12121212,-0.0000003223,0.0000003223,0
0.27272727,1.12121212,-0.0000004155,0.0000004155,0
0.28282828,1.12121212,-0.0000005303,0.0000005303,0
0.29292929,1.12121212,-0.0000006709,0.0000006709,0
0.30303030,1.12121212,-0.0000008420,0.0000008420,0
0.31313131,1.12121212,-0.0000010491,0.0000010491,0
0.32323232,1.12121212,-0.0000012987,0.0000012987,0
0.33333333,1.12121212,-0.0000015984,0.0000015984,0
0.34343434,1.12121212,-0.0000019570,0.0000019570,0
0.35353535,1.12121212,-0.0000023851,0.0000023851,0
0.36363636,1.12121212,-0.0000028948,0.0000028948,0
0.37373737,1.12121212,-0.0000035007,0.0000035007,0
0.38383838,1.12121212,-0.0000042196,0.0000042196,0
0.39393939,1.12121212,-0.0000050716,0.0000050716,0
0.40404040,1.12121212,-0.0000060804,0.0000060804,0
0.41414141,1.12121212,-0.0000072739,0.0000072739,0
0.42424242,1.12121212,-0.0000086850,0.0000086850,0
0.43434343,1.12121212,-0.0000103531,0.0000103531,0
0.44444444,1.12121212,-0.0000123246,0.0000123246,0
0.45454545,1.12121212,-0.0000146548,0.0000146548,0
0.46464646,1.12121212,-0.0000174098,0.0000174098,0
0.47474747,1.12121212,-0.0000206684,0.0000206684,0
0.48484848,1.12121212,-0.0000245249,0.0000245249,0
0.49494949,1.12121212,-0.0000290927,0.0000290927,0
0.50505051,1.12121212,-0.0000345083,0.0000345083,0
0.51515152,1.12121212,-0.0000409361,0.0000409361,0
0.52525253,1.12121212,-0.0000485754,0.0000485754,0
0.53535354,1.12121212,-0.0000576683,0.0000576683,0
0.54545455,1.12121212,-0.0000685095,0.0000685095,0
0.55555556,1.12121212,-0.0000814591,0.0000814591,0
0.56565657,1.12121212,-0.0000969594,0.0000969594,0
0.57575758,1.12121212,-0.0001155547,0.0001155547,0
0.58585859,1.12121212,-0.0001379181,0.0001379181,0
0.59595960,1.12121212,-0.0001648857,0.0001648857,0
0.60606061,1.12121212,-0.0001975002,0.0001975002,0
0.61616162,1.12121212,-0.0002370680,0.0002370680,0
0.62626263,1.12121212,-0.0002852345,0.0002852345,0
0.63636364,1.12121212,-0.0003440819,0.0003440819,0
0.64646465,1.12121212,-0.0004162597,0.0004162597,0
0.65656566,1.12121212,-0.0005051576,0.0005051576,0
0.66666667,1.12121212,-0.0006151374,0.0006151374,0
0.67676768,1.12121212,-0.0007518455,0.0007518455,0
0.68686869,1.12121212,-0.0009226364,0.0009226364,0
0.69696970,1.12121212,-0.0011371500,0.0011371500,0
0.70707071,1.12121212,-0.0014081050,0.0014081050,0
0.71717172,1.12121212,-0.0017523922,0.0017523922,0
0.72727273,1.12121212,-0.0021925937,0.0021925937,0
0.73737374,1.12121212,-0.0027591005,0.0027591005,0
0.74747475,1.12121212,-0.0034930767,0.0034930767,0
0.75757576,1.12121212,-0.0044506213,0.0044506213,0
0.76767677,1.12121212,-0.0057086103,0.0057086103,0
0.77777778,1.12121212,-0.0073728849,0.0073728849,0
0.78787879,1.12121212,-0.0095896457,0.0095896457,0
0.79797980,1.12121212,-0.0125611132,0.0125611132,0
0.80808081,1.12121212,-0.0165665685,0.0165665685,0
0.81818182,1.12121212,-0.0219895671,0.0219895671,0
0.82828283,1.12121212,-0.0293509092,0.0293509092,0
0.83838384,1.12121212,-0.0393440236,0.0393440236,0
0.84848485,1.12121212,-0.0528637555,0.0528637555,0
0.85858586,1.12121212,-0.0710106545,0.0710106545,0
0.86868687,1.12121212,-0.0950429124,0.0950429124,0
0.87878788,1.12121212,-0.1262451268,0.1262451268,0
0.88888889,1.12121212,-0.1657018326,0.1657018326,0
0.89898990,1.12121212,-0.2140155454,0.2140155454,0
0.90909091,1.12121212,-0.2710770569,0.2710770569,0
0.91919192,1.12121212,-0.3360214968,0.3360214968,0
0.92929293,1.12121212,-0.4074324428,0.4074324428,0
0.93939394,1.12121212,-0.4837190297,0.4837190297,0
0.94949495,1.12121212,-0.5635000636,0.5635000636,0
0.95959596,1.12121212,-0.6458557512,0.6458557512,0
0.96969697,1.12121212,-0.7304065731,0.7304065731,0
0.97979798,1.12121212,-0.8172601085,0.8172601085,0
0.98989899,1.12121212,-0.9068906149,0.9068906149,0
1.00000000,1.12121212,-1.0000000000,1.0000000000,0
0.00000000,1.18181818,0.0000000000,-0.0000000000,0
0.01010101,1.18181818,-0.0000000000,0.0000000000,0
0.02020202,1.18181818,-0.0000000000,0.0000000000,0
0.03030303,1.18181818,-0.0000000000,0.0000000000,0
0.04040404,1.18181818,-0.0000000000,0.0000000000,0
0.05050505,1.18181818,-0.0000000000,0.0000000000,0
0.06060606,1.18181818,-0.0000000000,0.0000000000,0
0.07070707,1.18181818,-0.0000000000,0.0000000000,0
0.08080808,1.18181818,-0.0000000001,0.0000000001,0
0.09090909,1.18181818,-0.0000000002,0.0000000002,0
0.10101010,1.18181818,-0.0000000004,0.0000000004,0
0.11111111,1.18181818,-0.0000000008,0.0000000008,0
0.12121212,1.18181818,-0.0000000014,0.0000000014,0
0.13131313,1.18181818,-0.0000000023,0.0000000023,0
0.14141414,1.18181818,-0.0000000037,0.0000000037,0
0.15151515,1.18181818,-0.0000000059,0.0000000059,0
0.16161616,1.18181818,-0.0000000090,0.0000000090,0
0.17171717,1.18181818,-0.0000000135,0.0000000135,0
0.18181818,1.18181818,-0.0000000197,0.0000000197,0
0.19191919,1.18181818,-0.0000000283,0.0000000283,0
0.20202020,1.18181818,-0.0000000398,0.0000000398,0
0.21212121,1.18181818,-0.0000000550,0.0000000550,0
0.22222222,1.18181818,-0.0000000748,0.0000000748,0
0.23232323,1.18181818,-0.0000001000,0.0000001000,0
0.24242424,1.18181818,-0.0000001320,0.0000001320,0
0.25252525,1.18181818,-0.0000001721,0.0000001721,0
0.26262626,1.18181818,-0.0000002218,0.0000002218,0
0.27272727,1.18181818,-0.0000002830,0.0000002830,0
0.28282828,1.18181818,-0.0000003578,0.0000003578,0
0.29292929,1.18181818,-0.0000004486,0.0000004486,0
0.30303030,1.18181818,-0.0000005585,0.0000005585,0
0.31313131,1.18181818,-0.0000006907,0.0000006907,0
0.32323232,1.18181818,-0.0000008493,0.0000008493,0
0.33333333,1.18181818,-0.0000010389,0.0000010389,0
0.34343434,1.18181818,-0.0000012650,0.0000012650,0
0.35353535,1.18181818,-0.0000015340,0.0000015340,0
0.36363636,1.18181818,-0.0000018534,0.0000018534,0
0.37373737,1.18181818,-0.0000022321,0.0000022321,0
0.38383838,1.18181818,-0.0000026804,0.0000026804,0
0.39393939,1.18181818,-0.0000032106,0.0000032106,0
0.40404040,1.18181818,-0.0000038370,0.0000038370,0
0.41414141,1.18181818,-0.0000045767,0.0000045767,0
0.42424242,1.18181818,-0.0000054497,0.0000054497,0
0.43434343,1.18181818,-0.0000064798,0.0000064798,0
0.44444444,1.18181818,-0.0000076951,0.0000076951,0
0.45454545,1.18181818,-0.0000091292,0.0000091292,0
0.46464646,1.18181818,-0.0000108218,0.0000108218,0
0.47474747,1.18181818,-0.0000128203,0.0000128203,0
0.48484848,1.18181818,-0.0000151816,0.0000151816,0
0.49494949,1.18181818,-0.0000179734,0.0000179734,0
0.50505051,1.18181818,-0.0000212775,0.0000212775,0
0.51515152,1.18181818,-0.0000251922,0.0000251922,0
0.52525253,1.18181818,-0.0000298361,0.0000298361,0
0.53535354,1.18181818,-0.0000353531,0.0000353531,0
0.54545455,1.18181818,-0.0000419180,0.0000419180,0
0.55555556,1.18181818,-0.0000497441,0.0000497441,0
0.56565657,1.18181818,-0.0000590924,0.0000590924,0
0.57575758,1.18181818,-0.0000702835,0.0000702835,0
0.58585859,1.18181818,-0.0000837131,0.0000837131,0
0.59595960,1.18181818,-0.0000998714,0.0000998714,0
0.60606061,1.18181818,-0.0001193684,0.0001193684,0
0.61616162,1.18181818,-0.0001429668,0.0001429668,0
0.62626263,1.18181818,-0.0001716252,0.0001716252,0
0.63636364,1.18181818,-0.0002065543,0.0002065543,0
0.64646465,1.18181818,-0.0002492921,0.0002492921,0
0.65656566,1.18181818,-0.0003018034,0.0003018034,0
0.66666667,1.18181818,-0.0003666133,0.0003666133,0
0.67676768,1.18181818,-0.0004469882,0.0004469882,0
0.68686869,1.18181818,-0.0005471814,0.0005471814,0
0.69696970,1.18181818,-0.0006727697,0.0006727697,0
0.70707071,1.18181818,-0.0008311184,0.0008311184,0
0.71717172,1.18181818,-0.0010320283,0.0010320283,0
0.72727273,1.18181818,-0.0012886425,0.0012886425,0
0.73737374,1.18181818,-0.0016187274,0.0016187274,0
0.74747475,1.18181818,-0.0020464951,0.0020464951,0
0.75757576,1.18181818,-0.0026052126,0.0026052126,0
0.76767677,1.18181818,-0.0033409613,0.0033409613,0
0.77777778,1.18181818,-0.0043180757,0.0043180757,0
0.78787879,1.18181818,-0.0056270334,0.0056270334,0
0.79797980,1.18181818,-0.0073958929,0.0073958929,0
0.80808081,1.18181818,-0.0098067875,0.0098067875,0
0.81818182,1.18181818,-0.0131194186,0.0131194186,0
0.82828283,1.18181818,-0.0177037293,0.0177037293,0
0.83838384,1.18181818,-0.0240834402,0.0240834402,0
0.84848485,1.18181818,-0.0329897224,0.0329897224,0
0.85858586,1.18181818,-0.0454179066,0.0454179066,0
0.86868687,1.18181818,-0.0626672003,0.0626672003,0
0.87878788,1.18181818,-0.0863233842,0.0863233842,0
0.88888889,1.18181818,-0.1181259214,0.1181259214,0
0.89898990,1.18181818,-0.1596704354,0.1596704354,0
0.90909091,1.18181818,-0.2119728113,0.2119728113,0
0.91919192,1.18181818,-0.2750597453,0.2750597453,0
0.92929293,1.18181818,-0.3478433341,0.3478433341,0
0.93939394,1.18181818,-0.4284305875,0.4284305875,0
0.94949495,1.18181818,-0.5147397048,0.5147397048,0
0.95959596,1.18181818,-0.6051036770,0.6051036770,0
0.96969697,1.18181818,-0.6986132451,0.6986132451,0
0.97979798,1.18181818,-0.7951621816,0.7951621816,0
0.98989899,1.18181818,-0.8952987289,0.8952987289,0
1.00000000,1.18181818,-1.0000000000,1.0000000000,0
0.00000000,1.24242424,0.0000000000,-0.0000000000,0
0.01010101,1.24242424,-0.0000000000,0.0000000000,0
0.02020202,1.24242424,-0.0000000000,0.0000000000,0
0.03030303,1.24242424,-0.0000000000,0.0000000000,0
0.04040404,1.24242424,-0.0000000000,0.0000000000,0
0.05050505,1.24242424,-0.0000000000,0.0000000000,0
0.06060606,1.24242424,-0.0000000000,0.0000000000,0
0.07070707,1.24242424,-0.0000000000,0.0000000000,0
0.08080808,1.24242424,-0.0000000001,0.0000000001,0
0.09090909,1.24242424,-0.0000000002,0.0000000002,0
0.10101010,1.24242424,-0.0000000003,0.0000000003,0
0.11111111,1.24242424,-0.0000000006,0.0000000006,0
0.12121212,1.24242424,-0.0000000010,0.0000000010,0
0.13131313,1.24242424,-0.0000000017,0.0000000017,0
0.14141414,1.24242424,-0.0000000028,0.0000000028,0
0.15151515,1.24242424,-0.0000000044,0.0000000044,0
0.16161616,1.24242424,-0.0000000068,0.0000000068,0
0.17171717,1.24242424,-0.0000000100,0.0000000100,0
0.18181818,1.24242424,-0.0000000145,0.0000000145,0
0.19191919,1.24242424,-0.0000000206,0.0000000206,0
0.20202020,1.24242424,-0.0000000286,0.0000000286,0
0.21212121,1.24242424,-0.0000000391,0.0000000391,0
0.22222222,1.24242424,-0.0000000524,0.0000000524,0
0.23232323,1.24242424,-0.0000000693,0.0000000693,0
0.24242424,1.24242424,-0.0000000905,0.0000000905,0
0.25252525,1.24242424,-0.0000001167,0.0000001167,0
0.26262626,1.24242424,-0.0000001490,0.0000001490,0
0.27272727,1.24242424,-0.0000001884,0.0000001884,0
0.28282828,1.24242424,-0.0000002362,0.0000002362,0
0.29292929,1.24242424,-0.0000002941,0.0000002941,0
0.30303030,1.24242424,-0.0000003637,0.0000003637,0
0.31313131,1.24242424,-0.0000004472,0.0000004472,0
0.32323232,1.24242424,-0.0000005470,0.0000005470,0
0.33333333,1.24242424,-0.0000006661,0.0000006661,0
0.34343434,1.24242424,-0.0000008076,0.0000008076,0
0.35353535,1.24242424,-0.0000009757,0.0000009757,0
0.36363636,1.24242424,-0.0000011749,0.0000011749,0
0.37373737,1.24242424,-0.0000014106,0.0000014106,0
0.38383838,1.24242424,-0.0000016891,0.0000016891,0
0.39393939,1.24242424,-0.0000020180,0.0000020180,0
0.40404040,1.24242424,-0.0000024061,0.0000024061,0
0.41414141,1.24242424,-0.0000028636,0.0000028636,0
0.42424242,1.24242424,-0.0000034029,0.0000034029,0
0.43434343,1.24242424,-0.0000040383,0.0000040383,0
0.44444444,1.24242424,-0.0000047870,0.0000047870,0
0.45454545,1.24242424,-0.0000056693,0.0000056693,0
0.46464646,1.24242424,-0.0000067091,0.0000067091,0
0.47474747,1.24242424,-0.0000079353,0.0000079353,0
0.48484848,1.24242424,-0.0000093820,0.0000093820,0
0.49494949,1.24242424,-0.0000110901,0.0000110901,0
0.50505051,1.24242424,-0.0000131087,0.0000131087,0
0.51515152,1.24242424,-0.0000154968,0.0000154968,0
0.52525253,1.24242424,-0.0000183254,0.0000183254,0
0.53535354,1.24242424,-0.0000216805,0.0000216805,0
0.54545455,1.24242424,-0.0000256664,0.0000256664,0
0.55555556,1.24242424,-0.0000304099,0.0000304099,0
0.56565657,1.24242424,-0.0000360661,0.0000360661,0
0.57575758,1.24242424,-0.0000428249,0.0000428249,0
0.58585859,1.24242424,-0.0000509202,0.0000509202,0
0.59595960,1.24242424,-0.0000606411,0.0000606411,0
0.60606061,1.24242424,-0.0000723466,0.0000723466,0
0.61616162,1.24242424,-0.0000864844,0.0000864844,0
0.62626263,1.24242424,-0.0001036161,0.0001036161,0
0.63636364,1.24242424,-0.0001244492,0.0001244492,0
0.64646465,1.24242424,-0.0001498805,0.0001498805,0
0.65656566,1.24242424,-0.0001810534,0.0001810534,0
0.66666667,1.24242424,-0.0002194346,0.0002194346,0
0.67676768,1.24242424,-0.0002669183,0.0002669183,0
0.68686869,1.24242424,-0.0003259670,0.0003259670,0
0.69696970,1.24242424,-0.0003998065,0.0003998065,0
0.70707071,1.24242424,-0.0004926942,0.0004926942,0
0.71717172,1.24242424,-0.0006102952,0.0006102952,0
0.72727273,1.24242424,-0.0007602115,0.0007602115,0
0.73737374,1.24242424,-0.0009527355,0.0009527355,0
0.74747475,1.24242424,-0.0012019312,0.0012019312,0
0.75757576,1.24242424,-0.0015272014,0.0015272014,0
0.76767677,1.24242424,-0.0019555806,0.0019555806,0
0.77777778,1.24242424,-0.0025251165,0.0025251165,0
0.78787879,1.24242424,-0.0032899007,0.0032899007,0
0.79797980,1.24242424,-0.0043275998,0.0043275998,0
0.80808081,1.24242424,-0.0057507802,0.0057507802,0
0.81818182,1.24242424,-0.0077239566,0.0077239566,0
0.82828283,1.24242424,-0.0104891370,0.0104891370,0
0.83838384,1.24242424,-0.0144035915,0.0144035915,0
0.84848485,1.24242424,-0.0199941466,0.0199941466,0
0.85858586,1.24242424,-0.0280311356,0.0280311356,0
0.86868687,1.24242424,-0.0396190707,0.0396190707,0
0.87878788,1.24242424,-0.0562844847,0.0562844847,0
0.88888889,1.24242424,-0.0800080723,0.0800080723,0
0.89898990,1.24242424,-0.1131029965,0.1131029965,0
0.90909091,1.24242424,-0.1578252430,0.1578252430,0
0.91919192,1.24242424,-0.2157049461,0.2157049461,0
0.92929293,1.24242424,-0.2868557294,0.2868557294,0
0.93939394,1.24242424,-0.3697518378,0.3697518378,0
0.94949495,1.24242424,-0.4617758471,0.4617758471,0
0.95959596,1.24242424,-0.5602579600,0.5602579600,0
0.96969697,1.24242424,-0.6633793657,0.6633793657,0
0.97979798,1.24242424,-0.7705511186,0.7705511186,0
0.98989899,1.24242424,-0.8823147255,0.8823147255,0
1.00000000,1.24242424,-1.0000000000,1.0000000000,0
0.00000000,1.30303030,0.0000000000,-0.0000000000,0
0.01010101,1.30303030,-0.0000000000,0.0000000000,0
0.02020202,1.30303030,-0.0000000000,0.0000000000,0
0.03030303,1.30303030,-0.0000000000,0.0000000000,0
0.04040404,1.30303030,-0.0000000000,0.0000000000,0
0.05050505,1.30303030,-0.0000000000,0.0000000000,0
0.06060606,1.30303030,-0.0000000000,0.0000000000,0
0.07070707,1.30303030,-0.0000000000,0.0000000000,0
0.08080808,1.30303030,-0.0000000001,0.0000000001,0
0.09090909,1.30303030,-0.0000000001,0.0000000001,0
0.10101010,1.30303030,-0.0000000002,0.0000000002,0
0.11111111,1.30303030,-0.0000000005,0.0000000005,0
0.12121212,1.30303030,-0.0000000008,0.0000000008,0
0.13131313,1.30303030,-0.0000000013,0.0000000013,0
0.14141414,1.30303030,-0.0000000021,0.0000000021,0
0.15151515,1.30303030,-0.0000000033,0.0000000033,0
0.16161616,1.30303030,-0.0000000050,0.0000000050,0
0.17171717,1.30303030,-0.0000000073,0.0000000073,0
0.18181818,1.30303030,-0.0000000104,0.0000000104,0
0.19191919,1.30303030,-0.0000000146,0.0000000146,0
0.20202020,1.30303030,-0.0000000200,0.0000000200,0
0.21212121,1.30303030,-0.0000000270,0.0000000270,0
0.22222222,1.30303030,-0.0000000358,0.0000000358,0
0.23232323,1.30303030,-0.0000000469,0.0000000469,0
0.24242424,1.30303030,-0.0000000605,0.0000000605,0
0.25252525,1.30303030,-0.0000000774,0.0000000774,0
0.26262626,1.30303030,-0.0000000980,0.0000000980,0
0.27272727,1.30303030,-0.0000001230,0.0000001230,0
0.28282828,1.30303030,-0.0000001533,0.0000001533,0
0.29292929,1.30303030,-0.0000001898,0.0000001898,0
0.30303030,1.30303030,-0.0000002335,0.0000002335,0
0.31313131,1.30303030,-0.0000002859,0.0000002859,0
0.32323232,1.30303030,-0.0000003483,0.0000003483,0
0.33333333,1.30303030,-0.0000004227,0.0000004227,0
0.34343434,1.30303030,-0.0000005109,0.0000005109,0
0.35353535,1.30303030,-0.0000006155,0.0000006155,0
0.36363636,1.30303030,-0.0000007393,0.0000007393,0
0.37373737,1.30303030,-0.0000008856,0.0000008856,0
0.38383838,1.30303030,-0.0000010582,0.0000010582,0
0.39393939,1.30303030,-0.0000012619,0.0000012619,0
0.40404040,1.30303030,-0.0000015019,0.0000015019,0
0.41414141,1.30303030,-0.0000017845,0.0000017845,0
0.42424242,1.30303030,-0.0000021173,0.0000021173,0
0.43434343,1.30303030,-0.0000025090,0.0000025090,0
0.44444444,1.30303030,-0.0000029701,0.0000029701,0
0.45454545,1.30303030,-0.0000035128,0.0000035128,0
0.46464646,1.30303030,-0.0000041518,0.0000041518,0
0.47474747,1.30303030,-0.0000049044,0.0000049044,0
0.48484848,1.30303030,-0.0000057915,0.0000057915,0
0.49494949,1.30303030,-0.0000068376,0.0000068376,0
0.50505051,1.30303030,-0.0000080724,0.0000080724,0
0.51515152,1.30303030,-0.0000095315,0.0000095315,0
0.52525253,1.30303030,-0.0000112576,0.0000112576,0
0.53535354,1.30303030,-0.0000133023,0.0000133023,0
0.54545455,1.30303030,-0.0000157281,0.0000157281,0
0.55555556,1.30303030,-0.0000186110,0.0000186110,0
0.56565657,1.30303030,-0.0000220433,0.0000220433,0
0.57575758,1.30303030,-0.0000261385,0.0000261385,0
0.58585859,1.30303030,-0.0000310355,0.0000310355,0
0.59595960,1.30303030,-0.0000369059,0.0000369059,0
0.60606061,1.30303030,-0.0000439621,0.0000439621,0
0.61616162,1.30303030,-0.0000524687,0.0000524687,0
0.62626263,1.30303030,-0.0000627565,0.0000627565,0
0.63636364,1.30303030,-0.0000752416,0.0000752416,0
0.64646465,1.30303030,-0.0000904500,0.0000904500,0
0.65656566,1.30303030,-0.0001090508,0.0001090508,0
0.66666667,1.30303030,-0.0001319003,0.0001319003,0
0.67676768,1.30303030,-0.0001601019,0.0001601019,0
0.68686869,1.30303030,-0.0001950874,0.0001950874,0
0.69696970,1.30303030,-0.0002387286,0.0002387286,0
0.70707071,1.30303030,-0.0002934916,0.0002934916,0
0.71717172,1.30303030,-0.0003626538,0.0003626538,0
0.72727273,1.30303030,-0.0004506091,0.0004506091,0
0.73737374,1.30303030,-0.0005633041,0.0005633041,0
0.74747475,1.30303030,-0.0007088675,0.0007088675,0
0.75757576,1.30303030,-0.0008985279,0.0008985279,0
0.76767677,1.30303030,-0.0011479681,0.0011479681,0
0.77777778,1.30303030,-0.0014793465,0.0014793465,0
0.78787879,1.30303030,-0.0019243475,0.0019243475,0
0.79797980,1.30303030,-0.0025288407,0.0025288407,0
0.80808081,1.30303030,-0.0033600660,0.0033600660,0
0.81818182,1.30303030,-0.0045178189,0.0045178189,0
0.82828283,1.30303030,-0.0061519734,0.0061519734,0
0.83838384,1.30303030,-0.0084899944,0.0084899944,0
0.84848485,1.30303030,-0.0118799208,0.0118799208,0
0.85858586,1.30303030,-0.0168563880,0.0168563880,0
0.86868687,1.30303030,-0.0242382415,0.0242382415,0
0.87878788,1.30303030,-0.0352619595,0.0352619595,0
0.88888889,1.30303030,-0.0517355141,0.0517355141,0
0.89898990,1.30303030,-0.0761459606,0.0761459606,0
0.90909091,1.30303030,-0.1115633157,0.1115633157,0
0.91919192,1.30303030,-0.1611118257,0.1611118257,0
0.92929293,1.30303030,-0.2269217156,0.2269217156,0
0.93939394,1.30303030,-0.3090008075,0.3090008075,0
0.94949495,1.30303030,-0.4049711095,0.4049711095,0
0.95959596,1.30303030,-0.5111744757,0.5111744757,0
0.96969697,1.30303030,-0.6244190071,0.6244190071,0
0.97979798,1.30303030,-0.7431753125,0.7431753125,0
0.98989899,1.30303030,-0.8677835766,0.8677835766,0
1.00000000,1.30303030,-1.0000000000,1.0000000000,0
0.00000000,1.36363636,0.0000000000,-0.0000000000,0
0.01010101,1.36363636,-0.0000000000,0.0000000000,0
0.02020202,1.36363636,-0.0000000000,0.0000000000,0
0.03030303,1.36363636,-0.0000000000,0.0000000000,0
0.04040404,1.36363636,-0.0000000000,0.0000000000,0
0.05050505,1.36363636,-0.0000000000,0.0000000000,0
0.06060606,1.36363636,-0.0000000000,0.0000000000,0
0.07070707,1.36363636,-0.0000000000,0.0000000000,0
0.08080808,1.36363636,-0.0000000000,0.0000000000,0
0.09090909,1.36363636,-0.0000000001,0.0000000001,0
0.10101010,1.36363636,-0.0000000002,0.0000000002,0
0.11111111,1.36363636,-0.0000000003,0.0000000003,0
0.12121212,1.36363636,-0.0000000006,0.0000000006,0
0.13131313,1.36363636,-0.0000000010,0.0000000010,0
0.14141414,1.36363636,-0.0000000016,0.0000000016,0
0.15151515,1.36363636,-0.0000000024,0.0000000024,0
0.16161616,1.36363636,-0.0000000036,0.0000000036,0
0.17171717,1.36363636,-0.0000000052,0.0000000052,0
0.18181818,1.36363636,-0.0000000073,0.0000000073,0
0.19191919,1.36363636,-0.0000000101,0.0000000101,0
0.20202020,1.36363636,-0.0000000137,0.0000000137,0
0.21212121,1.36363636,-0.0000000182,0.0000000182,0
0.22222222,1.36363636,-0.0000000239,0.0000000239,0
0.23232323,1.36363636,-0.0000000310,0.0000000310,0
0.24242424,1.36363636,-0.0000000397,0.0000000397,0
0.25252525,1.36363636,-0.0000000504,0.0000000504,0
0.26262626,1.36363636,-0.0000000634,0.0000000634,0
0.27272727,1.36363636,-0.0000000791,0.0000000791,0
0.28282828,1.36363636,-0.0000000982,0.0000000982,0
0.29292929,1.36363636,-0.0000001210,0.0000001210,0
0.30303030,1.36363636,-0.0000001484,0.0000001484,0
0.31313131,1.36363636,-0.0000001810,0.0000001810,0
0.32323232,1.36363636,-0.0000002199,0.0000002199,0
0.33333333,1.36363636,-0.0000002662,0.0000002662,0
0.34343434,1.36363636,-0.0000003210,0.0000003210,0
0.35353535,1.36363636,-0.0000003859,0.0000003859,0
0.36363636,1.36363636,-0.0000004627,0.0000004627,0
0.37373737,1.36363636,-0.0000005533,0.0000005533,0
0.38383838,1.36363636,-0.0000006601,0.0000006601,0
0.39393939,1.36363636,-0.0000007860,0.0000007860,0
0.40404040,1.36363636,-0.0000009343,0.0000009343,0
0.41414141,1.36363636,-0.0000011088,0.0000011088,0
0.42424242,1.36363636,-0.0000013140,0.0000013140,0
0.43434343,1.36363636,-0.0000015554,0.0000015554,0
0.44444444,1.36363636,-0.0000018393,0.0000018393,0
0.45454545,1.36363636,-0.0000021731,0.0000021731,0
0.46464646,1.36363636,-0.0000025659,0.0000025659,0
0.47474747,1.36363636,-0.0000030281,0.0000030281,0
0.48484848,1.36363636,-0.0000035724,0.0000035724,0
0.49494949,1.36363636,-0.0000042137,0.0000042137,0
0.50505051,1.36363636,-0.0000049699,0.0000049699,0
0.51515152,1.36363636,-0.0000058627,0.0000058627,0
0.52525253,1.36363636,-0.0000069177,0.0000069177,0
0.53535354,1.36363636,-0.0000081661,0.0000081661,0
0.54545455,1.36363636,-0.0000096456,0.0000096456,0
0.55555556,1.36363636,-0.0000114017,0.0000114017,0
0.56565657,1.36363636,-0.0000134901,0.0000134901,0
0.57575758,1.36363636,-0.0000159785,0.0000159785,0
0.58585859,1.36363636,-0.0000189500,0.0000189500,0
0.59595960,1.36363636,-0.0000225071,0.0000225071,0
0.60606061,1.36363636,-0.0000267763,0.0000267763,0
0.61616162,1.36363636,-0.0000319148,0.0000319148,0
0.62626263,1.36363636,-0.0000381187,0.0000381187,0
0.63636364,1.36363636,-0.0000456342,0.0000456342,0
0.64646465,1.36363636,-0.0000547717,0.0000547717,0
0.65656566,1.36363636,-0.0000659253,0.0000659253,0
0.66666667,1.36363636,-0.0000795981,0.0000795981,0
0.67676768,1.36363636,-0.0000964367,0.0000964367,0
0.68686869,1.36363636,-0.0001172781,0.0001172781,0
0.69696970,1.36363636,-0.0001432140,0.0001432140,0
0.70707071,1.36363636,-0.0001756798,0.0001756798,0
0.71717172,1.36363636,-0.0002165788,0.0002165788,0
0.72727273,1.36363636,-0.0002684579,0.0002684579,0
0.73737374,1.36363636,-0.0003347585,0.0003347585,0
0.74747475,1.36363636,-0.0004201794,0.0004201794,0
0.75757576,1.36363636,-0.0005312073,0.0005312073,0
0.76767677,1.36363636,-0.0006769028,0.0006769028,0
0.77777778,1.36363636,-0.0008700810,0.0008700810,0
0.78787879,1.36363636,-0.0011291086,0.0011291086,0
0.79797980,1.36363636,-0.0014806790,0.0014806790,0
0.80808081,1.36363636,-0.0019641587,0.0019641587,0
0.81818182,1.36363636,-0.0026384915,0.0026384915,0
0.82828283,1.36363636,-0.0035933129,0.0035933129,0
0.83838384,1.36363636,-0.0049670492,0.0049670492,0
0.84848485,1.36363636,-0.0069766404,0.0069766404,0
0.85858586,1.36363636,-0.0099664749,0.0099664749,0
0.86868687,1.36363636,-0.0144883362,0.0144883362,0
0.87878788,1.36363636,-0.0214286301,0.0214286301,0
0.88888889,1.36363636,-0.0321987623,0.0321987623,0
0.89898990,1.36363636,-0.0489832154,0.0489832154,0
0.90909091,1.36363636,-0.0749622204,0.0749622204,0
0.91919192,1.36363636,-0.1142538610,0.1142538610,0
0.92929293,1.36363636,-0.1711352001,0.1711352001,0
0.93939394,1.36363636,-0.2483271960,0.2483271960,0
0.94949495,1.36363636,-0.3452225691,0.3452225691,0
0.95959596,1.36363636,-0.4579019005,0.4579019005,0
0.96969697,1.36363636,-0.5814689408,0.5814689408,0
0.97979798,1.36363636,-0.7127661649,0.7127661649,0
0.98989899,1.36363636,-0.8515355390,0.8515355390,0
1.00000000,1.36363636,-1.0000000000,1.0000000000,0
0.00000000,1.42424242,0.0000000000,-0.0000000000,0
0.01010101,1.42424242,-0.0000000000,0.0000000000,0
0.02020202,1.42424242,-0.0000000000,0.0000000000,0
0.03030303,1.42424242,-0.0000000000,0.0000000000,0
0.04040404,1.42424242,-0.0000000000,0.0000000000,0
0.05050505,1.42424242,-0.0000000000,0.0000000000,0
0.06060606,1.42424242,-0.0000000000,0.0000000000,0
0.07070707,1.42424242,-0.0000000000,0.0000000000,0
0.08080808,1.42424242,-0.0000000000,0.0000000000,0
0.09090909,1.42424242,-0.0000000001,0.0000000001,0
0.10101010,1.42424242,-0.0000000001,0.0000000001,0
0.11111111,1.42424242,-0.0000000003,0.0000000003,0
0.12121212,1.42424242,-0.0000000004,0.0000000004,0
0.13131313,1.42424242,-0.0000000007,0.0000000007,0
0.14141414,1.42424242,-0.0000000011,0.0000000011,0
0.15151515,1.42424242,-0.0000000017,0.0000000017,0
0.16161616,1.42424242,-0.0000000025,0.0000000025,0
0.17171717,1.42424242,-0.0000000036,0.0000000036,0
0.18181818,1.42424242,-0.0000000050,0.0000000050,0
0.19191919,1.42424242,-0.0000000068,0.0000000068,0
0.20202020,1.42424242,-0.0000000091,0.0000000091,0
0.21212121,1.42424242,-0.0000000120,0.0000000120,0
0.22222222,1.42424242,-0.0000000156,0.0000000156,0
0.23232323,1.42424242,-0.0000000201,0.0000000201,0
0.24242424,1.42424242,-0.0000000256,0.0000000256,0
0.25252525,1.42424242,-0.0000000323,0.0000000323,0
0.26262626,1.42424242,-0.0000000405,0.0000000405,0
0.27272727,1.42424242,-0.0000000504,0.0000000504,0
0.28282828,1.42424242,-0.0000000622,0.0000000622,0
0.29292929,1.42424242,-0.0000000765,0.0000000765,0
0.30303030,1.42424242,-0.0000000935,0.0000000935,0
0.31313131,1.42424242,-0.0000001138,0.0000001138,0
0.32323232,1.42424242,-0.0000001380,0.0000001380,0
0.33333333,1.42424242,-0.0000001667,0.0000001667,0
0.34343434,1.42424242,-0.0000002007,0.0000002007,0
0.35353535,1.42424242,-0.0000002409,0.0000002409,0
0.36363636,1.42424242,-0.0000002884,0.0000002884,0
0.37373737,1.42424242,-0.0000003444,0.0000003444,0
0.38383838,1.42424242,-0.0000004105,0.0000004105,0
0.39393939,1.42424242,-0.0000004883,0.0000004883,0
0.40404040,1.42424242,-0.0000005798,0.0000005798,0
0.41414141,1.42424242,-0.0000006874,0.0000006874,0
0.42424242,1.42424242,-0.0000008139,0.0000008139,0
0.43434343,1.42424242,-0.0000009626,0.0000009626,0
0.44444444,1.42424242,-0.0000011374,0.0000011374,0
0.45454545,1.42424242,-0.0000013428,0.0000013428,0
0.46464646,1.42424242,-0.0000015843,0.0000015843,0
0.47474747,1.42424242,-0.0000018683,0.0000018683,0
0.48484848,1.42424242,-0.0000022024,0.0000022024,0
0.49494949,1.42424242,-0.0000025959,0.0000025959,0
0.50505051,1.42424242,-0.0000030595,0.0000030595,0
0.51515152,1.42424242,-0.0000036064,0.0000036064,0
0.52525253,1.42424242,-0.0000042521,0.0000042521,0
0.53535354,1.42424242,-0.0000050156,0.0000050156,0
0.54545455,1.42424242,-0.0000059195,0.0000059195,0
0.55555556,1.42424242,-0.0000069915,0.0000069915,0
0.56565657,1.42424242,-0.0000082650,0.0000082650,0
0.57575758,1.42424242,-0.0000097808,0.0000097808,0
0.58585859,1.42424242,-0.0000115888,0.0000115888,0
0.59595960,1.42424242,-0.0000137506,0.0000137506,0
0.60606061,1.42424242,-0.0000163418,0.0000163418,0
0.61616162,1.42424242,-0.0000194564,0.0000194564,0
0.62626263,1.42424242,-0.0000232115,0.0000232115,0
0.63636364,1.42424242,-0.0000277534,0.0000277534,0
0.64646465,1.42424242,-0.0000332667,0.0000332667,0
0.65656566,1.42424242,-0.0000399847,0.0000399847,0
0.66666667,1.42424242,-0.0000482050,0.0000482050,0
0.67676768,1.42424242,-0.0000583090,0.0000583090,0
0.68686869,1.42424242,-0.0000707890,0.0000707890,0
0.69696970,1.42424242,-0.0000862859,0.0000862859,0
0.70707071,1.42424242,-0.0001056400,0.0001056400,0
0.71717172,1.42424242,-0.0001299627,0.0001299627,0
0.72727273,1.42424242,-0.0001607378,0.0001607378,0
0.73737374,1.42424242,-0.0001999657,0.0001999657,0
0.74747475,1.42424242,-0.0002503720,0.0002503720,0
0.75757576,1.42424242,-0.0003157122,0.0003157122,0
0.76767677,1.42424242,-0.0004012248,0.0004012248,0
0.77777778,1.42424242,-0.0005143130,0.0005143130,0
0.78787879,1.42424242,-0.0006655858,0.0006655858,0
0.79797980,1.42424242,-0.0008704767,0.0008704767,0
0.80808081,1.42424242,-0.0011517996,0.0011517996,0
0.81818182,1.42424242,-0.0015438576,0.0015438576,0
0.82828283,1.42424242,-0.0020991645,0.0020991645,0
0.83838384,1.42424242,-0.0028996377,0.0028996377,0
0.84848485,1.42424242,-0.0040755479,0.0040755479,0
0.85858586,1.42424242,-0.0058380664,0.0058380664,0
0.86868687,1.42424242,-0.0085357110,0.0085357110,0
0.87878788,1.42424242,-0.0127523030,0.0127523030,0
0.88888889,1.42424242,-0.0194742045,0.0194742045,0
0.89898990,1.42424242,-0.0303619462,0.0303619462,0
0.90909091,1.42424242,-0.0481404968,0.0481404968,0
0.91919192,1.42424242,-0.0770012668,0.0770012668,0
0.92929293,1.42424242,-0.1225782218,0.1225782218,0
0.93939394,1.42424242,-0.1906451888,0.1906451888,0
0.94949495,1.42424242,-0.2841754238,0.2841754238,0
0.95959596,1.42424242,-0.4008336741,0.4008336741,0
0.96969697,1.42424242,-0.5343316186,0.5343316186,0
0.97979798,1.42424242,-0.6790413954,0.6790413954,0
0.98989899,1.42424242,-0.8333852189,0.8333852189,0
1.00000000,1.42424242,-1.0000000000,1.0000000000,0
0.00000000,1.48484848,0.0000000000,-0.0000000000,0
0.01010101,1.48484848,-0.0000000000,0.0000000000,0
0.02020202,1.48484848,-0.0000000000,0.0000000000,0
0.03030303,1.48484848,-0.0000000000,0.0000000000,0
0.04040404,1.48484848,-0.0000000000,0.0000000000,0
0.05050505,1.48484848,-0.0000000000,0.0000000000,0
0.06060606,1.48484848,-0.0000000000,0.0000000000,0
0.07070707,1.48484848,-0.0000000000,0.0000000000,0
0.08080808,1.48484848,-0.0000000000,0.0000000000,0
0.09090909,1.48484848,-0.0000000001,0.0000000001,0
0.10101010,1.48484848,-0.0000000001,0.0000000001,0
0.11111111,1.48484848,-0.0000000002,0.0000000002,0
0.12121212,1.48484848,-0.0000000003,0.0000000003,0
0.13131313,1.48484848,-0.0000000005,0.0000000005,0
0.14141414,1.48484848,-0.0000000008,0.0000000008,0
0.15151515,1.48484848,-0.0000000012,0.0000000012,0
0.16161616,1.48484848,-0.0000000017,0.0000000017,0
0.17171717,1.48484848,-0.0000000024,0.0000000024,0
0.18181818,1.48484848,-0.0000000033,0.0000000033,0
0.19191919,1.48484848,-0.0000000045,0.0000000045,0
0.20202020,1.48484848,-0.0000000060,0.0000000060,0
0.21212121,1.48484848,-0.0000000078,0.0000000078,0
0.22222222,1.48484848,-0.0000000101,0.0000000101,0
0.23232323,1.48484848,-0.0000000129,0.0000000129,0
0.24242424,1.48484848,-0.0000000163,0.0000000163,0
0.25252525,1.48484848,-0.0000000205,0.0000000205,0
0.26262626,1.48484848,-0.0000000256,0.0000000256,0
0.27272727,1.48484848,-0.0000000318,0.0000000318,0
0.28282828,1.48484848,-0.0000000392,0.0000000392,0
0.29292929,1.48484848,-0.0000000480,0.0000000480,0
0.30303030,1.48484848,-0.0000000586,0.0000000586,0
0.31313131,1.48484848,-0.0000000712,0.0000000712,0
0.32323232,1.48484848,-0.0000000862,0.0000000862,0
0.33333333,1.48484848,-0.0000001039,0.0000001039,0
0.34343434,1.48484848,-0.0000001250,0.0000001250,0
0.35353535,1.48484848,-0.0000001499,0.0000001499,0
0.36363636,1.48484848,-0.0000001792,0.0000001792,0
0.37373737,1.48484848,-0.0000002139,0.0000002139,0
0.38383838,1.48484848,-0.0000002547,0.0000002547,0
0.39393939,1.48484848,-0.0000003027,0.0000003027,0
0.40404040,1.48484848,-0.0000003591,0.0000003591,0
0.41414141,1.48484848,-0.0000004255,0.0000004255,0
0.42424242,1.48484848,-0.0000005035,0.0000005035,0
0.43434343,1.48484848,-0.0000005950,0.0000005950,0
0.44444444,1.48484848,-0.0000007026,0.0000007026,0
0.45454545,1.48484848,-0.0000008290,0.0000008290,0
0.46464646,1.48484848,-0.0000009775,0.0000009775,0
0.47474747,1.48484848,-0.0000011521,0.0000011521,0
0.48484848,1.48484848,-0.0000013574,0.0000013574,0
0.49494949,1.48484848,-0.0000015989,0.0000015989,0
0.50505051,1.48484848,-0.0000018834,0.0000018834,0
0.51515152,1.48484848,-0.0000022187,0.0000022187,0
0.52525253,1.48484848,-0.0000026145,0.0000026145,0
0.53535354,1.48484848,-0.0000030820,0.0000030820,0
0.54545455,1.48484848,-0.0000036351,0.0000036351,0
0.55555556,1.48484848,-0.0000042906,0.0000042906,0
0.56565657,1.48484848,-0.0000050686,0.0000050686,0
0.57575758,1.48484848,-0.0000059938,0.0000059938,0
0.58585859,1.48484848,-0.0000070965,0.0000070965,0
0.59595960,1.48484848,-0.0000084135,0.0000084135,0
0.60606061,1.48484848,-0.0000099906,0.0000099906,0
0.61616162,1.48484848,-0.0000118840,0.0000118840,0
0.62626263,1.48484848,-0.0000141641,0.0000141641,0
0.63636364,1.48484848,-0.0000169184,0.0000169184,0
0.64646465,1.48484848,-0.0000202572,0.0000202572,0
0.65656566,1.48484848,-0.0000243196,0.0000243196,0
0.66666667,1.48484848,-0.0000292826,0.0000292826,0
0.67676768,1.48484848,-0.0000353725,0.0000353725,0
0.68686869,1.48484848,-0.0000428810,0.0000428810,0
0.69696970,1.48484848,-0.0000521866,0.0000521866,0
0.70707071,1.48484848,-0.0000637844,0.0000637844,0
0.71717172,1.48484848,-0.0000783277,0.0000783277,0
0.72727273,1.48484848,-0.0000966862,0.0000966862,0
0.73737374,1.48484848,-0.0001200295,0.0001200295,0
0.74747475,1.48484848,-0.0001499471,0.0001499471,0
0.75757576,1.48484848,-0.0001886235,0.0001886235,0
0.76767677,1.48484848,-0.0002390993,0.0002390993,0
0.77777778,1.48484848,-0.0003056621,0.0003056621,0
0.78787879,1.48484848,-0.0003944471,0.0003944471,0
0.79797980,1.48484848,-0.0005143700,0.0005143700,0
0.80808081,1.48484848,-0.0006786079,0.0006786079,0
0.81818182,1.48484848,-0.0009069940,0.0009069940,0
0.82828283,1.48484848,-0.0012299706,0.0012299706,0
0.83838384,1.48484848,-0.0016952575,0.0016952575,0
0.84848485,1.48484848,-0.0023793503,0.0023793503,0
0.85858586,1.48484848,-0.0034077870,0.0034077870,0
0.86868687,1.48484848,-0.0049916096,0.0049916096,0
0.87878788,1.48484848,-0.0074940744,0.0074940744,0
0.88888889,1.48484848,-0.0115537857,0.0115537857,0
0.89898990,1.48484848,-0.0183102483,0.0183102483,0
0.90909091,1.48484848,-0.0298001832,0.0298001832,0
0.91919192,1.48484848,-0.0495764137,0.0495764137,0
0.92929293,1.48484848,-0.0833951453,0.0833951453,0
0.93939394,1.48484848,-0.1391433273,0.1391433273,0
0.94949495,1.48484848,-0.2243201024,0.2243201024,0
0.95959596,1.48484848,-0.3409136946,0.3409136946,0
0.96969697,1.48484848,-0.4829516003,0.4829516003,0
0.97979798,1.48484848,-0.6417129940,0.6417129940,0
0.98989899,1.48484848,-0.8131306661,0.8131306661,0
1.00000000,1.48484848,-1.0000000000,1.0000000000,0
0.00000000,1.54545455,0.0000000000,-0.0000000000,0
0.01010101,1.54545455,-0.0000000000,0.0000000000,0
0.02020202,1.54545455,-0.0000000000,0.0000000000,0
0.03030303,1.54545455,-0.0000000000,0.0000000000,0
0.04040404,1.54545455,-0.0000000000,0.0000000000,0
0.05050505,1.54545455,-0.0000000000,0.0000000000,0
0.06060606,1.54545455,-0.0000000000,0.0000000000,0
0.07070707,1.54545455,-0.0000000000,0.0000000000,0
0.08080808,1.54545455,-0.0000000000,0.0000000000,0
0.09090909,1.54545455,-0.0000000000,0.0000000000,0
0.10101010,1.54545455,-0.0000000001,0.0000000001,0
0.11111111,1.54545455,-0.0000000001,0.0000000001,0
0.12121212,1.54545455,-0.0000000002,0.0000000002,0
0.13131313,1.54545455,-0.0000000004,0.0000000004,0
0.14141414,1.54545455,-0.0000000006,0.0000000006,0
0.15151515,1.54545455,-0.0000000008,0.0000000008,0
0.16161616,1.54545455,-0.0000000012,0.0000000012,0
0.17171717,1.54545455,-0.0000000016,0.0000000016,0
0.18181818,1.54545455,-0.0000000022,0.0000000022,0
0.19191919,1.54545455,-0.0000000029,0.0000000029,0
0.20202020,1.54545455,-0.0000000038,0.0000000038,0
0.21212121,1.54545455,-0.0000000050,0.0000000050,0
0.22222222,1.54545455,-0.0000000064,0.0000000064,0
0.23232323,1.54545455,-0.0000000082,0.0000000082,0
0.24242424,1.54545455,-0.0000000103,0.0000000103,0
0.25252525,1.54545455,-0.0000000129,0.0000000129,0
0.26262626,1.54545455,-0.0000000161,0.0000000161,0
0.27272727,1.54545455,-0.0000000199,0.0000000199,0
0.28282828,1.54545455,-0.0000000245,0.0000000245,0
0.29292929,1.54545455,-0.0000000300,0.0000000300,0
0.30303030,1.54545455,-0.0000000365,0.0000000365,0
0.31313131,1.54545455,-0.0000000444,0.0000000444,0
0.32323232,1.54545455,-0.0000000536,0.0000000536,0
0.33333333,1.54545455,-0.0000000646,0.0000000646,0
0.34343434,1.54545455,-0.0000000776,0.0000000776,0
0.35353535,1.54545455,-0.0000000930,0.0000000930,0
0.36363636,1.54545455,-0.0000001112,0.0000001112,0
0.37373737,1.54545455,-0.0000001325,0.0000001325,0
0.38383838,1.54545455,-0.0000001577,0.0000001577,0
0.39393939,1.54545455,-0.0000001873,0.0000001873,0
0.40404040,1.54545455,-0.0000002221,0.0000002221,0
0.41414141,1.54545455,-0.0000002630,0.0000002630,0
0.42424242,1.54545455,-0.0000003111,0.0000003111,0
0.43434343,1.54545455,-0.0000003675,0.0000003675,0
0.44444444,1.54545455,-0.0000004337,0.0000004337,0
0.45454545,1.54545455,-0.0000005115,0.0000005115,0
0.46464646,1.54545455,-0.0000006029,0.0000006029,0
0.47474747,1.54545455,-0.0000007102,0.0000007102,0
0.48484848,1.54545455,-0.0000008364,0.0000008364,0
0.49494949,1.54545455,-0.0000009848,0.0000009848,0
0.50505051,1.54545455,-0.0000011594,0.0000011594,0
0.51515152,1.54545455,-0.0000013652,0.0000013652,0
0.52525253,1.54545455,-0.0000016079,0.0000016079,0
0.53535354,1.54545455,-0.0000018946,0.0000018946,0
0.54545455,1.54545455,-0.0000022335,0.0000022335,0
0.55555556,1.54545455,-0.0000026348,0.0000026348,0
0.56565657,1.54545455,-0.0000031109,0.0000031109,0
0.57575758,1.54545455,-0.0000036766,0.0000036766,0
0.58585859,1.54545455,-0.0000043504,0.0000043504,0
0.59595960,1.54545455,-0.0000051544,0.0000051544,0
0.60606061,1.54545455,-0.0000061164,0.0000061164,0
0.61616162,1.54545455,-0.0000072704,0.0000072704,0
0.62626263,1.54545455,-0.0000086586,0.0000086586,0
0.63636364,1.54545455,-0.0000103337,0.0000103337,0
0.64646465,1.54545455,-0.0000123620,0.0000123620,0
0.65656566,1.54545455,-0.0000148268,0.0000148268,0
0.66666667,1.54545455,-0.0000178341,0.0000178341,0
0.67676768,1.54545455,-0.0000215190,0.0000215190,0
0.68686869,1.54545455,-0.0000260552,0.0000260552,0
0.69696970,1.54545455,-0.0000316677,0.0000316677,0
0.70707071,1.54545455,-0.0000386502,0.0000386502,0
0.71717172,1.54545455,-0.0000473891,0.0000473891,0
0.72727273,1.54545455,-0.0000583976,0.0000583976,0
0.73737374,1.54545455,-0.0000723639,0.0000723639,0
0.74747475,1.54545455,-0.0000902209,0.0000902209,0
0.75757576,1.54545455,-0.0001132471,0.0001132471,0
0.76767677,1.54545455,-0.0001432169,0.0001432169,0
0.77777778,1.54545455,-0.0001826263,0.0001826263,0
0.78787879,1.54545455,-0.0002350374,0.0002350374,0
0.79797980,1.54545455,-0.0003056153,0.0003056153,0
0.80808081,1.54545455,-0.0004019806,0.0004019806,0
0.81818182,1.54545455,-0.0005355906,0.0005355906,0
0.82828283,1.54545455,-0.0007240292,0.0007240292,0
0.83838384,1.54545455,-0.0009948966,0.0009948966,0
0.84848485,1.54545455,-0.0013925846,0.0013925846,0
0.85858586,1.54545455,-0.0019904021,0.0019904021,0
0.86868687,1.54545455,-0.0029128800,0.0029128800,0
0.87878788,1.54545455,-0.0043779296,0.0043779296,0
0.88888889,1.54545455,-0.0067784943,0.0067784943,0
0.89898990,1.54545455,-0.0108434210,0.0108434210,0
0.90909091,1.54545455,-0.0179545700,0.0179545700,0
0.91919192,1.54545455,-0.0307494474,0.0307494474,0
0.92929293,1.54545455,-0.0541320828,0.0541320828,0
0.93939394,1.54545455,-0.0964085343,0.0964085343,0
0.94949495,1.54545455,-0.1687692112,0.1687692112,0
0.95959596,1.54545455,-0.2798471011,0.2798471011,0
0.96969697,1.54545455,-0.4275409657,0.4275409657,0
0.97979798,1.54545455,-0.6005040286,0.6005040286,0
0.98989899,1.54545455,-0.7905525647,0.7905525647,0
1.00000000,1.54545455,-1.0000000000,1.0000000000,0
0.00000000,1.60606061,0.0000000000,-0.0000000000,0
0.01010101,1.60606061,-0.0000000000,0.0000000000,0
0.02020202,1.60606061,-0.0000000000,0.0000000000,0
0.03030303,1.60606061,-0.0000000000,0.0000000000,0
0.04040404,1.60606061,-0.0000000000,0.0000000000,0
0.05050505,1.60606061,-0.0000000000,0.0000000000,0
0.06060606,1.60606061,-0.0000000000,0.0000000000,0
0.07070707,1.60606061,-0.0000000000,0.0000000000,0
0.08080808,1.60606061,-0.0000000000,0.0000000000,0
0.09090909,1.60606061,-0.0000000000,0.0000000000,0
0.10101010,1.60606061,-0.0000000001,0.0000000001,0
0.11111111,1.60606061,-0.0000000001,0.0000000001,0
0.12121212,1.60606061,-0.0000000002,0.0000000002,0
0.13131313,1.60606061,-0.0000000002,0.0000000002,0
0.14141414,1.60606061,-0.0000000004,0.0000000004,0
0.15151515,1.60606061,-0.0000000005,0.0000000005,0
0.16161616,1.60606061,-0.0000000008,0.0000000008,0
0.17171717,1.60606061,-0.0000000010,0.0000000010,0
0.18181818,1.60606061,-0.0000000014,0.0000000014,0
0.19191919,1.60606061,-0.0000000019,0.0000000019,0
0.20202020,1.60606061,-0.0000000024,0.0000000024,0
0.21212121,1.60606061,-0.0000000032,0.0000000032,0
0.22222222,1.60606061,-0.0000000041,0.0000000041,0
0.23232323,1.60606061,-0.0000000051,0.0000000051,0
0.24242424,1.60606061,-0.0000000065,0.0000000065,0
0.25252525,1.60606061,-0.0000000081,0.0000000081,0
0.26262626,1.60606061,-0.0000000101,0.0000000101,0
0.27272727,1.60606061,-0.0000000124,0.0000000124,0
0.28282828,1.60606061,-0.0000000153,0.0000000153,0
0.29292929,1.60606061,-0.0000000187,0.0000000187,0
0.30303030,1.60606061,-0.0000000227,0.0000000227,0
0.31313131,1.60606061,-0.0000000276,0.0000000276,0
0.32323232,1.60606061,-0.0000000333,0.0000000333,0
0.33333333,1.60606061,-0.0000000401,0.0000000401,0
0.34343434,1.60606061,-0.0000000481,0.0000000481,0
0.35353535,1.60606061,-0.0000000576,0.0000000576,0
0.36363636,1.60606061,-0.0000000688,0.0000000688,0
0.37373737,1.60606061,-0.0000000820,0.0000000820,0
0.38383838,1.60606061,-0.0000000975,0.0000000975,0
0.39393939,1.60606061,-0.0000001158,0.0000001158,0
0.40404040,1.60606061,-0.0000001373,0.0000001373,0
0.41414141,1.60606061,-0.0000001625,0.0000001625,0
0.42424242,1.60606061,-0.0000001921,0.0000001921,0
0.43434343,1.60606061,-0.0000002268,0.0000002268,0
0.44444444,1.60606061,-0.0000002676,0.0000002676,0
0.45454545,1.60606061,-0.0000003155,0.0000003155,0
0.46464646,1.60606061,-0.0000003717,0.0000003717,0
0.47474747,1.60606061,-0.0000004377,0.0000004377,0
0.48484848,1.60606061,-0.0000005153,0.0000005153,0
0.49494949,1.60606061,-0.0000006065,0.0000006065,0
0.50505051,1.60606061,-0.0000007138,0.0000007138,0
0.51515152,1.60606061,-0.0000008402,0.0000008402,0
0.52525253,1.60606061,-0.0000009892,0.0000009892,0
0.53535354,1.60606061,-0.0000011650,0.0000011650,0
0.54545455,1.60606061,-0.0000013729,0.0000013729,0
0.55555556,1.60606061,-0.0000016189,0.0000016189,0
0.56565657,1.60606061,-0.0000019106,0.0000019106,0
0.57575758,1.60606061,-0.0000022570,0.0000022570,0
0.58585859,1.60606061,-0.0000026693,0.0000026693,0
0.59595960,1.60606061,-0.0000031611,0.0000031611,0
0.60606061,1.60606061,-0.0000037490,0.0000037490,0
0.61616162,1.60606061,-0.0000044537,0.0000044537,0
0.62626263,1.60606061,-0.0000053007,0.0000053007,0
0.63636364,1.60606061,-0.0000063220,0.0000063220,0
0.64646465,1.60606061,-0.0000075574,0.0000075574,0
0.65656566,1.60606061,-0.0000090572,0.0000090572,0
0.66666667,1.60606061,-0.0000108850,0.0000108850,0
0.67676768,1.60606061,-0.0000131220,0.0000131220,0
0.68686869,1.60606061,-0.0000158723,0.0000158723,0
0.69696970,1.60606061,-0.0000192703,0.0000192703,0
0.70707071,1.60606061,-0.0000234913,0.0000234913,0
0.71717172,1.60606061,-0.0000287653,0.0000287653,0
0.72727273,1.60606061,-0.0000353971,0.0000353971,0
0.73737374,1.60606061,-0.0000437942,0.0000437942,0
0.74747475,1.60606061,-0.0000545078,0.0000545078,0
0.75757576,1.60606061,-0.0000682910,0.0000682910,0
0.76767677,1.60606061,-0.0000861860,0.0000861860,0
0.77777778,1.60606061,-0.0001096548,0.0001096548,0
0.78787879,1.60606061,-0.0001407774,0.0001407774,0
0.79797980,1.60606061,-0.0001825614,0.0001825614,0
0.80808081,1.60606061,-0.0002394322,0.0002394322,0
0.81818182,1.60606061,-0.0003180271,0.0003180271,0
0.82828283,1.60606061,-0.0004285142,0.0004285142,0
0.83838384,1.60606061,-0.0005868362,0.0005868362,0
0.84848485,1.60606061,-0.0008186405,0.0008186405,0
0.85858586,1.60606061,-0.0011663680,0.0011663680,0
0.86868687,1.60606061,-0.0017024604,0.0017024604,0
0.87878788,1.60606061,-0.0025548123,0.0025548123,0
0.88888889,1.60606061,-0.0039575432,0.0039575432,0
0.89898990,1.60606061,-0.0063556527,0.0063556527,0
0.90909091,1.60606061,-0.0106264350,0.0106264350,0
0.91919192,1.60606061,-0.0185517401,0.0185517401,0
0.92929293,1.60606061,-0.0337899262,0.0337899262,0
0.93939394,1.60606061,-0.0635991184,0.0635991184,0
0.94949495,1.60606061,-0.1205833058,0.1205833058,0
0.95959596,1.60606061,-0.2201816583,0.2201816583,0
0.96969697,1.60606061,-0.3687625408,0.3687625408,0
0.97979798,1.60606061,-0.5551815058,0.5551815058,0
0.98989899,1.60606061,-0.7654136751,0.7654136751,0
1.00000000,1.60606061,-1.0000000000,1.0000000000,0
0.00000000,1.66666667,0.0000000000,-0.0000000000,0
0.01010101,1.66666667,-0.0000000000,0.0000000000,0
0.02020202,1.66666667,-0.0000000000,0.0000000000,0
0.03030303,1.66666667,-0.0000000000,0.0000000000,0
0.04040404,1.66666667,-0.0000000000,0.0000000000,0
0.05050505,1.66666667,-0.0000000000,0.0000000000,0
0.06060606,1.66666667,-0.0000000000,0.0000000000,0
0.07070707,1.66666667,-0.0000000000,0.0000000000,0
0.08080808,1.66666667,-0.0000000000,0.0000000000,0
0.09090909,1.66666667,-0.0000000000,0.0000000000,0
0.10101010,1.66666667,-0.0000000000,0.0000000000,0
0.11111111,1.66666667,-0.0000000001,0.0000000001,0
0.12121212,1.66666667,-0.0000000001,0.0000000001,0
0.13131313,1.66666667,-0.0000000002,0.0000000002,0
0.14141414,1.66666667,-0.0000000002,0.0000000002,0
0.15151515,1.66666667,-0.0000000003,0.0000000003,0
0.16161616,1.66666667,-0.0000000005,0.0000000005,0
0.17171717,1.66666667,-0.0000000007,0.0000000007,0
0.18181818,1.66666667,-0.0000000009,0.0000000009,0
0.19191919,1.66666667,-0.0000000012,0.0000000012,0
0.20202020,1.66666667,-0.0000000015,0.0000000015,0
0.21212121,1.66666667,-0.0000000020,0.0000000020,0
0.22222222,1.66666667,-0.0000000025,0.0000000025,0
0.23232323,1.66666667,-0.0000000032,0.0000000032,0
0.24242424,1.66666667,-0.0000000041,0.0000000041,0
0.25252525,1.66666667,-0.0000000051,0.0000000051,0
0.26262626,1.66666667,-0.0000000063,0.0000000063,0
0.27272727,1.66666667,-0.0000000077,0.0000000077,0
0.28282828,1.66666667,-0.0000000095,0.0000000095,0
0.29292929,1.66666667,-0.0000000116,0.0000000116,0
0.30303030,1.66666667,-0.0000000141,0.0000000141,0
0.31313131,1.66666667,-0.0000000171,0.0000000171,0
0.32323232,1.66666667,-0.0000000206,0.0000000206,0
0.33333333,1.66666667,-0.0000000248,0.0000000248,0
0.34343434,1.66666667,-0.0000000298,0.0000000298,0
0.35353535,1.66666667,-0.0000000356,0.0000000356,0
0.36363636,1.66666667,-0.0000000426,0.0000000426,0
0.37373737,1.66666667,-0.0000000507,0.0000000507,0
0.38383838,1.66666667,-0.0000000603,0.0000000603,0
0.39393939,1.66666667,-0.0000000715,0.0000000715,0
0.40404040,1.66666667,-0.0000000847,0.0000000847,0
0.41414141,1.66666667,-0.0000001003,0.0000001003,0
0.42424242,1.66666667,-0.0000001185,0.0000001185,0
0.43434343,1.66666667,-0.0000001399,0.0000001399,0
0.44444444,1.66666667,-0.0000001650,0.0000001650,0
0.45454545,1.66666667,-0.0000001945,0.0000001945,0
0.46464646,1.66666667,-0.0000002291,0.0000002291,0
0.47474747,1.66666667,-0.0000002697,0.0000002697,0
0.48484848,1.66666667,-0.0000003174,0.0000003174,0
0.49494949,1.66666667,-0.0000003735,0.0000003735,0
0.50505051,1.66666667,-0.0000004394,0.0000004394,0
0.51515152,1.66666667,-0.0000005171,0.0000005171,0
0.52525253,1.66666667,-0.0000006086,0.0000006086,0
0.53535354,1.66666667,-0.0000007166,0.0000007166,0
0.54545455,1.66666667,-0.0000008442,0.0000008442,0
0.55555556,1.66666667,-0.0000009951,0.0000009951,0
0.56565657,1.66666667,-0.0000011740,0.0000011740,0
0.57575758,1.66666667,-0.0000013864,0.0000013864,0
0.58585859,1.66666667,-0.0000016390,0.0000016390,0
0.59595960,1.66666667,-0.0000019402,0.0000019402,0
0.60606061,1.66666667,-0.0000023000,0.0000023000,0
0.61616162,1.66666667,-0.0000027311,0.0000027311,0
0.62626263,1.66666667,-0.0000032489,0.0000032489,0
0.63636364,1.66666667,-0.0000038728,0.0000038728,0
0.64646465,1.66666667,-0.0000046269,0.0000046269,0
0.65656566,1.66666667,-0.0000055417,0.0000055417,0
0.66666667,1.66666667,-0.0000066555,0.0000066555,0
0.67676768,1.66666667,-0.0000080173,0.0000080173,0
0.68686869,1.66666667,-0.0000096897,0.0000096897,0
0.69696970,1.66666667,-0.0000117536,0.0000117536,0
0.70707071,1.66666667,-0.0000143142,0.0000143142,0
0.71717172,1.66666667,-0.0000175090,0.0000175090,0
0.72727273,1.66666667,-0.0000215201,0.0000215201,0
0.73737374,1.66666667,-0.0000265906,0.0000265906,0
0.74747475,1.66666667,-0.0000330478,0.0000330478,0
0.75757576,1.66666667,-0.0000413385,0.0000413385,0
0.76767677,1.66666667,-0.0000520789,0.0000520789,0
0.77777778,1.66666667,-0.0000661307,0.0000661307,0
0.78787879,1.66666667,-0.0000847166,0.0000847166,0
0.79797980,1.66666667,-0.0001095988,0.0001095988,0
0.80808081,1.66666667,-0.0001433620,0.0001433620,0
0.81818182,1.66666667,-0.0001898709,0.0001898709,0
0.82828283,1.66666667,-0.0002550290,0.0002550290,0
0.83838384,1.66666667,-0.0003480691,0.0003480691,0
0.84848485,1.66666667,-0.0004838170,0.0004838170,0
0.85858586,1.66666667,-0.0006867869,0.0006867869,0
0.86868687,1.66666667,-0.0009988611,0.0009988611,0
0.87878788,1.66666667,-0.0014942480,0.0014942480,0
0.88888889,1.66666667,-0.0023098406,0.0023098406,0
0.89898990,1.66666667,-0.0037095439,0.0037095439,0
0.90909091,1.66666667,-0.0062264871,0.0062264871,0
0.91919192,1.66666667,-0.0109889212,0.0109889212,0
0.92929293,1.66666667,-0.0204783205,0.0204783205,0
0.93939394,1.66666667,-0.0402196819,0.0402196819,0
0.94949495,1.66666667,-0.0818429684,0.0818429684,0
0.95959596,1.66666667,-0.1650542187,0.1650542187,0
0.96969697,1.66666667,-0.3079491723,0.3079491723,0
0.97979798,1.66666667,-0.5056165395,0.5056165395,0
0.98989899,1.66666667,-0.7374588646,0.7374588646,0
1.00000000,1.66666667,-1.0000000000,1.0000000000,0
0.00000000,1.72727273,0.0000000000,-0.0000000000,0
0.01010101,1.72727273,-0.0000000000,0.0000000000,0
0.02020202,1.72727273,-0.0000000000,0.0000000000,0
0.03030303,1.72727273,-0.0000000000,0.0000000000,0
0.04040404,1.72727273,-0.0000000000,0.0000000000,0
0.05050505,1.72727273,-0.0000000000,0.0000000000,0
0.06060606,1.72727273,-0.0000000000,0.0000000000,0
0.07070707,1.72727273,-0.0000000000,0.0000000000,0
0.08080808,1.72727273,-0.0000000000,0.0000000000,0
0.09090909,1.72727273,-0.0000000000,0.0000000000,0
0.10101010,1.72727273,-0.0000000000,0.0000000000,0
0.11111111,1.72727273,-0.0000000000,0.0000000000,0
0.12121212,1.72727273,-0.0000000001,0.0000000001,0
0.13131313,1.72727273,-0.0000000001,0.0000000001,0
0.14141414,1.72727273,-0.0000000002,0.0000000002,0
0.15151515,1.72727273,-0.0000000002,0.0000000002,0
0.16161616,1.72727273,-0.0000000003,0.0000000003,0
0.17171717,1.72727273,-0.0000000004,0.0000000004,0
0.18181818,1.72727273,-0.0000000006,0.0000000006,0
0.19191919,1.72727273,-0.0000000007,0.0000000007,0
0.20202020,1.72727273,-0.0000000010,0.0000000010,0
0.21212121,1.72727273,-0.0000000012,0.0000000012,0
0.22222222,1.72727273,-0.0000000016,0.0000000016,0
0.23232323,1.72727273,-0.0000000020,0.0000000020,0
0.24242424,1.72727273,-0.0000000025,0.0000000025,0
0.25252525,1.72727273,-0.0000000031,0.0000000031,0
0.26262626,1.72727273,-0.0000000039,0.0000000039,0
0.27272727,1.72727273,-0.0000000048,0.0000000048,0
0.28282828,1.72727273,-0.0000000059,0.0000000059,0
0.29292929,1.72727273,-0.0000000072,0.0000000072,0
0.30303030,1.72727273,-0.0000000087,0.0000000087,0
0.31313131,1.72727273,-0.0000000106,0.0000000106,0
0.32323232,1.72727273,-0.0000000128,0.0000000128,0
0.33333333,1.72727273,-0.0000000154,0.0000000154,0
0.34343434,1.72727273,-0.0000000184,0.0000000184,0
0.35353535,1.72727273,-0.0000000220,0.0000000220,0
0.36363636,1.72727273,-0.0000000263,0.0000000263,0
0.37373737,1.72727273,-0.0000000313,0.0000000313,0
0.38383838,1.72727273,-0.0000000372,0.0000000372,0
0.39393939,1.72727273,-0.0000000441,0.0000000441,0
0.40404040,1.72727273,-0.0000000523,0.0000000523,0
0.41414141,1.72727273,-0.0000000619,0.0000000619,0
0.42424242,1.72727273,-0.0000000731,0.0000000731,0
0.43434343,1.72727273,-0.0000000863,0.0000000863,0
0.44444444,1.72727273,-0.0000001017,0.0000001017,0
0.45454545,1.72727273,-0.0000001199,0.0000001199,0
0.46464646,1.72727273,-0.0000001412,0.0000001412,0
0.47474747,1.72727273,-0.0000001661,0.0000001661,0
0.48484848,1.72727273,-0.0000001955,0.0000001955,0
0.49494949,1.72727273,-0.0000002300,0.0000002300,0
0.50505051,1.72727273,-0.0000002705,0.0000002705,0
0.51515152,1.72727273,-0.0000003183,0.0000003183,0
0.52525253,1.72727273,-0.0000003745,0.0000003745,0
0.53535354,1.72727273,-0.0000004409,0.0000004409,0
0.54545455,1.72727273,-0.0000005192,0.0000005192,0
0.55555556,1.72727273,-0.0000006119,0.0000006119,0
0.56565657,1.72727273,-0.0000007217,0.0000007217,0
0.57575758,1.72727273,-0.0000008521,0.0000008521,0
0.58585859,1.72727273,-0.0000010070,0.0000010070,0
0.59595960,1.72727273,-0.0000011917,0.0000011917,0
0.60606061,1.72727273,-0.0000014122,0.0000014122,0
0.61616162,1.72727273,-0.0000016762,0.0000016762,0
0.62626263,1.72727273,-0.0000019933,0.0000019933,0
0.63636364,1.72727273,-0.0000023750,0.0000023750,0
0.64646465,1.72727273,-0.0000028361,0.0000028361,0
0.65656566,1.72727273,-0.0000033951,0.0000033951,0
0.66666667,1.72727273,-0.0000040752,0.0000040752,0
0.67676768,1.72727273,-0.0000049061,0.0000049061,0
0.68686869,1.72727273,-0.0000059257,0.0000059257,0
0.69696970,1.72727273,-0.0000071827,0.0000071827,0
0.70707071,1.72727273,-0.0000087405,0.0000087405,0
0.71717172,1.72727273,-0.0000106819,0.0000106819,0
0.72727273,1.72727273,-0.0000131162,0.0000131162,0
0.73737374,1.72727273,-0.0000161891,0.0000161891,0
0.74747475,1.72727273,-0.0000200965,0.0000200965,0
0.75757576,1.72727273,-0.0000251046,0.0000251046,0
0.76767677,1.72727273,-0.0000315801,0.0000315801,0
0.77777778,1.72727273,-0.0000400345,0.0000400345,0
0.78787879,1.72727273,-0.0000511911,0.0000511911,0
0.79797980,1.72727273,-0.0000660891,0.0000660891,0
0.80808081,1.72727273,-0.0000862480,0.0000862480,0
0.81818182,1.72727273,-0.0001139323,0.0001139323,0
0.82828283,1.72727273,-0.0001525891,0.0001525891,0
0.83838384,1.72727273,-0.0002075917,0.0002075917,0
0.84848485,1.72727273,-0.0002875421,0.0002875421,0
0.85858586,1.72727273,-0.0004066274,0.0004066274,0
0.86868687,1.72727273,-0.0005890475,0.0005890475,0
0.87878788,1.72727273,-0.0008776793,0.0008776793,0
0.88888889,1.72727273,-0.0013518247,0.0013518247,0
0.89898990,1.72727273,-0.0021654155,0.0021654155,0
0.90909091,1.72727273,-0.0036337579,0.0036337579,0
0.91919192,1.72727273,-0.0064414138,0.0064414138,0
0.92929293,1.72727273,-0.0121643777,0.0121643777,0
0.93939394,1.72727273,-0.0246076666,0.0246076666,0
0.94949495,1.72727273,-0.0530142923,0.0530142923,0
0.95959596,1.72727273,-0.1174863817,0.1174863817,0
0.96969697,1.72727273,-0.2472675483,0.2472675483,0
0.97979798,1.72727273,-0.4518868522,0.4518868522,0
0.98989899,1.72727273,-0.7064164274,0.7064164274,0
1.00000000,1.72727273,-1.0000000000,1.0000000000,0
0.00000000,1.78787879,0.0000000000,-0.0000000000,0
0.01010101,1.78787879,-0.0000000000,0.0000000000,0
0.02020202,1.78787879,-0.0000000000,0.0000000000,0
0.03030303,1.78787879,-0.0000000000,0.0000000000,0
0.04040404,1.78787879,-0.0000000000,0.0000000000,0
0.05050505,1.78787879,-0.0000000000,0.0000000000,0
0.06060606,1.78787879,-0.0000000000,0.0000000000,0
0.07070707,1.78787879,-0.0000000000,0.0000000000,0
0.08080808,1.78787879,-0.0000000000,0.0000000000,0
0.09090909,1.78787879,-0.0000000000,0.0000000000,0
0.10101010,1.78787879,-0.0000000000,0.0000000000,0
0.11111111,1.78787879,-0.0000000000,0.0000000000,0
0.12121212,1.78787879,-0.0000000000,0.0000000000,0
0.13131313,1.78787879,-0.0000000001,0.0000000001,0
0.14141414,1.78787879,-0.0000000001,0.0000000001,0
0.15151515,1.78787879,-0.0000000001,0.0000000001,0
0.16161616,1.78787879,-0.0000000002,0.0000000002,0
0.17171717,1.78787879,-0.0000000003,0.0000000003,0
0.18181818,1.78787879,-0.0000000004,0.0000000004,0
0.19191919,1.78787879,-0.0000000005,0.0000000005,0
0.20202020,1.78787879,-0.0000000006,0.0000000006,0
0.21212121,1.78787879,-0.0000000008,0.0000000008,0
0.22222222,1.78787879,-0.0000000010,0.0000000010,0
0.23232323,1.78787879,-0.0000000012,0.0000000012,0
0.24242424,1.78787879,-0.0000000016,0.0000000016,0
0.25252525,1.78787879,-0.0000000020,0.0000000020,0
0.26262626,1.78787879,-0.0000000024,0.0000000024,0
0.27272727,1.78787879,-0.0000000030,0.0000000030,0
0.28282828,1.78787879,-0.0000000036,0.0000000036,0
0.29292929,1.78787879,-0.0000000044,0.0000000044,0
0.30303030,1.78787879,-0.0000000054,0.0000000054,0
0.31313131,1.78787879,-0.0000000065,0.0000000065,0
0.32323232,1.78787879,-0.0000000079,0.0000000079,0
0.33333333,1.78787879,-0.0000000095,0.0000000095,0
0.34343434,1.78787879,-0.0000000114,0.0000000114,0
0.35353535,1.78787879,-0.0000000136,0.0000000136,0
0.36363636,1.78787879,-0.0000000162,0.0000000162,0
0.37373737,1.78787879,-0.0000000193,0.0000000193,0
0.38383838,1.78787879,-0.0000000230,0.0000000230,0
0.39393939,1.78787879,-0.0000000272,0.0000000272,0
0.40404040,1.78787879,-0.0000000323,0.0000000323,0
0.41414141,1.78787879,-0.0000000381,0.0000000381,0
0.42424242,1.78787879,-0.0000000451,0.0000000451,0
0.43434343,1.78787879,-0.0000000532,0.0000000532,0
0.44444444,1.78787879,-0.0000000627,0.0000000627,0
0.45454545,1.78787879,-0.0000000739,0.0000000739,0
0.46464646,1.78787879,-0.0000000870,0.0000000870,0
0.47474747,1.78787879,-0.0000001023,0.0000001023,0
0.48484848,1.78787879,-0.0000001204,0.0000001204,0
0.49494949,1.78787879,-0.0000001416,0.0000001416,0
0.50505051,1.78787879,-0.0000001666,0.0000001666,0
0.51515152,1.78787879,-0.0000001959,0.0000001959,0
0.52525253,1.78787879,-0.0000002305,0.0000002305,0
0.53535354,1.78787879,-0.0000002713,0.0000002713,0
0.54545455,1.78787879,-0.0000003195,0.0000003195,0
0.55555556,1.78787879,-0.0000003764,0.0000003764,0
0.56565657,1.78787879,-0.0000004439,0.0000004439,0
0.57575758,1.78787879,-0.0000005239,0.0000005239,0
0.58585859,1.78787879,-0.0000006190,0.0000006190,0
0.59595960,1.78787879,-0.0000007323,0.0000007323,0
0.60606061,1.78787879,-0.0000008676,0.0000008676,0
0.61616162,1.78787879,-0.0000010295,0.0000010295,0
0.62626263,1.78787879,-0.0000012238,0.0000012238,0
0.63636364,1.78787879,-0.0000014577,0.0000014577,0
0.64646465,1.78787879,-0.0000017401,0.0000017401,0
0.65656566,1.78787879,-0.0000020822,0.0000020822,0
0.66666667,1.78787879,-0.0000024982,0.0000024982,0
0.67676768,1.78787879,-0.0000030061,0.0000030061,0
0.68686869,1.78787879,-0.0000036289,0.0000036289,0
0.69696970,1.78787879,-0.0000043962,0.0000043962,0
0.70707071,1.78787879,-0.0000053462,0.0000053462,0
0.71717172,1.78787879,-0.0000065290,0.0000065290,0
0.72727273,1.78787879,-0.0000080106,0.0000080106,0
0.73737374,1.78787879,-0.0000098787,0.0000098787,0
0.74747475,1.78787879,-0.0000122509,0.0000122509,0
0.75757576,1.78787879,-0.0000152871,0.0000152871,0
0.76767677,1.78787879,-0.0000192066,0.0000192066,0
0.77777778,1.78787879,-0.0000243148,0.0000243148,0
0.78787879,1.78787879,-0.0000310421,0.0000310421,0
0.79797980,1.78787879,-0.0000400057,0.0000400057,0
0.80808081,1.78787879,-0.0000521045,0.0000521045,0
0.81818182,1.78787879,-0.0000686742,0.0000686742,0
0.82828283,1.78787879,-0.0000917405,0.0000917405,0
0.83838384,1.78787879,-0.0001244502,0.0001244502,0
0.84848485,1.78787879,-0.0001718217,0.0001718217,0
0.85858586,1.78787879,-0.0002421032,0.0002421032,0
0.86868687,1.78787879,-0.0003493192,0.0003493192,0
0.87878788,1.78787879,-0.0005182609,0.0005182609,0
0.88888889,1.78787879,-0.0007947415,0.0007947415,0
0.89898990,1.78787879,-0.0012678515,0.0012678515,0
0.90909091,1.78787879,-0.0021212527,0.0021212527,0
0.91919192,1.78787879,-0.0037594692,0.0037594692,0
0.92929293,1.78787879,-0.0071407378,0.0071407378,0
0.93939394,1.78787879,-0.0147078996,0.0147078996,0
0.94949495,1.78787879,-0.0330375622,0.0330375622,0
0.95959596,1.78787879,-0.0794569163,0.0794569163,0
0.96969697,1.78787879,-0.1896443219,0.1896443219,0
0.97979798,1.78787879,-0.3944352251,0.3944352251,0
0.98989899,1.78787879,-0.6720020774,0.6720020774,0
1.00000000,1.78787879,-1.0000000000,1.0000000000,0
0.00000000,1.84848485,0.0000000000,-0.0000000000,0
0.01010101,1.84848485,-0.0000000000,0.0000000000,0
0.02020202,1.84848485,-0.0000000000,0.0000000000,0
0.03030303,1.84848485,-0.0000000000,0.0000000000,0
0.04040404,1.84848485,-0.0000000000,0.0000000000,0
0.05050505,1.84848485,-0.0000000000,0.0000000000,0
0.06060606,1.84848485,-0.0000000000,0.0000000000,0
0.07070707,1.84848485,-0.0000000000,0.0000000000,0
0.08080808,1.84848485,-0.0000000000,0.0000000000,0
0.09090909,1.84848485,-0.0000000000,0.0000000000,0
0.10101010,1.84848485,-0.0000000000,0.0000000000,0
0.11111111,1.84848485,-0.0000000000,0.0000000000,0
0.12121212,1.84848485,-0.0000000000,0.0000000000,0
0.13131313,1.84848485,-0.0000000000,0.0000000000,0
0.14141414,1.84848485,-0.0000000001,0.0000000001,0
0.15151515,1.84848485,-0.0000000001,0.0000000001,0
0.16161616,1.84848485,-0.0000000001,0.0000000001,0
0.17171717,1.84848485,-0.0000000002,0.0000000002,0
0.18181818,1.84848485,-0.0000000002,0.0000000002,0
0.19191919,1.84848485,-0.0000000003,0.0000000003,0
0.20202020,1.84848485,-0.0000000004,0.0000000004,0
0.21212121,1.84848485,-0.0000000005,0.0000000005,0
0.22222222,1.84848485,-0.0000000006,0.0000000006,0
0.23232323,1.84848485,-0.0000000008,0.0000000008,0
0.24242424,1.84848485,-0.0000000010,0.0000000010,0
0.25252525,1.84848485,-0.0000000012,0.0000000012,0
0.26262626,1.84848485,-0.0000000015,0.0000000015,0
0.27272727,1.84848485,-0.0000000018,0.0000000018,0
0.28282828,1.84848485,-0.0000000023,0.0000000023,0
0.29292929,1.84848485,-0.0000000027,0.0000000027,0
0.30303030,1.84848485,-0.0000000033,0.0000000033,0
0.31313131,1.84848485,-0.0000000040,0.0000000040,0
0.32323232,1.84848485,-0.0000000049,0.0000000049,0
0.33333333,1.84848485,-0.0000000059,0.0000000059,0
0.34343434,1.84848485,-0.0000000070,0.0000000070,0
0.35353535,1.84848485,-0.0000000084,0.0000000084,0
0.36363636,1.84848485,-0.0000000100,0.0000000100,0
0.37373737,1.84848485,-0.0000000119,0.0000000119,0
0.38383838,1.84848485,-0.0000000142,0.0000000142,0
0.39393939,1.84848485,-0.0000000168,0.0000000168,0
0.40404040,1.84848485,-0.0000000199,0.0000000199,0
0.41414141,1.84848485,-0.0000000235,0.0000000235,0
0.42424242,1.84848485,-0.0000000278,0.0000000278,0
0.43434343,1.84848485,-0.0000000328,0.0000000328,0
0.44444444,1.84848485,-0.0000000386,0.0000000386,0
0.45454545,1.84848485,-0.0000000455,0.0000000455,0
0.46464646,1.84848485,-0.0000000536,0.0000000536,0
0.47474747,1.84848485,-0.0000000630,0.0000000630,0
0.48484848,1.84848485,-0.0000000742,0.0000000742,0
0.49494949,1.84848485,-0.0000000872,0.0000000872,0
0.50505051,1.84848485,-0.0000001026,0.0000001026,0
0.51515152,1.84848485,-0.0000001206,0.0000001206,0
0.52525253,1.84848485,-0.0000001419,0.0000001419,0
0.53535354,1.84848485,-0.0000001670,0.0000001670,0
0.54545455,1.84848485,-0.0000001966,0.0000001966,0
0.55555556,1.84848485,-0.0000002316,0.0000002316,0
0.56565657,1.84848485,-0.0000002730,0.0000002730,0
0.57575758,1.84848485,-0.0000003222,0.0000003222,0
0.58585859,1.84848485,-0.0000003806,0.0000003806,0
0.59595960,1.84848485,-0.0000004502,0.0000004502,0
0.60606061,1.84848485,-0.0000005333,0.0000005333,0
0.61616162,1.84848485,-0.0000006326,0.0000006326,0
0.62626263,1.84848485,-0.0000007519,0.0000007519,0
0.63636364,1.84848485,-0.0000008953,0.0000008953,0
0.64646465,1.84848485,-0.0000010684,0.0000010684,0
0.65656566,1.84848485,-0.0000012781,0.0000012781,0
0.66666667,1.84848485,-0.0000015329,0.0000015329,0
0.67676768,1.84848485,-0.0000018439,0.0000018439,0
0.68686869,1.84848485,-0.0000022249,0.0000022249,0
0.69696970,1.84848485,-0.0000026941,0.0000026941,0
0.70707071,1.84848485,-0.0000032745,0.0000032745,0
0.71717172,1.84848485,-0.0000039967,0.0000039967,0
0.72727273,1.84848485,-0.0000049006,0.0000049006,0
0.73737374,1.84848485,-0.0000060391,0.0000060391,0
0.74747475,1.84848485,-0.0000074833,0.0000074833,0
0.75757576,1.84848485,-0.0000093296,0.0000093296,0
0.76767677,1.84848485,-0.0000117099,0.0000117099,0
0.77777778,1.84848485,-0.0000148073,0.0000148073,0
0.78787879,1.84848485,-0.0000188797,0.0000188797,0
0.79797980,1.84848485,-0.0000242955,0.0000242955,0
0.80808081,1.84848485,-0.0000315901,0.0000315901,0
0.81818182,1.84848485,-0.0000415563,0.0000415563,0
0.82828283,1.84848485,-0.0000553925,0.0000553925,0
0.83838384,1.84848485,-0.0000749535,0.0000749535,0
0.84848485,1.84848485,-0.0001031860,0.0001031860,0
0.85858586,1.84848485,-0.0001449141,0.0001449141,0
0.86868687,1.84848485,-0.0002083076,0.0002083076,0
0.87878788,1.84848485,-0.0003077549,0.0003077549,0
0.88888889,1.84848485,-0.0004697659,0.0004697659,0
0.89898990,1.84848485,-0.0007458149,0.0007458149,0
0.90909091,1.84848485,-0.0012421537,0.0012421537,0
0.91919192,1.84848485,-0.0021943265,0.0021943265,0
0.92929293,1.84848485,-0.0041693432,0.0041693432,0
0.93939394,1.84848485,-0.0086633043,0.0086633043,0
0.94949495,1.84848485,-0.0199985039,0.0199985039,0
0.95959596,1.84848485,-0.0513100508,0.0513100508,0
0.96969697,1.84848485,-0.1382665719,0.1382665719,0
0.97979798,1.84848485,-0.3342794240,0.3342794240,0
0.98989899,1.84848485,-0.6339282348,0.6339282348,0
1.00000000,1.84848485,-1.0000000000,1.0000000000,0
0.00000000,1.90909091,0.0000000000,-0.0000000000,0
0.01010101,1.90909091,-0.0000000000,0.0000000000,0
0.02020202,1.90909091,-0.0000000000,0.0000000000,0
0.03030303,1.90909091,-0.0000000000,0.0000000000,0
0.04040404,1.90909091,-0.0000000000,0.0000000000,0
0.05050505,1.90909091,-0.0000000000,0.0000000000,0
0.06060606,1.90909091,-0.0000000000,0.0000000000,0
0.07070707,1.90909091,-0.0000000000,0.0000000000,0
0.08080808,1.90909091,-0.0000000000,0.0000000000,0
0.09090909,1.90909091,-0.0000000000,0.0000000000,0
0.10101010,1.90909091,-0.0000000000,0.0000000000,0
0.11111111,1.90909091,-0.0000000000,0.0000000000,0
0.12121212,1.90909091,-0.0000000000,0.0000000000,0
0.13131313,1.90909091,-0.0000000000,0.0000000000,0
0.14141414,1.90909091,-0.0000000000,0.0000000000,0
0.15151515,1.90909091,-0.0000000001,0.0000000001,0
0.16161616,1.90909091,-0.0000000001,0.0000000001,0
0.17171717,1.90909091,-0.0000000001,0.0000000001,0
0.18181818,1.90909091,-0.0000000001,0.0000000001,0
0.19191919,1.90909091,-0.0000000002,0.0000000002,0
0.20202020,1.90909091,-0.0000000002,0.0000000002,0
0.21212121,1.90909091,-0.0000000003,0.0000000003,0
0.22222222,1.90909091,-0.0000000004,0.0000000004,0
0.23232323,1.90909091,-0.0000000005,0.0000000005,0
0.24242424,1.90909091,-0.0000000006,0.0000000006,0
0.25252525,1.90909091,-0.0000000007,0.0000000007,0
0.26262626,1.90909091,-0.0000000009,0.0000000009,0
0.27272727,1.90909091,-0.0000000011,0.0000000011,0
0.28282828,1.90909091,-0.0000000014,0.0000000014,0
0.29292929,1.90909091,-0.0000000017,0.0000000017,0
0.30303030,1.90909091,-0.0000000021,0.0000000021,0
0.31313131,1.90909091,-0.0000000025,0.0000000025,0
0.32323232,1.90909091,-0.0000000030,0.0000000030,0
0.33333333,1.90909091,-0.0000000036,0.0000000036,0
0.34343434,1.90909091,-0.0000000043,0.0000000043,0
0.35353535,1.90909091,-0.0000000052,0.0000000052,0
0.36363636,1.90909091,-0.0000000062,0.0000000062,0
0.37373737,1.90909091,-0.0000000073,0.0000000073,0
0.38383838,1.90909091,-0.0000000087,0.0000000087,0
0.39393939,1.90909091,-0.0000000104,0.0000000104,0
0.40404040,1.90909091,-0.0000000123,0.0000000123,0
0.41414141,1.90909091,-0.0000000145,0.0000000145,0
0.42424242,1.90909091,-0.0000000171,0.0000000171,0
0.43434343,1.90909091,-0.0000000202,0.0000000202,0
0.44444444,1.90909091,-0.0000000238,0.0000000238,0
0.45454545,1.90909091,-0.0000000280,0.0000000280,0
0.46464646,1.90909091,-0.0000000330,0.0000000330,0
0.47474747,1.90909091,-0.0000000388,0.0000000388,0
0.48484848,1.90909091,-0.0000000457,0.0000000457,0
0.49494949,1.90909091,-0.0000000537,0.0000000537,0
0.50505051,1.90909091,-0.0000000631,0.0000000631,0
0.51515152,1.90909091,-0.0000000743,0.0000000743,0
0.52525253,1.90909091,-0.0000000873,0.0000000873,0
0.53535354,1.90909091,-0.0000001028,0.0000001028,0
0.54545455,1.90909091,-0.0000001210,0.0000001210,0
0.55555556,1.90909091,-0.0000001425,0.0000001425,0
0.56565657,1.90909091,-0.0000001680,0.0000001680,0
0.57575758,1.90909091,-0.0000001982,0.0000001982,0
0.58585859,1.90909091,-0.0000002341,0.0000002341,0
0.59595960,1.90909091,-0.0000002769,0.0000002769,0
0.60606061,1.90909091,-0.0000003279,0.0000003279,0
0.61616162,1.90909091,-0.0000003889,0.0000003889,0
0.62626263,1.90909091,-0.0000004621,0.0000004621,0
0.63636364,1.90909091,-0.0000005502,0.0000005502,0
0.64646465,1.90909091,-0.0000006564,0.0000006564,0
0.65656566,1.90909091,-0.0000007850,0.0000007850,0
0.66666667,1.90909091,-0.0000009413,0.0000009413,0
0.67676768,1.90909091,-0.0000011319,0.0000011319,0
0.68686869,1.90909091,-0.0000013653,0.0000013653,0
0.69696970,1.90909091,-0.0000016526,0.0000016526,0
0.70707071,1.90909091,-0.0000020079,0.0000020079,0
0.71717172,1.90909091,-0.0000024496,0.0000024496,0
0.72727273,1.90909091,-0.0000030020,0.0000030020,0
0.73737374,1.90909091,-0.0000036974,0.0000036974,0
0.74747475,1.90909091,-0.0000045786,0.0000045786,0
0.75757576,1.90909091,-0.0000057041,0.0000057041,0
0.76767677,1.90909091,-0.0000071536,0.0000071536,0
0.77777778,1.90909091,-0.0000090374,0.0000090374,0
0.78787879,1.90909091,-0.0000115107,0.0000115107,0
0.79797980,1.90909091,-0.0000147948,0.0000147948,0
0.80808081,1.90909091,-0.0000192101,0.0000192101,0
0.81818182,1.90909091,-0.0000252301,0.0000252301,0
0.82828283,1.90909091,-0.0000335683,0.0000335683,0
0.83838384,1.90909091,-0.0000453249,0.0000453249,0
0.84848485,1.90909091,-0.0000622419,0.0000622419,0
0.85858586,1.90909091,-0.0000871589,0.0000871589,0
0.86868687,1.90909091,-0.0001248651,0.0001248651,0
0.87878788,1.90909091,-0.0001837581,0.0001837581,0
0.88888889,1.90909091,-0.0002792451,0.0002792451,0
0.89898990,1.90909091,-0.0004411348,0.0004411348,0
0.90909091,1.90909091,-0.0007308295,0.0007308295,0
0.91919192,1.90909091,-0.0012845902,0.0012845902,0
0.92929293,1.90909091,-0.0024328298,0.0024328298,0
0.93939394,1.90909091,-0.0050648304,0.0050648304,0
0.94949495,1.90909091,-0.0118702419,0.0118702419,0
0.95959596,1.90909091,-0.0318979893,0.0318979893,0
0.96969697,1.90909091,-0.0957007636,0.0957007636,0
0.97979798,1.90909091,-0.2732171922,0.2732171922,0
0.98989899,1.90909091,-0.5919233090,0.5919233090,0
1.00000000,1.90909091,-1.0000000000,1.0000000000,0
0.00000000,1.96969697,0.0000000000,-0.0000000000,0
0.01010101,1.96969697,-0.0000000000,0.0000000000,0
0.02020202,1.96969697,-0.0000000000,0.0000000000,0
0.03030303,1.96969697,-0.0000000000,0.0000000000,0
0.04040404,1.96969697,-0.0000000000,0.0000000000,0
0.05050505,1.96969697,-0.0000000000,0.0000000000,0
0.06060606,1.96969697,-0.0000000000,0.0000000000,0
0.07070707,1.96969697,-0.0000000000,0.0000000000,0
0.08080808,1.96969697,-0.0000000000,0.0000000000,0
0.09090909,1.96969697,-0.0000000000,0.0000000000,0
0.10101010,1.96969697,-0.0000000000,0.0000000000,0
0.11111111,1.96969697,-0.0000000000,0.0000000000,0
0.12121212,1.96969697,-0.0000000000,0.0000000000,0
0.13131313,1.96969697,-0.0000000000,0.0000000000,0
0.14141414,1.96969697,-0.0000000000,0.0000000000,0
0.15151515,1.96969697,-0.0000000000,0.0000000000,0
0.16161616,1.96969697,-0.0000000000,0.0000000000,0
0.17171717,1.96969697,-0.0000000001,0.0000000001,0
0.18181818,1.96969697,-0.0000000001,0.0000000001,0
0.19191919,1.96969697,-0.0000000001,0.0000000001,0
0.20202020,1.96969697,-0.0000000001,0.0000000001,0
0.21212121,1.96969697,-0.0000000002,0.0000000002,0
0.22222222,1.96969697,-0.0000000002,0.0000000002,0
0.23232323,1.96969697,-0.0000000003,0.0000000003,0
0.24242424,1.96969697,-0.0000000004,0.0000000004,0
0.25252525,1.96969697,-0.0000000005,0.0000000005,0
0.26262626,1.96969697,-0.0000000006,0.0000000006,0
0.27272727,1.96969697,-0.0000000007,0.0000000007,0
0.28282828,1.96969697,-0.0000000009,0.0000000009,0
0.29292929,1.96969697,-0.0000000010,0.0000000010,0
0.30303030,1.96969697,-0.0000000013,0.0000000013,0
0.31313131,1.96969697,-0.0000000015,0.0000000015,0
0.32323232,1.96969697,-0.0000000019,0.0000000019,0
0.33333333,1.96969697,-0.0000000022,0.0000000022,0
0.34343434,1.96969697,-0.0000000027,0.0000000027,0
0.35353535,1.96969697,-0.0000000032,0.0000000032,0
0.36363636,1.96969697,-0.0000000038,0.0000000038,0
0.37373737,1.96969697,-0.0000000045,0.0000000045,0
0.38383838,1.96969697,-0.0000000054,0.0000000054,0
0.39393939,1.96969697,-0.0000000064,0.0000000064,0
0.40404040,1.96969697,-0.0000000076,0.0000000076,0
0.41414141,1.96969697,-0.0000000089,0.0000000089,0
0.42424242,1.96969697,-0.0000000105,0.0000000105,0
0.43434343,1.96969697,-0.0000000124,0.0000000124,0
0.44444444,1.96969697,-0.0000000147,0.0000000147,0
0.45454545,1.96969697,-0.0000000173,0.0000000173,0
0.46464646,1.96969697,-0.0000000203,0.0000000203,0
0.47474747,1.96969697,-0.0000000239,0.0000000239,0
0.48484848,1.96969697,-0.0000000281,0.0000000281,0
0.49494949,1.96969697,-0.0000000331,0.0000000331,0
0.50505051,1.96969697,-0.0000000389,0.0000000389,0
0.51515152,1.96969697,-0.0000000457,0.0000000457,0
0.52525253,1.96969697,-0.0000000538,0.0000000538,0
0.53535354,1.96969697,-0.0000000633,0.0000000633,0
0.54545455,1.96969697,-0.0000000745,0.0000000745,0
0.55555556,1.96969697,-0.0000000877,0.0000000877,0
0.56565657,1.96969697,-0.0000001034,0.0000001034,0
0.57575758,1.96969697,-0.0000001220,0.0000001220,0
0.58585859,1.96969697,-0.0000001440,0.0000001440,0
0.59595960,1.96969697,-0.0000001703,0.0000001703,0
0.60606061,1.96969697,-0.0000002017,0.0000002017,0
0.61616162,1.96969697,-0.0000002392,0.0000002392,0
0.62626263,1.96969697,-0.0000002842,0.0000002842,0
0.63636364,1.96969697,-0.0000003383,0.0000003383,0
0.64646465,1.96969697,-0.0000004035,0.0000004035,0
0.65656566,1.96969697,-0.0000004825,0.0000004825,0
0.66666667,1.96969697,-0.0000005784,0.0000005784,0
0.67676768,1.96969697,-0.0000006953,0.0000006953,0
0.68686869,1.96969697,-0.0000008385,0.0000008385,0
0.69696970,1.96969697,-0.0000010146,0.0000010146,0
0.70707071,1.96969697,-0.0000012323,0.0000012323,0
0.71717172,1.96969697,-0.0000015028,0.0000015028,0
0.72727273,1.96969697,-0.0000018410,0.0000018410,0
0.73737374,1.96969697,-0.0000022664,0.0000022664,0
0.74747475,1.96969697,-0.0000028051,0.0000028051,0
0.75757576,1.96969697,-0.0000034926,0.0000034926,0
0.76767677,1.96969697,-0.0000043772,0.0000043772,0
0.77777778,1.96969697,-0.0000055258,0.0000055258,0
0.78787879,1.96969697,-0.0000070320,0.0000070320,0
0.79797980,1.96969697,-0.0000090294,0.0000090294,0
0.80808081,1.96969697,-0.0000117107,0.0000117107,0
0.81818182,1.96969697,-0.0000153603,0.0000153603,0
0.82828283,1.96969697,-0.0000204053,0.0000204053,0
0.83838384,1.96969697,-0.0000275024,0.0000275024,0
0.84848485,1.96969697,-0.0000376876,0.0000376876,0
0.85858586,1.96969697,-0.0000526437,0.0000526437,0
0.86868687,1.96969697,-0.0000751965,0.0000751965,0
0.87878788,1.96969697,-0.0001102787,0.0001102787,0
0.88888889,1.96969697,-0.0001668976,0.0001668976,0
0.89898990,1.96969697,-0.0002623976,0.0002623976,0
0.90909091,1.96969697,-0.0004323581,0.0004323581,0
0.91919192,1.96969697,-0.0007555368,0.0007555368,0
0.92929293,1.96969697,-0.0014231454,0.0014231454,0
0.93939394,1.96969697,-0.0029546906,0.0029546906,0
0.94949495,1.96969697,-0.0069651603,0.0069651603,0
0.95959596,1.96969697,-0.0192753960,0.0192753960,0
0.96969697,1.96969697,-0.0630722434,0.0630722434,0
0.97979798,1.96969697,-0.2138813845,0.2138813845,0
0.98989899,1.96969697,-0.5457689076,0.5457689076,0
1.00000000,1.96969697,-1.0000000000,1.0000000000,0
0.00000000,2.03030303,0.0000000000,-0.0000000000,0
0.01010101,2.03030303,-0.0000000000,0.0000000000,0
0.02020202,2.03030303,-0.0000000000,0.0000000000,0
0.03030303,2.03030303,-0.0000000000,0.0000000000,0
0.04040404,2.03030303,-0.0000000000,0.0000000000,0
0.05050505,2.03030303,-0.0000000000,0.0000000000,0
0.06060606,2.03030303,-0.0000000000,0.0000000000,0
0.07070707,2.03030303,-0.0000000000,0.0000000000,0
0.08080808,2.03030303,-0.0000000000,0.0000000000,0
0.09090909,2.03030303,-0.0000000000,0.0000000000,0
0.10101010,2.03030303,-0.0000000000,0.0000000000,0
0.11111111,2.03030303,-0.0000000000,0.0000000000,0
0.12121212,2.03030303,-0.0000000000,0.0000000000,0
0.13131313,2.03030303,-0.0000000000,0.0000000000,0
0.14141414,2.03030303,-0.0000000000,0.0000000000,0
0.15151515,2.03030303,-0.0000000000,0.0000000000,0
0.16161616,2.03030303,-0.0000000000,0.0000000000,0
0.17171717,2.03030303,-0.0000000000,0.0000000000,0
0.18181818,2.03030303,-0.0000000001,0.0000000001,0
0.19191919,2.03030303,-0.0000000001,0.0000000001,0
0.20202020,2.03030303,-0.0000000001,0.0000000001,0
0.21212121,2.03030303,-0.0000000001,0.0000000001,0
0.22222222,2.03030303,-0.0000000001,0.0000000001,0
0.23232323,2.03030303,-0.0000000002,0.0000000002,0
0.24242424,2.03030303,-0.0000000002,0.0000000002,0
0.25252525,2.03030303,-0.0000000003,0.0000000003,0
0.26262626,2.03030303,-0.0000000004,0.0000000004,0
0.27272727,2.03030303,-0.0000000004,0.0000000004,0
0.28282828,2.03030303,-0.0000000005,0.0000000005,0
0.29292929,2.03030303,-0.0000000006,0.0000000006,0
0.30303030,2.03030303,-0.0000000008,0.0000000008,0
0.31313131,2.03030303,-0.0000000009,0.0000000009,0
0.32323232,2.03030303,-0.0000000011,0.0000000011,0
0.33333333,2.03030303,-0.0000000014,0.0000000014,0
0.34343434,2.03030303,-0.0000000016,0.0000000016,0
0.35353535,2.03030303,-0.0000000020,0.0000000020,0
0.36363636,2.03030303,-0.0000000023,0.0000000023,0
0.37373737,2.03030303,-0.0000000028,0.0000000028,0
0.38383838,2.03030303,-0.0000000033,0.0000000033,0
0.39393939,2.03030303,-0.0000000039,0.0000000039,0
0.40404040,2.03030303,-0.0000000047,0.0000000047,0
0.41414141,2.03030303,-0.0000000055,0.0000000055,0
0.42424242,2.03030303,-0.0000000065,0.0000000065,0
0.43434343,2.03030303,-0.0000000077,0.0000000077,0
0.44444444,2.03030303,-0.0000000090,0.0000000090,0
0.45454545,2.03030303,-0.0000000106,0.0000000106,0
0.46464646,2.03030303,-0.0000000125,0.0000000125,0
0.47474747,2.03030303,-0.0000000147,0.0000000147,0
0.48484848,2.03030303,-0.0000000173,0.0000000173,0
0.49494949,2.03030303,-0.0000000204,0.0000000204,0
0.50505051,2.03030303,-0.0000000239,0.0000000239,0
0.51515152,2.03030303,-0.0000000282,0.0000000282,0
0.52525253,2.03030303,-0.0000000331,0.0000000331,0
0.53535354,2.03030303,-0.0000000389,0.0000000389,0
0.54545455,2.03030303,-0.0000000458,0.0000000458,0
0.55555556,2.03030303,-0.0000000540,0.0000000540,0
0.56565657,2.03030303,-0.0000000636,0.0000000636,0
0.57575758,2.03030303,-0.0000000751,0.0000000751,0
0.58585859,2.03030303,-0.0000000886,0.0000000886,0
0.59595960,2.03030303,-0.0000001048,0.0000001048,0
0.60606061,2.03030303,-0.0000001241,0.0000001241,0
0.61616162,2.03030303,-0.0000001471,0.0000001471,0
0.62626263,2.03030303,-0.0000001748,0.0000001748,0
0.63636364,2.03030303,-0.0000002080,0.0000002080,0
0.64646465,2.03030303,-0.0000002481,0.0000002481,0
0.65656566,2.03030303,-0.0000002966,0.0000002966,0
0.66666667,2.03030303,-0.0000003555,0.0000003555,0
0.67676768,2.03030303,-0.0000004273,0.0000004273,0
0.68686869,2.03030303,-0.0000005152,0.0000005152,0
0.69696970,2.03030303,-0.0000006233,0.0000006233,0
0.70707071,2.03030303,-0.0000007568,0.0000007568,0
0.71717172,2.03030303,-0.0000009227,0.0000009227,0
0.72727273,2.03030303,-0.0000011300,0.0000011300,0
0.73737374,2.03030303,-0.0000013906,0.0000013906,0
0.74747475,2.03030303,-0.0000017204,0.0000017204,0
0.75757576,2.03030303,-0.0000021411,0.0000021411,0
0.76767677,2.03030303,-0.0000026819,0.0000026819,0
0.77777778,2.03030303,-0.0000033836,0.0000033836,0
0.78787879,2.03030303,-0.0000043029,0.0000043029,0
0.79797980,2.03030303,-0.0000055207,0.0000055207,0
0.80808081,2.03030303,-0.0000071535,0.0000071535,0
0.81818182,2.03030303,-0.0000093728,0.0000093728,0
0.82828283,2.03030303,-0.0000124355,0.0000124355,0
0.83838384,2.03030303,-0.0000167358,0.0000167358,0
0.84848485,2.03030303,-0.0000228934,0.0000228934,0
0.85858586,2.03030303,-0.0000319116,0.0000319116,0
0.86868687,2.03030303,-0.0000454685,0.0000454685,0
0.87878788,2.03030303,-0.0000664808,0.0000664808,0
0.88888889,2.03030303,-0.0001002484,0.0001002484,0
0.89898990,2.03030303,-0.0001569247,0.0001569247,0
0.90909091,2.03030303,-0.0002572289,0.0002572289,0
0.91919192,2.03030303,-0.0004468105,0.0004468105,0
0.92929293,2.03030303,-0.0008361966,0.0008361966,0
0.93939394,2.03030303,-0.0017263471,0.0017263471,0
0.94949495,2.03030303,-0.0040662044,0.0040662044,0
0.95959596,2.03030303,-0.0114285977,0.0114285977,0
0.96969697,2.03030303,-0.0398551202,0.0398551202,0
0.97979798,2.03030303,-0.1594384618,0.1594384618,0
0.98989899,2.03030303,-0.4953670760,0.4953670760,0
1.00000000,2.03030303,-1.0000000000,1.0000000000,0
0.00000000,2.09090909,0.0000000000,-0.0000000000,0
0.01010101,2.09090909,-0.0000000000,0.0000000000,0
0.02020202,2.09090909,-0.0000000000,0.0000000000,0
0.03030303,2.09090909,-0.0000000000,0.0000000000,0
0.04040404,2.09090909,-0.0000000000,0.0000000000,0
0.05050505,2.09090909,-0.0000000000,0.0000000000,0
0.06060606,2.09090909,-0.0000000000,0.0000000000,0
0.07070707,2.09090909,-0.0000000000,0.0000000000,0
0.08080808,2.09090909,-0.0000000000,0.0000000000,0
0.09090909,2.09090909,-0.0000000000,0.0000000000,0
0.10101010,2.09090909,-0.0000000000,0.0000000000,0
0.11111111,2.09090909,-0.0000000000,0.0000000000,0
0.12121212,2.09090909,-0.0000000000,0.0000000000,0
0.13131313,2.09090909,-0.0000000000,0.0000000000,0
0.14141414,2.09090909,-0.0000000000,0.0000000000,0
0.15151515,2.09090909,-0.0000000000,0.0000000000,0
0.16161616,2.09090909,-0.0000000000,0.0000000000,0
0.17171717,2.09090909,-0.0000000000,0.0000000000,0
0.18181818,2.09090909,-0.0000000000,0.0000000000,0
0.19191919,2.09090909,-0.0000000000,0.0000000000,0
0.20202020,2.09090909,-0.0000000001,0.0000000001,0
0.21212121,2.09090909,-0.0000000001,0.0000000001,0
0.22222222,2.09090909,-0.0000000001,0.0000000001,0
0.23232323,2.09090909,-0.0000000001,0.0000000001,0
0.24242424,2.09090909,-0.0000000001,0.0000000001,0
0.25252525,2.09090909,-0.0000000002,0.0000000002,0
0.26262626,2.09090909,-0.0000000002,0.0000000002,0
0.27272727,2.09090909,-0.0000000003,0.0000000003,0
0.28282828,2.09090909,-0.0000000003,0.0000000003,0
0.29292929,2.09090909,-0.0000000004,0.0000000004,0
0.30303030,2.09090909,-0.0000000005,0.0000000005,0
0.31313131,2.09090909,-0.0000000006,0.0000000006,0
0.32323232,2.09090909,-0.0000000007,0.0000000007,0
0.33333333,2.09090909,-0.0000000008,0.0000000008,0
0.34343434,2.09090909,-0.0000000010,0.0000000010,0
0.35353535,2.09090909,-0.0000000012,0.0000000012,0
0.36363636,2.09090909,-0.0000000014,0.0000000014,0
0.37373737,2.09090909,-0.0000000017,0.0000000017,0
0.38383838,2.09090909,-0.0000000020,0.0000000020,0
0.39393939,2.09090909,-0.0000000024,0.0000000024,0
0.40404040,2.09090909,-0.0000000029,0.0000000029,0
0.41414141,2.09090909,-0.0000000034,0.0000000034,0
0.42424242,2.09090909,-0.0000000040,0.0000000040,0
0.43434343,2.09090909,-0.0000000047,0.0000000047,0
0.44444444,2.09090909,-0.0000000056,0.0000000056,0
0.45454545,2.09090909,-0.0000000066,0.0000000066,0
0.46464646,2.09090909,-0.0000000077,0.0000000077,0
0.47474747,2.09090909,-0.0000000091,0.0000000091,0
0.48484848,2.09090909,-0.0000000107,0.0000000107,0
0.49494949,2.09090909,-0.0000000125,0.0000000125,0
0.50505051,2.09090909,-0.0000000147,0.0000000147,0
0.51515152,2.09090909,-0.0000000173,0.0000000173,0
0.52525253,2.09090909,-0.0000000204,0.0000000204,0
0.53535354,2.09090909,-0.0000000240,0.0000000240,0
0.54545455,2.09090909,-0.0000000282,0.0000000282,0
0.55555556,2.09090909,-0.0000000332,0.0000000332,0
0.56565657,2.09090909,-0.0000000392,0.0000000392,0
0.57575758,2.09090909,-0.0000000462,0.0000000462,0
0.58585859,2.09090909,-0.0000000546,0.0000000546,0
0.59595960,2.09090909,-0.0000000645,0.0000000645,0
0.60606061,2.09090909,-0.0000000764,0.0000000764,0
0.61616162,2.09090909,-0.0000000905,0.0000000905,0
0.62626263,2.09090909,-0.0000001075,0.0000001075,0
0.63636364,2.09090909,-0.0000001280,0.0000001280,0
0.64646465,2.09090909,-0.0000001526,0.0000001526,0
0.65656566,2.09090909,-0.0000001824,0.0000001824,0
0.66666667,2.09090909,-0.0000002186,0.0000002186,0
0.67676768,2.09090909,-0.0000002627,0.0000002627,0
0.68686869,2.09090909,-0.0000003167,0.0000003167,0
0.69696970,2.09090909,-0.0000003831,0.0000003831,0
0.70707071,2.09090909,-0.0000004651,0.0000004651,0
0.71717172,2.09090909,-0.0000005669,0.0000005669,0
0.72727273,2.09090909,-0.0000006940,0.0000006940,0
0.73737374,2.09090909,-0.0000008538,0.0000008538,0
0.74747475,2.09090909,-0.0000010560,0.0000010560,0
0.75757576,2.09090909,-0.0000013138,0.0000013138,0
0.76767677,2.09090909,-0.0000016449,0.0000016449,0
0.77777778,2.09090909,-0.0000020743,0.0000020743,0
0.78787879,2.09090909,-0.0000026364,0.0000026364,0
0.79797980,2.09090909,-0.0000033804,0.0000033804,0
0.80808081,2.09090909,-0.0000043769,0.0000043769,0
0.81818182,2.09090909,-0.0000057298,0.0000057298,0
0.82828283,2.09090909,-0.0000075943,0.0000075943,0
0.83838384,2.09090909,-0.0000102081,0.0000102081,0
0.84848485,2.09090909,-0.0000139439,0.0000139439,0
0.85858586,2.09090909,-0.0000194029,0.0000194029,0
0.86868687,2.09090909,-0.0000275879,0.0000275879,0
0.87878788,2.09090909,-0.0000402341,0.0000402341,0
0.88888889,2.09090909,-0.0000604806,0.0000604806,0
0.89898990,2.09090909,-0.0000943101,0.0000943101,0
0.90909091,2.09090909,-0.0001538627,0.0001538627,0
0.91919192,2.09090909,-0.0002657315,0.0002657315,0
0.92929293,2.09090909,-0.0004939729,0.0004939729,0
0.93939394,2.09090909,-0.0010125643,0.0010125643,0
0.94949495,2.09090909,-0.0023727266,0.0023727266,0
0.95959596,2.09090909,-0.0067022150,0.0067022150,0
0.96969697,2.09090909,-0.0243701505,0.0243701505,0
0.97979798,2.09090909,-0.1128405005,0.1128405005,0
0.98989899,2.09090909,-0.4408529738,0.4408529738,0
1.00000000,2.09090909,-1.0000000000,1.0000000000,0
0.00000000,2.15151515,0.0000000000,-0.0000000000,0
0.01010101,2.15151515,-0.0000000000,0.0000000000,0
0.02020202,2.15151515,-0.0000000000,0.0000000000,0
0.03030303,2.15151515,-0.0000000000,0.0000000000,0
0.04040404,2.15151515,-0.0000000000,0.0000000000,0
0.05050505,2.15151515,-0.0000000000,0.0000000000,0
0.06060606,2.15151515,-0.0000000000,0.0000000000,0
0.07070707,2.15151515,-0.0000000000,0.0000000000,0
0.08080808,2.15151515,-0.0000000000,0.0000000000,0
0.09090909,2.15151515,-0.0000000000,0.0000000000,0
0.10101010,2.15151515,-0.0000000000,0.0000000000,0
0.11111111,2.15151515,-0.0000000000,0.0000000000,0
0.12121212,2.15151515,-0.0000000000,0.0000000000,0
0.13131313,2.15151515,-0.0000000000,0.0000000000,0
0.14141414,2.15151515,-0.0000000000,0.0000000000,0
0.15151515,2.15151515,-0.0000000000,0.0000000000,0
0.16161616,2.15151515,-0.0000000000,0.0000000000,0
0.17171717,2.15151515,-0.0000000000,0.0000000000,0
0.18181818,2.15151515,-0.0000000000,0.0000000000,0
0.19191919,2.15151515,-0.0000000000,0.0000000000,0
0.20202020,2.15151515,-0.0000000000,0.0000000000,0
0.21212121,2.15151515,-0.0000000000,0.0000000000,0
0.22222222,2.15151515,-0.0000000001,0.0000000001,0
0.23232323,2.15151515,-0.0000000001,0.0000000001,0
0.24242424,2.15151515,-0.0000000001,0.0000000001,0
0.25252525,2.15151515,-0.0000000001,0.0000000001,0
0.26262626,2.15151515,-0.0000000001,0.0000000001,0
0.27272727,2.15151515,-0.0000000002,0.0000000002,0
0.28282828,2.15151515,-0.0000000002,0.0000000002,0
0.29292929,2.15151515,-0.0000000002,0.0000000002,0
0.30303030,2.15151515,-0.0000000003,0.0000000003,0
0.31313131,2.15151515,-0.0000000004,0.0000000004,0
0.32323232,2.15151515,-0.0000000004,0.0000000004,0
0.33333333,2.15151515,-0.0000000005,0.0000000005,0
0.34343434,2.15151515,-0.0000000006,0.0000000006,0
0.35353535,2.15151515,-0.0000000007,0.0000000007,0
0.36363636,2.15151515,-0.0000000009,0.0000000009,0
0.37373737,2.15151515,-0.0000000011,0.0000000011,0
0.38383838,2.15151515,-0.0000000013,0.0000000013,0
0.39393939,2.15151515,-0.0000000015,0.0000000015,0
0.40404040,2.15151515,-0.0000000018,0.0000000018,0
0.41414141,2.15151515,-0.0000000021,0.0000000021,0
0.42424242,2.15151515,-0.0000000025,0.0000000025,0
0.43434343,2.15151515,-0.0000000029,0.0000000029,0
0.44444444,2.15151515,-0.0000000034,0.0000000034,0
0.45454545,2.15151515,-0.0000000040,0.0000000040,0
0.46464646,2.15151515,-0.0000000047,0.0000000047,0
0.47474747,2.15151515,-0.0000000056,0.0000000056,0
0.48484848,2.15151515,-0.0000000066,0.0000000066,0
0.49494949,2.15151515,-0.0000000077,0.0000000077,0
0.50505051,2.15151515,-0.0000000091,0.0000000091,0
0.51515152,2.15151515,-0.0000000107,0.0000000107,0
0.52525253,2.15151515,-0.0000000125,0.0000000125,0
0.53535354,2.15151515,-0.0000000148,0.0000000148,0
0.54545455,2.15151515,-0.0000000174,0.0000000174,0
0.55555556,2.15151515,-0.0000000205,0.0000000205,0
0.56565657,2.15151515,-0.0000000241,0.0000000241,0
0.57575758,2.15151515,-0.0000000284,0.0000000284,0
0.58585859,2.15151515,-0.0000000336,0.0000000336,0
0.59595960,2.15151515,-0.0000000397,0.0000000397,0
0.60606061,2.15151515,-0.0000000470,0.0000000470,0
0.61616162,2.15151515,-0.0000000557,0.0000000557,0
0.62626263,2.15151515,-0.0000000662,0.0000000662,0
0.63636364,2.15151515,-0.0000000787,0.0000000787,0
0.64646465,2.15151515,-0.0000000939,0.0000000939,0
0.65656566,2.15151515,-0.0000001122,0.0000001122,0
0.66666667,2.15151515,-0.0000001345,0.0000001345,0
0.67676768,2.15151515,-0.0000001616,0.0000001616,0
0.68686869,2.15151515,-0.0000001948,0.0000001948,0
0.69696970,2.15151515,-0.0000002356,0.0000002356,0
0.70707071,2.15151515,-0.0000002859,0.0000002859,0
0.71717172,2.15151515,-0.0000003484,0.0000003484,0
0.72727273,2.15151515,-0.0000004265,0.0000004265,0
0.73737374,2.15151515,-0.0000005246,0.0000005246,0
0.74747475,2.15151515,-0.0000006487,0.0000006487,0
0.75757576,2.15151515,-0.0000008067,0.0000008067,0
0.76767677,2.15151515,-0.0000010097,0.0000010097,0
0.77777778,2.15151515,-0.0000012728,0.0000012728,0
0.78787879,2.15151515,-0.0000016170,0.0000016170,0
0.79797980,2.15151515,-0.0000020723,0.0000020723,0
0.80808081,2.15151515,-0.0000026816,0.0000026816,0
0.81818182,2.15151515,-0.0000035080,0.0000035080,0
0.82828283,2.15151515,-0.0000046457,0.0000046457,0
0.83838384,2.15151515,-0.0000062385,0.0000062385,0
0.84848485,2.15151515,-0.0000085115,0.0000085115,0
0.85858586,2.15151515,-0.0000118270,0.0000118270,0
0.86868687,2.15151515,-0.0000167871,0.0000167871,0
0.87878788,2.15151515,-0.0000244301,0.0000244301,0
0.88888889,2.15151515,-0.0000366268,0.0000366268,0
0.89898990,2.15151515,-0.0000569253,0.0000569253,0
0.90909091,2.15151515,-0.0000924857,0.0000924857,0
0.91919192,2.15151515,-0.0001588956,0.0001588956,0
0.92929293,2.15151515,-0.0002934626,0.0002934626,0
0.93939394,2.15151515,-0.0005969584,0.0005969584,0
0.94949495,2.15151515,-0.0013881988,0.0013881988,0
0.95959596,2.15151515,-0.0039120127,0.0039120127,0
0.96969697,2.15151515,-0.0145600426,0.0145600426,0
0.97979798,2.15151515,-0.0759043541,0.0759043541,0
0.98989899,2.15151515,-0.3827648677,0.3827648677,0
1.00000000,2.15151515,-1.0000000000,1.0000000000,0
0.00000000,2.21212121,0.0000000000,-0.0000000000,0
0.01010101,2.21212121,-0.0000000000,0.0000000000,0
0.02020202,2.21212121,-0.0000000000,0.0000000000,0
0.03030303,2.21212121,-0.0000000000,0.0000000000,0
0.04040404,2.21212121,-0.0000000000,0.0000000000,0
0.05050505,2.21212121,-0.0000000000,0.0000000000,0
0.06060606,2.21212121,-0.0000000000,0.0000000000,0
0.07070707,2.21212121,-0.0000000000,0.0000000000,0
0.08080808,2.21212121,-0.0000000000,0.0000000000,0
0.09090909,2.21212121,-0.0000000000,0.0000000000,0
0.10101010,2.21212121,-0.0000000000,0.0000000000,0
0.11111111,2.21212121,-0.0000000000,0.0000000000,0
0.12121212,2.21212121,-0.0000000000,0.0000000000,0
0.13131313,2.21212121,-0.0000000000,0.0000000000,0
0.14141414,2.21212121,-0.0000000000,0.0000000000,0
0.15151515,2.21212121,-0.0000000000,0.0000000000,0
0.16161616,2.21212121,-0.0000000000,0.0000000000,0
0.17171717,2.21212121,-0.0000000000,0.0000000000,0
0.18181818,2.21212121,-0.0000000000,0.0000000000,0
0.19191919,2.21212121,-0.0000000000,0.0000000000,0
0.20202020,2.21212121,-0.0000000000,0.0000000000,0
0.21212121,2.21212121,-0.0000000000,0.0000000000,0
0.22222222,2.21212121,-0.0000000000,0.0000000000,0
0.23232323,2.21212121,-0.0000000000,0.0000000000,0
0.24242424,2.21212121,-0.0000000001,0.0000000001,0
0.25252525,2.21212121,-0.0000000001,0.0000000001,0
0.26262626,2.21212121,-0.0000000001,0.0000000001,0
0.27272727,2.21212121,-0.0000000001,0.0000000001,0
0.28282828,2.21212121,-0.0000000001,0.0000000001,0
0.29292929,2.21212121,-0.0000000002,0.0000000002,0
0.30303030,2.21212121,-0.0000000002,0.0000000002,0
0.31313131,2.21212121,-0.0000000002,0.0000000002,0
0.32323232,2.21212121,-0.0000000003,0.0000000003,0
0.33333333,2.21212121,-0.0000000003,0.0000000003,0
0.34343434,2.21212121,-0.0000000004,0.0000000004,0
0.35353535,2.21212121,-0.0000000005,0.0000000005,0
0.36363636,2.21212121,-0.0000000005,0.0000000005,0
0.37373737,2.21212121,-0.0000000007,0.0000000007,0
0.38383838,2.21212121,-0.0000000008,0.0000000008,0
0.39393939,2.21212121,-0.0000000009,0.0000000009,0
0.40404040,2.21212121,-0.0000000011,0.0000000011,0
0.41414141,2.21212121,-0.0000000013,0.0000000013,0
0.42424242,2.21212121,-0.0000000015,0.0000000015,0
0.43434343,2.21212121,-0.0000000018,0.0000000018,0
0.44444444,2.21212121,-0.0000000021,0.0000000021,0
0.45454545,2.21212121,-0.0000000025,0.0000000025,0
0.46464646,2.21212121,-0.0000000029,0.0000000029,0
0.47474747,2.21212121,-0.0000000034,0.0000000034,0
0.48484848,2.21212121,-0.0000000040,0.0000000040,0
0.49494949,2.21212121,-0.0000000048,0.0000000048,0
0.50505051,2.21212121,-0.0000000056,0.0000000056,0
0.51515152,2.21212121,-0.0000000066,0.0000000066,0
0.52525253,2.21212121,-0.0000000077,0.0000000077,0
0.53535354,2.21212121,-0.0000000091,0.0000000091,0
0.54545455,2.21212121,-0.0000000107,0.0000000107,0
0.55555556,2.21212121,-0.0000000126,0.0000000126,0
0.56565657,2.21212121,-0.0000000148,0.0000000148,0
0.57575758,2.21212121,-0.0000000175,0.0000000175,0
0.58585859,2.21212121,-0.0000000207,0.0000000207,0
0.59595960,2.21212121,-0.0000000244,0.0000000244,0
0.60606061,2.21212121,-0.0000000289,0.0000000289,0
0.61616162,2.21212121,-0.0000000343,0.0000000343,0
0.62626263,2.21212121,-0.0000000407,0.0000000407,0
0.63636364,2.21212121,-0.0000000485,0.0000000485,0
0.64646465,2.21212121,-0.0000000578,0.0000000578,0
0.65656566,2.21212121,-0.0000000691,0.0000000691,0
0.66666667,2.21212121,-0.0000000827,0.0000000827,0
0.67676768,2.21212121,-0.0000000994,0.0000000994,0
0.68686869,2.21212121,-0.0000001198,0.0000001198,0
0.69696970,2.21212121,-0.0000001449,0.0000001449,0
0.70707071,2.21212121,-0.0000001758,0.0000001758,0
0.71717172,2.21212121,-0.0000002143,0.0000002143,0
0.72727273,2.21212121,-0.0000002622,0.0000002622,0
0.73737374,2.21212121,-0.0000003225,0.0000003225,0
0.74747475,2.21212121,-0.0000003986,0.0000003986,0
0.75757576,2.21212121,-0.0000004957,0.0000004957,0
0.76767677,2.21212121,-0.0000006202,0.0000006202,0
0.77777778,2.21212121,-0.0000007816,0.0000007816,0
0.78787879,2.21212121,-0.0000009926,0.0000009926,0
0.79797980,2.21212121,-0.0000012716,0.0000012716,0
0.80808081,2.21212121,-0.0000016447,0.0000016447,0
0.81818182,2.21212121,-0.0000021503,0.0000021503,0
0.82828283,2.21212121,-0.0000028458,0.0000028458,0
0.83838384,2.21212121,-0.0000038185,0.0000038185,0
0.84848485,2.21212121,-0.0000052048,0.0000052048,0
0.85858586,2.21212121,-0.0000072239,0.0000072239,0
0.86868687,2.21212121,-0.0000102390,0.0000102390,0
0.87878788,2.21212121,-0.0000148747,0.0000148747,0
0.88888889,2.21212121,-0.0000222520,0.0000222520,0
0.89898990,2.21212121,-0.0000344879,0.0000344879,0
0.90909091,2.21212121,-0.0000558324,0.0000558324,0
0.91919192,2.21212121,-0.0000954825,0.0000954825,0
0.92929293,2.21212121,-0.0001753001,0.0001753001,0
0.93939394,2.21212121,-0.0003539203,0.0003539203,0
0.94949495,2.21212121,-0.0008158431,0.0008158431,0
0.95959596,2.21212121,-0.0022829721,0.0022829721,0
0.96969697,2.21212121,-0.0085741338,0.0085741338,0
0.97979798,2.21212121,-0.0487898070,0.0487898070,0
0.98989899,2.21212121,-0.3222599375,0.3222599375,0
1.00000000,2.21212121,-1.0000000000,1.0000000000,0
0.00000000,2.27272727,0.0000000000,-0.0000000000,0
0.01010101,2.27272727,-0.0000000000,0.0000000000,0
0.02020202,2.27272727,-0.0000000000,0.0000000000,0
0.03030303,2.27272727,-0.0000000000,0.0000000000,0
0.04040404,2.27272727,-0.0000000000,0.0000000000,0
0.05050505,2.27272727,-0.0000000000,0.0000000000,0
0.06060606,2.27272727,-0.0000000000,0.0000000000,0
0.07070707,2.27272727,-0.0000000000,0.0000000000,0
0.08080808,2.27272727,-0.0000000000,0.0000000000,0
0.09090909,2.27272727,-0.0000000000,0.0000000000,0
0.10101010,2.27272727,-0.0000000000,0.0000000000,0
0.11111111,2.27272727,-0.0000000000,0.0000000000,0
0.12121212,2.27272727,-0.0000000000,0.0000000000,0
0.13131313,2.27272727,-0.0000000000,0.0000000000,0
0.14141414,2.27272727,-0.0000000000,0.0000000000,0
0.15151515,2.27272727,-0.0000000000,0.0000000000,0
0.16161616,2.27272727,-0.0000000000,0.0000000000,0
0.17171717,2.27272727,-0.0000000000,0.0000000000,0
0.18181818,2.27272727,-0.0000000000,0.0000000000,0
0.19191919,2.27272727,-0.0000000000,0.0000000000,0
0.20202020,2.27272727,-0.0000000000,0.0000000000,0
0.21212121,2.27272727,-0.0000000000,0.0000000000,0
0.22222222,2.27272727,-0.0000000000,0.0000000000,0
0.23232323,2.27272727,-0.0000000000,0.0000000000,0
0.24242424,2.27272727,-0.0000000000,0.0000000000,0
0.25252525,2.27272727,-0.0000000000,0.0000000000,0
0.26262626,2.27272727,-0.0000000001,0.0000000001,0
0.27272727,2.27272727,-0.0000000001,0.0000000001,0
0.28282828,2.27272727,-0.0000000001,0.0000000001,0
0.29292929,2.27272727,-0.0000000001,0.0000000001,0
0.30303030,2.27272727,-0.0000000001,0.0000000001,0
0.31313131,2.27272727,-0.0000000001,0.0000000001,0
0.32323232,2.27272727,-0.0000000002,0.0000000002,0
0.33333333,2.27272727,-0.0000000002,0.0000000002,0
0.34343434,2.27272727,-0.0000000002,0.0000000002,0
0.35353535,2.27272727,-0.0000000003,0.0000000003,0
0.36363636,2.27272727,-0.0000000003,0.0000000003,0
0.37373737,2.27272727,-0.0000000004,0.0000000004,0
0.38383838,2.27272727,-0.0000000005,0.0000000005,0
0.39393939,2.27272727,-0.0000000006,0.0000000006,0
0.40404040,2.27272727,-0.0000000007,0.0000000007,0
0.41414141,2.27272727,-0.0000000008,0.0000000008,0
0.42424242,2.27272727,-0.0000000009,0.0000000009,0
0.43434343,2.27272727,-0.0000000011,0.0000000011,0
0.44444444,2.27272727,-0.0000000013,0.0000000013,0
0.45454545,2.27272727,-0.0000000015,0.0000000015,0
0.46464646,2.27272727,-0.0000000018,0.0000000018,0
0.47474747,2.27272727,-0.0000000021,0.0000000021,0
0.48484848,2.27272727,-0.0000000025,0.0000000025,0
0.49494949,2.27272727,-0.0000000029,0.0000000029,0
0.50505051,2.27272727,-0.0000000034,0.0000000034,0
0.51515152,2.27272727,-0.0000000040,0.0000000040,0
0.52525253,2.27272727,-0.0000000048,0.0000000048,0
0.53535354,2.27272727,-0.0000000056,0.0000000056,0
0.54545455,2.27272727,-0.0000000066,0.0000000066,0
0.55555556,2.27272727,-0.0000000078,0.0000000078,0
0.56565657,2.27272727,-0.0000000091,0.0000000091,0
0.57575758,2.27272727,-0.0000000108,0.0000000108,0
0.58585859,2.27272727,-0.0000000127,0.0000000127,0
0.59595960,2.27272727,-0.0000000150,0.0000000150,0
0.60606061,2.27272727,-0.0000000178,0.0000000178,0
0.61616162,2.27272727,-0.0000000211,0.0000000211,0
0.62626263,2.27272727,-0.0000000251,0.0000000251,0
0.63636364,2.27272727,-0.0000000298,0.0000000298,0
0.64646465,2.27272727,-0.0000000356,0.0000000356,0
0.65656566,2.27272727,-0.0000000425,0.0000000425,0
0.66666667,2.27272727,-0.0000000509,0.0000000509,0
0.67676768,2.27272727,-0.0000000612,0.0000000612,0
0.68686869,2.27272727,-0.0000000737,0.0000000737,0
0.69696970,2.27272727,-0.0000000891,0.0000000891,0
0.70707071,2.27272727,-0.0000001082,0.0000001082,0
0.71717172,2.27272727,-0.0000001318,0.0000001318,0
0.72727273,2.27272727,-0.0000001613,0.0000001613,0
0.73737374,2.27272727,-0.0000001983,0.0000001983,0
0.74747475,2.27272727,-0.0000002451,0.0000002451,0
0.75757576,2.27272727,-0.0000003047,0.0000003047,0
0.76767677,2.27272727,-0.0000003812,0.0000003812,0
0.77777778,2.27272727,-0.0000004802,0.0000004802,0
0.78787879,2.27272727,-0.0000006097,0.0000006097,0
0.79797980,2.27272727,-0.0000007808,0.0000007808,0
0.80808081,2.27272727,-0.0000010096,0.0000010096,0
0.81818182,2.27272727,-0.0000013194,0.0000013194,0
0.82828283,2.27272727,-0.0000017452,0.0000017452,0
0.83838384,2.27272727,-0.0000023402,0.0000023402,0
0.84848485,2.27272727,-0.0000031874,0.0000031874,0
0.85858586,2.27272727,-0.0000044197,0.0000044197,0
0.86868687,2.27272727,-0.0000062572,0.0000062572,0
0.87878788,2.27272727,-0.0000090772,0.0000090772,0
0.88888889,2.27272727,-0.0000135547,0.0000135547,0
0.89898990,2.27272727,-0.0000209597,0.0000209597,0
0.90909091,2.27272727,-0.0000338300,0.0000338300,0
0.91919192,2.27272727,-0.0000576267,0.0000576267,0
0.92929293,2.27272727,-0.0001052446,0.0001052446,0
0.93939394,2.27272727,-0.0002110043,0.0002110043,0
0.94949495,2.27272727,-0.0004820699,0.0004820699,0
0.95959596,2.27272727,-0.0013360453,0.0013360453,0
0.96969697,2.27272727,-0.0050121220,0.0050121220,0
0.97979798,2.27272727,-0.0302221767,0.0302221767,0
0.98989899,2.27272727,-0.2613042966,0.2613042966,0
1.00000000,2.27272727,-1.0000000000,1.0000000000,0
0.00000000,2.33333333,0.0000000000,-0.0000000000,0
0.01010101,2.33333333,-0.0000000000,0.0000000000,0
0.02020202,2.33333333,-0.0000000000,0.0000000000,0
0.03030303,2.33333333,-0.0000000000,0.0000000000,0
0.04040404,2.33333333,-0.0000000000,0.0000000000,0
0.05050505,2.33333333,-0.0000000000,0.0000000000,0
0.06060606,2.33333333,-0.0000000000,0.0000000000,0
0.07070707,2.33333333,-0.0000000000,0.0000000000,0
0.08080808,2.33333333,-0.0000000000,0.0000000000,0
0.09090909,2.33333333,-0.0000000000,0.0000000000,0
0.10101010,2.33333333,-0.0000000000,0.0000000000,0
0.11111111,2.33333333,-0.0000000000,0.0000000000,0
0.12121212,2.33333333,-0.0000000000,0.0000000000,0
0.13131313,2.33333333,-0.0000000000,0.0000000000,0
0.14141414,2.33333333,-0.0000000000,0.0000000000,0
0.15151515,2.33333333,-0.0000000000,0.0000000000,0
0.16161616,2.33333333,-0.0000000000,0.0000000000,0
0.17171717,2.33333333,-0.0000000000,0.0000000000,0
0.18181818,2.33333333,-0.0000000000,0.0000000000,0
0.19191919,2.33333333,-0.0000000000,0.0000000000,0
0.20202020,2.33333333,-0.0000000000,0.0000000000,0
0.21212121,2.33333333,-0.0000000000,0.0000000000,0
0.22222222,2.33333333,-0.0000000000,0.0000000000,0
0.23232323,2.33333333,-0.0000000000,0.0000000000,0
0.24242424,2.33333333,-0.0000000000,0.0000000000,0
0.25252525,2.33333333,-0.0000000000,0.0000000000,0
0.26262626,2.33333333,-0.0000000000,0.0000000000,0
0.27272727,2.33333333,-0.0000000000,0.0000000000,0
0.28282828,2.33333333,-0.0000000000,0.0000000000,0
0.29292929,2.33333333,-0.0000000001,0.0000000001,0
0.30303030,2.33333333,-0.0000000001,0.0000000001,0
0.31313131,2.33333333,-0.0000000001,0.0000000001,0
0.32323232,2.33333333,-0.0000000001,0.0000000001,0
0.33333333,2.33333333,-0.0000000001,0.0000000001,0
0.34343434,2.33333333,-0.0000000001,0.0000000001,0
0.35353535,2.33333333,-0.0000000002,0.0000000002,0
0.36363636,2.33333333,-0.0000000002,0.0000000002,0
0.37373737,2.33333333,-0.0000000002,0.0000000002,0
0.38383838,2.33333333,-0.0000000003,0.0000000003,0
0.39393939,2.33333333,-0.0000000003,0.0000000003,0
0.40404040,2.33333333,-0.0000000004,0.0000000004,0
0.41414141,2.33333333,-0.0000000005,0.0000000005,0
0.42424242,2.33333333,-0.0000000006,0.0000000006,0
0.43434343,2.33333333,-0.0000000007,0.0000000007,0
0.44444444,2.33333333,-0.0000000008,0.0000000008,0
0.45454545,2.33333333,-0.0000000009,0.0000000009,0
0.46464646,2.33333333,-0.0000000011,0.0000000011,0
0.47474747,2.33333333,-0.0000000013,0.0000000013,0
0.48484848,2.33333333,-0.0000000015,0.0000000015,0
0.49494949,2.33333333,-0.0000000018,0.0000000018,0
0.50505051,2.33333333,-0.0000000021,0.0000000021,0
0.51515152,2.33333333,-0.0000000025,0.0000000025,0
0.52525253,2.33333333,-0.0000000029,0.0000000029,0
0.53535354,2.33333333,-0.0000000034,0.0000000034,0
0.54545455,2.33333333,-0.0000000041,0.0000000041,0
0.55555556,2.33333333,-0.0000000048,0.0000000048,0
0.56565657,2.33333333,-0.0000000056,0.0000000056,0
0.57575758,2.33333333,-0.0000000066,0.0000000066,0
0.58585859,2.33333333,-0.0000000078,0.0000000078,0
0.59595960,2.33333333,-0.0000000093,0.0000000093,0
0.60606061,2.33333333,-0.0000000110,0.0000000110,0
0.61616162,2.33333333,-0.0000000130,0.0000000130,0
0.62626263,2.33333333,-0.0000000154,0.0000000154,0
0.63636364,2.33333333,-0.0000000184,0.0000000184,0
0.64646465,2.33333333,-0.0000000219,0.0000000219,0
0.65656566,2.33333333,-0.0000000262,0.0000000262,0
0.66666667,2.33333333,-0.0000000313,0.0000000313,0
0.67676768,2.33333333,-0.0000000376,0.0000000376,0
0.68686869,2.33333333,-0.0000000454,0.0000000454,0
0.69696970,2.33333333,-0.0000000548,0.0000000548,0
0.70707071,2.33333333,-0.0000000666,0.0000000666,0
0.71717172,2.33333333,-0.0000000811,0.0000000811,0
0.72727273,2.33333333,-0.0000000992,0.0000000992,0
0.73737374,2.33333333,-0.0000001220,0.0000001220,0
0.74747475,2.33333333,-0.0000001507,0.0000001507,0
0.75757576,2.33333333,-0.0000001874,0.0000001874,0
0.76767677,2.33333333,-0.0000002344,0.0000002344,0
0.77777778,2.33333333,-0.0000002952,0.0000002952,0
0.78787879,2.33333333,-0.0000003747,0.0000003747,0
0.79797980,2.33333333,-0.0000004798,0.0000004798,0
0.80808081,2.33333333,-0.0000006201,0.0000006201,0
0.81818182,2.33333333,-0.0000008101,0.0000008101,0
0.82828283,2.33333333,-0.0000010711,0.0000010711,0
0.83838384,2.33333333,-0.0000014356,0.0000014356,0
0.84848485,2.33333333,-0.0000019541,0.0000019541,0
0.85858586,2.33333333,-0.0000027077,0.0000027077,0
0.86868687,2.33333333,-0.0000038299,0.0000038299,0
0.87878788,2.33333333,-0.0000055495,0.0000055495,0
0.88888889,2.33333333,-0.0000082747,0.0000082747,0
0.89898990,2.33333333,-0.0000127711,0.0000127711,0
0.90909091,2.33333333,-0.0000205621,0.0000205621,0
0.91919192,2.33333333,-0.0000349096,0.0000349096,0
0.92929293,2.33333333,-0.0000634683,0.0000634683,0
0.93939394,2.33333333,-0.0001264574,0.0001264574,0
0.94949495,2.33333333,-0.0002864637,0.0002864637,0
0.95959596,2.33333333,-0.0007854777,0.0007854777,0
0.96969697,2.33333333,-0.0029238765,0.0029238765,0
0.97979798,2.33333333,-0.0182165126,0.0182165126,0
0.98989899,2.33333333,-0.2026742087,0.2026742087,0
1.00000000,2.33333333,-1.0000000000,1.0000000000,0
0.00000000,2.39393939,0.0000000000,-0.0000000000,0
0.01010101,2.39393939,-0.0000000000,0.0000000000,0
0.02020202,2.39393939,-0.0000000000,0.0000000000,0
0.03030303,2.39393939,-0.0000000000,0.0000000000,0
0.04040404,2.39393939,-0.0000000000,0.0000000000,0
0.05050505,2.39393939,-0.0000000000,0.0000000000,0
0.06060606,2.39393939,-0.0000000000,0.0000000000,0
0.07070707,2.39393939,-0.0000000000,0.0000000000,0
0.08080808,2.39393939,-0.0000000000,0.0000000000,0
0.09090909,2.39393939,-0.0000000000,0.0000000000,0
0.10101010,2.39393939,-0.0000000000,0.0000000000,0
0.11111111,2.39393939,-0.0000000000,0.0000000000,0
0.12121212,2.39393939,-0.0000000000,0.0000000000,0
0.13131313,2.39393939,-0.0000000000,0.0000000000,0
0.14141414,2.39393939,-0.0000000000,0.0000000000,0
0.15151515,2.39393939,-0.0000000000,0.0000000000,0
0.16161616,2.39393939,-0.0000000000,0.0000000000,0
0.17171717,2.39393939,-0.0000000000,0.0000000000,0
0.18181818,2.39393939,-0.0000000000,0.0000000000,0
0.19191919,2.39393939,-0.0000000000,0.0000000000,0
0.20202020,2.39393939,-0.0000000000,0.0000000000,0
0.21212121,2.39393939,-0.0000000000,0.0000000000,0
0.22222222,2.39393939,-0.0000000000,0.0000000000,0
0.23232323,2.39393939,-0.0000000000,0.0000000000,0
0.24242424,2.39393939,-0.0000000000,0.0000000000,0
0.25252525,2.39393939,-0.0000000000,0.0000000000,0
0.26262626,2.39393939,-0.0000000000,0.0000000000,0
0.27272727,2.39393939,-0.0000000000,0.0000000000,0
0.28282828,2.39393939,-0.0000000000,0.0000000000,0
0.29292929,2.39393939,-0.0000000000,0.0000000000,0
0.30303030,2.39393939,-0.0000000000,0.0000000000,0
0.31313131,2.39393939,-0.0000000001,0.0000000001,0
0.32323232,2.39393939,-0.0000000001,0.0000000001,0
0.33333333,2.39393939,-0.0000000001,0.0000000001,0
0.34343434,2.39393939,-0.0000000001,0.0000000001,0
0.35353535,2.39393939,-0.0000000001,0.0000000001,0
0.36363636,2.39393939,-0.0000000001,0.0000000001,0
0.37373737,2.39393939,-0.0000000002,0.0000000002,0
0.38383838,2.39393939,-0.0000000002,0.0000000002,0
0.39393939,2.39393939,-0.0000000002,0.0000000002,0
0.40404040,2.39393939,-0.0000000003,0.0000000003,0
0.41414141,2.39393939,-0.0000000003,0.0000000003,0
0.42424242,2.39393939,-0.0000000004,0.0000000004,0
0.43434343,2.39393939,-0.0000000004,0.0000000004,0
0.44444444,2.39393939,-0.0000000005,0.0000000005,0
0.45454545,2.39393939,-0.0000000006,0.0000000006,0
0.46464646,2.39393939,-0.0000000007,0.0000000007,0
0.47474747,2.39393939,-0.0000000008,0.0000000008,0
0.48484848,2.39393939,-0.0000000009,0.0000000009,0
0.49494949,2.39393939,-0.0000000011,0.0000000011,0
0.50505051,2.39393939,-0.0000000013,0.0000000013,0
0.51515152,2.39393939,-0.0000000015,0.0000000015,0
0.52525253,2.39393939,-0.0000000018,0.0000000018,0
0.53535354,2.39393939,-0.0000000021,0.0000000021,0
0.54545455,2.39393939,-0.0000000025,0.0000000025,0
0.55555556,2.39393939,-0.0000000029,0.0000000029,0
0.56565657,2.39393939,-0.0000000035,0.0000000035,0
0.57575758,2.39393939,-0.0000000041,0.0000000041,0
0.58585859,2.39393939,-0.0000000048,0.0000000048,0
0.59595960,2.39393939,-0.0000000057,0.0000000057,0
0.60606061,2.39393939,-0.0000000067,0.0000000067,0
0.61616162,2.39393939,-0.0000000080,0.0000000080,0
0.62626263,2.39393939,-0.0000000095,0.0000000095,0
0.63636364,2.39393939,-0.0000000113,0.0000000113,0
0.64646465,2.39393939,-0.0000000135,0.0000000135,0
0.65656566,2.39393939,-0.0000000161,0.0000000161,0
0.66666667,2.39393939,-0.0000000193,0.0000000193,0
0.67676768,2.39393939,-0.0000000232,0.0000000232,0
0.68686869,2.39393939,-0.0000000279,0.0000000279,0
0.69696970,2.39393939,-0.0000000338,0.0000000338,0
0.70707071,2.39393939,-0.0000000410,0.0000000410,0
0.71717172,2.39393939,-0.0000000499,0.0000000499,0
0.72727273,2.39393939,-0.0000000610,0.0000000610,0
0.73737374,2.39393939,-0.0000000750,0.0000000750,0
0.74747475,2.39393939,-0.0000000927,0.0000000927,0
0.75757576,2.39393939,-0.0000001153,0.0000001153,0
0.76767677,2.39393939,-0.0000001442,0.0000001442,0
0.77777778,2.39393939,-0.0000001815,0.0000001815,0
0.78787879,2.39393939,-0.0000002304,0.0000002304,0
0.79797980,2.39393939,-0.0000002949,0.0000002949,0
0.80808081,2.39393939,-0.0000003811,0.0000003811,0
0.81818182,2.39393939,-0.0000004977,0.0000004977,0
0.82828283,2.39393939,-0.0000006579,0.0000006579,0
0.83838384,2.39393939,-0.0000008814,0.0000008814,0
0.84848485,2.39393939,-0.0000011992,0.0000011992,0
0.85858586,2.39393939,-0.0000016606,0.0000016606,0
0.86868687,2.39393939,-0.0000023471,0.0000023471,0
0.87878788,2.39393939,-0.0000033978,0.0000033978,0
0.88888889,2.39393939,-0.0000050604,0.0000050604,0
0.89898990,2.39393939,-0.0000077982,0.0000077982,0
0.90909091,2.39393939,-0.0000125299,0.0000125299,0
0.91919192,2.39393939,-0.0000212144,0.0000212144,0
0.92929293,2.39393939,-0.0000384226,0.0000384226,0
0.93939394,2.39393939,-0.0000761431,0.0000761431,0
0.94949495,2.39393939,-0.0001711602,0.0001711602,0
0.95959596,2.39393939,-0.0004643135,0.0004643135,0
0.96969697,2.39393939,-0.0017084114,0.0017084114,0
0.97979798,2.39393939,-0.0107837849,0.0107837849,0
0.98989899,2.39393939,-0.1495652307,0.1495652307,0
1.00000000,2.39393939,-1.0000000000,1.0000000000,0
0.00000000,2.45454545,0.0000000000,-0.0000000000,0
0.01010101,2.45454545,-0.0000000000,0.0000000000,0
0.02020202,2.45454545,-0.0000000000,0.0000000000,0
0.03030303,2.45454545,-0.0000000000,0.0000000000,0
0.04040404,2.45454545,-0.0000000000,0.0000000000,0
0.05050505,2.45454545,-0.0000000000,0.0000000000,0
0.06060606,2.45454545,-0.0000000000,0.0000000000,0
0.07070707,2.45454545,-0.0000000000,0.0000000000,0
0.08080808,2.45454545,-0.0000000000,0.0000000000,0
0.09090909,2.45454545,-0.0000000000,0.0000000000,0
0.10101010,2.45454545,-0.0000000000,0.0000000000,0
0.11111111,2.45454545,-0.0000000000,0.0000000000,0
0.12121212,2.45454545,-0.0000000000,0.0000000000,0
0.13131313,2.45454545,-0.0000000000,0.0000000000,0
0.14141414,2.45454545,-0.0000000000,0.0000000000,0
0.15151515,2.45454545,-0.0000000000,0.0000000000,0
0.16161616,2.45454545,-0.0000000000,0.0000000000,0
0.17171717,2.45454545,-0.0000000000,0.0000000000,0
0.18181818,2.45454545,-0.0000000000,0.0000000000,0
0.19191919,2.45454545,-0.0000000000,0.0000000000,0
0.20202020,2.45454545,-0.0000000000,0.0000000000,0
0.21212121,2.45454545,-0.0000000000,0.0000000000,0
0.22222222,2.45454545,-0.0000000000,0.0000000000,0
0.23232323,2.45454545,-0.0000000000,0.0000000000,0
0.24242424,2.45454545,-0.0000000000,0.0000000000,0
0.25252525,2.45454545,-0.0000000000,0.0000000000,0
0.26262626,2.45454545,-0.0000000000,0.0000000000,0
0.27272727,2.45454545,-0.0000000000,0.0000000000,0
0.28282828,2.45454545,-0.0000000000,0.0000000000,0
0.29292929,2.45454545,-0.0000000000,0.0000000000,0
0.30303030,2.45454545,-0.0000000000,0.0000000000,0
0.31313131,2.45454545,-0.0000000000,0.0000000000,0
0.32323232,2.45454545,-0.0000000000,0.0000000000,0
0.33333333,2.45454545,-0.0000000000,0.0000000000,0
0.34343434,2.45454545,-0.0000000001,0.0000000001,0
0.35353535,2.45454545,-0.0000000001,0.0000000001,0
0.36363636,2.45454545,-0.0000000001,0.0000000001,0
0.37373737,2.45454545,-0.0000000001,0.0000000001,0
0.38383838,2.45454545,-0.0000000001,0.0000000001,0
0.39393939,2.45454545,-0.0000000001,0.0000000001,0
0.40404040,2.45454545,-0.0000000002,0.0000000002,0
0.41414141,2.45454545,-0.0000000002,0.0000000002,0
0.42424242,2.45454545,-0.0000000002,0.0000000002,0
0.43434343,2.45454545,-0.0000000003,0.0000000003,0
0.44444444,2.45454545,-0.0000000003,0.0000000003,0
0.45454545,2.45454545,-0.0000000004,0.0000000004,0
0.46464646,2.45454545,-0.0000000004,0.0000000004,0
0.47474747,2.45454545,-0.0000000005,0.0000000005,0
0.48484848,2.45454545,-0.0000000006,0.0000000006,0
0.49494949,2.45454545,-0.0000000007,0.0000000007,0
0.50505051,2.45454545,-0.0000000008,0.0000000008,0
0.51515152,2.45454545,-0.0000000009,0.0000000009,0
0.52525253,2.45454545,-0.0000000011,0.0000000011,0
0.53535354,2.45454545,-0.0000000013,0.0000000013,0
0.54545455,2.45454545,-0.0000000015,0.0000000015,0
0.55555556,2.45454545,-0.0000000018,0.0000000018,0
0.56565657,2.45454545,-0.0000000021,0.0000000021,0
0.57575758,2.45454545,-0.0000000025,0.0000000025,0
0.58585859,2.45454545,-0.0000000030,0.0000000030,0
0.59595960,2.45454545,-0.0000000035,0.0000000035,0
0.60606061,2.45454545,-0.0000000042,0.0000000042,0
0.61616162,2.45454545,-0.0000000049,0.0000000049,0
0.62626263,2.45454545,-0.0000000058,0.0000000058,0
0.63636364,2.45454545,-0.0000000070,0.0000000070,0
0.64646465,2.45454545,-0.0000000083,0.0000000083,0
0.65656566,2.45454545,-0.0000000099,0.0000000099,0
0.66666667,2.45454545,-0.0000000119,0.0000000119,0
0.67676768,2.45454545,-0.0000000143,0.0000000143,0
0.68686869,2.45454545,-0.0000000172,0.0000000172,0
0.69696970,2.45454545,-0.0000000208,0.0000000208,0
0.70707071,2.45454545,-0.0000000252,0.0000000252,0
0.71717172,2.45454545,-0.0000000307,0.0000000307,0
0.72727273,2.45454545,-0.0000000376,0.0000000376,0
0.73737374,2.45454545,-0.0000000462,0.0000000462,0
0.74747475,2.45454545,-0.0000000571,0.0000000571,0
0.75757576,2.45454545,-0.0000000709,0.0000000709,0
0.76767677,2.45454545,-0.0000000887,0.0000000887,0
0.77777778,2.45454545,-0.0000001117,0.0000001117,0
0.78787879,2.45454545,-0.0000001417,0.0000001417,0
0.79797980,2.45454545,-0.0000001814,0.0000001814,0
0.80808081,2.45454545,-0.0000002343,0.0000002343,0
0.81818182,2.45454545,-0.0000003060,0.0000003060,0
0.82828283,2.45454545,-0.0000004043,0.0000004043,0
0.83838384,2.45454545,-0.0000005415,0.0000005415,0
0.84848485,2.45454545,-0.0000007364,0.0000007364,0
0.85858586,2.45454545,-0.0000010193,0.0000010193,0
0.86868687,2.45454545,-0.0000014398,0.0000014398,0
0.87878788,2.45454545,-0.0000020829,0.0000020829,0
0.88888889,2.45454545,-0.0000030991,0.0000030991,0
0.89898990,2.45454545,-0.0000047699,0.0000047699,0
0.90909091,2.45454545,-0.0000076514,0.0000076514,0
0.91919192,2.45454545,-0.0000129255,0.0000129255,0
0.92929293,2.45454545,-0.0000233361,0.0000233361,0
0.93939394,2.45454545,-0.0000460348,0.0000460348,0
0.94949495,2.45454545,-0.0001027814,0.0001027814,0
0.95959596,2.45454545,-0.0002760227,0.0002760227,0
0.96969697,2.45454545,-0.0010021222,0.0010021222,0
0.97979798,2.45454545,-0.0063190303,0.0063190303,0
0.98989899,2.45454545,-0.1047747739,0.1047747739,0
1.00000000,2.45454545,-1.0000000000,1.0000000000,0
0.00000000,2.51515152,0.0000000000,-0.0000000000,0
0.01010101,2.51515152,-0.0000000000,0.0000000000,0
0.02020202,2.51515152,-0.0000000000,0.0000000000,0
0.03030303,2.51515152,-0.0000000000,0.0000000000,0
0.04040404,2.51515152,-0.0000000000,0.0000000000,0
0.05050505,2.51515152,-0.0000000000,0.0000000000,0
0.06060606,2.51515152,-0.0000000000,0.0000000000,0
0.07070707,2.51515152,-0.0000000000,0.0000000000,0
0.08080808,2.51515152,-0.0000000000,0.0000000000,0
0.09090909,2.51515152,-0.0000000000,0.0000000000,0
0.10101010,2.51515152,-0.0000000000,0.0000000000,0
0.11111111,2.51515152,-0.0000000000,0.0000000000,0
0.12121212,2.51515152,-0.0000000000,0.0000000000,0
0.13131313,2.51515152,-0.0000000000,0.0000000000,0
0.14141414,2.51515152,-0.0000000000,0.0000000000,0
0.15151515,2.51515152,-0.0000000000,0.0000000000,0
0.16161616,2.51515152,-0.0000000000,0.0000000000,0
0.17171717,2.51515152,-0.0000000000,0.0000000000,0
0.18181818,2.51515152,-0.0000000000,0.0000000000,0
0.19191919,2.51515152,-0.0000000000,0.0000000000,0
0.20202020,2.51515152,-0.0000000000,0.0000000000,0
0.21212121,2.51515152,-0.0000000000,0.0000000000,0
0.22222222,2.51515152,-0.0000000000,0.0000000000,0
0.23232323,2.51515152,-0.0000000000,0.0000000000,0
0.24242424,2.51515152,-0.0000000000,0.0000000000,0
0.25252525,2.51515152,-0.0000000000,0.0000000000,0
0.26262626,2.51515152,-0.0000000000,0.0000000000,0
0.27272727,2.51515152,-0.0000000000,0.0000000000,0
0.28282828,2.51515152,-0.0000000000,0.0000000000,0
0.29292929,2.51515152,-0.0000000000,0.0000000000,0
0.30303030,2.51515152,-0.0000000000,0.0000000000,0
0.31313131,2.51515152,-0.0000000000,0.0000000000,0
0.32323232,2.51515152,-0.0000000000,0.0000000000,0
0.33333333,2.51515152,-0.0000000000,0.0000000000,0
0.34343434,2.51515152,-0.0000000000,0.0000000000,0
0.35353535,2.51515152,-0.0000000000,0.0000000000,0
0.36363636,2.51515152,-0.0000000000,0.0000000000,0
0.37373737,2.51515152,-0.0000000001,0.0000000001,0
0.38383838,2.51515152,-0.0000000001,0.0000000001,0
0.39393939,2.51515152,-0.0000000001,0.0000000001,0
0.40404040,2.51515152,-0.0000000001,0.0000000001,0
0.41414141,2.51515152,-0.0000000001,0.0000000001,0
0.42424242,2.51515152,-0.0000000001,0.0000000001,0
0.43434343,2.51515152,-0.0000000002,0.0000000002,0
0.44444444,2.51515152,-0.0000000002,0.0000000002,0
0.45454545,2.51515152,-0.0000000002,0.0000000002,0
0.46464646,2.51515152,-0.0000000003,0.0000000003,0
0.47474747,2.51515152,-0.0000000003,0.0000000003,0
0.48484848,2.51515152,-0.0000000004,0.0000000004,0
0.49494949,2.51515152,-0.0000000004,0.0000000004,0
0.50505051,2.51515152,-0.0000000005,0.0000000005,0
0.51515152,2.51515152,-0.0000000006,0.0000000006,0
0.52525253,2.51515152,-0.0000000007,0.0000000007,0
0.53535354,2.51515152,-0.0000000008,0.0000000008,0
0.54545455,2.51515152,-0.0000000009,0.0000000009,0
0.55555556,2.51515152,-0.0000000011,0.0000000011,0
0.56565657,2.51515152,-0.0000000013,0.0000000013,0
0.57575758,2.51515152,-0.0000000015,0.0000000015,0
0.58585859,2.51515152,-0.0000000018,0.0000000018,0
0.59595960,2.51515152,-0.0000000022,0.0000000022,0
0.60606061,2.51515152,-0.0000000026,0.0000000026,0
0.61616162,2.51515152,-0.0000000030,0.0000000030,0
0.62626263,2.51515152,-0.0000000036,0.0000000036,0
0.63636364,2.51515152,-0.0000000043,0.0000000043,0
0.64646465,2.51515152,-0.0000000051,0.0000000051,0
0.65656566,2.51515152,-0.0000000061,0.0000000061,0
0.66666667,2.51515152,-0.0000000073,0.0000000073,0
0.67676768,2.51515152,-0.0000000088,0.0000000088,0
0.68686869,2.51515152,-0.0000000106,0.0000000106,0
0.69696970,2.51515152,-0.0000000128,0.0000000128,0
0.70707071,2.51515152,-0.0000000155,0.0000000155,0
0.71717172,2.51515152,-0.0000000189,0.0000000189,0
0.72727273,2.51515152,-0.0000000231,0.0000000231,0
0.73737374,2.51515152,-0.0000000284,0.0000000284,0
0.74747475,2.51515152,-0.0000000351,0.0000000351,0
0.75757576,2.51515152,-0.0000000436,0.0000000436,0
0.76767677,2.51515152,-0.0000000546,0.0000000546,0
0.77777778,2.51515152,-0.0000000687,0.0000000687,0
0.78787879,2.51515152,-0.0000000872,0.0000000872,0
0.79797980,2.51515152,-0.0000001116,0.0000001116,0
0.80808081,2.51515152,-0.0000001441,0.0000001441,0
0.81818182,2.51515152,-0.0000001881,0.0000001881,0
0.82828283,2.51515152,-0.0000002486,0.0000002486,0
0.83838384,2.51515152,-0.0000003328,0.0000003328,0
0.84848485,2.51515152,-0.0000004525,0.0000004525,0
0.85858586,2.51515152,-0.0000006261,0.0000006261,0
0.86868687,2.51515152,-0.0000008840,0.0000008840,0
0.87878788,2.51515152,-0.0000012780,0.0000012780,0
0.88888889,2.51515152,-0.0000019001,0.0000019001,0
0.89898990,2.51515152,-0.0000029216,0.0000029216,0
0.90909091,2.51515152,-0.0000046804,0.0000046804,0
0.91919192,2.51515152,-0.0000078920,0.0000078920,0
0.92929293,2.51515152,-0.0000142116,0.0000142116,0
0.93939394,2.51515152,-0.0000279284,0.0000279284,0
0.94949495,2.51515152,-0.0000619946,0.0000619946,0
0.95959596,2.51515152,-0.0001649837,0.0001649837,0
0.96969697,2.51515152,-0.0005908595,0.0005908595,0
0.97979798,2.51515152,-0.0036875482,0.0036875482,0
0.98989899,2.51515152,-0.0698125922,0.0698125922,0
1.00000000,2.51515152,-1.0000000000,1.0000000000,0
0.00000000,2.57575758,0.0000000000,-0.0000000000,0
0.01010101,2.57575758,-0.0000000000,0.0000000000,0
0.02020202,2.57575758,-0.0000000000,0.0000000000,0
0.03030303,2.57575758,-0.0000000000,0.0000000000,0
0.04040404,2.57575758,-0.0000000000,0.0000000000,0
0.05050505,2.57575758,-0.0000000000,0.0000000000,0
0.06060606,2.57575758,-0.0000000000,0.0000000000,0
0.07070707,2.57575758,-0.0000000000,0.0000000000,0
0.08080808,2.57575758,-0.0000000000,0.0000000000,0
0.09090909,2.57575758,-0.0000000000,0.0000000000,0
0.10101010,2.57575758,-0.0000000000,0.0000000000,0
0.11111111,2.57575758,-0.0000000000,0.0000000000,0
0.12121212,2.57575758,-0.0000000000,0.0000000000,0
0.13131313,2.57575758,-0.0000000000,0.0000000000,0
0.14141414,2.57575758,-0.0000000000,0.0000000000,0
0.15151515,2.57575758,-0.0000000000,0.0000000000,0
0.16161616,2.57575758,-0.0000000000,0.0000000000,0
0.17171717,2.57575758,-0.0000000000,0.0000000000,0
0.18181818,2.57575758,-0.0000000000,0.0000000000,0
0.19191919,2.57575758,-0.0000000000,0.0000000000,0
0.20202020,2.57575758,-0.0000000000,0.0000000000,0
0.21212121,2.57575758,-0.0000000000,0.0000000000,0
0.22222222,2.57575758,-0.0000000000,0.0000000000,0
0.23232323,2.57575758,-0.0000000000,0.0000000000,0
0.24242424,2.57575758,-0.0000000000,0.0000000000,0
0.25252525,2.57575758,-0.0000000000,0.0000000000,0
0.26262626,2.57575758,-0.0000000000,0.0000000000,0
0.27272727,2.57575758,-0.0000000000,0.0000000000,0
0.28282828,2.57575758,-0.0000000000,0.0000000000,0
0.29292929,2.57575758,-0.0000000000,0.0000000000,0
0.30303030,2.57575758,-0.0000000000,0.0000000000,0
0.31313131,2.57575758,-0.0000000000,0.0000000000,0
0.32323232,2.57575758,-0.0000000000,0.0000000000,0
0.33333333,2.57575758,-0.0000000000,0.0000000000,0
0.34343434,2.57575758,-0.0000000000,0.0000000000,0
0.35353535,2.57575758,-0.0000000000,0.0000000000,0
0.36363636,2.57575758,-0.0000000000,0.0000000000,0
0.37373737,2.57575758,-0.0000000000,0.0000000000,0
0.38383838,2.57575758,-0.0000000000,0.0000000000,0
0.39393939,2.57575758,-0.0000000001,0.0000000001,0
0.40404040,2.57575758,-0.0000000001,0.0000000001,0
0.41414141,2.57575758,-0.0000000001,0.0000000001,0
0.42424242,2.57575758,-0.0000000001,0.0000000001,0
0.43434343,2.57575758,-0.0000000001,0.0000000001,0
0.44444444,2.57575758,-0.0000000001,0.0000000001,0
0.45454545,2.57575758,-0.0000000001,0.0000000001,0
0.46464646,2.57575758,-0.0000000002,0.0000000002,0
0.47474747,2.57575758,-0.0000000002,0.0000000002,0
0.48484848,2.57575758,-0.0000000002,0.0000000002,0
0.49494949,2.57575758,-0.0000000003,0.0000000003,0
0.50505051,2.57575758,-0.0000000003,0.0000000003,0
0.51515152,2.57575758,-0.0000000004,0.0000000004,0
0.52525253,2.57575758,-0.0000000004,0.0000000004,0
0.53535354,2.57575758,-0.0000000005,0.0000000005,0
0.54545455,2.57575758,-0.0000000006,0.0000000006,0
0.55555556,2.57575758,-0.0000000007,0.0000000007,0
0.56565657,2.57575758,-0.0000000008,0.0000000008,0
0.57575758,2.57575758,-0.0000000010,0.0000000010,0
0.58585859,2.57575758,-0.0000000011,0.0000000011,0
0.59595960,2.57575758,-0.0000000013,0.0000000013,0
0.60606061,2.57575758,-0.0000000016,0.0000000016,0
0.61616162,2.57575758,-0.0000000019,0.0000000019,0
0.62626263,2.57575758,-0.0000000022,0.0000000022,0
0.63636364,2.57575758,-0.0000000026,0.0000000026,0
0.64646465,2.57575758,-0.0000000031,0.0000000031,0
0.65656566,2.57575758,-0.0000000038,0.0000000038,0
0.66666667,2.57575758,-0.0000000045,0.0000000045,0
0.67676768,2.57575758,-0.0000000054,0.0000000054,0
0.68686869,2.57575758,-0.0000000065,0.0000000065,0
0.69696970,2.57575758,-0.0000000079,0.0000000079,0
0.70707071,2.57575758,-0.0000000096,0.0000000096,0
0.71717172,2.57575758,-0.0000000116,0.0000000116,0
0.72727273,2.57575758,-0.0000000142,0.0000000142,0
0.73737374,2.57575758,-0.0000000175,0.0000000175,0
0.74747475,2.57575758,-0.0000000216,0.0000000216,0
0.75757576,2.57575758,-0.0000000269,0.0000000269,0
0.76767677,2.57575758,-0.0000000336,0.0000000336,0
0.77777778,2.57575758,-0.0000000423,0.0000000423,0
0.78787879,2.57575758,-0.0000000536,0.0000000536,0
0.79797980,2.57575758,-0.0000000686,0.0000000686,0
0.80808081,2.57575758,-0.0000000887,0.0000000887,0
0.81818182,2.57575758,-0.0000001157,0.0000001157,0
0.82828283,2.57575758,-0.0000001529,0.0000001529,0
0.83838384,2.57575758,-0.0000002046,0.0000002046,0
0.84848485,2.57575758,-0.0000002782,0.0000002782,0
0.85858586,2.57575758,-0.0000003848,0.0000003848,0
0.86868687,2.57575758,-0.0000005431,0.0000005431,0
0.87878788,2.57575758,-0.0000007848,0.0000007848,0
0.88888889,2.57575758,-0.0000011661,0.0000011661,0
0.89898990,2.57575758,-0.0000017915,0.0000017915,0
0.90909091,2.57575758,-0.0000028669,0.0000028669,0
0.91919192,2.57575758,-0.0000048271,0.0000048271,0
0.92929293,2.57575758,-0.0000086741,0.0000086741,0
0.93939394,2.57575758,-0.0000169928,0.0000169928,0
0.94949495,2.57575758,-0.0000375365,0.0000375365,0
0.95959596,2.57575758,-0.0000991058,0.0000991058,0
0.96969697,2.57575758,-0.0003503404,0.0003503404,0
0.97979798,2.57575758,-0.0021523690,0.0021523690,0
0.98989899,2.57575758,-0.0445156380,0.0445156380,0
1.00000000,2.57575758,-1.0000000000,1.0000000000,0
0.00000000,2.63636364,0.0000000000,-0.0000000000,0
0.01010101,2.63636364,-0.0000000000,0.0000000000,0
0.02020202,2.63636364,-0.0000000000,0.0000000000,0
0.03030303,2.63636364,-0.0000000000,0.0000000000,0
0.04040404,2.63636364,-0.0000000000,0.0000000000,0
0.05050505,2.63636364,-0.0000000000,0.0000000000,0
0.06060606,2.63636364,-0.0000000000,0.0000000000,0
0.07070707,2.63636364,-0.0000000000,0.0000000000,0
0.08080808,2.63636364,-0.0000000000,0.0000000000,0
0.09090909,2.63636364,-0.0000000000,0.0000000000,0
0.10101010,2.63636364,-0.0000000000,0.0000000000,0
0.11111111,2.63636364,-0.0000000000,0.0000000000,0
0.12121212,2.63636364,-0.0000000000,0.0000000000,0
0.13131313,2.63636364,-0.0000000000,0.0000000000,0
0.14141414,2.63636364,-0.0000000000,0.0000000000,0
0.15151515,2.63636364,-0.0000000000,0.0000000000,0
0.16161616,2.63636364,-0.0000000000,0.0000000000,0
0.17171717,2.63636364,-0.0000000000,0.0000000000,0
0.18181818,2.63636364,-0.0000000000,0.0000000000,0
0.19191919,2.63636364,-0.0000000000,0.0000000000,0
0.20202020,2.63636364,-0.0000000000,0.0000000000,0
0.21212121,2.63636364,-0.0000000000,0.0000000000,0
0.22222222,2.63636364,-0.0000000000,0.0000000000,0
0.23232323,2.63636364,-0.0000000000,0.0000000000,0
0.24242424,2.63636364,-0.0000000000,0.0000000000,0
0.25252525,2.63636364,-0.0000000000,0.0000000000,0
0.26262626,2.63636364,-0.0000000000,0.0000000000,0
0.27272727,2.63636364,-0.0000000000,0.0000000000,0
0.28282828,2.63636364,-0.0000000000,0.0000000000,0
0.29292929,2.63636364,-0.0000000000,0.0000000000,0
0.30303030,2.63636364,-0.0000000000,0.0000000000,0
0.31313131,2.63636364,-0.0000000000,0.0000000000,0
0.32323232,2.63636364,-0.0000000000,0.0000000000,0
0.33333333,2.63636364,-0.0000000000,0.0000000000,0
0.34343434,2.63636364,-0.0000000000,0.0000000000,0
0.35353535,2.63636364,-0.0000000000,0.0000000000,0
0.36363636,2.63636364,-0.0000000000,0.0000000000,0
0.37373737,2.63636364,-0.0000000000,0.0000000000,0
0.38383838,2.63636364,-0.0000000000,0.0000000000,0
0.39393939,2.63636364,-0.0000000000,0.0000000000,0
0.40404040,2.63636364,-0.0000000000,0.0000000000,0
0.41414141,2.63636364,-0.0000000000,0.0000000000,0
0.42424242,2.63636364,-0.0000000001,0.0000000001,0
0.43434343,2.63636364,-0.0000000001,0.0000000001,0
0.44444444,2.63636364,-0.0000000001,0.0000000001,0
0.45454545,2.63636364,-0.0000000001,0.0000000001,0
0.46464646,2.63636364,-0.0000000001,0.0000000001,0
0.47474747,2.63636364,-0.0000000001,0.0000000001,0
0.48484848,2.63636364,-0.0000000001,0.0000000001,0
0.49494949,2.63636364,-0.0000000002,0.0000000002,0
0.50505051,2.63636364,-0.0000000002,0.0000000002,0
0.51515152,2.63636364,-0.0000000002,0.0000000002,0
0.52525253,2.63636364,-0.0000000003,0.0000000003,0
0.53535354,2.63636364,-0.0000000003,0.0000000003,0
0.54545455,2.63636364,-0.0000000004,0.0000000004,0
0.55555556,2.63636364,-0.0000000004,0.0000000004,0
0.56565657,2.63636364,-0.0000000005,0.0000000005,0
0.57575758,2.63636364,-0.0000000006,0.0000000006,0
0.58585859,2.63636364,-0.0000000007,0.0000000007,0
0.59595960,2.63636364,-0.0000000008,0.0000000008,0
0.60606061,2.63636364,-0.0000000010,0.0000000010,0
0.61616162,2.63636364,-0.0000000011,0.0000000011,0
0.62626263,2.63636364,-0.0000000014,0.0000000014,0
0.63636364,2.63636364,-0.0000000016,0.0000000016,0
0.64646465,2.63636364,-0.0000000019,0.0000000019,0
0.65656566,2.63636364,-0.0000000023,0.0000000023,0
0.66666667,2.63636364,-0.0000000028,0.0000000028,0
0.67676768,2.63636364,-0.0000000033,0.0000000033,0
0.68686869,2.63636364,-0.0000000040,0.0000000040,0
0.69696970,2.63636364,-0.0000000048,0.0000000048,0
0.70707071,2.63636364,-0.0000000059,0.0000000059,0
0.71717172,2.63636364,-0.0000000072,0.0000000072,0
0.72727273,2.63636364,-0.0000000088,0.0000000088,0
0.73737374,2.63636364,-0.0000000108,0.0000000108,0
0.74747475,2.63636364,-0.0000000133,0.0000000133,0
0.75757576,2.63636364,-0.0000000165,0.0000000165,0
0.76767677,2.63636364,-0.0000000207,0.0000000207,0
0.77777778,2.63636364,-0.0000000260,0.0000000260,0
0.78787879,2.63636364,-0.0000000330,0.0000000330,0
0.79797980,2.63636364,-0.0000000422,0.0000000422,0
0.80808081,2.63636364,-0.0000000546,0.0000000546,0
0.81818182,2.63636364,-0.0000000712,0.0000000712,0
0.82828283,2.63636364,-0.0000000940,0.0000000940,0
0.83838384,2.63636364,-0.0000001259,0.0000001259,0
0.84848485,2.63636364,-0.0000001711,0.0000001711,0
0.85858586,2.63636364,-0.0000002366,0.0000002366,0
0.86868687,2.63636364,-0.0000003338,0.0000003338,0
0.87878788,2.63636364,-0.0000004822,0.0000004822,0
0.88888889,2.63636364,-0.0000007161,0.0000007161,0
0.89898990,2.63636364,-0.0000010995,0.0000010995,0
0.90909091,2.63636364,-0.0000017580,0.0000017580,0
0.91919192,2.63636364,-0.0000029566,0.0000029566,0
0.92929293,2.63636364,-0.0000053038,0.0000053038,0
0.93939394,2.63636364,-0.0000103637,0.0000103637,0
0.94949495,2.63636364,-0.0000228010,0.0000228010,0
0.95959596,2.63636364,-0.0000597952,0.0000597952,0
0.96969697,2.63636364,-0.0002088909,0.0002088909,0
0.97979798,2.63636364,-0.0012601568,0.0012601568,0
0.98989899,2.63636364,-0.0274055238,0.0274055238,0
1.00000000,2.63636364,-1.0000000000,1.0000000000,0
0.00000000,2.69696970,0.0000000000,-0.0000000000,0
0.01010101,2.69696970,-0.0000000000,0.0000000000,0
0.02020202,2.69696970,-0.0000000000,0.0000000000,0
0.03030303,2.69696970,-0.0000000000,0.0000000000,0
0.04040404,2.69696970,-0.0000000000,0.0000000000,0
0.05050505,2.69696970,-0.0000000000,0.0000000000,0
0.06060606,2.69696970,-0.0000000000,0.0000000000,0
0.07070707,2.69696970,-0.0000000000,0.0000000000,0
0.08080808,2.69696970,-0.0000000000,0.0000000000,0
0.09090909,2.69696970,-0.0000000000,0.0000000000,0
0.10101010,2.69696970,-0.0000000000,0.0000000000,0
0.11111111,2.69696970,-0.0000000000,0.0000000000,0
0.12121212,2.69696970,-0.0000000000,0.0000000000,0
0.13131313,2.69696970,-0.0000000000,0.0000000000,0
0.14141414,2.69696970,-0.0000000000,0.0000000000,0
0.15151515,2.69696970,-0.0000000000,0.0000000000,0
0.16161616,2.69696970,-0.0000000000,0.0000000000,0
0.17171717,2.69696970,-0.0000000000,0.0000000000,0
0.18181818,2.69696970,-0.0000000000,0.0000000000,0
0.19191919,2.69696970,-0.0000000000,0.0000000000,0
0.20202020,2.69696970,-0.0000000000,0.0000000000,0
0.21212121,2.69696970,-0.0000000000,0.0000000000,0
0.22222222,2.69696970,-0.0000000000,0.0000000000,0
0.23232323,2.69696970,-0.0000000000,0.0000000000,0
0.24242424,2.69696970,-0.0000000000,0.0000000000,0
0.25252525,2.69696970,-0.0000000000,0.0000000000,0
0.26262626,2.69696970,-0.0000000000,0.0000000000,0
0.27272727,2.69696970,-0.0000000000,0.0000000000,0
0.28282828,2.69696970,-0.0000000000,0.0000000000,0
0.29292929,2.69696970,-0.0000000000,0.0000000000,0
0.30303030,2.69696970,-0.0000000000,0.0000000000,0
0.31313131,2.69696970,-0.0000000000,0.0000000000,0
0.32323232,2.69696970,-0.0000000000,0.0000000000,0
0.33333333,2.69696970,-0.0000000000,0.0000000000,0
0.34343434,2.69696970,-0.0000000000,0.0000000000,0
0.35353535,2.69696970,-0.0000000000,0.0000000000,0
0.36363636,2.69696970,-0.0000000000,0.0000000000,0
0.37373737,2.69696970,-0.0000000000,0.0000000000,0
0.38383838,2.69696970,-0.0000000000,0.0000000000,0
0.39393939,2.69696970,-0.0000000000,0.0000000000,0
0.40404040,2.69696970,-0.0000000000,0.0000000000,0
0.41414141,2.69696970,-0.0000000000,0.0000000000,0
0.42424242,2.69696970,-0.0000000000,0.0000000000,0
0.43434343,2.69696970,-0.0000000000,0.0000000000,0
0.44444444,2.69696970,-0.0000000000,0.0000000000,0
0.45454545,2.69696970,-0.0000000001,0.0000000001,0
0.46464646,2.69696970,-0.0000000001,0.0000000001,0
0.47474747,2.69696970,-0.0000000001,0.0000000001,0
0.48484848,2.69696970,-0.0000000001,0.0000000001,0
0.49494949,2.69696970,-0.0000000001,0.0000000001,0
0.50505051,2.69696970,-0.0000000001,0.0000000001,0
0.51515152,2.69696970,-0.0000000001,0.0000000001,0
0.52525253,2.69696970,-0.0000000002,0.0000000002,0
0.53535354,2.69696970,-0.0000000002,0.0000000002,0
0.54545455,2.69696970,-0.0000000002,0.0000000002,0
0.55555556,2.69696970,-0.0000000003,0.0000000003,0
0.56565657,2.69696970,-0.0000000003,0.0000000003,0
0.57575758,2.69696970,-0.0000000004,0.0000000004,0
0.58585859,2.69696970,-0.0000000004,0.0000000004,0
0.59595960,2.69696970,-0.0000000005,0.0000000005,0
0.60606061,2.69696970,-0.0000000006,0.0000000006,0
0.61616162,2.69696970,-0.0000000007,0.0000000007,0
0.62626263,2.69696970,-0.0000000008,0.0000000008,0
0.63636364,2.69696970,-0.0000000010,0.0000000010,0
0.64646465,2.69696970,-0.0000000012,0.0000000012,0
0.65656566,2.69696970,-0.0000000014,0.0000000014,0
0.66666667,2.69696970,-0.0000000017,0.0000000017,0
0.67676768,2.69696970,-0.0000000020,0.0000000020,0
0.68686869,2.69696970,-0.0000000025,0.0000000025,0
0.69696970,2.69696970,-0.0000000030,0.0000000030,0
0.70707071,2.69696970,-0.0000000036,0.0000000036,0
0.71717172,2.69696970,-0.0000000044,0.0000000044,0
0.72727273,2.69696970,-0.0000000054,0.0000000054,0
0.73737374,2.69696970,-0.0000000066,0.0000000066,0
0.74747475,2.69696970,-0.0000000082,0.0000000082,0
0.75757576,2.69696970,-0.0000000102,0.0000000102,0
0.76767677,2.69696970,-0.0000000127,0.0000000127,0
0.77777778,2.69696970,-0.0000000160,0.0000000160,0
0.78787879,2.69696970,-0.0000000203,0.0000000203,0
0.79797980,2.69696970,-0.0000000260,0.0000000260,0
0.80808081,2.69696970,-0.0000000336,0.0000000336,0
0.81818182,2.69696970,-0.0000000438,0.0000000438,0
0.82828283,2.69696970,-0.0000000579,0.0000000579,0
0.83838384,2.69696970,-0.0000000774,0.0000000774,0
0.84848485,2.69696970,-0.0000001052,0.0000001052,0
0.85858586,2.69696970,-0.0000001455,0.0000001455,0
0.86868687,2.69696970,-0.0000002052,0.0000002052,0
0.87878788,2.69696970,-0.0000002964,0.0000002964,0
0.88888889,2.69696970,-0.0000004400,0.0000004400,0
0.89898990,2.69696970,-0.0000006753,0.0000006753,0
0.90909091,2.69696970,-0.0000010790,0.0000010790,0
0.91919192,2.69696970,-0.0000018129,0.0000018129,0
0.92929293,2.69696970,-0.0000032477,0.0000032477,0
0.93939394,2.69696970,-0.0000063331,0.0000063331,0
0.94949495,2.69696970,-0.0000138873,0.0000138873,0
0.95959596,2.69696970,-0.0000362138,0.0000362138,0
0.96969697,2.69696970,-0.0001252024,0.0001252024,0
0.97979798,2.69696970,-0.0007412812,0.0007412812,0
0.98989899,2.69696970,-0.0164487016,0.0164487016,0
1.00000000,2.69696970,-1.0000000000,1.0000000000,0
0.00000000,2.75757576,0.0000000000,-0.0000000000,0
0.01010101,2.75757576,-0.0000000000,0.0000000000,0
0.02020202,2.75757576,-0.0000000000,0.0000000000,0
0.03030303,2.75757576,-0.0000000000,0.0000000000,0
0.04040404,2.75757576,-0.0000000000,0.0000000000,0
0.05050505,2.75757576,-0.0000000000,0.0000000000,0
0.06060606,2.75757576,-0.0000000000,0.0000000000,0
0.07070707,2.75757576,-0.0000000000,0.0000000000,0
0.08080808,2.75757576,-0.0000000000,0.0000000000,0
0.09090909,2.75757576,-0.0000000000,0.0000000000,0
0.10101010,2.75757576,-0.0000000000,0.0000000000,0
0.11111111,2.75757576,-0.0000000000,0.0000000000,0
0.12121212,2.75757576,-0.0000000000,0.0000000000,0
0.13131313,2.75757576,-0.0000000000,0.0000000000,0
0.14141414,2.75757576,-0.0000000000,0.0000000000,0
0.15151515,2.75757576,-0.0000000000,0.0000000000,0
0.16161616,2.75757576,-0.0000000000,0.0000000000,0
0.17171717,2.75757576,-0.0000000000,0.0000000000,0
0.18181818,2.75757576,-0.0000000000,0.0000000000,0
0.19191919,2.75757576,-0.0000000000,0.0000000000,0
0.20202020,2.75757576,-0.0000000000,0.0000000000,0
0.21212121,2.75757576,-0.0000000000,0.0000000000,0
0.22222222,2.75757576,-0.0000000000,0.0000000000,0
0.23232323,2.75757576,-0.0000000000,0.0000000000,0
0.24242424,2.75757576,-0.0000000000,0.0000000000,0
0.25252525,2.75757576,-0.0000000000,0.0000000000,0
0.26262626,2.75757576,-0.0000000000,0.0000000000,0
0.27272727,2.75757576,-0.0000000000,0.0000000000,0
0.28282828,2.75757576,-0.0000000000,0.0000000000,0
0.29292929,2.75757576,-0.0000000000,0.0000000000,0
0.30303030,2.75757576,-0.0000000000,0.0000000000,0
0.31313131,2.75757576,-0.0000000000,0.0000000000,0
0.32323232,2.75757576,-0.0000000000,0.0000000000,0
0.33333333,2.75757576,-0.0000000000,0.0000000000,0
0.34343434,2.75757576,-0.0000000000,0.0000000000,0
0.35353535,2.75757576,-0.0000000000,0.0000000000,0
0.36363636,2.75757576,-0.0000000000,0.0000000000,0
0.37373737,2.75757576,-0.0000000000,0.0000000000,0
0.38383838,2.75757576,-0.0000000000,0.0000000000,0
0.39393939,2.75757576,-0.0000000000,0.0000000000,0
0.40404040,2.75757576,-0.0000000000,0.0000000000,0
0.41414141,2.75757576,-0.0000000000,0.0000000000,0
0.42424242,2.75757576,-0.0000000000,0.0000000000,0
0.43434343,2.75757576,-0.0000000000,0.0000000000,0
0.44444444,2.75757576,-0.0000000000,0.0000000000,0
0.45454545,2.75757576,-0.0000000000,0.0000000000,0
0.46464646,2.75757576,-0.0000000000,0.0000000000,0
0.47474747,2.75757576,-0.0000000000,0.0000000000,0
0.48484848,2.75757576,-0.0000000001,0.0000000001,0
0.49494949,2.75757576,-0.0000000001,0.0000000001,0
0.50505051,2.75757576,-0.0000000001,0.0000000001,0
0.51515152,2.75757576,-0.0000000001,0.0000000001,0
0.52525253,2.75757576,-0.0000000001,0.0000000001,0
0.53535354,2.75757576,-0.0000000001,0.0000000001,0
0.54545455,2.75757576,-0.0000000001,0.0000000001,0
0.55555556,2.75757576,-0.0000000002,0.0000000002,0
0.56565657,2.75757576,-0.0000000002,0.0000000002,0
0.57575758,2.75757576,-0.0000000002,0.0000000002,0
0.58585859,2.75757576,-0.0000000003,0.0000000003,0
0.59595960,2.75757576,-0.0000000003,0.0000000003,0
0.60606061,2.75757576,-0.0000000004,0.0000000004,0
0.61616162,2.75757576,-0.0000000004,0.0000000004,0
0.62626263,2.75757576,-0.0000000005,0.0000000005,0
0.63636364,2.75757576,-0.0000000006,0.0000000006,0
0.64646465,2.75757576,-0.0000000007,0.0000000007,0
0.65656566,2.75757576,-0.0000000009,0.0000000009,0
0.66666667,2.75757576,-0.0000000011,0.0000000011,0
0.67676768,2.75757576,-0.0000000013,0.0000000013,0
0.68686869,2.75757576,-0.0000000015,0.0000000015,0
0.69696970,2.75757576,-0.0000000018,0.0000000018,0
0.70707071,2.75757576,-0.0000000022,0.0000000022,0
0.71717172,2.75757576,-0.0000000027,0.0000000027,0
0.72727273,2.75757576,-0.0000000033,0.0000000033,0
0.73737374,2.75757576,-0.0000000041,0.0000000041,0
0.74747475,2.75757576,-0.0000000050,0.0000000050,0
0.75757576,2.75757576,-0.0000000063,0.0000000063,0
0.76767677,2.75757576,-0.0000000078,0.0000000078,0
0.77777778,2.75757576,-0.0000000099,0.0000000099,0
0.78787879,2.75757576,-0.0000000125,0.0000000125,0
0.79797980,2.75757576,-0.0000000160,0.0000000160,0
0.80808081,2.75757576,-0.0000000207,0.0000000207,0
0.81818182,2.75757576,-0.0000000270,0.0000000270,0
0.82828283,2.75757576,-0.0000000356,0.0000000356,0
0.83838384,2.75757576,-0.0000000477,0.0000000477,0
0.84848485,2.75757576,-0.0000000647,0.0000000647,0
0.85858586,2.75757576,-0.0000000895,0.0000000895,0
0.86868687,2.75757576,-0.0000001262,0.0000001262,0
0.87878788,2.75757576,-0.0000001823,0.0000001823,0
0.88888889,2.75757576,-0.0000002705,0.0000002705,0
0.89898990,2.75757576,-0.0000004150,0.0000004150,0
0.90909091,2.75757576,-0.0000006627,0.0000006627,0
0.91919192,2.75757576,-0.0000011126,0.0000011126,0
0.92929293,2.75757576,-0.0000019910,0.0000019910,0
0.93939394,2.75757576,-0.0000038761,0.0000038761,0
0.94949495,2.75757576,-0.0000084769,0.0000084769,0
0.95959596,2.75757576,-0.0000220022,0.0000220022,0
0.96969697,2.75757576,-0.0000753937,0.0000753937,0
0.97979798,2.75757576,-0.0004384583,0.0004384583,0
0.98989899,2.75757576,-0.0097122446,0.0097122446,0
1.00000000,2.75757576,-1.0000000000,1.0000000000,0
0.00000000,2.81818182,0.0000000000,-0.0000000000,0
0.01010101,2.81818182,-0.0000000000,0.0000000000,0
0.02020202,2.81818182,-0.0000000000,0.0000000000,0
0.03030303,2.81818182,-0.0000000000,0.0000000000,0
0.04040404,2.81818182,-0.0000000000,0.0000000000,0
0.05050505,2.81818182,-0.0000000000,0.0000000000,0
0.06060606,2.81818182,-0.0000000000,0.0000000000,0
0.07070707,2.81818182,-0.0000000000,0.0000000000,0
0.08080808,2.81818182,-0.0000000000,0.0000000000,0
0.09090909,2.81818182,-0.0000000000,0.0000000000,0
0.10101010,2.81818182,-0.0000000000,0.0000000000,0
0.11111111,2.81818182,-0.0000000000,0.0000000000,0
0.12121212,2.81818182,-0.0000000000,0.0000000000,0
0.13131313,2.81818182,-0.0000000000,0.0000000000,0
0.14141414,2.81818182,-0.0000000000,0.0000000000,0
0.15151515,2.81818182,-0.0000000000,0.0000000000,0
0.16161616,2.81818182,-0.0000000000,0.0000000000,0
0.17171717,2.81818182,-0.0000000000,0.0000000000,0
0.18181818,2.81818182,-0.0000000000,0.0000000000,0
0.19191919,2.81818182,-0.0000000000,0.0000000000,0
0.20202020,2.81818182,-0.0000000000,0.0000000000,0
0.21212121,2.81818182,-0.0000000000,0.0000000000,0
0.22222222,2.81818182,-0.0000000000,0.0000000000,0
0.23232323,2.81818182,-0.0000000000,0.0000000000,0
0.24242424,2.81818182,-0.0000000000,0.0000000000,0
0.25252525,2.81818182,-0.0000000000,0.0000000000,0
0.26262626,2.81818182,-0.0000000000,0.0000000000,0
0.27272727,2.81818182,-0.0000000000,0.0000000000,0
0.28282828,2.81818182,-0.0000000000,0.0000000000,0
0.29292929,2.81818182,-0.0000000000,0.0000000000,0
0.30303030,2.81818182,-0.0000000000,0.0000000000,0
0.31313131,2.81818182,-0.0000000000,0.0000000000,0
0.32323232,2.81818182,-0.0000000000,0.0000000000,0
0.33333333,2.81818182,-0.0000000000,0.0000000000,0
0.34343434,2.81818182,-0.0000000000,0.0000000000,0
0.35353535,2.81818182,-0.0000000000,0.0000000000,0
0.36363636,2.81818182,-0.0000000000,0.0000000000,0
0.37373737,2.81818182,-0.0000000000,0.0000000000,0
0.38383838,2.81818182,-0.0000000000,0.0000000000,0
0.39393939,2.81818182,-0.0000000000,0.0000000000,0
0.40404040,2.81818182,-0.0000000000,0.0000000000,0
0.41414141,2.81818182,-0.0000000000,0.0000000000,0
0.42424242,2.81818182,-0.0000000000,0.0000000000,0
0.43434343,2.81818182,-0.0000000000,0.0000000000,0
0.44444444,2.81818182,-0.0000000000,0.0000000000,0
0.45454545,2.81818182,-0.0000000000,0.0000000000,0
0.46464646,2.81818182,-0.0000000000,0.0000000000,0
0.47474747,2.81818182,-0.0000000000,0.0000000000,0
0.48484848,2.81818182,-0.0000000000,0.0000000000,0
0.49494949,2.81818182,-0.0000000000,0.0000000000,0
0.50505051,2.81818182,-0.0000000000,0.0000000000,0
0.51515152,2.81818182,-0.0000000001,0.0000000001,0
0.52525253,2.81818182,-0.0000000001,0.0000000001,0
0.53535354,2.81818182,-0.0000000001,0.0000000001,0
0.54545455,2.81818182,-0.0000000001,0.0000000001,0
0.55555556,2.81818182,-0.0000000001,0.0000000001,0
0.56565657,2.81818182,-0.0000000001,0.0000000001,0
0.57575758,2.81818182,-0.0000000001,0.0000000001,0
0.58585859,2.81818182,-0.0000000002,0.0000000002,0
0.59595960,2.81818182,-0.0000000002,0.0000000002,0
0.60606061,2.81818182,-0.0000000002,0.0000000002,0
0.61616162,2.81818182,-0.0000000003,0.0000000003,0
0.62626263,2.81818182,-0.0000000003,0.0000000003,0
0.63636364,2.81818182,-0.0000000004,0.0000000004,0
0.64646465,2.81818182,-0.0000000005,0.0000000005,0
0.65656566,2.81818182,-0.0000000005,0.0000000005,0
0.66666667,2.81818182,-0.0000000006,0.0000000006,0
0.67676768,2.81818182,-0.0000000008,0.0000000008,0
0.68686869,2.81818182,-0.0000000009,0.0000000009,0
0.69696970,2.81818182,-0.0000000011,0.0000000011,0
0.70707071,2.81818182,-0.0000000014,0.0000000014,0
0.71717172,2.81818182,-0.0000000017,0.0000000017,0
0.72727273,2.81818182,-0.0000000020,0.0000000020,0
0.73737374,2.81818182,-0.0000000025,0.0000000025,0
0.74747475,2.81818182,-0.0000000031,0.0000000031,0
0.75757576,2.81818182,-0.0000000039,0.0000000039,0
0.76767677,2.81818182,-0.0000000048,0.0000000048,0
0.77777778,2.81818182,-0.0000000061,0.0000000061,0
0.78787879,2.81818182,-0.0000000077,0.0000000077,0
0.79797980,2.81818182,-0.0000000099,0.0000000099,0
0.80808081,2.81818182,-0.0000000127,0.0000000127,0
0.81818182,2.81818182,-0.0000000166,0.0000000166,0
0.82828283,2.81818182,-0.0000000219,0.0000000219,0
0.83838384,2.81818182,-0.0000000293,0.0000000293,0
0.84848485,2.81818182,-0.0000000398,0.0000000398,0
0.85858586,2.81818182,-0.0000000551,0.0000000551,0
0.86868687,2.81818182,-0.0000000777,0.0000000777,0
0.87878788,2.81818182,-0.0000001121,0.0000001121,0
0.88888889,2.81818182,-0.0000001664,0.0000001664,0
0.89898990,2.81818182,-0.0000002551,0.0000002551,0
0.90909091,2.81818182,-0.0000004073,0.0000004073,0
0.91919192,2.81818182,-0.0000006833,0.0000006833,0
0.92929293,2.81818182,-0.0000012218,0.0000012218,0
0.93939394,2.81818182,-0.0000023753,0.0000023753,0
0.94949495,2.81818182,-0.0000051836,0.0000051836,0
0.95959596,2.81818182,-0.0000134031,0.0000134031,0
0.96969697,2.81818182,-0.0000455849,0.0000455849,0
0.97979798,2.81818182,-0.0002608117,0.0002608117,0
0.98989899,2.81818182,-0.0056841034,0.0056841034,0
1.00000000,2.81818182,-1.0000000000,1.0000000000,0
0.00000000,2.87878788,0.0000000000,-0.0000000000,0
0.01010101,2.87878788,-0.0000000000,0.0000000000,0
0.02020202,2.87878788,-0.0000000000,0.0000000000,0
0.03030303,2.87878788,-0.0000000000,0.0000000000,0
0.04040404,2.87878788,-0.0000000000,0.0000000000,0
0.05050505,2.87878788,-0.0000000000,0.0000000000,0
0.06060606,2.87878788,-0.0000000000,0.0000000000,0
0.07070707,2.87878788,-0.0000000000,0.0000000000,0
0.08080808,2.87878788,-0.0000000000,0.0000000000,0
0.09090909,2.87878788,-0.0000000000,0.0000000000,0
0.10101010,2.87878788,-0.0000000000,0.0000000000,0
0.11111111,2.87878788,-0.0000000000,0.0000000000,0
0.12121212,2.87878788,-0.0000000000,0.0000000000,0
0.13131313,2.87878788,-0.0000000000,0.0000000000,0
0.14141414,2.87878788,-0.0000000000,0.0000000000,0
0.15151515,2.87878788,-0.0000000000,0.0000000000,0
0.16161616,2.87878788,-0.0000000000,0.0000000000,0
0.17171717,2.87878788,-0.0000000000,0.0000000000,0
0.18181818,2.87878788,-0.0000000000,0.0000000000,0
0.19191919,2.87878788,-0.0000000000,0.0000000000,0
0.20202020,2.87878788,-0.0000000000,0.0000000000,0
0.21212121,2.87878788,-0.0000000000,0.0000000000,0
0.22222222,2.87878788,-0.0000000000,0.0000000000,0
0.23232323,2.87878788,-0.0000000000,0.0000000000,0
0.24242424,2.87878788,-0.0000000000,0.0000000000,0
0.25252525,2.87878788,-0.0000000000,0.0000000000,0
0.26262626,2.87878788,-0.0000000000,0.0000000000,0
0.27272727,2.87878788,-0.0000000000,0.0000000000,0
0.28282828,2.87878788,-0.0000000000,0.0000000000,0
0.29292929,2.87878788,-0.0000000000,0.0000000000,0
0.30303030,2.87878788,-0.0000000000,0.0000000000,0
0.31313131,2.87878788,-0.0000000000,0.0000000000,0
0.32323232,2.87878788,-0.0000000000,0.0000000000,0
0.33333333,2.87878788,-0.0000000000,0.0000000000,0
0.34343434,2.87878788,-0.0000000000,0.0000000000,0
0.35353535,2.87878788,-0.0000000000,0.0000000000,0
0.36363636,2.87878788,-0.0000000000,0.0000000000,0
0.37373737,2.87878788,-0.0000000000,0.0000000000,0
0.38383838,2.87878788,-0.0000000000,0.0000000000,0
0.39393939,2.87878788,-0.0000000000,0.0000000000,0
0.40404040,2.87878788,-0.0000000000,0.0000000000,0
0.41414141,2.87878788,-0.0000000000,0.0000000000,0
0.42424242,2.87878788,-0.0000000000,0.0000000000,0
0.43434343,2.87878788,-0.0000000000,0.0000000000,0
0.44444444,2.87878788,-0.0000000000,0.0000000000,0
0.45454545,2.87878788,-0.0000000000,0.0000000000,0
0.46464646,2.87878788,-0.0000000000,0.0000000000,0
0.47474747,2.87878788,-0.0000000000,0.0000000000,0
0.48484848,2.87878788,-0.0000000000,0.0000000000,0
0.49494949,2.87878788,-0.0000000000,0.0000000000,0
0.50505051,2.87878788,-0.0000000000,0.0000000000,0
0.51515152,2.87878788,-0.0000000000,0.0000000000,0
0.52525253,2.87878788,-0.0000000000,0.0000000000,0
0.53535354,2.87878788,-0.0000000000,0.0000000000,0
0.54545455,2.87878788,-0.0000000001,0.0000000001,0
0.55555556,2.87878788,-0.0000000001,0.0000000001,0
0.56565657,2.87878788,-0.0000000001,0.0000000001,0
0.57575758,2.87878788,-0.0000000001,0.0000000001,0
0.58585859,2.87878788,-0.0000000001,0.0000000001,0
0.59595960,2.87878788,-0.0000000001,0.0000000001,0
0.60606061,2.87878788,-0.0000000001,0.0000000001,0
0.61616162,2.87878788,-0.0000000002,0.0000000002,0
0.62626263,2.87878788,-0.0000000002,0.0000000002,0
0.63636364,2.87878788,-0.0000000002,0.0000000002,0
0.64646465,2.87878788,-0.0000000003,0.0000000003,0
0.65656566,2.87878788,-0.0000000003,0.0000000003,0
0.66666667,2.87878788,-0.0000000004,0.0000000004,0
0.67676768,2.87878788,-0.0000000005,0.0000000005,0
0.68686869,2.87878788,-0.0000000006,0.0000000006,0
0.69696970,2.87878788,-0.0000000007,0.0000000007,0
0.70707071,2.87878788,-0.0000000008,0.0000000008,0
0.71717172,2.87878788,-0.0000000010,0.0000000010,0
0.72727273,2.87878788,-0.0000000013,0.0000000013,0
0.73737374,2.87878788,-0.0000000015,0.0000000015,0
0.74747475,2.87878788,-0.0000000019,0.0000000019,0
0.75757576,2.87878788,-0.0000000024,0.0000000024,0
0.76767677,2.87878788,-0.0000000030,0.0000000030,0
0.77777778,2.87878788,-0.0000000037,0.0000000037,0
0.78787879,2.87878788,-0.0000000047,0.0000000047,0
0.79797980,2.87878788,-0.0000000061,0.0000000061,0
0.80808081,2.87878788,-0.0000000078,0.0000000078,0
0.81818182,2.87878788,-0.0000000102,0.0000000102,0
0.82828283,2.87878788,-0.0000000135,0.0000000135,0
0.83838384,2.87878788,-0.0000000181,0.0000000181,0
0.84848485,2.87878788,-0.0000000245,0.0000000245,0
0.85858586,2.87878788,-0.0000000339,0.0000000339,0
0.86868687,2.87878788,-0.0000000478,0.0000000478,0
0.87878788,2.87878788,-0.0000000690,0.0000000690,0
0.88888889,2.87878788,-0.0000001023,0.0000001023,0
0.89898990,2.87878788,-0.0000001569,0.0000001569,0
0.90909091,2.87878788,-0.0000002504,0.0000002504,0
0.91919192,2.87878788,-0.0000004199,0.0000004199,0
0.92929293,2.87878788,-0.0000007503,0.0000007503,0
0.93939394,2.87878788,-0.0000014571,0.0000014571,0
0.94949495,2.87878788,-0.0000031743,0.0000031743,0
0.95959596,2.87878788,-0.0000081825,0.0000081825,0
0.96969697,2.87878788,-0.0000276572,0.0000276572,0
0.97979798,2.87878788,-0.0001559807,0.0001559807,0
0.98989899,2.87878788,-0.0033161961,0.0033161961,0
1.00000000,2.87878788,-1.0000000000,1.0000000000,0
0.00000000,2.93939394,0.0000000000,-0.0000000000,0
0.01010101,2.93939394,-0.0000000000,0.0000000000,0
0.02020202,2.93939394,-0.0000000000,0.0000000000,0
0.03030303,2.93939394,-0.0000000000,0.0000000000,0
0.04040404,2.93939394,-0.0000000000,0.0000000000,0
0.05050505,2.93939394,-0.0000000000,0.0000000000,0
0.06060606,2.93939394,-0.0000000000,0.0000000000,0
0.07070707,2.93939394,-0.0000000000,0.0000000000,0
0.08080808,2.93939394,-0.0000000000,0.0000000000,0
0.09090909,2.93939394,-0.0000000000,0.0000000000,0
0.10101010,2.93939394,-0.0000000000,0.0000000000,0
0.11111111,2.93939394,-0.0000000000,0.0000000000,0
0.12121212,2.93939394,-0.0000000000,0.0000000000,0
0.13131313,2.93939394,-0.0000000000,0.0000000000,0
0.14141414,2.93939394,-0.0000000000,0.0000000000,0
0.15151515,2.93939394,-0.0000000000,0.0000000000,0
0.16161616,2.93939394,-0.0000000000,0.0000000000,0
0.17171717,2.93939394,-0.0000000000,0.0000000000,0
0.18181818,2.93939394,-0.0000000000,0.0000000000,0
0.19191919,2.93939394,-0.0000000000,0.0000000000,0
0.20202020,2.93939394,-0.0000000000,0.0000000000,0
0.21212121,2.93939394,-0.0000000000,0.0000000000,0
0.22222222,2.93939394,-0.0000000000,0.0000000000,0
0.23232323,2.93939394,-0.0000000000,0.0000000000,0
0.24242424,2.93939394,-0.0000000000,0.0000000000,0
0.25252525,2.93939394,-0.0000000000,0.0000000000,0
0.26262626,2.93939394,-0.0000000000,0.0000000000,0
0.27272727,2.93939394,-0.0000000000,0.0000000000,0
0.28282828,2.93939394,-0.0000000000,0.0000000000,0
0.29292929,2.93939394,-0.0000000000,0.0000000000,0
0.30303030,2.93939394,-0.0000000000,0.0000000000,0
0.31313131,2.93939394,-0.0000000000,0.0000000000,0
0.32323232,2.93939394,-0.0000000000,0.0000000000,0
0.33333333,2.93939394,-0.0000000000,0.0000000000,0
0.34343434,2.93939394,-0.0000000000,0.0000000000,0
0.35353535,2.93939394,-0.0000000000,0.0000000000,0
0.36363636,2.93939394,-0.0000000000,0.0000000000,0
0.37373737,2.93939394,-0.0000000000,0.0000000000,0
0.38383838,2.93939394,-0.0000000000,0.0000000000,0
0.39393939,2.93939394,-0.0000000000,0.0000000000,0
0.40404040,2.93939394,-0.0000000000,0.0000000000,0
0.41414141,2.93939394,-0.0000000000,0.0000000000,0
0.42424242,2.93939394,-0.0000000000,0.0000000000,0
0.43434343,2.93939394,-0.0000000000,0.0000000000,0
0.44444444,2.93939394,-0.0000000000,0.0000000000,0
0.45454545,2.93939394,-0.0000000000,0.0000000000,0
0.46464646,2.93939394,-0.0000000000,0.0000000000,0
0.47474747,2.93939394,-0.0000000000,0.0000000000,0
0.48484848,2.93939394,-0.0000000000,0.0000000000,0
0.49494949,2.93939394,-0.0000000000,0.0000000000,0
0.50505051,2.93939394,-0.0000000000,0.0000000000,0
0.51515152,2.93939394,-0.0000000000,0.0000000000,0
0.52525253,2.93939394,-0.0000000000,0.0000000000,0
0.53535354,2.93939394,-0.0000000000,0.0000000000,0
0.54545455,2.93939394,-0.0000000000,0.0000000000,0
0.55555556,2.93939394,-0.0000000000,0.0000000000,0
0.56565657,2.93939394,-0.0000000000,0.0000000000,0
0.57575758,2.93939394,-0.0000000001,0.0000000001,0
0.58585859,2.93939394,-0.0000000001,0.0000000001,0
0.59595960,2.93939394,-0.0000000001,0.0000000001,0
0.60606061,2.93939394,-0.0000000001,0.0000000001,0
0.61616162,2.93939394,-0.0000000001,0.0000000001,0
0.62626263,2.93939394,-0.0000000001,0.0000000001,0
0.63636364,2.93939394,-0.0000000001,0.0000000001,0
0.64646465,2.93939394,-0.0000000002,0.0000000002,0
0.65656566,2.93939394,-0.0000000002,0.0000000002,0
0.66666667,2.93939394,-0.0000000002,0.0000000002,0
0.67676768,2.93939394,-0.0000000003,0.0000000003,0
0.68686869,2.93939394,-0.0000000004,0.0000000004,0
0.69696970,2.93939394,-0.0000000004,0.0000000004,0
0.70707071,2.93939394,-0.0000000005,0.0000000005,0
0.71717172,2.93939394,-0.0000000006,0.0000000006,0
0.72727273,2.93939394,-0.0000000008,0.0000000008,0
0.73737374,2.93939394,-0.0000000010,0.0000000010,0
0.74747475,2.93939394,-0.0000000012,0.0000000012,0
0.75757576,2.93939394,-0.0000000015,0.0000000015,0
0.76767677,2.93939394,-0.0000000018,0.0000000018,0
0.77777778,2.93939394,-0.0000000023,0.0000000023,0
0.78787879,2.93939394,-0.0000000029,0.0000000029,0
0.79797980,2.93939394,-0.0000000037,0.0000000037,0
0.80808081,2.93939394,-0.0000000048,0.0000000048,0
0.81818182,2.93939394,-0.0000000063,0.0000000063,0
0.82828283,2.93939394,-0.0000000083,0.0000000083,0
0.83838384,2.93939394,-0.0000000111,0.0000000111,0
0.84848485,2.93939394,-0.0000000151,0.0000000151,0
0.85858586,2.93939394,-0.0000000209,0.0000000209,0
0.86868687,2.93939394,-0.0000000294,0.0000000294,0
0.87878788,2.93939394,-0.0000000424,0.0000000424,0
0.88888889,2.93939394,-0.0000000630,0.0000000630,0
0.89898990,2.93939394,-0.0000000965,0.0000000965,0
0.90909091,2.93939394,-0.0000001540,0.0000001540,0
0.91919192,2.93939394,-0.0000002581,0.0000002581,0
0.92929293,2.93939394,-0.0000004610,0.0000004610,0
0.93939394,2.93939394,-0.0000008946,0.0000008946,0
0.94949495,2.93939394,-0.0000019461,0.0000019461,0
0.95959596,2.93939394,-0.0000050041,0.0000050041,0
0.96969697,2.93939394,-0.0000168285,0.0000168285,0
0.97979798,2.93939394,-0.0000937456,0.0000937456,0
0.98989899,2.93939394,-0.0019364265,0.0019364265,0
1.00000000,2.93939394,-1.0000000000,1.0000000000,0
0.00000000,3.00000000,0.0000000000,-0.0000000000,0
0.01010101,3.00000000,-0.0000000000,0.0000000000,0
0.02020202,3.00000000,-0.0000000000,0.0000000000,0
0.03030303,3.00000000,-0.0000000000,0.0000000000,0
0.04040404,3.00000000,-0.0000000000,0.0000000000,0
0.05050505,3.00000000,-0.0000000000,0.0000000000,0
0.06060606,3.00000000,-0.0000000000,0.0000000000,0
0.07070707,3.00000000,-0.0000000000,0.0000000000,0
0.08080808,3.00000000,-0.0000000000,0.0000000000,0
0.09090909,3.00000000,-0.0000000000,0.0000000000,0
0.10101010,3.00000000,-0.0000000000,0.0000000000,0
0.11111111,3.00000000,-0.0000000000,0.0000000000,0
0.12121212,3.00000000,-0.0000000000,0.0000000000,0
0.13131313,3.00000000,-0.0000000000,0.0000000000,0
0.14141414,3.00000000,-0.0000000000,0.0000000000,0
0.15151515,3.00000000,-0.0000000000,0.0000000000,0
0.16161616,3.00000000,-0.0000000000,0.0000000000,0
0.17171717,3.00000000,-0.0000000000,0.0000000000,0
0.18181818,3.00000000,-0.0000000000,0.0000000000,0
0.19191919,3.00000000,-0.0000000000,0.0000000000,0
0.20202020,3.00000000,-0.0000000000,0.0000000000,0
0.21212121,3.00000000,-0.0000000000,0.0000000000,0
0.22222222,3.00000000,-0.0000000000,0.0000000000,0
0.23232323,3.00000000,-0.0000000000,0.0000000000,0
0.24242424,3.00000000,-0.0000000000,0.0000000000,0
0.25252525,3.00000000,-0.0000000000,0.0000000000,0
0.26262626,3.00000000,-0.0000000000,0.0000000000,0
0.27272727,3.00000000,-0.0000000000,0.0000000000,0
0.28282828,3.00000000,-0.0000000000,0.0000000000,0
0.29292929,3.00000000,-0.0000000000,0.0000000000,0
0.30303030,3.00000000,-0.0000000000,0.0000000000,0
0.31313131,3.00000000,-0.0000000000,0.0000000000,0
0.32323232,3.00000000,-0.0000000000,0.0000000000,0
0.33333333,3.00000000,-0.0000000000,0.0000000000,0
0.34343434,3.00000000,-0.0000000000,0.0000000000,0
0.35353535,3.00000000,-0.0000000000,0.0000000000,0
0.36363636,3.00000000,-0.0000000000,0.0000000000,0
0.37373737,3.00000000,-0.0000000000,0.0000000000,0
0.38383838,3.00000000,-0.0000000000,0.0000000000,0
0.39393939,3.00000000,-0.0000000000,0.0000000000,0
0.40404040,3.00000000,-0.0000000000,0.0000000000,0
0.41414141,3.00000000,-0.0000000000,0.0000000000,0
0.42424242,3.00000000,-0.0000000000,0.0000000000,0
0.43434343,3.00000000,-0.0000000000,0.0000000000,0
0.44444444,3.00000000,-0.0000000000,0.0000000000,0
0.45454545,3.00000000,-0.0000000000,0.0000000000,0
0.46464646,3.00000000,-0.0000000000,0.0000000000,0
0.47474747,3.00000000,-0.0000000000,0.0000000000,0
0.48484848,3.00000000,-0.0000000000,0.0000000000,0
0.49494949,3.00000000,-0.0000000000,0.0000000000,0
0.50505051,3.00000000,-0.0000000000,0.0000000000,0
0.51515152,3.00000000,-0.0000000000,0.0000000000,0
0.52525253,3.00000000,-0.0000000000,0.0000000000,0
0.53535354,3.00000000,-0.0000000000,0.0000000000,0
0.54545455,3.00000000,-0.0000000000,0.0000000000,0
0.55555556,3.00000000,-0.0000000000,0.0000000000,0
0.56565657,3.00000000,-0.0000000000,0.0000000000,0
0.57575758,3.00000000,-0.0000000000,0.0000000000,0
0.58585859,3.00000000,-0.0000000000,0.0000000000,0
0.59595960,3.00000000,-0.0000000000,0.0000000000,0
0.60606061,3.00000000,-0.0000000001,0.0000000001,0
0.61616162,3.00000000,-0.0000000001,0.0000000001,0
0.62626263,3.00000000,-0.0000000001,0.0000000001,0
0.63636364,3.00000000,-0.0000000001,0.0000000001,0
0.64646465,3.00000000,-0.0000000001,0.0000000001,0
0.65656566,3.00000000,-0.0000000001,0.0000000001,0
0.66666667,3.00000000,-0.0000000002,0.0000000002,0
0.67676768,3.00000000,-0.0000000002,0.0000000002,0
0.68686869,3.00000000,-0.0000000002,0.0000000002,0
0.69696970,3.00000000,-0.0000000003,0.0000000003,0
0.70707071,3.00000000,-0.0000000003,0.0000000003,0
0.71717172,3.00000000,-0.0000000004,0.0000000004,0
0.72727273,3.00000000,-0.0000000005,0.0000000005,0
0.73737374,3.00000000,-0.0000000006,0.0000000006,0
0.74747475,3.00000000,-0.0000000007,0.0000000007,0
0.75757576,3.00000000,-0.0000000009,0.0000000009,0
0.76767677,3.00000000,-0.0000000011,0.0000000011,0
0.77777778,3.00000000,-0.0000000014,0.0000000014,0
0.78787879,3.00000000,-0.0000000018,0.0000000018,0
0.79797980,3.00000000,-0.0000000023,0.0000000023,0
0.80808081,3.00000000,-0.0000000030,0.0000000030,0
0.81818182,3.00000000,-0.0000000039,0.0000000039,0
0.82828283,3.00000000,-0.0000000051,0.0000000051,0
0.83838384,3.00000000,-0.0000000068,0.0000000068,0
0.84848485,3.00000000,-0.0000000093,0.0000000093,0
0.85858586,3.00000000,-0.0000000128,0.0000000128,0
0.86868687,3.00000000,-0.0000000181,0.0000000181,0
0.87878788,3.00000000,-0.0000000261,0.0000000261,0
0.88888889,3.00000000,-0.0000000387,0.0000000387,0
0.89898990,3.00000000,-0.0000000594,0.0000000594,0
0.90909091,3.00000000,-0.0000000947,0.0000000947,0
0.91919192,3.00000000,-0.0000001588,0.0000001588,0
0.92929293,3.00000000,-0.0000002834,0.0000002834,0
0.93939394,3.00000000,-0.0000005496,0.0000005496,0
0.94949495,3.00000000,-0.0000011943,0.0000011943,0
0.95959596,3.00000000,-0.0000030647,0.0000030647,0
0.96969697,3.00000000,-0.0000102640,0.0000102640,0
0.97979798,3.00000000,-0.0000565862,0.0000565862,0
0.98989899,3.00000000,-0.0011346693,0.0011346693,0
1.00000000,3.00000000,-1.0000000000,1.0000000000,0
