s,delta,tilde_ZR,is_degenerate,Z_R,purity_I1,purity_I2
0.00000000,-3.00000000,1.0000000000,0,1.0000000000,1.0000000000,1.0000000000
0.01010101,-3.00000000,0.9999997361,0,0.9999738335,0.9999481955,0.9999481955
0.02020202,-3.00000000,0.9999978206,0,0.9998920639,0.9997884973,0.9997884973
0.03030303,-3.00000000,0.9999924046,0,0.9997494770,0.9995142001,0.9995142001
0.04040404,-3.00000000,0.9999814030,0,0.9995404188,0.9991182097,0.9991182097
0.05050505,-3.00000000,0.9999624683,0,0.9992587575,0.9985930208,0.9985930208
0.06060606,-3.00000000,0.9999329623,0,0.9988978426,0.9979306935,0.9979306935
0.07070707,-3.00000000,0.9998899244,0,0.9984504605,0.9971228277,0.9971228277
0.08080808,-3.00000000,0.9998300363,0,0.9979087857,0.9961605381,0.9961605381
0.09090909,-3.00000000,0.9997495821,0,0.9972643278,0.9950344259,0.9950344259
0.10101010,-3.00000000,0.9996444057,0,0.9965078746,0.9937345512,0.9937345512
0.11111111,-3.00000000,0.9995098607,0,0.9956294289,0.9922504032,0.9922504032
0.12121212,-3.00000000,0.9993407571,0,0.9946181413,0.9905708700,0.9905708700
0.13131313,-3.00000000,0.9991313000,0,0.9934622354,0.9886842070,0.9886842070
0.14141414,-3.00000000,0.9988750220,0,0.9921489285,0.9865780049,0.9865780049
0.15151515,-3.00000000,0.9985647074,0,0.9906643440,0.9842391572,0.9842391572
0.16161616,-3.00000000,0.9981923073,0,0.9889934169,0.9816538278,0.9816538278
0.17171717,-3.00000000,0.9977488450,0,0.9871197920,0.9788074178,0.9788074178
0.18181818,-3.00000000,0.9972243098,0,0.9850257130,0.9756845341,0.9756845341
0.19191919,-3.00000000,0.9966075373,0,0.9826919031,0.9722689592,0.9722689592
0.20202020,-3.00000000,0.9958860765,0,0.9800974366,0.9685436220,0.9685436220
0.21212121,-3.00000000,0.9950460397,0,0.9772196004,0.9644905731,0.9644905731
0.22222222,-3.00000000,0.9940719340,0,0.9740337459,0.9600909639,0.9600909639
0.23232323,-3.00000000,0.9929464725,0,0.9705131311,0.9553250309,0.9553250309
0.24242424,-3.00000000,0.9916503619,0,0.9666287525,0.9501720887,0.9501720887
0.25252525,-3.00000000,0.9901620644,0,0.9623491678,0.9446105318,0.9446105318
0.26262626,-3.00000000,0.9884575293,0,0.9576403097,0.9386178501,0.9386178501
0.27272727,-3.00000000,0.9865098925,0,0.9524652927,0.9321706593,0.9321706593
0.28282828,-3.00000000,0.9842891391,0,0.9467842140,0.9252447517,0.9252447517
0.29292929,-3.00000000,0.9817617252,0,0.9405539525,0.9178151709,0.9178151709
0.30303030,-3.00000000,0.9788901544,0,0.9337279687,0.9098563170,0.9098563170
0.31313131,-3.00000000,0.9756325055,0,0.9262561123,0.9013420880,0.9013420880
0.32323232,-3.00000000,0.9719419059,0,0.9180844425,0.8922460651,0.8922460651
0.33333333,-3.00000000,0.9677659475,0,0.9091550734,0.8825417508,0.8825417508
0.34343434,-3.00000000,0.9630460422,0,0.8994060536,0.8722028693,0.8722028693
0.35353535,-3.00000000,0.9577167142,0,0.8887712970,0.8612037403,0.8612037403
0.36363636,-3.00000000,0.9517048299,0,0.8771805842,0.8495197380,0.8495197380
0.37373737,-3.00000000,0.9449287688,0,0.8645596569,0.8371278476,0.8371278476
0.38383838,-3.00000000,0.9372975434,0,0.8508304355,0.8240073324,0.8240073324
0.39393939,-3.00000000,0.9287098831,0,0.8359113940,0.8101405220,0.8101405220
0.40404040,-3.00000000,0.9190533048,0,0.8197181323,0.7955137336,0.7955137336
0.41414141,-3.00000000,0.9082032079,0,0.8021641945,0.7801183304,0.7801183304
0.42424242,-3.00000000,0.8960220454,0,0.7831621821,0.7639519178,0.7639519178
0.43434343,-3.00000000,0.8823586443,0,0.7626252203,0.7470196697,0.7470196697
0.44444444,-3.00000000,0.8670477756,0,0.7404688324,0.7293357622,0.7293357622
0.45454545,-3.00000000,0.8499101048,0,0.7166132747,0.7109248783,0.7109248783
0.46464646,-3.00000000,0.8307526912,0,0.6909863726,0.6918237248,0.6918237248
0.47474747,-3.00000000,0.8093702439,0,0.6635268797,0.6720824804,0.6720824804
0.48484848,-3.00000000,0.7855473804,0,0.6341883468,0.6517660668,0.6517660668
0.49494949,-3.00000000,0.7590621676,0,0.6029434428,0.6309551076,0.6309551076
0.50505051,-3.00000000,0.7296912369,0,0.5697886069,0.6097464224,0.6097464224
0.51515152,-3.00000000,0.6972167506,0,0.5347488337,0.5882528869,0.5882528869
0.52525253,-3.00000000,0.6614354291,0,0.4978823107,0.5666024988,0.5666024988
0.53535354,-3.00000000,0.6221697173,0,0.4592845371,0.5449365155,0.5449365155
0.54545455,-3.00000000,0.5792809484,0,0.4190914852,0.5234065865,0.5234065865
0.55555556,-3.00000000,0.5326840589,0,0.3774813210,0.5021708877,0.5021708877
0.56565657,-3.00000000,0.4823630210,0,0.3346742178,0.4813893759,0.4813893759
0.57575758,-3.00000000,0.4283857410,0,0.2909298749,0.4612184023,0.4612184023
0.58585859,-3.00000000,0.3709167921,0,0.2465425182,0.4418050390,0.4418050390
0.59595960,-3.00000000,0.3102261112,0,0.2018333933,0.4232815566,0.4232815566
0.60606061,-3.00000000,0.2466918169,0,0.1571410458,0.4057605226,0.4057605226
0.61616162,-3.00000000,0.1807956716,0,0.1128099734,0.3893309557,0.3893309557
0.62626263,-3.00000000,0.1131104540,0,0.0691784746,0.3740558680,0.3740558680
0.63636364,-3.00000000,0.0442795375,0,0.0265666662,0.3599713739,0.3599713739
0.64646465,-3.00000000,-0.0250098849,0,-0.0147343538,0.3470873631,0.3470873631
0.65656566,-3.00000000,-0.0940574849,0,-0.0544713496,0.3353895664,0.3353895664
0.66666667,-3.00000000,-0.1621813186,0,-0.0924352007,0.3248427081,0.3248427081
0.67676768,-3.00000000,-0.2287470136,0,-0.1284642832,0.3153943650,0.3153943650
0.68686869,-3.00000000,-0.2931919119,0,-0.1624450255,0.3069791379,0.3069791379
0.69696970,-3.00000000,-0.3550423312,0,-0.1943099616,0.2995227806,0.2995227806
0.70707071,-3.00000000,-0.4139231824,0,-0.2240337979,0.2929460062,0.2929460062
0.71717172,-3.00000000,-0.4695602114,0,-0.2516281054,0.2871677837,0.2871677837
0.72727273,-3.00000000,-0.5217759379,0,-0.2771352491,0.2821080251,0.2821080251
0.73737374,-3.00000000,-0.5704808385,0,-0.3006220984,0.2776896418,0.2776896418
0.74747475,-3.00000000,-0.6156614728,0,-0.3221739518,0.2738400053,0.2738400053
0.75757576,-3.00000000,-0.6573671360,0,-0.3418889829,0.2704918819,0.2704918819
0.76767677,-3.00000000,-0.6956963437,0,-0.3598733927,0.2675839341,0.2675839341
0.77777778,-3.00000000,-0.7307841043,0,-0.3762373513,0.2650608781,0.2650608781
0.78787879,-3.00000000,-0.7627905832,0,-0.3910917321,0.2628733888,0.2628733888
0.79797980,-3.00000000,-0.7918914691,0,-0.4045455892,0.2609778278,0.2609778278
0.80808081,-3.00000000,-0.8182701179,0,-0.4167042949,0.2593358580,0.2593358580
0.81818182,-3.00000000,-0.8421113966,0,-0.4276682403,0.2579139957,0.2579139957
0.82828283,-3.00000000,-0.8635970528,0,-0.4375319982,0.2566831361,0.2566831361
0.83838384,-3.00000000,-0.8829023904,0,-0.4463838544,0.2556180812,0.2556180812
0.84848485,-3.00000000,-0.9001940221,0,-0.4543056226,0.2546970849,0.2546970849
0.85858586,-3.00000000,-0.9156284785,0,-0.4613726707,0.2539014302,0.2539014302
0.86868687,-3.00000000,-0.9293514805,0,-0.4676540982,0.2532150408,0.2532150408
0.87878788,-3.00000000,-0.9414977054,0,-0.4732130183,0.2526241328,0.2526241328
0.88888889,-3.00000000,-0.9521909129,0,-0.4781069040,0.2521169039,0.2521169039
0.89898990,-3.00000000,-0.9615443187,0,-0.4823879737,0.2516832606,0.2516832606
0.90909091,-3.00000000,-0.9696611322,0,-0.4861035910,0.2513145790,0.2513145790
0.91919192,-3.00000000,-0.9766351923,0,-0.4892966658,0.2510034977,0.2510034977
0.92929293,-3.00000000,-0.9825516548,0,-0.4920060453,0.2507437376,0.2507437376
0.93939394,-3.00000000,-0.9874876947,0,-0.4942668871,0.2505299476,0.2505299476
0.94949495,-3.00000000,-0.9915132007,0,-0.4961110108,0.2503575718,0.2503575718
0.95959596,-3.00000000,-0.9946914450,0,-0.4975672255,0.2502227347,0.2502227347
0.96969697,-3.00000000,-0.9970797170,0,-0.4986616312,0.2501221443,0.2501221443
0.97979798,-3.00000000,-0.9987299170,0,-0.4994178959,0.2500530075,0.2500530075
0.98989899,-3.00000000,-0.9996891040,0,-0.4998575069,0.2500129591,0.2500129591
1.00000000,-3.00000000,-1.0000000000,0,-0.5000000000,0.2500000000,0.2500000000
0.00000000,-2.93939394,1.0000000000,0,1.0000000000,1.0000000000,1.0000000000
0.01010101,-2.93939394,0.9999997363,0,0.9999738502,0.9999482283,0.9999482283
0.02020202,-2.93939394,0.9999978226,0,0.9998921327,0.9997886308,0.9997886308
0.03030303,-2.93939394,0.9999924118,0,0.9997496367,0.9995145051,0.9995145051
0.04040404,-2.93939394,0.9999814205,0,0.9995407117,0.9991187604,0.9991187604
0.05050505,-2.93939394,0.9999625034,0,0.9992592298,0.9985938949,0.9985938949
0.06060606,-2.93939394,0.9999330247,0,0.9988985447,0.9979319718,0.9979319718
0.07070707,-2.93939394,0.9998900264,0,0.9984514470,0.9971245947,0.9971245947
0.08080808,-2.93939394,0.9998301928,0,0.9979101157,0.9961628815,0.9961628815
0.09090909,-2.93939394,0.9997498116,0,0.9972660657,0.9950374371,0.9950374371
0.10101010,-2.93939394,0.9996447297,0,0.9965100898,0.9937383251,0.9937383251
0.11111111,-2.93939394,0.9995103047,0,0.9956321966,0.9922550381,0.9922550381
0.12121212,-2.93939394,0.9993413507,0,0.9946215423,0.9905764676,0.9905764676
0.13131313,-2.93939394,0.9991320773,0,0.9934663570,0.9886908723,0.9886908723
0.14141414,-2.93939394,0.9988760219,0,0.9921538644,0.9865858460,0.9865858460
0.15151515,-2.93939394,0.9985659742,0,0.9906701948,0.9842482855,0.9842482855
0.16161616,-2.93939394,0.9981938914,0,0.9890002904,0.9816643572,0.9816643572
0.17171717,-2.93939394,0.9977508029,0,0.9871278036,0.9788194647,0.9788194647
0.18181818,-2.93939394,0.9972267048,0,0.9850349857,0.9756982172,0.9756982172
0.19191919,-2.93939394,0.9966104403,0,0.9827025681,0.9722843986,0.9722843986
0.20202020,-2.93939394,0.9958895665,0,0.9801096330,0.9685609390,0.9685609390
0.21212121,-2.93939394,0.9950502040,0,0.9772334757,0.9645098894,0.9645098894
0.22222222,-2.93939394,0.9940768694,0,0.9740494559,0.9601124008,0.9601124008
0.23232323,-2.93939394,0.9929522858,0,0.9705308399,0.9553487082,0.9553487082
0.24242424,-2.93939394,0.9916571704,0,0.9666486322,0.9501981237,0.9501981237
0.25252525,-2.93939394,0.9901699967,0,0.9623713980,0.9446390380,0.9446390380
0.26262626,-2.93939394,0.9884667258,0,0.9576650772,0.9386489356,0.9386489356
0.27272727,-2.93939394,0.9865205061,0,0.9524927904,0.9322044249,0.9322044249
0.28282828,-2.93939394,0.9843013358,0,0.9468146398,0.9252812888,0.9252812888
0.29292929,-2.93939394,0.9817756843,0,0.9405875078,0.9178545592,0.9178545592
0.30303030,-2.93939394,0.9789060689,0,0.9337648564,0.9098986216,0.9098986216
0.31313131,-2.93939394,0.9756505822,0,0.9262965340,0.9013873564,0.9013873564
0.32323232,-2.93939394,0.9719623648,0,0.9181285959,0.8922943236,0.8922943236
0.33333333,-2.93939394,0.9677890217,0,0.9092031480,0.8825930005,0.8825930005
0.34343434,-2.93939394,0.9630719762,0,0.8994582258,0.8722570819,0.8722570819
0.35353535,-2.93939394,0.9577457625,0,0.8888277250,0.8612608532,0.8612608532
0.36363636,-2.93939394,0.9517372539,0,0.8772414008,0.8495796494,0.8495796494
0.37373737,-2.93939394,0.9449648334,0,0.8646249614,0.8371904107,0.8371904107
0.38383838,-2.93939394,0.9373375120,0,0.8509002848,0.8240723502,0.8240723502
0.39393939,-2.93939394,0.9287540103,0,0.8359857917,0.8102077415,0.8102077415
0.40404040,-2.93939394,0.9191018282,0,0.8197970170,0.7955828406,0.7955828406
0.41414141,-2.93939394,0.9082563368,0,0.8022474263,0.7801889444,0.7801889444
0.42424242,-2.93939394,0.8960799467,0,0.7832495283,0.7640235885,0.7640235885
0.43434343,-2.93939394,0.8824214255,0,0.7627163407,0.7470918748,0.7470918748
0.44444444,-2.93939394,0.8671154638,0,0.7405632639,0.7294079071,0.7294079071
0.45454545,-2.93939394,0.8499826223,0,0.7167104170,0.7109962988,0.7109962988
0.46464646,-2.93939394,0.8308298269,0,0.6910854756,0.6918936940,0.6918936940
0.47474747,-2.93939394,0.8094516214,0,0.6636270343,0.6721502191,0.6721502191
0.48484848,-2.93939394,0.7856324238,0,0.6342884807,0.6518307596,0.6518307596
0.49494949,-2.93939394,0.7591500658,0,0.6030423238,0.6310159242,0.6310159242
0.50505051,-2.93939394,0.7297809105,0,0.5698848545,0.6098025447,0.6098025447
0.51515152,-2.93939394,0.6973068237,0,0.5348409433,0.5883035405,0.5883035405
0.52525253,-2.93939394,0.6615242121,0,0.4979686895,0.5666469885,0.5666469885
0.53535354,-2.93939394,0.6222552063,0,0.4593635539,0.5449742624,0.5449742624
0.54545455,-2.93939394,0.5793608479,0,0.4191615331,0.5234371638,0.5234371638
0.55555556,-2.93939394,0.5327558334,0,0.3775408905,0.5021940517,0.5021940517
0.56565657,-2.93939394,0.4824239813,0,0.3347219761,0.4814050887,0.4814050887
0.57575758,-2.93939394,0.4284331662,0,0.2909647452,0.4612268428,0.4612268428
0.58585859,-2.93939394,0.3709480819,0,0.2465637515,0.4418065998,0.4418065998
0.59595960,-2.93939394,0.3102389608,0,0.2018406252,0.4232768257,0.4232768257
0.60606061,-2.93939394,0.2466843968,0,0.1571343305,0.4057502515,0.4057502515
0.61616162,-2.93939394,0.1807667922,0,0.1127897896,0.3893160157,0.3893160157
0.62626263,-2.93939394,0.1130596922,0,0.0691457031,0.3740371998,0.3740371998
0.63636364,-2.93939394,0.0442073054,0,0.0265225388,0.3599499353,0.3599499353
0.64646465,-2.93939394,-0.0251023411,0,-0.0147883275,0.3470640803,0.3470640803
0.65656566,-2.93939394,-0.0941681584,0,-0.0545334702,0.3353652928,0.3353652928
0.66666667,-2.93939394,-0.1623075789,0,-0.0925036721,0.3248181939,0.3248181939
0.67676768,-2.93939394,-0.2288857876,0,-0.1285373020,0.3153702385,0.3153702385
0.68686869,-2.93939394,-0.2933398870,0,-0.1625208599,0.3069558980,0.3069558980
0.69696970,-2.93939394,-0.3551961549,0,-0.1943870140,0.2995007992,0.2995007992
0.70707071,-2.93939394,-0.4140796384,0,-0.2241106492,0.2929255383,0.2929255383
0.71717172,-2.93939394,-0.4697163588,0,-0.2517035414,0.2871489820,0.2871489820
0.72727273,-2.93939394,-0.5219292071,0,-0.2772082702,0.2820909571,0.2820909571
0.73737374,-2.93939394,-0.5706290840,0,-0.3006919158,0.2776743078,0.2776743078
0.74747475,-2.93939394,-0.6158029888,0,-0.3222399748,0.2738263547,0.2738263547
0.75757576,-2.93939394,-0.6575006419,0,-0.3419507988,0.2704798288,0.2704798288
0.76767677,-2.93939394,-0.6958209494,0,-0.3599307436,0.2675733690,0.2675733690
0.77777778,-2.93939394,-0.7308992630,0,-0.3762901098,0.2650516789,0.2650516789
0.78787879,-2.93939394,-0.7628960389,0,-0.3911398778,0.2628654280,0.2628654280
0.79797980,-2.93939394,-0.7919872035,0,-0.4045891869,0.2609709786,0.2609709786
0.80808081,-2.93939394,-0.8183563008,0,-0.4167434753,0.2593299982,0.2593299982
0.81818182,-2.93939394,-0.8421883414,0,-0.4277031832,0.2579090102,0.2579090102
0.82828283,-2.93939394,-0.8636651786,0,-0.4375629187,0.2566789187,0.2566789187
0.83838384,-2.93939394,-0.8829621903,0,-0.4464109918,0.2556145349,0.2556145349
0.84848485,-2.93939394,-0.9002460373,0,-0.4543292311,0.2546941225,0.2546941225
0.85858586,-2.93939394,-0.9156732789,0,-0.4613930126,0.2538989734,0.2538989734
0.86868687,-2.93939394,-0.9293896486,0,-0.4676714388,0.2532130204,0.2532130204
0.87878788,-2.93939394,-0.9415298257,0,-0.4732276213,0.2526224873,0.2526224873
0.88888889,-2.93939394,-0.9522175633,0,-0.4781190295,0.2521155793,0.2521155793
0.89898990,-2.93939394,-0.9615660650,0,-0.4823978760,0.2516822093,0.2516822093
0.90909091,-2.93939394,-0.9696785244,0,-0.4861115172,0.2513137593,0.2513137593
0.91919192,-2.93939394,-0.9766487630,0,-0.4893028554,0.2510028725,0.2510028725
0.92929293,-2.93939394,-0.9825619175,0,-0.4920107298,0.2507432744,0.2507432744
0.93939394,-2.93939394,-0.9874951444,0,-0.4942702901,0.2505296174,0.2505296174
0.94949495,-2.93939394,-0.9915183138,0,-0.4961133481,0.2503573487,0.2503573487
0.95959596,-2.93939394,-0.9946946803,0,-0.4975687054,0.2502225954,0.2502225954
0.96969697,-2.93939394,-0.9970815170,0,-0.4986624551,0.2501220677,0.2501220677
0.97979798,-2.93939394,-0.9987307085,0,-0.4994182584,0.2500529741,0.2500529741
0.98989899,-2.93939394,-0.9996892999,0,-0.4998575967,0.2500129509,0.2500129509
1.00000000,-2.93939394,-1.0000000000,0,-0.5000000000,0.2500000000,0.2500000000
0.00000000,-2.87878788,1.0000000000,0,1.0000000000,1.0000000000,1.0000000000
0.01010101,-2.87878788,0.9999997366,0,0.9999738690,0.9999482654,0.9999482654
0.02020202,-2.87878788,0.9999978250,0,0.9998922102,0.9997887812,0.9997887812
0.03030303,-2.87878788,0.9999924199,0,0.9997498168,0.9995148490,0.9995148490
0.04040404,-2.87878788,0.9999814402,0,0.9995410421,0.9991193815,0.9991193815
0.05050505,-2.87878788,0.9999625429,0,0.9992597625,0.9985948805,0.9985948805
0.06060606,-2.87878788,0.9999330950,0,0.9988993364,0.9979334133,0.9979334133
0.07070707,-2.87878788,0.9998901413,0,0.9984525593,0.9971265872,0.9971265872
0.08080808,-2.87878788,0.9998303693,0,0.9979116155,0.9961655242,0.9961655242
0.09090909,-2.87878788,0.9997500703,0,0.9972680254,0.9950408329,0.9950408329
0.10101010,-2.87878788,0.9996450950,0,0.9965125878,0.9937425810,0.9937425810
0.11111111,-2.87878788,0.9995108053,0,0.9956353175,0.9922602650,0.9922602650
0.12121212,-2.87878788,0.9993420199,0,0.9946253774,0.9905827801,0.9905827801
0.13131313,-2.87878788,0.9991329535,0,0.9934710047,0.9886983889,0.9886983889
0.14141414,-2.87878788,0.9988771492,0,0.9921594304,0.9865946888,0.9865946888
0.15151515,-2.87878788,0.9985674026,0,0.9906767925,0.9842585799,0.9842585799
0.16161616,-2.87878788,0.9981956773,0,0.9890080416,0.9816762317,0.9816762317
0.17171717,-2.87878788,0.9977530103,0,0.9871368382,0.9788330508,0.9788330508
0.18181818,-2.87878788,0.9972294051,0,0.9850454425,0.9757136486,0.9757136486
0.19191919,-2.87878788,0.9966137134,0,0.9827145948,0.9723018108,0.9723018108
0.20202020,-2.87878788,0.9958935012,0,0.9801233868,0.9685804689,0.9685804689
0.21212121,-2.87878788,0.9950548991,0,0.9772491228,0.9645316742,0.9645316742
0.22222222,-2.87878788,0.9940824340,0,0.9740671722,0.9601365773,0.9601365773
0.23232323,-2.87878788,0.9929588402,0,0.9705508103,0.9553754117,0.9553754117
0.24242424,-2.87878788,0.9916648470,0,0.9666710508,0.9502274866,0.9502274866
0.25252525,-2.87878788,0.9901789404,0,0.9623964677,0.9446711885,0.9446711885
0.26262626,-2.87878788,0.9884770950,0,0.9576930085,0.9386839955,0.9386839955
0.27272727,-2.87878788,0.9865324734,0,0.9525238009,0.9322425081,0.9322425081
0.28282828,-2.87878788,0.9843150882,0,0.9468489529,0.9253224985,0.9253224985
0.29292929,-2.87878788,0.9817914241,0,0.9406253506,0.9178989853,0.9178989853
0.30303030,-2.87878788,0.9789240139,0,0.9338064578,0.9099463378,0.9099463378
0.31313131,-2.87878788,0.9756709654,0,0.9263421218,0.9014384164,0.9014384164
0.32323232,-2.87878788,0.9719854347,0,0.9181783931,0.8923487572,0.8923487572
0.33333333,-2.87878788,0.9678150410,0,0.9092573683,0.8826508092,0.8826508092
0.34343434,-2.87878788,0.9631012209,0,0.8995170687,0.8723182339,0.8723182339
0.35353535,-2.87878788,0.9577785196,0,0.8888913690,0.8613252782,0.8613252782
0.36363636,-2.87878788,0.9517738185,0,0.8773099958,0.8496472326,0.8496472326
0.37373737,-2.87878788,0.9450055046,0,0.8646986200,0.8372609870,0.8372609870
0.38383838,-2.87878788,0.9373825866,0,0.8509790714,0.8241456974,0.8241456974
0.39393939,-2.87878788,0.9288037761,0,0.8360697108,0.8102835745,0.8102835745
0.40404040,-2.87878788,0.9191565534,0,0.8198859996,0.7956608051,0.7956608051
0.41414141,-2.87878788,0.9083162578,0,0.8023413149,0.7802686114,0.7802686114
0.42424242,-2.87878788,0.8961452522,0,0.7833480611,0.7641044503,0.7641044503
0.43434343,-2.87878788,0.8824922372,0,0.7628191341,0.7471733421,0.7471733421
0.44444444,-2.87878788,0.8671918128,0,0.7406697960,0.7294893090,0.7294893090
0.45454545,-2.87878788,0.8500644213,0,0.7168200107,0.7110768863,0.7110768863
0.46464646,-2.87878788,0.8309168385,0,0.6911972851,0.6919726465,0.6919726465
0.47474747,-2.87878788,0.8095434215,0,0.6637400341,0.6722266574,0.6722266574
0.48484848,-2.87878788,0.7857283631,0,0.6344014611,0.6519037631,0.6519037631
0.49494949,-2.87878788,0.7592492298,0,0.6031538941,0.6310845559,0.6310845559
0.50505051,-2.87878788,0.7298820816,0,0.5699934571,0.6098658806,0.6098658806
0.51515152,-2.87878788,0.6974084496,0,0.5349448799,0.5883607062,0.5883607062
0.52525253,-2.87878788,0.6616243865,0,0.4980661619,0.5666971989,0.5666971989
0.53535354,-2.87878788,0.6223516676,0,0.4594527208,0.5450168637,0.5450168637
0.54545455,-2.87878788,0.5794510050,0,0.4192405802,0.5234716737,0.5234716737
0.55555556,-2.87878788,0.5328368242,0,0.3776081135,0.5022201947,0.5022201947
0.56565657,-2.87878788,0.4824927704,0,0.3347758700,0.4814228217,0.4814228217
0.57575758,-2.87878788,0.4284866813,0,0.2910040940,0.4612363676,0.4612363676
0.58585859,-2.87878788,0.3709833872,0,0.2465877095,0.4418083595,0.4418083595
0.59595960,-2.87878788,0.3102534542,0,0.2018487810,0.4232714845,0.4232714845
0.60606061,-2.87878788,0.2466760130,0,0.1571267452,0.4057386579,0.4057386579
0.61616162,-2.87878788,0.1807341888,0,0.1127670044,0.3892991534,0.3892991534
0.62626263,-2.87878788,0.1130023922,0,0.0691087128,0.3740161310,0.3740161310
0.63636364,-2.87878788,0.0441257754,0,0.0264727345,0.3599257414,0.3599257414
0.64646465,-2.87878788,-0.0252066926,0,-0.0148492412,0.3470378069,0.3470378069
0.65656566,-2.87878788,-0.0942930646,0,-0.0546035744,0.3353379032,0.3353379032
0.66666667,-2.87878788,-0.1624500687,0,-0.0925809390,0.3247905347,0.3247905347
0.67676768,-2.87878788,-0.2290423911,0,-0.1286196961,0.3153430185,0.3153430185
0.68686869,-2.87878788,-0.2935068646,0,-0.1626064267,0.3069296799,0.3069296799
0.69696970,-2.87878788,-0.3553697224,0,-0.1944739506,0.2994760025,0.2994760025
0.70707071,-2.87878788,-0.4142561662,0,-0.2241973547,0.2929024504,0.2929024504
0.71717172,-2.87878788,-0.4698925290,0,-0.2517886461,0.2871277747,0.2871277747
0.72727273,-2.87878788,-0.5221021212,0,-0.2772906467,0.2820717064,0.2820717064
0.73737374,-2.87878788,-0.5707963226,0,-0.3007706751,0.2776570136,0.2776570136
0.74747475,-2.87878788,-0.6159626286,0,-0.3223144509,0.2738109598,0.2738109598
0.75757576,-2.87878788,-0.6576512395,0,-0.3420205266,0.2704662358,0.2704662358
0.76767677,-2.87878788,-0.6959615022,0,-0.3599954328,0.2675614546,0.2675614546
0.77777778,-2.87878788,-0.7310291555,0,-0.3763496174,0.2650413050,0.2650413050
0.78787879,-2.87878788,-0.7630149835,0,-0.3911941812,0.2628564509,0.2628564509
0.79797980,-2.87878788,-0.7920951805,0,-0.4046383595,0.2609632552,0.2609632552
0.80808081,-2.87878788,-0.8184535026,0,-0.4167876648,0.2593233905,0.2593233905
0.81818182,-2.87878788,-0.8422751223,0,-0.4277425927,0.2579033885,0.2579033885
0.82828283,-2.87878788,-0.8637420118,0,-0.4375977912,0.2566741631,0.2566741631
0.83838384,-2.87878788,-0.8830296323,0,-0.4464415972,0.2556105361,0.2556105361
0.84848485,-2.87878788,-0.9003046991,0,-0.4543558564,0.2546907819,0.2546907819
0.85858586,-2.87878788,-0.9157238032,0,-0.4614159537,0.2538962031,0.2538962031
0.86868687,-2.87878788,-0.9294326930,0,-0.4676909947,0.2532107420,0.2532107420
0.87878788,-2.87878788,-0.9415660493,0,-0.4732440898,0.2526206318,0.2526206318
0.88888889,-2.87878788,-0.9522476179,0,-0.4781327040,0.2521140857,0.2521140857
0.89898990,-2.87878788,-0.9615905889,0,-0.4824090431,0.2516810240,0.2516810240
0.90909091,-2.87878788,-0.9696981381,0,-0.4861204557,0.2513128349,0.2513128349
0.91919192,-2.87878788,-0.9766640668,0,-0.4893098355,0.2510021676,0.2510021676
0.92929293,-2.87878788,-0.9825734909,0,-0.4920160126,0.2507427520,0.2507427520
0.93939394,-2.87878788,-0.9875035454,0,-0.4942741277,0.2505292450,0.2505292450
0.94949495,-2.87878788,-0.9915240798,0,-0.4961159839,0.2503570971,0.2503570971
0.95959596,-2.87878788,-0.9946983288,0,-0.4975703743,0.2502224384,0.2502224384
0.96969697,-2.87878788,-0.9970835468,0,-0.4986633841,0.2501219813,0.2501219813
0.97979798,-2.87878788,-0.9987316011,0,-0.4994186671,0.2500529365,0.2500529365
0.98989899,-2.87878788,-0.9996895208,0,-0.4998576978,0.2500129416,0.2500129416
1.00000000,-2.87878788,-1.0000000000,0,-0.5000000000,0.2500000000,0.2500000000
0.00000000,-2.81818182,1.0000000000,0,1.0000000000,1.0000000000,1.0000000000
0.01010101,-2.81818182,0.9999997369,0,0.9999738902,0.9999483071,0.9999483071
0.02020202,-2.81818182,0.9999978276,0,0.9998922977,0.9997889509,0.9997889509
0.03030303,-2.81818182,0.9999924290,0,0.9997500198,0.9995152368,0.9995152368
0.04040404,-2.81818182,0.9999814624,0,0.9995414146,0.9991200817,0.9991200817
0.05050505,-2.81818182,0.9999625875,0,0.9992603632,0.9985959919,0.9985959919
0.06060606,-2.81818182,0.9999331743,0,0.9989002291,0.9979350387,0.9979350387
0.07070707,-2.81818182,0.9998902708,0,0.9984538135,0.9971288339,0.9971288339
0.08080808,-2.81818182,0.9998305683,0,0.9979133066,0.9961685039,0.9961685039
0.09090909,-2.81818182,0.9997503619,0,0.9972702350,0.9950446619,0.9950446619
0.10101010,-2.81818182,0.9996455067,0,0.9965154043,0.9937473798,0.9937473798
0.11111111,-2.81818182,0.9995113695,0,0.9956388364,0.9922661586,0.9922661586
0.12121212,-2.81818182,0.9993427742,0,0.9946297016,0.9905898979,0.9905898979
0.13131313,-2.81818182,0.9991339412,0,0.9934762451,0.9887068645,0.9887068645
0.14141414,-2.81818182,0.9988784198,0,0.9921657062,0.9866046598,0.9866046598
0.15151515,-2.81818182,0.9985690126,0,0.9906842316,0.9842701878,0.9842701878
0.16161616,-2.81818182,0.9981976906,0,0.9890167811,0.9816896215,0.9816896215
0.17171717,-2.81818182,0.9977554985,0,0.9871470248,0.9788483706,0.9788483706
0.18181818,-2.81818182,0.9972324490,0,0.9850572327,0.9757310493,0.9757310493
0.19191919,-2.81818182,0.9966174030,0,0.9827281554,0.9723214454,0.9723214454
0.20202020,-2.81818182,0.9958979367,0,0.9801388946,0.9686024916,0.9686024916
0.21212121,-2.81818182,0.9950601919,0,0.9772667657,0.9645562400,0.9645562400
0.22222222,-2.81818182,0.9940887070,0,0.9740871482,0.9601638404,0.9601638404
0.23232323,-2.81818182,0.9929662291,0,0.9705733282,0.9554055248,0.9554055248
0.24242424,-2.81818182,0.9916735010,0,0.9666963295,0.9502605991,0.9502605991
0.25252525,-2.81818182,0.9901890230,0,0.9624247357,0.9447074449,0.9447074449
0.26262626,-2.81818182,0.9884887848,0,0.9577245036,0.9387235335,0.9387235335
0.27272727,-2.81818182,0.9865459649,0,0.9525587685,0.9322854561,0.9322854561
0.28282828,-2.81818182,0.9843305924,0,0.9468876449,0.9253689731,0.9253689731
0.29292929,-2.81818182,0.9818091692,0,0.9406680234,0.9179490882,0.9179490882
0.30303030,-2.81818182,0.9789442454,0,0.9338533697,0.9100001521,0.9100001521
0.31313131,-2.81818182,0.9756939462,0,0.9263935297,0.9014960029,0.9014960029
0.32323232,-2.81818182,0.9720114450,0,0.9182345486,0.8924101497,0.8924101497
0.33333333,-2.81818182,0.9678443772,0,0.9093185129,0.8827160097,0.8827160097
0.34343434,-2.81818182,0.9631341944,0,0.8995834275,0.8723872068,0.8723872068
0.35353535,-2.81818182,0.9578154541,0,0.8889631437,0.8613979445,0.8613979445
0.36363636,-2.81818182,0.9518150471,0,0.8773873558,0.8497234631,0.8497234631
0.37373737,-2.81818182,0.9450513645,0,0.8647816925,0.8373405956,0.8373405956
0.38383838,-2.81818182,0.9374334133,0,0.8510679296,0.8242284340,0.8242284340
0.39393939,-2.81818182,0.9288598942,0,0.8361643601,0.8103691178,0.8103691178
0.40404040,-2.81818182,0.9192182658,0,0.8199863628,0.7957487556,0.7957487556
0.41414141,-2.81818182,0.9083838315,0,0.8024472150,0.7803584855,0.7803584855
0.42424242,-2.81818182,0.8962189006,0,0.7834592030,0.7641956754,0.7641956754
0.43434343,-2.81818182,0.8825720979,0,0.7629350859,0.7472652535,0.7472652535
0.44444444,-2.81818182,0.8672779217,0,0.7407899693,0.7295811503,0.7295811503
0.45454545,-2.81818182,0.8501566807,0,0.7169436424,0.7111678120,0.7111678120
0.46464646,-2.81818182,0.8310149811,0,0.6913234210,0.6920617309,0.6920617309
0.47474747,-2.81818182,0.8096469698,0,0.6638675177,0.6723129081,0.6723129081
0.48484848,-2.81818182,0.7858365851,0,0.6345289277,0.6519861413,0.6519861413
0.49494949,-2.81818182,0.7593610945,0,0.6032797746,0.6311620035,0.6311620035
0.50505051,-2.81818182,0.7299962157,0,0.5701159938,0.6099373546,0.6099373546
0.51515152,-2.81818182,0.6975231022,0,0.5350621557,0.5884252190,0.5884252190
0.52525253,-2.81818182,0.6617374064,0,0.4981761474,0.5667538638,0.5667538638
0.53535354,-2.81818182,0.6224605029,0,0.4595533371,0.5450649421,0.5450649421
0.54545455,-2.81818182,0.5795527310,0,0.4193297789,0.5235106207,0.5235106207
0.55555556,-2.81818182,0.5329282103,0,0.3776839700,0.5022496988,0.5022496988
0.56565657,-2.81818182,0.4825703895,0,0.3348366849,0.4814428339,0.4814428339
0.57575758,-2.81818182,0.4285470650,0,0.2910484942,0.4612471155,0.4612471155
0.58585859,-2.81818182,0.3710232209,0,0.2466147401,0.4418103434,0.4418103434
0.59595960,-2.81818182,0.3102697999,0,0.2018579775,0.4232654542,0.4232654542
0.60606061,-2.81818182,0.2466665393,0,0.1571181769,0.4057255715,0.4057255715
0.61616162,-2.81818182,0.1806973807,0,0.1127412825,0.3892801219,0.3892801219
0.62626263,-2.81818182,0.1129377124,0,0.0690669612,0.3739923537,0.3739923537
0.63636364,-2.81818182,0.0440337523,0,0.0264165244,0.3598984393,0.3598984393
0.64646465,-2.81818182,-0.0253244672,0,-0.0149179848,0.3470081603,0.3470081603
0.65656566,-2.81818182,-0.0944340295,0,-0.0546826850,0.3353069994,0.3353069994
0.66666667,-2.81818182,-0.1626108682,0,-0.0926681272,0.3247593291,0.3247593291
0.67676768,-2.81818182,-0.2292191071,0,-0.1287126643,0.3153123106,0.3153123106
0.68686869,-2.81818182,-0.2936952751,0,-0.1627029690,0.3069001046,0.3069001046
0.69696970,-2.81818182,-0.3555655563,0,-0.1945720328,0.2994480326,0.2994480326
0.70707071,-2.81818182,-0.4144553280,0,-0.2242951707,0.2928764096,0.2928764096
0.71717172,-2.81818182,-0.4700912753,0,-0.2518846511,0.2871038566,0.2871038566
0.72727273,-2.81818182,-0.5222971828,0,-0.2773835694,0.2820499962,0.2820499962
0.73737374,-2.81818182,-0.5709849715,0,-0.3008595133,0.2776375107,0.2776375107
0.74747475,-2.81818182,-0.6161426968,0,-0.3223984542,0.2737935996,0.2737935996
0.75757576,-2.81818182,-0.6578211006,0,-0.3420991713,0.2704509082,0.2704509082
0.76767677,-2.81818182,-0.6961200271,0,-0.3600683920,0.2675480202,0.2675480202
0.77777778,-2.81818182,-0.7311756515,0,-0.3764167303,0.2650296080,0.2650296080
0.78787879,-2.81818182,-0.7631491277,0,-0.3912554230,0.2628463290,0.2628463290
0.79797980,-2.81818182,-0.7922169520,0,-0.4046938136,0.2609545470,0.2609545470
0.80808081,-2.81818182,-0.8185631195,0,-0.4168374982,0.2593159405,0.2593159405
0.81818182,-2.81818182,-0.8423729851,0,-0.4277870347,0.2578970502,0.2578970502
0.82828283,-2.81818182,-0.8638286549,0,-0.4376371161,0.2566688013,0.2566688013
0.83838384,-2.81818182,-0.8831056838,0,-0.4464761097,0.2556060275,0.2556060275
0.84848485,-2.81818182,-0.9003708485,0,-0.4543858802,0.2546870155,0.2546870155
0.85858586,-2.81818182,-0.9157807758,0,-0.4614418228,0.2538930796,0.2538930796
0.86868687,-2.81818182,-0.9294812304,0,-0.4677130463,0.2532081733,0.2532081733
0.87878788,-2.81818182,-0.9416068951,0,-0.4732626599,0.2526185398,0.2526185398
0.88888889,-2.81818182,-0.9522815073,0,-0.4781481233,0.2521124017,0.2521124017
0.89898990,-2.81818182,-0.9616182416,0,-0.4824216349,0.2516796875,0.2516796875
0.90909091,-2.81818182,-0.9697202539,0,-0.4861305346,0.2513117927,0.2513117927
0.91919192,-2.81818182,-0.9766813229,0,-0.4893177061,0.2510013727,0.2510013727
0.92929293,-2.81818182,-0.9825865406,0,-0.4920219693,0.2507421631,0.2507421631
0.93939394,-2.81818182,-0.9875130180,0,-0.4942784548,0.2505288251,0.2505288251
0.94949495,-2.81818182,-0.9915305813,0,-0.4961189559,0.2503568134,0.2503568134
0.95959596,-2.81818182,-0.9947024427,0,-0.4975722561,0.2502222613,0.2502222613
0.96969697,-2.81818182,-0.9970858355,0,-0.4986644316,0.2501218838,0.2501218838
0.97979798,-2.81818182,-0.9987326076,0,-0.4994191280,0.2500528940,0.2500528940
0.98989899,-2.81818182,-0.9996897698,0,-0.4998578119,0.2500129312,0.2500129312
1.00000000,-2.81818182,-1.0000000000,0,-0.5000000000,0.2500000000,0.2500000000
0.00000000,-2.75757576,1.0000000000,0,1.0000000000,1.0000000000,1.0000000000
0.01010101,-2.75757576,0.9999997373,0,0.9999739141,0.9999483542,0.9999483542
0.02020202,-2.75757576,0.9999978305,0,0.9998923963,0.9997891422,0.9997891422
0.03030303,-2.75757576,0.9999924392,0,0.9997502487,0.9995156739,0.9995156739
0.04040404,-2.75757576,0.9999814874,0,0.9995418345,0.9991208712,0.9991208712
0.05050505,-2.75757576,0.9999626378,0,0.9992610403,0.9985972448,0.9985972448
0.06060606,-2.75757576,0.9999332636,0,0.9989012354,0.9979368711,0.9979368711
0.07070707,-2.75757576,0.9998904168,0,0.9984552274,0.9971313668,0.9971313668
0.08080808,-2.75757576,0.9998307925,0,0.9979152130,0.9961718632,0.9961718632
0.09090909,-2.75757576,0.9997506905,0,0.9972727260,0.9950489786,0.9950489786
0.10101010,-2.75757576,0.9996459707,0,0.9965185795,0.9937527899,0.9937527899
0.11111111,-2.75757576,0.9995120054,0,0.9956428033,0.9922728030,0.9922728030
0.12121212,-2.75757576,0.9993436243,0,0.9946345764,0.9905979226,0.9905979226
0.13131313,-2.75757576,0.9991350544,0,0.9934821527,0.9887164200,0.9887164200
0.14141414,-2.75757576,0.9988798519,0,0.9921727811,0.9866159014,0.9866159014
0.15151515,-2.75757576,0.9985708272,0,0.9906926181,0.9842832749,0.9842832749
0.16161616,-2.75757576,0.9981999595,0,0.9890266336,0.9817047177,0.9817047177
0.17171717,-2.75757576,0.9977583029,0,0.9871585088,0.9788656430,0.9788656430
0.18181818,-2.75757576,0.9972358796,0,0.9850705246,0.9757506680,0.9757506680
0.19191919,-2.75757576,0.9966215614,0,0.9827434430,0.9723435828,0.9723435828
0.20202020,-2.75757576,0.9959029359,0,0.9801563777,0.9686273219,0.9686273219
0.21212121,-2.75757576,0.9950661572,0,0.9772866558,0.9645839379,0.9645839379
0.22222222,-2.75757576,0.9940957773,0,0.9741096688,0.9601945800,0.9601945800
0.23232323,-2.75757576,0.9929745573,0,0.9705987147,0.9554394782,0.9554394782
0.24242424,-2.75757576,0.9916832552,0,0.9667248288,0.9502979349,0.9502979349
0.25252525,-2.75757576,0.9902003875,0,0.9624566056,0.9447483262,0.9447483262
0.26262626,-2.75757576,0.9885019611,0,0.9577600121,0.9387681157,0.9387681157
0.27272727,-2.75757576,0.9865611721,0,0.9525981926,0.9323338842,0.9323338842
0.28282828,-2.75757576,0.9843480687,0,0.9469312686,0.9254213787,0.9254213787
0.29292929,-2.75757576,0.9818291717,0,0.9407161360,0.9180055861,0.9180055861
0.30303030,-2.75757576,0.9789670509,0,0.9339062625,0.9100608364,0.9100608364
0.31313131,-2.75757576,0.9757198515,0,0.9264514928,0.9015609423,0.9015609423
0.32323232,-2.75757576,0.9720407658,0,0.9182978659,0.8924793828,0.8924793828
0.33333333,-2.75757576,0.9678774480,0,0.9093874570,0.8827895388,0.8827895388
0.34343434,-2.75757576,0.9631713663,0,0.8996582526,0.8724649922,0.8724649922
0.35353535,-2.75757576,0.9578570925,0,0.8890440774,0.8614798974,0.8614798974
0.36363636,-2.75757576,0.9518615276,0,0.8774745899,0.8498094382,0.8498094382
0.37373737,-2.75757576,0.9451030678,0,0.8648753708,0.8374303835,0.8374303835
0.38383838,-2.75757576,0.9374907178,0,0.8511681351,0.8243217529,0.8243217529
0.39393939,-2.75757576,0.9289231664,0,0.8362710996,0.8104656056,0.8104656056
0.40404040,-2.75757576,0.9192878479,0,0.8200995498,0.7958479621,0.7958479621
0.41414141,-2.75757576,0.9084600251,0,0.8025666504,0.7804598657,0.7804598657
0.42424242,-2.75757576,0.8963019469,0,0.7835845549,0.7642985835,0.7642985835
0.43434343,-2.75757576,0.8826621531,0,0.7630658677,0.7473689402,0.7473689402
0.44444444,-2.75757576,0.8673750267,0,0.7409255179,0.7296847620,0.7296847620
0.45454545,-2.75757576,0.8502607264,0,0.7170830976,0.7112703952,0.7112703952
0.46464646,-2.75757576,0.8311256668,0,0.6914657072,0.6921622412,0.6921622412
0.47474747,-2.75757576,0.8097637578,0,0.6640113302,0.6724102254,0.6724102254
0.48484848,-2.75757576,0.7859586508,0,0.6346727273,0.6520790931,0.6520790931
0.49494949,-2.75757576,0.7594872754,0,0.6034217910,0.6312493953,0.6312493953
0.50505051,-2.75757576,0.7301249632,0,0.5702542432,0.6100180088,0.6100180088
0.51515152,-2.75757576,0.6976524412,0,0.5351944749,0.5884980203,0.5884980203
0.52525253,-2.75757576,0.6618649101,0,0.4983002453,0.5668178108,0.5668178108
0.53535354,-2.75757576,0.6225832912,0,0.4596668667,0.5451192002,0.5451192002
0.54545455,-2.75757576,0.5796675032,0,0.4194304275,0.5235545740,0.5235545740
0.55555556,-2.75757576,0.5330313197,0,0.3777695646,0.5022829951,0.5022829951
0.56565657,-2.75757576,0.4826579671,0,0.3349053062,0.4814654174,0.4814654174
0.57575758,-2.75757576,0.4286151949,0,0.2910985916,0.4612592430,0.4612592430
0.58585859,-2.75757576,0.3710681607,0,0.2466452353,0.4418125796,0.4418125796
0.59595960,-2.75757576,0.3102882325,0,0.2018683459,0.4232586456,0.4232586456
0.60606061,-2.75757576,0.2466558328,0,0.1571084972,0.4057108003,0.4057108003
0.61616162,-2.75757576,0.1806558253,0,0.1127122455,0.3892586427,0.3892586427
0.62626263,-2.75757576,0.1128647031,0,0.0690198363,0.3739655206,0.3739655206
0.63636364,-2.75757576,0.0439298875,0,0.0263530863,0.3598676309,0.3598676309
0.64646465,-2.75757576,-0.0254573879,0,-0.0149955621,0.3469747091,0.3469747091
0.65656566,-2.75757576,-0.0945931123,0,-0.0547719551,0.3352721326,0.3352721326
0.66666667,-2.75757576,-0.1627923226,0,-0.0927665054,0.3247241248,0.3247241248
0.67676768,-2.75757576,-0.2294185086,0,-0.1288175571,0.3152776709,0.3152776709
0.68686869,-2.75757576,-0.2939078573,0,-0.1628118871,0.3068667452,0.3068667452
0.69696970,-2.75757576,-0.3557864986,0,-0.1946826810,0.2994164865,0.2994164865
0.70707071,-2.75757576,-0.4146800089,0,-0.2244055118,0.2928470416,0.2928470416
0.71717172,-2.75757576,-0.4703154723,0,-0.2519929428,0.2870768843,0.2870768843
0.72727273,-2.75757576,-0.5225172090,0,-0.2774883785,0.2820255152,0.2820255152
0.73737374,-2.75757576,-0.5711977513,0,-0.3009597102,0.2776155202,0.2776155202
0.74747475,-2.75757576,-0.6163457867,0,-0.3224931934,0.2737740261,0.2737740261
0.75757576,-2.75757576,-0.6580126686,0,-0.3421878630,0.2704336271,0.2704336271
0.76767677,-2.75757576,-0.6962988017,0,-0.3601506686,0.2675328742,0.2675328742
0.77777778,-2.75757576,-0.7313408537,0,-0.3764924113,0.2650164211,0.2650164211
0.78787879,-2.75757576,-0.7633003951,0,-0.3913244811,0.2628349182,0.2628349182
0.79797980,-2.75757576,-0.7923542629,0,-0.4047563436,0.2609447301,0.2609447301
0.80808081,-2.75757576,-0.8186867211,0,-0.4168936888,0.2593075420,0.2593075420
0.81818182,-2.75757576,-0.8424833302,0,-0.4278371451,0.2578899051,0.2578899051
0.82828283,-2.75757576,-0.8639263471,0,-0.4376814559,0.2566627570,0.2566627570
0.83838384,-2.75757576,-0.8831914322,0,-0.4465150227,0.2556009451,0.2556009451
0.84848485,-2.75757576,-0.9004454310,0,-0.4544197317,0.2546827698,0.2546827698
0.85858586,-2.75757576,-0.9158450106,0,-0.4614709894,0.2538895586,0.2538895586
0.86868687,-2.75757576,-0.9295359541,0,-0.4677379086,0.2532052775,0.2532052775
0.87878788,-2.75757576,-0.9416529463,0,-0.4732835966,0.2526161814,0.2526161814
0.88888889,-2.75757576,-0.9523197152,0,-0.4781655074,0.2521105033,0.2521105033
0.89898990,-2.75757576,-0.9616494179,0,-0.4824358313,0.2516781808,0.2516781808
0.90909091,-2.75757576,-0.9697451875,0,-0.4861418977,0.2513106178,0.2513106178
0.91919192,-2.75757576,-0.9767007774,0,-0.4893265794,0.2510004767,0.2510004767
0.92929293,-2.75757576,-0.9826012527,0,-0.4920286848,0.2507414991,0.2507414991
0.93939394,-2.75757576,-0.9875236973,0,-0.4942833332,0.2505283518,0.2505283518
0.94949495,-2.75757576,-0.9915379109,0,-0.4961223064,0.2503564936,0.2503564936
0.95959596,-2.75757576,-0.9947070805,0,-0.4975743775,0.2502220616,0.2502220616
0.96969697,-2.75757576,-0.9970884157,0,-0.4986656125,0.2501217740,0.2501217740
0.97979798,-2.75757576,-0.9987337422,0,-0.4994196475,0.2500528462,0.2500528462
0.98989899,-2.75757576,-0.9996900506,0,-0.4998579406,0.2500129195,0.2500129195
1.00000000,-2.75757576,-1.0000000000,0,-0.5000000000,0.2500000000,0.2500000000
0.00000000,-2.69696970,1.0000000000,0,1.0000000000,1.0000000000,1.0000000000
0.01010101,-2.69696970,0.9999997377,0,0.9999739410,0.9999484072,0.9999484072
0.02020202,-2.69696970,0.9999978339,0,0.9998925074,0.9997893577,0.9997893577
0.03030303,-2.69696970,0.9999924508,0,0.9997505067,0.9995161667,0.9995161667
0.04040404,-2.69696970,0.9999815156,0,0.9995423077,0.9991217610,0.9991217610
0.05050505,-2.69696970,0.9999626944,0,0.9992618034,0.9985986571,0.9985986571
0.06060606,-2.69696970,0.9999333643,0,0.9989023697,0.9979389365,0.9979389365
0.07070707,-2.69696970,0.9998905813,0,0.9984568210,0.9971342218,0.9971342218
0.08080808,-2.69696970,0.9998310452,0,0.9979173618,0.9961756498,0.9961756498
0.09090909,-2.69696970,0.9997510607,0,0.9972755337,0.9950538444,0.9950538444
0.10101010,-2.69696970,0.9996464936,0,0.9965221583,0.9937588881,0.9937588881
0.11111111,-2.69696970,0.9995127219,0,0.9956472746,0.9922802927,0.9922802927
0.12121212,-2.69696970,0.9993445822,0,0.9946400710,0.9906069681,0.9906069681
0.13131313,-2.69696970,0.9991363086,0,0.9934888114,0.9887271912,0.9887271912
0.14141414,-2.69696970,0.9988814655,0,0.9921807555,0.9866285733,0.9866285733
0.15151515,-2.69696970,0.9985728718,0,0.9907020708,0.9842980273,0.9842980273
0.16161616,-2.69696970,0.9982025162,0,0.9890377389,0.9817217350,0.9817217350
0.17171717,-2.69696970,0.9977614629,0,0.9871714529,0.9788851136,0.9788851136
0.18181818,-2.69696970,0.9972397453,0,0.9850855066,0.9757727838,0.9757727838
0.19191919,-2.69696970,0.9966262472,0,0.9827606747,0.9723685383,0.9723685383
0.20202020,-2.69696970,0.9959085692,0,0.9801760843,0.9686553134,0.9686553134
0.21212121,-2.69696970,0.9950728794,0,0.9773090757,0.9646151624,0.9646151624
0.22222222,-2.69696970,0.9941037446,0,0.9741350540,0.9602292339,0.9602292339
0.23232323,-2.69696970,0.9929839422,0,0.9706273306,0.9554777558,0.9554777558
0.24242424,-2.69696970,0.9916942473,0,0.9667569537,0.9503400264,0.9503400264
0.25252525,-2.69696970,0.9902131945,0,0.9624925304,0.9447944156,0.9447944156
0.26262626,-2.69696970,0.9885168099,0,0.9578000389,0.9388183783,0.9388183783
0.27272727,-2.69696970,0.9865783102,0,0.9526426338,0.9323884837,0.9323884837
0.28282828,-2.69696970,0.9843677641,0,0.9469804447,0.9254804637,0.9254804637
0.29292929,-2.69696970,0.9818517146,0,0.9407703732,0.9180692865,0.9180692865
0.30303030,-2.69696970,0.9789927534,0,0.9339658896,0.9101292584,0.9101292584
0.31313131,-2.69696970,0.9757490480,0,0.9265168369,0.9016341638,0.9016341638
0.32323232,-2.69696970,0.9720738126,0,0.9183692476,0.8925574474,0.8925574474
0.33333333,-2.69696970,0.9679147222,0,0.9094651838,0.8828724498,0.8828724498
0.34343434,-2.69696970,0.9632132639,0,0.8997426116,0.8725527052,0.8725527052
0.35353535,-2.69696970,0.9579040256,0,0.8891353260,0.8615723126,0.8615723126
0.36363636,-2.69696970,0.9519139201,0,0.8775729445,0.8499063923,0.8499063923
0.37373737,-2.69696970,0.9451613493,0,0.8649809944,0.8375316407,0.8375316407
0.38383838,-2.69696970,0.9375553154,0,0.8512811219,0.8244269960,0.8244269960
0.39393939,-2.69696970,0.9289944938,0,0.8363914581,0.8105744267,0.8105744267
0.40404040,-2.69696970,0.9193662913,0,0.8202271831,0.7959598541,0.7959598541
0.41414141,-2.69696970,0.9085459255,0,0.8027013350,0.7805742140,0.7805742140
0.42424242,-2.69696970,0.8963955770,0,0.7837259173,0.7644146604,0.7644146604
0.43434343,-2.69696970,0.8827636899,0,0.7632133599,0.7474859007,0.7474859007
0.44444444,-2.69696970,0.8674845176,0,0.7410783929,0.7298016435,0.7298016435
0.45454545,-2.69696970,0.8503780492,0,0.7172403859,0.7113861221,0.7113861221
0.46464646,-2.69696970,0.8312504837,0,0.6916261961,0.6922756349,0.6922756349
0.47474747,-2.69696970,0.8098954633,0,0.6641735489,0.6725200222,0.6725200222
0.48484848,-2.69696970,0.7860963159,0,0.6348349392,0.6521839696,0.6521839696
0.49494949,-2.69696970,0.7596295900,0,0.6035819991,0.6313480030,0.6313480030
0.50505051,-2.69696970,0.7302701813,0,0.5704102091,0.6101090179,0.6101090179
0.51515152,-2.69696970,0.6977983350,0,0.5353437570,0.5885801715,0.5885801715
0.52525253,-2.69696970,0.6620087417,0,0.4984402576,0.5668899726,0.5668899726
0.53535354,-2.69696970,0.6227218110,0,0.4597949595,0.5451804296,0.5451804296
0.54545455,-2.69696970,0.5797969859,0,0.4195439895,0.5236041750,0.5236041750
0.55555556,-2.69696970,0.5331476487,0,0.3778661419,0.5023205694,0.5023205694
0.56565657,-2.69696970,0.4827567746,0,0.3349827314,0.4814909015,0.4814909015
0.57575758,-2.69696970,0.4286920597,0,0.2911551136,0.4612729262,0.4612729262
0.58585859,-2.69696970,0.3711188572,0,0.2466796362,0.4418150995,0.4418150995
0.59595960,-2.69696970,0.3103090156,0,0.2018800338,0.4232509584,0.4232509584
0.60606061,-2.69696970,0.2466437312,0,0.1570975610,0.4056941277,0.4056941277
0.61616162,-2.69696970,0.1806089097,0,0.1126794659,0.3892344016,0.3892344016
0.62626263,-2.69696970,0.1127822924,0,0.0689666475,0.3739352403,0.3739352403
0.63636364,-2.69696970,0.0438126598,0,0.0262814931,0.3598328678,0.3598328678
0.64646465,-2.69696970,-0.0256073980,0,-0.0150831045,0.3469369675,0.3469369675
0.65656566,-2.69696970,-0.0947726344,0,-0.0548726840,0.3352327977,0.3352327977
0.66666667,-2.69696970,-0.1629970751,0,-0.0928775031,0.3246844128,0.3246844128
0.67676768,-2.69696970,-0.2296434950,0,-0.1289358960,0.3152385996,0.3152385996
0.68686869,-2.69696970,-0.2941476964,0,-0.1629347580,0.3068291214,0.3068291214
0.69696970,-2.69696970,-0.3560357498,0,-0.1948074946,0.2993809111,0.2993809111
0.70707071,-2.69696970,-0.4149334577,0,-0.2245299700,0.2928139252,0.2928139252
0.71717172,-2.69696970,-0.4705683557,0,-0.2521150812,0.2870464719,0.2870464719
0.72727273,-2.69696970,-0.5227653698,0,-0.2776065815,0.2819979140,0.2819979140
0.73737374,-2.69696970,-0.5714377224,0,-0.3010727049,0.2775907284,0.2775907284
0.74747475,-2.69696970,-0.6165748151,0,-0.3226000276,0.2737519603,0.2737519603
0.75757576,-2.69696970,-0.6582286909,0,-0.3422878728,0.2704141467,0.2704141467
0.76767677,-2.69696970,-0.6965003867,0,-0.3602434404,0.2675158013,0.2675158013
0.77777778,-2.69696970,-0.7315271258,0,-0.3765777427,0.2650015572,0.2650015572
0.78787879,-2.69696970,-0.7634709480,0,-0.3914023424,0.2628220566,0.2628220566
0.79797980,-2.69696970,-0.7925090741,0,-0.4048268422,0.2609336652,0.2609336652
0.80808081,-2.69696970,-0.8188260712,0,-0.4169570383,0.2592980760,0.2592980760
0.81818182,-2.69696970,-0.8426077312,0,-0.4278936383,0.2578818518,0.2578818518
0.82828283,-2.69696970,-0.8640364807,0,-0.4377314423,0.2566559445,0.2566559445
0.83838384,-2.69696970,-0.8832880987,0,-0.4465588903,0.2555952168,0.2555952168
0.84848485,-2.69696970,-0.9005295083,0,-0.4544578927,0.2546779845,0.2546779845
0.85858586,-2.69696970,-0.9159174218,0,-0.4615038686,0.2538855901,0.2538855901
0.86868687,-2.69696970,-0.9295976426,0,-0.4677659352,0.2532020137,0.2532020137
0.87878788,-2.69696970,-0.9417048579,0,-0.4733071977,0.2526135233,0.2526135233
0.88888889,-2.69696970,-0.9523627849,0,-0.4781851037,0.2521083636,0.2521083636
0.89898990,-2.69696970,-0.9616845607,0,-0.4824518339,0.2516764826,0.2516764826
0.90909091,-2.69696970,-0.9697732933,0,-0.4861547064,0.2513092935,0.2513092935
0.91919192,-2.69696970,-0.9767227069,0,-0.4893365815,0.2509994667,0.2509994667
0.92929293,-2.69696970,-0.9826178363,0,-0.4920362547,0.2507407508,0.2507407508
0.93939394,-2.69696970,-0.9875357349,0,-0.4942888320,0.2505278183,0.2505278183
0.94949495,-2.69696970,-0.9915461727,0,-0.4961260831,0.2503561331,0.2503561331
0.95959596,-2.69696970,-0.9947123081,0,-0.4975767687,0.2502218366,0.2502218366
0.96969697,-2.69696970,-0.9970913240,0,-0.4986669436,0.2501216502,0.2501216502
0.97979798,-2.69696970,-0.9987350210,0,-0.4994202332,0.2500527922,0.2500527922
0.98989899,-2.69696970,-0.9996903670,0,-0.4998580856,0.2500129062,0.2500129062
1.00000000,-2.69696970,-1.0000000000,0,-0.5000000000,0.2500000000,0.2500000000
0.00000000,-2.63636364,1.0000000000,0,1.0000000000,1.0000000000,1.0000000000
0.01010101,-2.63636364,0.9999997382,0,0.9999739713,0.9999484670,0.9999484670
0.02020202,-2.63636364,0.9999978376,0,0.9998926327,0.9997896007,0.9997896007
0.03030303,-2.63636364,0.9999924638,0,0.9997507974,0.9995167220,0.9995167220
0.04040404,-2.63636364,0.9999815473,0,0.9995428411,0.9991227639,0.9991227639
0.05050505,-2.63636364,0.9999627582,0,0.9992626635,0.9986002486,0.9986002486
0.06060606,-2.63636364,0.9999334777,0,0.9989036479,0.9979412642,0.9979412642
0.07070707,-2.63636364,0.9998907665,0,0.9984586169,0.9971374393,0.9971374393
0.08080808,-2.63636364,0.9998313298,0,0.9979197832,0.9961799171,0.9961799171
0.09090909,-2.63636364,0.9997514778,0,0.9972786976,0.9950593280,0.9950593280
0.10101010,-2.63636364,0.9996470825,0,0.9965261913,0.9937657608,0.9937657608
0.11111111,-2.63636364,0.9995135290,0,0.9956523133,0.9922887336,0.9922887336
0.12121212,-2.63636364,0.9993456612,0,0.9946462629,0.9906171626,0.9906171626
0.13131313,-2.63636364,0.9991377215,0,0.9934963153,0.9887393306,0.9887393306
0.14141414,-2.63636364,0.9988832833,0,0.9921897420,0.9866428549,0.9866428549
0.15151515,-2.63636364,0.9985751750,0,0.9907127233,0.9843146539,0.9843146539
0.16161616,-2.63636364,0.9982053963,0,0.9890502538,0.9817409145,0.9817409145
0.17171717,-2.63636364,0.9977650227,0,0.9871860402,0.9789070583,0.9789070583
0.18181818,-2.63636364,0.9972441002,0,0.9851023905,0.9757977100,0.9757977100
0.19191919,-2.63636364,0.9966315261,0,0.9827800941,0.9723966655,0.9723966655
0.20202020,-2.63636364,0.9959149156,0,0.9801982928,0.9686868629,0.9686868629
0.21212121,-2.63636364,0.9950804525,0,0.9773343422,0.9646503564,0.9646503564
0.22222222,-2.63636364,0.9941127207,0,0.9741636626,0.9602682939,0.9602682939
0.23232323,-2.63636364,0.9929945155,0,0.9706595805,0.9555209009,0.9555209009
0.24242424,-2.63636364,0.9917066315,0,0.9667931587,0.9503874712,0.9503874712
0.25252525,-2.63636364,0.9902276237,0,0.9625330184,0.9448463677,0.9448463677
0.26262626,-2.63636364,0.9885335401,0,0.9578451507,0.9388750356,0.9388750356
0.27272727,-2.63636364,0.9865976198,0,0.9526927215,0.9324500310,0.9324500310
0.28282828,-2.63636364,0.9843899557,0,0.9470358698,0.9255470689,0.9255470689
0.29292929,-2.63636364,0.9818771150,0,0.9408315037,0.9181410961,0.9181410961
0.30303030,-2.63636364,0.9790217146,0,0.9340330964,0.9102063927,0.9102063927
0.31313131,-2.63636364,0.9757819470,0,0.9265904891,0.9017167110,0.9017167110
0.32323232,-2.63636364,0.9721110512,0,0.9184497069,0.8926454572,0.8926454572
0.33333333,-2.63636364,0.9679567255,0,0.9095527975,0.8829659262,0.8829659262
0.34343434,-2.63636364,0.9632604787,0,0.8998377038,0.8726515987,0.8726515987
0.35353535,-2.63636364,0.9579569166,0,0.8892381873,0.8616765113,0.8616765113
0.36363636,-2.63636364,0.9519729655,0,0.8776838198,0.8500157126,0.8500157126
0.37373737,-2.63636364,0.9452270337,0,0.8651000681,0.8376458175,0.8376458175
0.38383838,-2.63636364,0.9376281208,0,0.8514085012,0.8245456722,0.8245456722
0.39393939,-2.63636364,0.9290748874,0,0.8365271535,0.8106971430,0.8106971430
0.40404040,-2.63636364,0.9194547093,0,0.8203710863,0.7960860390,0.7960860390
0.41414141,-2.63636364,0.9086427530,0,0.8028531951,0.7807031754,0.7807031754
0.42424242,-2.63636364,0.8965011228,0,0.7838853142,0.7645455778,0.7645455778
0.43434343,-2.63636364,0.8828781545,0,0.7633796768,0.7476178214,0.7476178214
0.44444444,-2.63636364,0.8676079557,0,0.7412507885,0.7299334822,0.7299334822
0.45454545,-2.63636364,0.8505103244,0,0.7174177677,0.7115166654,0.7115166654
0.46464646,-2.63636364,0.8313912165,0,0.6918071973,0.6924035534,0.6924035534
0.47474747,-2.63636364,0.8100439725,0,0.6643565109,0.6726438899,0.6726438899
0.48484848,-2.63636364,0.7862515552,0,0.6350179037,0.6523022927,0.6523022927
0.49494949,-2.63636364,0.7597900830,0,0.6037627132,0.6314592593,0.6314592593
0.50505051,-2.63636364,0.7304339596,0,0.5705861473,0.6102117058,0.6102117058
0.51515152,-2.63636364,0.6979628863,0,0.5355121637,0.5886728686,0.5886728686
0.52525253,-2.63636364,0.6621709774,0,0.4985982138,0.5669714007,0.5669714007
0.53535354,-2.63636364,0.6228780644,0,0.4599394738,0.5452495232,0.5452495232
0.54545455,-2.63636364,0.5799430526,0,0.4196721135,0.5236601473,0.5236601473
0.55555556,-2.63636364,0.5332788822,0,0.3779751042,0.5023629696,0.5023629696
0.56565657,-2.63636364,0.4828682439,0,0.3350700846,0.4815196571,0.4815196571
0.57575758,-2.63636364,0.4287787728,0,0.2912188796,0.4612883638,0.4612883638
0.58585859,-2.63636364,0.3711760429,0,0.2467184398,0.4418179387,0.4418179387
0.59595960,-2.63636364,0.3103324454,0,0.2018932065,0.4232422787,0.4232422787
0.60606061,-2.63636364,0.2466300507,0,0.1570852039,0.4056753093,0.4056753093
0.61616162,-2.63636364,0.1805559421,0,0.1126424614,0.3892070444,0.3892070444
0.62626263,-2.63636364,0.1126892707,0,0.0689066161,0.3739010713,0.3739010713
0.63636364,-2.63636364,0.0436803531,0,0.0262006994,0.3597936446,0.3597936446
0.64646465,-2.63636364,-0.0257766886,0,-0.0151818873,0.3468943882,0.3468943882
0.65656566,-2.63636364,-0.0949752131,0,-0.0549863362,0.3351884255,0.3351884255
0.66666667,-2.63636364,-0.1632281048,0,-0.0930027304,0.3246396203,0.3246396203
0.67676768,-2.63636364,-0.2298973327,0,-0.1290693942,0.3151945344,0.3151945344
0.68686869,-2.63636364,-0.2944182673,0,-0.1630733570,0.3067866933,0.3067866933
0.69696970,-2.63636364,-0.3563169132,0,-0.1949482732,0.2993407970,0.2993407970
0.70707071,-2.63636364,-0.4152193306,0,-0.2246703367,0.2927765875,0.2927765875
0.71717172,-2.63636364,-0.4708535661,0,-0.2522528212,0.2870121859,0.2870121859
0.72727273,-2.63636364,-0.5230452307,0,-0.2777398739,0.2819667997,0.2819667997
0.73737374,-2.63636364,-0.5717083266,0,-0.3012001156,0.2775627831,0.2775627831
0.74747475,-2.63636364,-0.6168330610,0,-0.3227204844,0.2737270895,0.2737270895
0.75757576,-2.63636364,-0.6584722553,0,-0.3424006286,0.2703921911,0.2703921911
0.76767677,-2.63636364,-0.6967276597,0,-0.3603480305,0.2674965600,0.2674965600
0.77777778,-2.63636364,-0.7317371232,0,-0.3766739402,0.2649848061,0.2649848061
0.78787879,-2.63636364,-0.7636632150,0,-0.3914901148,0.2628075624,0.2628075624
0.79797980,-2.63636364,-0.7926835879,0,-0.4049063119,0.2609211962,0.2609211962
0.80808081,-2.63636364,-0.8189831504,0,-0.4170284469,0.2592874089,0.2592874089
0.81818182,-2.63636364,-0.8427479548,0,-0.4279573166,0.2578727769,0.2578727769
0.82828283,-2.63636364,-0.8641606187,0,-0.4377877848,0.2566482679,0.2566482679
0.83838384,-2.63636364,-0.8833970545,0,-0.4466083350,0.2555887619,0.2555887619
0.84848485,-2.63636364,-0.9006242725,0,-0.4545009043,0.2546725921,0.2546725921
0.85858586,-2.63636364,-0.9159990354,0,-0.4615409264,0.2538811181,0.2538811181
0.86868687,-2.63636364,-0.9296671697,0,-0.4677975232,0.2531983359,0.2531983359
0.87878788,-2.63636364,-0.9417633650,0,-0.4733337975,0.2526105280,0.2526105280
0.88888889,-2.63636364,-0.9524113260,0,-0.4782071896,0.2521059524,0.2521059524
0.89898990,-2.63636364,-0.9617241676,0,-0.4824698694,0.2516745690,0.2516745690
0.90909091,-2.63636364,-0.9698049688,0,-0.4861691421,0.2513078012,0.2513078012
0.91919192,-2.63636364,-0.9767474213,0,-0.4893478539,0.2509983285,0.2509983285
0.92929293,-2.63636364,-0.9826365258,0,-0.4920447858,0.2507399074,0.2507399074
0.93939394,-2.63636364,-0.9875493011,0,-0.4942950292,0.2505272171,0.2505272171
0.94949495,-2.63636364,-0.9915554835,0,-0.4961303393,0.2503557269,0.2503557269
0.95959596,-2.63636364,-0.9947181995,0,-0.4975794635,0.2502215830,0.2502215830
0.96969697,-2.63636364,-0.9970946015,0,-0.4986684437,0.2501215107,0.2501215107
0.97979798,-2.63636364,-0.9987364623,0,-0.4994208932,0.2500527314,0.2500527314
0.98989899,-2.63636364,-0.9996907236,0,-0.4998582489,0.2500128913,0.2500128913
1.00000000,-2.63636364,-1.0000000000,0,-0.5000000000,0.2500000000,0.2500000000
0.00000000,-2.57575758,1.0000000000,0,1.0000000000,1.0000000000,1.0000000000
0.01010101,-2.57575758,0.9999997387,0,0.9999740055,0.9999485344,0.9999485344
0.02020202,-2.57575758,0.9999978419,0,0.9998927738,0.9997898744,0.9997898744
0.03030303,-2.57575758,0.9999924785,0,0.9997511250,0.9995173477,0.9995173477
0.04040404,-2.57575758,0.9999815831,0,0.9995434420,0.9991238937,0.9991238937
0.05050505,-2.57575758,0.9999628300,0,0.9992636324,0.9986020418,0.9986020418
0.06060606,-2.57575758,0.9999336054,0,0.9989050881,0.9979438868,0.9979438868
0.07070707,-2.57575758,0.9998909751,0,0.9984606402,0.9971410645,0.9971410645
0.08080808,-2.57575758,0.9998316503,0,0.9979225114,0.9961847253,0.9961847253
0.09090909,-2.57575758,0.9997519475,0,0.9972822624,0.9950655066,0.9950655066
0.10101010,-2.57575758,0.9996477458,0,0.9965307352,0.9937735047,0.9937735047
0.11111111,-2.57575758,0.9995144379,0,0.9956579903,0.9922982445,0.9922982445
0.12121212,-2.57575758,0.9993468764,0,0.9946532391,0.9906286494,0.9906286494
0.13131313,-2.57575758,0.9991393128,0,0.9935047696,0.9887530091,0.9887530091
0.14141414,-2.57575758,0.9988853304,0,0.9921998669,0.9866589473,0.9866589473
0.15151515,-2.57575758,0.9985777690,0,0.9907247252,0.9843333889,0.9843333889
0.16161616,-2.57575758,0.9982086400,0,0.9890643540,0.9817625263,0.9817625263
0.17171717,-2.57575758,0.9977690320,0,0.9872024756,0.9789317864,0.9789317864
0.18181818,-2.57575758,0.9972490050,0,0.9851214136,0.9758257983,0.9758257983
0.19191919,-2.57575758,0.9966374716,0,0.9828019740,0.9724283612,0.9724283612
0.20202020,-2.57575758,0.9959220635,0,0.9802233154,0.9687224156,0.9687224156
0.21212121,-2.57575758,0.9950889823,0,0.9773628106,0.9646900167,0.9646900167
0.22222222,-2.57575758,0.9941228308,0,0.9741958971,0.9603123116,0.9603123116
0.23232323,-2.57575758,0.9930064248,0,0.9706959181,0.9555695230,0.9555695230
0.24242424,-2.57575758,0.9917205807,0,0.9668339533,0.9504409399,0.9504409399
0.25252525,-2.57575758,0.9902438767,0,0.9625786396,0.9449049172,0.9449049172
0.26262626,-2.57575758,0.9885523852,0,0.9578959827,0.9389388893,0.9389388893
0.27272727,-2.57575758,0.9866193710,0,0.9527491615,0.9325193975,0.9325193975
0.28282828,-2.57575758,0.9844149538,0,0.9470983254,0.9256221378,0.9256221378
0.29292929,-2.57575758,0.9819057284,0,0.9409003898,0.9182220329,0.9182220329
0.30303030,-2.57575758,0.9790543401,0,0.9341088314,0.9102933335,0.9102933335
0.31313131,-2.57575758,0.9758190095,0,0.9266734894,0.9018097557,0.9018097557
0.32323232,-2.57575758,0.9721530036,0,0.9185403808,0.8927446624,0.8927446624
0.33333333,-2.57575758,0.9680040473,0,0.9096515369,0.8830712972,0.8830712972
0.34343434,-2.57575758,0.9633136735,0,0.8999448748,0.8727630801,0.8727630801
0.35353535,-2.57575758,0.9580165087,0,0.8893541182,0.8617939778,0.8617939778
0.36363636,-2.57575758,0.9520394941,0,0.8778087875,0.8501389581,0.8501389581
0.37373737,-2.57575758,0.9453010458,0,0.8652342815,0.8377745438,0.8377745438
0.38383838,-2.57575758,0.9377101603,0,0.8515520822,0.8246794774,0.8246794774
0.39393939,-2.57575758,0.9291654815,0,0.8366801150,0.8108355101,0.8108355101
0.40404040,-2.57575758,0.9195543508,0,0.8205333078,0.7962283246,0.7962283246
0.41414141,-2.57575758,0.9087518772,0,0.8030243949,0.7808485994,0.7808485994
0.42424242,-2.57575758,0.8966200788,0,0.7840650200,0.7646932159,0.7646932159
0.43434343,-2.57575758,0.8830071700,0,0.7635671947,0.7477665997,0.7477665997
0.44444444,-2.57575758,0.8677470940,0,0.7414451712,0.7300821768,0.7300821768
0.45454545,-2.57575758,0.8506594335,0,0.7176177845,0.7116639082,0.7116639082
0.46464646,-2.57575758,0.8315498704,0,0.6920113079,0.6925478445,0.6925478445
0.47474747,-2.57575758,0.8102114049,0,0.6645628454,0.6727836202,0.6727836202
0.48484848,-2.57575758,0.7864265881,0,0.6352242539,0.6524357764,0.6524357764
0.49494949,-2.57575758,0.7599710530,0,0.6039665379,0.6315847780,0.6315847780
0.50505051,-2.57575758,0.7306186479,0,0.5707845969,0.6103275640,0.6103275640
0.51515152,-2.57575758,0.6981484601,0,0.5357021287,0.5887774595,0.5887774595
0.52525253,-2.57575758,0.6623539531,0,0.4987763991,0.5670632803,0.5670632803
0.53535354,-2.57575758,0.6230543047,0,0.4601025024,0.5453274872,0.5453274872
0.54545455,-2.57575758,0.5801078129,0,0.4198166560,0.5237233061,0.5237233061
0.55555556,-2.57575758,0.5334269174,0,0.3780980311,0.5024108131,0.5024108131
0.56565657,-2.57575758,0.4829939872,0,0.3351686314,0.4815521027,0.4815521027
0.57575758,-2.57575758,0.4288765877,0,0.2912908123,0.4613057794,0.4613057794
0.58585859,-2.57575758,0.3712405422,0,0.2467622052,0.4418211367,0.4418211367
0.59595960,-2.57575758,0.3103588543,0,0.2019080497,0.4232324784,0.4232324784
0.60606061,-2.57575758,0.2466145826,0,0.1570712398,0.4056540692,0.4056540692
0.61616162,-2.57575758,0.1804961408,0,0.1126006873,0.3891761718,0.3891761718
0.62626263,-2.57575758,0.1125842733,0,0.0688388634,0.3738625164,0.3738625164
0.63636364,-2.57575758,0.0435310321,0,0.0261095266,0.3597493919,0.3597493919
0.64646465,-2.57575758,-0.0259677304,0,-0.0152933476,0.3468463548,0.3468463548
0.65656566,-2.57575758,-0.0952037981,0,-0.0551145613,0.3351383757,0.3351383757
0.66666667,-2.57575758,-0.1634887679,0,-0.0931440008,0.3245891026,0.3245891026
0.67676768,-2.57575758,-0.2301837009,0,-0.1292199804,0.3151448430,0.3151448430
0.68686869,-2.57575758,-0.2947234819,0,-0.1632296820,0.3067388538,0.3067388538
0.69696970,-2.57575758,-0.3566340443,0,-0.1951070418,0.2992955717,0.2992955717
0.70707071,-2.57575758,-0.4155417412,0,-0.2248286265,0.2927344969,0.2927344969
0.71717172,-2.57575758,-0.4711751981,0,-0.2524081355,0.2869735393,0.2869735393
0.72727273,-2.57575758,-0.5233608007,0,-0.2778901610,0.2819317315,0.2819317315
0.73737374,-2.57575758,-0.5720134318,0,-0.3013437604,0.2775312893,0.2775312893
0.74747475,-2.57575758,-0.6171242087,0,-0.3228562799,0.2736990626,0.2736990626
0.75757576,-2.57575758,-0.6587468306,0,-0.3425277344,0.2703674509,0.2703674509
0.76767677,-2.57575758,-0.6969838520,0,-0.3604659247,0.2674748795,0.2674748795
0.77777778,-2.57575758,-0.7319738274,0,-0.3767823686,0.2649659322,0.2649659322
0.78787879,-2.57575758,-0.7638799222,0,-0.3915890425,0.2627912321,0.2627912321
0.79797980,-2.57575758,-0.7928802758,0,-0.4049958779,0.2609071480,0.2609071480
0.80808081,-2.57575758,-0.8191601811,0,-0.4171089248,0.2592753912,0.2592753912
0.81818182,-2.57575758,-0.8429059833,0,-0.4280290800,0.2578625530,0.2578625530
0.82828283,-2.57575758,-0.8643005147,0,-0.4378512792,0.2566396194,0.2566396194
0.83838384,-2.57575758,-0.8835198378,0,-0.4466640546,0.2555814898,0.2555814898
0.84848485,-2.57575758,-0.9007310604,0,-0.4545493734,0.2546665171,0.2546665171
0.85858586,-2.57575758,-0.9160910023,0,-0.4615826855,0.2538760800,0.2538760800
0.86868687,-2.57575758,-0.9297455154,0,-0.4678331179,0.2531941925,0.2531941925
0.87878788,-2.57575758,-0.9418292918,0,-0.4733637707,0.2526071535,0.2526071535
0.88888889,-2.57575758,-0.9524660222,0,-0.4782320761,0.2521032359,0.2521032359
0.89898990,-2.57575758,-0.9617687962,0,-0.4824901916,0.2516724130,0.2516724130
0.90909091,-2.57575758,-0.9698406600,0,-0.4861854080,0.2513061199,0.2513061199
0.91919192,-2.57575758,-0.9767752687,0,-0.4893605554,0.2509970462,0.2509970462
0.92929293,-2.57575758,-0.9826575842,0,-0.4920543983,0.2507389573,0.2507389573
0.93939394,-2.57575758,-0.9875645866,0,-0.4943020117,0.2505265397,0.2505265397
0.94949495,-2.57575758,-0.9915659743,0,-0.4961351349,0.2503552692,0.2503552692
0.95959596,-2.57575758,-0.9947248374,0,-0.4975824999,0.2502212972,0.2502212972
0.96969697,-2.57575758,-0.9970982943,0,-0.4986701338,0.2501213535,0.2501213535
0.97979798,-2.57575758,-0.9987380861,0,-0.4994216368,0.2500526629,0.2500526629
0.98989899,-2.57575758,-0.9996911254,0,-0.4998584330,0.2500128744,0.2500128744
1.00000000,-2.57575758,-1.0000000000,0,-0.5000000000,0.2500000000,0.2500000000
0.00000000,-2.51515152,1.0000000000,0,1.0000000000,1.0000000000,1.0000000000
0.01010101,-2.51515152,0.9999997393,0,0.9999740441,0.9999486103,0.9999486103
0.02020202,-2.51515152,0.9999978466,0,0.9998929327,0.9997901828,0.9997901828
0.03030303,-2.51515152,0.9999924950,0,0.9997514940,0.9995180524,0.9995180524
0.04040404,-2.51515152,0.9999816233,0,0.9995441189,0.9991251664,0.9991251664
0.05050505,-2.51515152,0.9999629109,0,0.9992647239,0.9986040617,0.9986040617
0.06060606,-2.51515152,0.9999337491,0,0.9989067102,0.9979468410,0.9979468410
0.07070707,-2.51515152,0.9998912100,0,0.9984629193,0.9971451482,0.9971451482
0.08080808,-2.51515152,0.9998320111,0,0.9979255843,0.9961901415,0.9961901415
0.09090909,-2.51515152,0.9997524762,0,0.9972862776,0.9950724667,0.9950724667
0.10101010,-2.51515152,0.9996484925,0,0.9965358533,0.9937822279,0.9937822279
0.11111111,-2.51515152,0.9995154612,0,0.9956643847,0.9923089584,0.9923089584
0.12121212,-2.51515152,0.9993482445,0,0.9946610970,0.9906415893,0.9906415893
0.13131313,-2.51515152,0.9991411042,0,0.9935142925,0.9887684180,0.9887684180
0.14141414,-2.51515152,0.9988876353,0,0.9922112715,0.9866770759,0.9866770759
0.15151515,-2.51515152,0.9985806896,0,0.9907382441,0.9843544946,0.9843544946
0.16161616,-2.51515152,0.9982122921,0,0.9890802367,0.9817868732,0.9817868732
0.17171717,-2.51515152,0.9977735460,0,0.9872209885,0.9789596445,0.9789596445
0.18181818,-2.51515152,0.9972545274,0,0.9851428415,0.9758574423,0.9758574423
0.19191919,-2.51515152,0.9966441659,0,0.9828266201,0.9724640699,0.9724640699
0.20202020,-2.51515152,0.9959301118,0,0.9802515020,0.9687624704,0.9687624704
0.21212121,-2.51515152,0.9950985866,0,0.9773948790,0.9647347000,0.9647347000
0.22222222,-2.51515152,0.9941342148,0,0.9742322081,0.9603619052,0.9603619052
0.23232323,-2.51515152,0.9930198350,0,0.9707368518,0.9556243055,0.9556243055
0.24242424,-2.51515152,0.9917362882,0,0.9668799085,0.9505011843,0.9505011843
0.25252525,-2.51515152,0.9902621788,0,0.9626300328,0.9449708880,0.9449708880
0.26262626,-2.51515152,0.9885736066,0,0.9579532470,0.9390108383,0.9390108383
0.27272727,-2.51515152,0.9866438656,0,0.9528127446,0.9325975603,0.9325975603
0.28282828,-2.51515152,0.9844431056,0,0.9471686869,0.9257067285,0.9257067285
0.29292929,-2.51515152,0.9819379525,0,0.9409779978,0.9183132387,0.9183132387
0.30303030,-2.51515152,0.9790910836,0,0.9341941576,0.9103913082,0.9103913082
0.31313131,-2.51515152,0.9758607514,0,0.9267670037,0.9019146126,0.9019146126
0.32323232,-2.51515152,0.9722002544,0,0.9186425438,0.8928564660,0.8928564660
0.33333333,-2.51515152,0.9680573474,0,0.9097627911,0.8831900542,0.8831900542
0.34343434,-2.51515152,0.9633735908,0,0.9000656334,0.8728887292,0.8728887292
0.35353535,-2.51515152,0.9580836343,0,0.8894847524,0.8619263784,0.8619263784
0.36363636,-2.51515152,0.9521144364,0,0.8779496103,0.8502778789,0.8502778789
0.37373737,-2.51515152,0.9453844216,0,0.8653855298,0.8379196495,0.8379196495
0.38383838,-2.51515152,0.9378025835,0,0.8517138946,0.8248303163,0.8248303163
0.39393939,-2.51515152,0.9292675473,0,0.8368525078,0.8109915003,0.8109915003
0.40404040,-2.51515152,0.9196666158,0,0.8207161465,0.7963887416,0.7963887416
0.41414141,-2.51515152,0.9088748334,0,0.8032173639,0.7810125649,0.7810125649
0.42424242,-2.51515152,0.8967541213,0,0.7842675887,0.7648596883,0.7648596883
0.43434343,-2.51515152,0.8831525573,0,0.7637785825,0.7479343687,0.7479343687
0.44444444,-2.51515152,0.8679038995,0,0.7416643119,0.7302498629,0.7302498629
0.45454545,-2.51515152,0.8508274882,0,0.7178432922,0.7118299685,0.7118299685
0.46464646,-2.51515152,0.8317286963,0,0.6922414469,0.6927105873,0.6927105873
0.47474747,-2.51515152,0.8104001406,0,0.6647955083,0.6729412300,0.6729412300
0.48484848,-2.51515152,0.7866239076,0,0.6354569509,0.6525863506,0.6525863506
0.49494949,-2.51515152,0.7601750827,0,0.6041964028,0.6317263765,0.6317263765
0.50505051,-2.51515152,0.7308268875,0,0.5710084149,0.6104582722,0.6104582722
0.51515152,-2.51515152,0.6983577158,0,0.5359163907,0.5888954626,0.5888954626
0.52525253,-2.51515152,0.6625602958,0,0.4989773860,0.5671669465,0.5671669465
0.53535354,-2.51515152,0.6232530669,0,0.4602864015,0.5454154555,0.5454154555
0.54545455,-2.51515152,0.5802936403,0,0.4199797077,0.5237945702,0.5237945702
0.55555556,-2.51515152,0.5335938894,0,0.3782367011,0.5024647957,0.5024647957
0.56565657,-2.51515152,0.4831358191,0,0.3352797971,0.4815887093,0.4815887093
0.57575758,-2.51515152,0.4289869154,0,0.2913719503,0.4613254247,0.4613254247
0.58585859,-2.51515152,0.3713132821,0,0.2468115610,0.4418247380,0.4418247380
0.59595960,-2.51515152,0.3103886154,0,0.2019247713,0.4232214124,0.4232214124
0.60606061,-2.51515152,0.2465970899,0,0.1570554576,0.4056300965,0.4056300965
0.61616162,-2.51515152,0.1804286232,0,0.1125535290,0.3891413334,0.3891413334
0.62626263,-2.51515152,0.1124657603,0,0.0687623987,0.3738190150,0.3738190150
0.63636364,-2.51515152,0.0433625141,0,0.0260066464,0.3596994685,0.3596994685
0.64646465,-2.51515152,-0.0261833083,0,-0.0154191049,0.3467921735,0.3467921735
0.65656566,-2.51515152,-0.0954617132,0,-0.0552592170,0.3350819277,0.3350819277
0.66666667,-2.51515152,-0.1637828449,0,-0.0933033557,0.3245321347,0.3245321347
0.67676768,-2.51515152,-0.2305067418,0,-0.1293898249,0.3150888147,0.3150888147
0.68686869,-2.51515152,-0.2950677433,0,-0.1634059802,0.3066849208,0.3066849208
0.69696970,-2.51515152,-0.3569917055,0,-0.1952860771,0.2992445926,0.2992445926
0.70707071,-2.51515152,-0.4159053152,0,-0.2250071038,0.2926870571,0.2926870571
0.71717172,-2.51515152,-0.4715378542,0,-0.2525832410,0.2869299862,0.2869299862
0.72727273,-2.51515152,-0.5237165840,0,-0.2780595833,0.2818922150,0.2818922150
0.73737374,-2.51515152,-0.5723573829,0,-0.3015056809,0.2774958039,0.2774958039
0.74747475,-2.51515152,-0.6174523951,0,-0.3230093405,0.2736674861,0.2736674861
0.75757576,-2.51515152,-0.6590563105,0,-0.3426709903,0.2703395794,0.2703395794
0.76767677,-2.51515152,-0.6972725900,0,-0.3605987899,0.2674504565,0.2674504565
0.77777778,-2.51515152,-0.7322405836,0,-0.3769045589,0.2649446719,0.2649446719
0.78787879,-2.51515152,-0.7641241277,0,-0.3917005204,0.2627728377,0.2627728377
0.79797980,-2.51515152,-0.7931019100,0,-0.4050968020,0.2608913246,0.2608913246
0.80808081,-2.51515152,-0.8193596556,0,-0.4171996045,0.2592618552,0.2592618552
0.81818182,-2.51515152,-0.8430840391,0,-0.4281099377,0.2578510377,0.2578510377
0.82828283,-2.51515152,-0.8644581344,0,-0.4379228178,0.2566298785,0.2566298785
0.83838384,-2.51515152,-0.8836581724,0,-0.4467268314,0.2555732992,0.2555732992
0.84848485,-2.51515152,-0.9008513705,0,-0.4546039802,0.2546596749,0.2546596749
0.85858586,-2.51515152,-0.9161946122,0,-0.4616297315,0.2538704056,0.2538704056
0.86868687,-2.51515152,-0.9298337778,0,-0.4678732182,0.2531895257,0.2531895257
0.87878788,-2.51515152,-0.9419035621,0,-0.4733975375,0.2526033527,0.2526033527
0.88888889,-2.51515152,-0.9525276396,0,-0.4782601119,0.2521001762,0.2521001762
0.89898990,-2.51515152,-0.9618190712,0,-0.4825130852,0.2516699846,0.2516699846
0.90909091,-2.51515152,-0.9698808663,0,-0.4862037317,0.2513042261,0.2513042261
0.91919192,-2.51515152,-0.9768066385,0,-0.4893748635,0.2509956019,0.2509956019
0.92929293,-2.51515152,-0.9826813061,0,-0.4920652266,0.2507378870,0.2507378870
0.93939394,-2.51515152,-0.9875818053,0,-0.4943098774,0.2505257767,0.2505257767
0.94949495,-2.51515152,-0.9915777917,0,-0.4961405370,0.2503547537,0.2503547537
0.95959596,-2.51515152,-0.9947323146,0,-0.4975859201,0.2502209754,0.2502209754
0.96969697,-2.51515152,-0.9971024540,0,-0.4986720377,0.2501211765,0.2501211765
0.97979798,-2.51515152,-0.9987399152,0,-0.4994224744,0.2500525858,0.2500525858
0.98989899,-2.51515152,-0.9996915780,0,-0.4998586404,0.2500128555,0.2500128555
1.00000000,-2.51515152,-1.0000000000,0,-0.5000000000,0.2500000000,0.2500000000
0.00000000,-2.45454545,1.0000000000,0,1.0000000000,1.0000000000,1.0000000000
0.01010101,-2.45454545,0.9999997399,0,0.9999740874,0.9999486957,0.9999486957
0.02020202,-2.45454545,0.9999978520,0,0.9998931117,0.9997905300,0.9997905300
0.03030303,-2.45454545,0.9999925136,0,0.9997519095,0.9995188461,0.9995188461
0.04040404,-2.45454545,0.9999816686,0,0.9995448810,0.9991265996,0.9991265996
0.05050505,-2.45454545,0.9999630019,0,0.9992659529,0.9986063363,0.9986063363
0.06060606,-2.45454545,0.9999339109,0,0.9989085368,0.9979501679,0.9979501679
0.07070707,-2.45454545,0.9998914743,0,0.9984654856,0.9971497469,0.9971497469
0.08080808,-2.45454545,0.9998324171,0,0.9979290446,0.9961962410,0.9961962410
0.09090909,-2.45454545,0.9997530713,0,0.9972907990,0.9950803048,0.9950803048
0.10101010,-2.45454545,0.9996493328,0,0.9965416165,0.9937920518,0.9937920518
0.11111111,-2.45454545,0.9995166129,0,0.9956715852,0.9923210242,0.9923210242
0.12121212,-2.45454545,0.9993497842,0,0.9946699454,0.9906561622,0.9906561622
0.13131313,-2.45454545,0.9991431205,0,0.9935250159,0.9887857719,0.9887857719
0.14141414,-2.45454545,0.9988902293,0,0.9922241139,0.9866974929,0.9866974929
0.15151515,-2.45454545,0.9985839766,0,0.9907534675,0.9843782649,0.9843782649
0.16161616,-2.45454545,0.9982164025,0,0.9890981219,0.9818142943,0.9818142943
0.17171717,-2.45454545,0.9977786268,0,0.9872418358,0.9789910205,0.9789910205
0.18181818,-2.45454545,0.9972607432,0,0.9851669716,0.9758930829,0.9758930829
0.19191919,-2.45454545,0.9966517008,0,0.9828543745,0.9725042894,0.9725042894
0.20202020,-2.45454545,0.9959391709,0,0.9802832437,0.9688075859,0.9688075859
0.21212121,-2.45454545,0.9951093974,0,0.9774309926,0.9647850299,0.9647850299
0.22222222,-2.45454545,0.9941470290,0,0.9742731002,0.9604177670,0.9604177670
0.23232323,-2.45454545,0.9930349304,0,0.9707829505,0.9556860136,0.9556860136
0.24242424,-2.45454545,0.9917539701,0,0.9669316630,0.9505690466,0.9505690466
0.25252525,-2.45454545,0.9902827819,0,0.9626879126,0.9450452026,0.9450452026
0.26262626,-2.45454545,0.9885974967,0,0.9580177404,0.9390918897,0.9390918897
0.27272727,-2.45454545,0.9866714411,0,0.9528843561,0.9326856142,0.9326856142
0.28282828,-2.45454545,0.9844747992,0,0.9472479347,0.9258020269,0.9258020269
0.29292929,-2.45454545,0.9819742319,0,0.9410654096,0.9184159931,0.9184159931
0.30303030,-2.45454545,0.9791324525,0,0.9342902654,0.9105016926,0.9105016926
0.31313131,-2.45454545,0.9759077495,0,0.9268723376,0.9020327555,0.9020327555
0.32323232,-2.45454545,0.9722534570,0,0.9187576235,0.8929824411,0.8929824411
0.33333333,-2.45454545,0.9681173637,0,0.9098881159,0.8833238698,0.8833238698
0.34343434,-2.45454545,0.9634410609,0,0.9002016702,0.8730303174,0.8730303174
0.35353535,-2.45454545,0.9581592248,0,0.8896319205,0.8620755822,0.8620755822
0.36363636,-2.45454545,0.9521988333,0,0.8781082640,0.8504344386,0.8504344386
0.37373737,-2.45454545,0.9454783208,0,0.8655559373,0.8380831888,0.8380831888
0.38383838,-2.45454545,0.9379066776,0,0.8518962142,0.8250003270,0.8250003270
0.39393939,-2.45454545,0.9293825083,0,0.8370467595,0.8111673280,0.8111673280
0.40404040,-2.45454545,0.9197930722,0,0.8209221811,0.7965695710,0.7965695710
0.41414141,-2.45454545,0.9090133415,0,0.8034348278,0.7811974070,0.7811974070
0.42424242,-2.45454545,0.8969051285,0,0.7844958863,0.7650473699,0.7650473699
0.43434343,-2.45454545,0.8833163573,0,0.7640168361,0.7481235263,0.7481235263
0.44444444,-2.45454545,0.8680805775,0,0.7419113218,0.7304389414,0.7304389414
0.45454545,-2.45454545,0.8510168566,0,0.7180974980,0.7120172283,0.7120172283
0.46464646,-2.45454545,0.8319302194,0,0.6925008937,0.6928941206,0.6928941206
0.47474747,-2.45454545,0.8106128504,0,0.6650578212,0.6731189885,0.6731189885
0.48484848,-2.45454545,0.7868463123,0,0.6357193230,0.6527561870,0.6527561870
0.49494949,-2.45454545,0.7604050727,0,0.6044556017,0.6318861009,0.6318861009
0.50505051,-2.45454545,0.7310616455,0,0.5712608143,0.6106057222,0.6106057222
0.51515152,-2.45454545,0.6985936417,0,0.5361580307,0.5890285882,0.5890285882
0.52525253,-2.45454545,0.6627929588,0,0.4992040689,0.5672839038,0.5672839038
0.53535354,-2.45454545,0.6234772016,0,0.4604938226,0.5455147055,0.5455147055
0.54545455,-2.45454545,0.5805032044,0,0.4201636217,0.5238749749,0.5238749749
0.55555556,-2.45454545,0.5337822004,0,0.3783931160,0.5025257013,0.5025257013
0.56565657,-2.45454545,0.4832957814,0,0.3354051857,0.4816300076,0.4816300076
0.57575758,-2.45454545,0.4291113430,0,0.2914634623,0.4613475832,0.4613475832
0.58585859,-2.45454545,0.3713953055,0,0.2468672144,0.4418287920,0.4418287920
0.59595960,-2.45454545,0.3104221468,0,0.2019436041,0.4232089169,0.4232089169
0.60606061,-2.45454545,0.2465773034,0,0.1570376182,0.4056030400,0.4056030400
0.61616162,-2.45454545,0.1803523925,0,0.1125002925,0.3891020217,0.3891020217
0.62626263,-2.45454545,0.1123319945,0,0.0686761045,0.3737699359,0.3737699359
0.63636364,-2.45454545,0.0431723381,0,0.0258905614,0.3596431524,0.3596431524
0.64646465,-2.45454545,-0.0264265613,0,-0.0155609831,0.3467310637,0.3467310637
0.65656566,-2.45454545,-0.0957527030,0,-0.0554223950,0.3350182712,0.3350182712
0.66666667,-2.45454545,-0.1641145931,0,-0.0934830924,0.3244679019,0.3244679019
0.67676768,-2.45454545,-0.2308711179,0,-0.1295813693,0.3150256511,0.3150256511
0.68686869,-2.45454545,-0.2954560049,0,-0.1636047786,0.3066241285,0.3066241285
0.69696970,-2.45454545,-0.3573950272,0,-0.1954879378,0.2991871382,0.2991871382
0.70707071,-2.45454545,-0.4163152521,0,-0.2252083124,0.2926335989,0.2926335989
0.71717172,-2.45454545,-0.4719467053,0,-0.2527806269,0.2868809141,0.2868809141
0.72727273,-2.45454545,-0.5241176394,0,-0.2782505433,0.2818476964,0.2818476964
0.73737374,-2.45454545,-0.5727450573,0,-0.3016881681,0.2774558308,0.2774558308
0.74747475,-2.45454545,-0.6178222626,0,-0.3231818273,0.2736319195,0.2736319195
0.75757576,-2.45454545,-0.6594050626,0,-0.3428324151,0.2703081885,0.2703081885
0.76767677,-2.45454545,-0.6975979404,0,-0.3607484954,0.2674229513,0.2674229513
0.77777778,-2.45454545,-0.7325411416,0,-0.3770422275,0.2649207300,0.2649207300
0.78787879,-2.45454545,-0.7643992589,0,-0.3918261123,0.2627521241,0.2627521241
0.79797980,-2.45454545,-0.7933515964,0,-0.4052104978,0.2608735069,0.2608735069
0.80808081,-2.45454545,-0.8195843656,0,-0.4173017550,0.2592466134,0.2592466134
0.81818182,-2.45454545,-0.8432846116,0,-0.4282010199,0.2578380715,0.2578380715
0.82828283,-2.45454545,-0.8646356794,0,-0.4380033995,0.2566189105,0.2566189105
0.83838384,-2.45454545,-0.8838139889,0,-0.4467975417,0.2555640768,0.2555640768
0.84848485,-2.45454545,-0.9009868806,0,-0.4546654861,0.2546519706,0.2546519706
0.85858586,-2.45454545,-0.9163113091,0,-0.4616827200,0.2538640163,0.2538640163
0.86868687,-2.45454545,-0.9299331864,0,-0.4679183828,0.2531842709,0.2531842709
0.87878788,-2.45454545,-0.9419872098,0,-0.4734355679,0.2525990729,0.2525990729
0.88888889,-2.45454545,-0.9525970356,0,-0.4782916871,0.2520967310,0.2520967310
0.89898990,-2.45454545,-0.9618756920,0,-0.4825388685,0.2516672502,0.2516672502
0.90909091,-2.45454545,-0.9699261469,0,-0.4862243680,0.2513020937,0.2513020937
0.91919192,-2.45454545,-0.9768419668,0,-0.4893909772,0.2509939755,0.2509939755
0.92929293,-2.45454545,-0.9827080210,0,-0.4920774212,0.2507366819,0.2507366819
0.93939394,-2.45454545,-0.9876011962,0,-0.4943187354,0.2505249175,0.2505249175
0.94949495,-2.45454545,-0.9915910998,0,-0.4961466205,0.2503541731,0.2503541731
0.95959596,-2.45454545,-0.9947407349,0,-0.4975897717,0.2502206130,0.2502206130
0.96969697,-2.45454545,-0.9971071383,0,-0.4986741817,0.2501209771,0.2501209771
0.97979798,-2.45454545,-0.9987419750,0,-0.4994234176,0.2500524989,0.2500524989
0.98989899,-2.45454545,-0.9996920877,0,-0.4998588739,0.2500128341,0.2500128341
1.00000000,-2.45454545,-1.0000000000,0,-0.5000000000,0.2500000000,0.2500000000
0.00000000,-2.39393939,1.0000000000,0,1.0000000000,1.0000000000,1.0000000000
0.01010101,-2.39393939,0.9999997406,0,0.9999741363,0.9999487919,0.9999487919
0.02020202,-2.39393939,0.9999978580,0,0.9998933132,0.9997909209,0.9997909209
0.03030303,-2.39393939,0.9999925345,0,0.9997523772,0.9995197395,0.9995197395
0.04040404,-2.39393939,0.9999817196,0,0.9995457390,0.9991282131,0.9991282131
0.05050505,-2.39393939,0.9999631042,0,0.9992673364,0.9986088971,0.9986088971
0.06060606,-2.39393939,0.9999340928,0,0.9989105930,0.9979539131,0.9979539131
0.07070707,-2.39393939,0.9998917717,0,0.9984683745,0.9971549241,0.9971549241
0.08080808,-2.39393939,0.9998328739,0,0.9979329398,0.9962031077,0.9962031077
0.09090909,-2.39393939,0.9997537407,0,0.9972958887,0.9950891290,0.9950891290
0.10101010,-2.39393939,0.9996502782,0,0.9965481042,0.9938031118,0.9938031118
0.11111111,-2.39393939,0.9995179085,0,0.9956796909,0.9923346085,0.9923346085
0.12121212,-2.39393939,0.9993515163,0,0.9946799062,0.9906725692,0.9906725692
0.13131313,-2.39393939,0.9991453888,0,0.9935370874,0.9888053101,0.9888053101
0.14141414,-2.39393939,0.9988931477,0,0.9922385708,0.9867204801,0.9867204801
0.15151515,-2.39393939,0.9985876748,0,0.9907706049,0.9844050281,0.9844050281
0.16161616,-2.39393939,0.9982210271,0,0.9891182558,0.9818451686,0.9818451686
0.17171717,-2.39393939,0.9977843431,0,0.9872653046,0.9790263484,0.9790263484
0.18181818,-2.39393939,0.9972677367,0,0.9851941362,0.9759332134,0.9759332134
0.19191919,-2.39393939,0.9966601788,0,0.9828856196,0.9725495764,0.9725495764
0.20202020,-2.39393939,0.9959493640,0,0.9803189778,0.9688583869,0.9688583869
0.21212121,-2.39393939,0.9951215618,0,0.9774716492,0.9648417038,0.9648417038
0.22222222,-2.39393939,0.9941614480,0,0.9743191370,0.9604806718,0.9604806718
0.23232323,-2.39393939,0.9930519166,0,0.9708348498,0.9557555036,0.9557555036
0.24242424,-2.39393939,0.9917738672,0,0.9669899310,0.9506454690,0.9506454690
0.25252525,-2.39393939,0.9903059668,0,0.9627530783,0.9451288938,0.9451288938
0.26262626,-2.39393939,0.9886243813,0,0.9580903538,0.9391831706,0.9391831706
0.27272727,-2.39393939,0.9867024742,0,0.9529649859,0.9327847848,0.9327847848
0.28282828,-2.39393939,0.9845104678,0,0.9473371649,0.9259093604,0.9259093604
0.29292929,-2.39393939,0.9820150630,0,0.9411638351,0.9185317286,0.9185317286
0.30303030,-2.39393939,0.9791790132,0,0.9343984862,0.9106260273,0.9106260273
0.31313131,-2.39393939,0.9759606481,0,0.9269909515,0.9021658351,0.9021658351
0.32323232,-2.39393939,0.9723133415,0,0.9188872168,0.8931243496,0.8931243496
0.33333333,-2.39393939,0.9681849206,0,0.9100292524,0.8834746182,0.8834746182
0.34343434,-2.39393939,0.9635170117,0,0.9003548771,0.8731898303,0.8731898303
0.35353535,-2.39393939,0.9582443209,0,0.8897976717,0.8622436842,0.8622436842
0.36363636,-2.39393939,0.9522938483,0,0.8782869604,0.8506108386,0.8506108386
0.37373737,-2.39393939,0.9455840395,0,0.8657478831,0.8382674645,0.8382674645
0.38383838,-2.39393939,0.9380238817,0,0.8521015899,0.8251919076,0.8251919076
0.39393939,-2.39393939,0.9295119563,0,0.8372655902,0.8113654776,0.8113654776
0.40404040,-2.39393939,0.9199354742,0,0.8211543014,0.7967733723,0.7967733723
0.41414141,-2.39393939,0.9091693263,0,0.8036798420,0.7814057468,0.7814057468
0.42424242,-2.39393939,0.8970752029,0,0.7847531260,0.7652589274,0.7652589274
0.43434343,-2.39393939,0.8835008550,0,0.7642853153,0.7483367653,0.7483367653
0.44444444,-2.39393939,0.8682795981,0,0.7421896913,0.7306521097,0.7306521097
0.45454545,-2.39393939,0.8512301923,0,0.7183840016,0.7122283648,0.7122283648
0.46464646,-2.39393939,0.8321572703,0,0.6927933298,0.6931010738,0.6931010738
0.47474747,-2.39393939,0.8108525294,0,0.6653535142,0.6733194476,0.6733194476
0.48484848,-2.39393939,0.7870969417,0,0.6360151091,0.6529477291,0.6529477291
0.49494949,-2.39393939,0.7606642778,0,0.6047478364,0.6320662534,0.6320662534
0.50505051,-2.39393939,0.7313262530,0,0.5715454069,0.6107720434,0.6107720434
0.51515152,-2.39393939,0.6988595942,0,0.5364305132,0.5891787618,0.5891787618
0.52525253,-2.39393939,0.6630552602,0,0.4994597031,0.5674158459,0.5674158459
0.53535354,-2.39393939,0.6237299125,0,0.4607277487,0.5456266760,0.5456266760
0.54545455,-2.39393939,0.5807395068,0,0.4203710454,0.5239656862,0.5239656862
0.55555556,-2.39393939,0.5339945515,0,0.3785695284,0.5025944128,0.5025944128
0.56565657,-2.39393939,0.4834761704,0,0.3355466023,0.4816765952,0.4816765952
0.57575758,-2.39393939,0.4292516555,0,0.2915666627,0.4613725736,0.4613725736
0.58585859,-2.39393939,0.3714877841,0,0.2469299599,0.4418333539,0.4418333539
0.59595960,-2.39393939,0.3104599170,0,0.2019648084,0.4231948068,0.4231948068
0.60606061,-2.39393939,0.2465549170,0,0.1570174500,0.4055725042,0.4055725042
0.61616162,-2.39393939,0.1802663228,0,0.1124401943,0.3890576648,0.3890576648
0.62626263,-2.39393939,0.1121810159,0,0.0685787212,0.3737145680,0.3737145680
0.63636364,-2.39393939,0.0429577297,0,0.0257595850,0.3595796311,0.3595796311
0.64646465,-2.39393939,-0.0267010262,0,-0.0157210361,0.3466621472,0.3466621472
0.65656566,-2.39393939,-0.0960809849,0,-0.0556064494,0.3349464951,0.3349464951
0.66666667,-2.39393939,-0.1644888045,0,-0.0936857952,0.3243954889,0.3243954889
0.67676768,-2.39393939,-0.2312820749,0,-0.1297973582,0.3149544559,0.3149544559
0.68686869,-2.39393939,-0.2958938370,0,-0.1638289166,0.3065556179,0.3065556179
0.69696970,-2.39393939,-0.3578497756,0,-0.1957154981,0.2991224000,0.2991224000
0.70707071,-2.39393939,-0.4167773923,0,-0.2254351084,0.2925733729,0.2925733729
0.71717172,-2.39393939,-0.4724075569,0,-0.2530030867,0.2868256373,0.2868256373
0.72727273,-2.39393939,-0.5245696433,0,-0.2784657362,0.2817975554,0.2817975554
0.73737374,-2.39393939,-0.5731819255,0,-0.3018937909,0.2774108147,0.2774108147
0.74747475,-2.39393939,-0.6182390159,0,-0.3233761626,0.2735918700,0.2735918700
0.75757576,-2.39393939,-0.6597979820,0,-0.3430142708,0.2702728441,0.2702728441
0.76767677,-2.39393939,-0.6979644591,0,-0.3609171346,0.2673919844,0.2673919844
0.77777778,-2.39393939,-0.7328797017,0,-0.3771972961,0.2648937766,0.2648937766
0.78787879,-2.39393939,-0.7647091534,0,-0.3919675685,0.2627288063,0.2627288063
0.79797980,-2.39393939,-0.7936328121,0,-0.4053385479,0.2608534497,0.2608534497
0.80808081,-2.39393939,-0.8198374360,0,-0.4174167960,0.2592294566,0.2592294566
0.81818182,-2.39393939,-0.8435104863,0,-0.4283035913,0.2578234764,0.2578234764
0.82828283,-2.39393939,-0.8648356126,0,-0.4380941422,0.2566065648,0.2566065648
0.83838384,-2.39393939,-0.8839894468,0,-0.4468771654,0.2555536960,0.2555536960
0.84848485,-2.39393939,-0.9011394672,0,-0.4547347429,0.2546432987,0.2546432987
0.85858586,-2.39393939,-0.9164427077,0,-0.4617423845,0.2538568245,0.2538568245
0.86868687,-2.39393939,-0.9300451157,0,-0.4679692364,0.2531783560,0.2531783560
0.87878788,-2.39393939,-0.9420813910,0,-0.4734783877,0.2525942555,0.2525942555
0.88888889,-2.39393939,-0.9526751687,0,-0.4783272379,0.2520928528,0.2520928528
0.89898990,-2.39393939,-0.9619394403,0,-0.4825678978,0.2516641722,0.2516641722
0.90909091,-2.39393939,-0.9699771266,0,-0.4862476018,0.2512996932,0.2512996932
0.91919192,-2.39393939,-0.9768817411,0,-0.4894091189,0.2509921447,0.2509921447
0.92929293,-2.39393939,-0.9827380975,0,-0.4920911503,0.2507353252,0.2507353252
0.93939394,-2.39393939,-0.9876230268,0,-0.4943287079,0.2505239502,0.2505239502
0.94949495,-2.39393939,-0.9916060820,0,-0.4961534694,0.2503535196,0.2503535196
0.95959596,-2.39393939,-0.9947502143,0,-0.4975941079,0.2502202050,0.2502202050
0.96969697,-2.39393939,-0.9971124117,0,-0.4986765953,0.2501207526,0.2501207526
0.97979798,-2.39393939,-0.9987442938,0,-0.4994244795,0.2500524011,0.2500524011
0.98989899,-2.39393939,-0.9996926614,0,-0.4998591367,0.2500128101,0.2500128101
1.00000000,-2.39393939,-1.0000000000,0,-0.5000000000,0.2500000000,0.2500000000
0.00000000,-2.33333333,1.0000000000,0,1.0000000000,1.0000000000,1.0000000000
0.01010101,-2.33333333,0.9999997415,0,0.9999741912,0.9999489001,0.9999489001
0.02020202,-2.33333333,0.9999978648,0,0.9998935399,0.9997913607,0.9997913607
0.03030303,-2.33333333,0.9999925580,0,0.9997529035,0.9995207449,0.9995207449
0.04040404,-2.33333333,0.9999817768,0,0.9995467045,0.9991300288,0.9991300288
0.05050505,-2.33333333,0.9999632193,0,0.9992688932,0.9986117788,0.9986117788
0.06060606,-2.33333333,0.9999342975,0,0.9989129069,0.9979581280,0.9979581280
0.07070707,-2.33333333,0.9998921060,0,0.9984716254,0.9971607505,0.9971607505
0.08080808,-2.33333333,0.9998333875,0,0.9979373232,0.9962108356,0.9962108356
0.09090909,-2.33333333,0.9997544935,0,0.9973016161,0.9950990601,0.9950990601
0.10101010,-2.33333333,0.9996513412,0,0.9965554049,0.9938155592,0.9938155592
0.11111111,-2.33333333,0.9995193654,0,0.9956888122,0.9923498969,0.9923498969
0.12121212,-2.33333333,0.9993534642,0,0.9946911152,0.9906910349,0.9906910349
0.13131313,-2.33333333,0.9991479396,0,0.9935506715,0.9888273002,0.9888273002
0.14141414,-2.33333333,0.9988964296,0,0.9922548394,0.9867463526,0.9867463526
0.15151515,-2.33333333,0.9985918336,0,0.9907898900,0.9844351509,0.9844351509
0.16161616,-2.33333333,0.9982262280,0,0.9891409132,0.9818799192,0.9818799192
0.17171717,-2.33333333,0.9977907719,0,0.9872917150,0.9790661126,0.9790661126
0.18181818,-2.33333333,0.9972756020,0,0.9852247060,0.9759783843,0.9759783843
0.19191919,-2.33333333,0.9966697137,0,0.9829207817,0.9726005528,0.9726005528
0.20202020,-2.33333333,0.9959608282,0,0.9803591925,0.9689155715,0.9689155715
0.21212121,-2.33333333,0.9951352434,0,0.9775174042,0.9649055009,0.9649055009
0.22222222,-2.33333333,0.9941776660,0,0.9743709479,0.9605514849,0.9605514849
0.23232323,-2.33333333,0.9930710226,0,0.9708932597,0.9558337321,0.9558337321
0.24242424,-2.33333333,0.9917962481,0,0.9670555099,0.9507315044,0.9507315044
0.25252525,-2.33333333,0.9903320467,0,0.9628264221,0.9452231156,0.9452231156
0.26262626,-2.33333333,0.9886546239,0,0.9581720820,0.9392859408,0.9392859408
0.27272727,-2.33333333,0.9867373846,0,0.9530557394,0.9328964422,0.9328964422
0.28282828,-2.33333333,0.9845505944,0,0.9474376018,0.9260302134,0.9260302134
0.29292929,-2.33333333,0.9820609989,0,0.9412746259,0.9186620477,0.9186620477
0.30303030,-2.33333333,0.9792313974,0,0.9345203074,0.9107660356,0.9107660356
0.31313131,-2.33333333,0.9760201654,0,0.9271244773,0.9023156980,0.9023156980
0.32323232,-2.33333333,0.9723807219,0,0.9190331088,0.8932841635,0.8932841635
0.33333333,-2.33333333,0.9682609376,0,0.9101881468,0.8836443967,0.8836443967
0.34343434,-2.33333333,0.9636024784,0,0.9005273692,0.8733694905,0.8733694905
0.35353535,-2.33333333,0.9583400841,0,0.8899842974,0.8624330302,0.8624330302
0.36363636,-2.33333333,0.9524007801,0,0.8784881733,0.8508095448,0.8508095448
0.37373737,-2.33333333,0.9457030252,0,0.8659640286,0.8384750570,0.8384750570
0.38383838,-2.33333333,0.9381558031,0,0.8523328740,0.8254077455,0.8254077455
0.39393939,-2.33333333,0.9296576697,0,0.8375120444,0.8115887339,0.8115887339
0.40404040,-2.33333333,0.9200957817,0,0.8214157426,0.7970030156,0.7970030156
0.41414141,-2.33333333,0.9093449392,0,0.8039558282,0.7816405246,0.7816405246
0.42424242,-2.33333333,0.8972666952,0,0.7850429078,0.7654973528,0.7654973528
0.43434343,-2.33333333,0.8837086066,0,0.7645877855,0.7485771085,0.7485771085
0.44444444,-2.33333333,0.8685037253,0,0.7425033332,0.7308923965,0.7308923965
0.45454545,-2.33333333,0.8514704655,0,0.7187068394,0.7124663850,0.7124663850
0.46464646,-2.33333333,0.8324130186,0,0.6931228852,0.6933344014,0.6933344014
0.47474747,-2.33333333,0.8111225328,0,0.6656867734,0.6735454762,0.6735454762
0.48484848,-2.33333333,0.7873793144,0,0.6363485068,0.6531637242,0.6531637242
0.49494949,-2.33333333,0.7609563478,0,0.6050772638,0.6322694239,0.6322694239
0.50505051,-2.33333333,0.7316244469,0,0.5718662503,0.6109596316,0.6109596316
0.51515152,-2.33333333,0.6991593399,0,0.5367377314,0.5893481507,0.5893481507
0.52525253,-2.33333333,0.6633509254,0,0.4997479484,0.5675646799,0.5675646799
0.53535354,-2.33333333,0.6240147983,0,0.4609915339,0.5457529872,0.5457529872
0.54545455,-2.33333333,0.5810059202,0,0.4206049562,0.5240680173,0.5240680173
0.55555556,-2.33333333,0.5342339788,0,0.3787684717,0.5026719243,0.5026719243
0.56565657,-2.33333333,0.4836795675,0,0.3357060766,0.4817291447,0.4817291447
0.57575758,-2.33333333,0.4294098594,0,0.2916830294,0.4614007544,0.4614007544
0.58585859,-2.33333333,0.3715920339,0,0.2470006897,0.4418384855,0.4418384855
0.59595960,-2.33333333,0.3105024498,0,0.2019886748,0.4231788729,0.4231788729
0.60606061,-2.33333333,0.2465295822,0,0.1569946453,0.4055380427,0.4055380427
0.61616162,-2.33333333,0.1801691425,0,0.1123723504,0.3890076184,0.3890076184
0.62626263,-2.33333333,0.1120106142,0,0.0684688287,0.3736521108,0.3736521108
0.63636364,-2.33333333,0.0427155614,0,0.0256118172,0.3595079904,0.3595079904
0.64646465,-2.33333333,-0.0270106874,0,-0.0159015758,0.3465844368,0.3465844368
0.65656566,-2.33333333,-0.0964513070,0,-0.0558140284,0.3348655762,0.3348655762
0.66666667,-2.33333333,-0.1649108718,0,-0.0939143696,0.3243138681,0.3243138681
0.67676768,-2.33333333,-0.2317455120,0,-0.1300408762,0.3148742236,0.3148742236
0.68686869,-2.33333333,-0.2963875003,0,-0.1640815833,0.3064784258,0.3064784258
0.69696970,-2.33333333,-0.3583624275,0,-0.1959719841,0.2990494718,0.2990494718
0.70707071,-2.33333333,-0.4172982925,0,-0.2256906958,0.2925055396,0.2925055396
0.71717172,-2.33333333,-0.4729269225,0,-0.2532537529,0.2867633885,0.2867633885
0.72727273,-2.33333333,-0.5250789613,0,-0.2787081825,0.2817410985,0.2817410985
0.73737374,-2.33333333,-0.5736741189,0,-0.3021254271,0.2773601350,0.2773601350
0.74747475,-2.33333333,-0.6187084855,0,-0.3235950588,0.2735467872,0.2735467872
0.75757576,-2.33333333,-0.6602405499,0,-0.3432190894,0.2702330618,0.2702330618
0.76767677,-2.33333333,-0.6983772456,0,-0.3611070504,0.2673571322,0.2673571322
0.77777778,-2.33333333,-0.7332609630,0,-0.3773719147,0.2648634435,0.2648634435
0.78787879,-2.33333333,-0.7650581035,0,-0.3921268468,0.2627025661,0.2627025661
0.79797980,-2.33333333,-0.7939494449,0,-0.4054827215,0.2608308799,0.2608308799
0.80808081,-2.33333333,-0.8201223597,0,-0.4175463150,0.2592101511,0.2592101511
0.81818182,-2.33333333,-0.8437647764,0,-0.4284190653,0.2578070538,0.2578070538
0.82828283,-2.33333333,-0.8650606863,0,-0.4381962950,0.2565926734,0.2565926734
0.83838384,-2.33333333,-0.8841869588,0,-0.4469667975,0.2555420157,0.2555420157
0.84848485,-2.33333333,-0.9013112264,0,-0.4548127023,0.2546335412,0.2546335412
0.85858586,-2.33333333,-0.9165906117,0,-0.4618095440,0.2538487323,0.2538487323
0.86868687,-2.33333333,-0.9301711012,0,-0.4680264765,0.2531717006,0.2531717006
0.87878788,-2.33333333,-0.9421873967,0,-0.4735265838,0.2525888349,0.2525888349
0.88888889,-2.33333333,-0.9527631095,0,-0.4783672516,0.2520884890,0.2520884890
0.89898990,-2.33333333,-0.9620111892,0,-0.4826005704,0.2516607086,0.2516607086
0.90909091,-2.33333333,-0.9700345032,0,-0.4862737511,0.2512969921,0.2512969921
0.91919192,-2.33333333,-0.9769265054,0,-0.4894295367,0.2509900845,0.2509900845
0.92929293,-2.33333333,-0.9827719468,0,-0.4921066017,0.2507337986,0.2507337986
0.93939394,-2.33333333,-0.9876475955,0,-0.4943399312,0.2505228618,0.2505228618
0.94949495,-2.33333333,-0.9916229431,0,-0.4961611771,0.2503527842,0.2503527842
0.95959596,-2.33333333,-0.9947608824,0,-0.4975989877,0.2502197458,0.2502197458
0.96969697,-2.33333333,-0.9971183462,0,-0.4986793115,0.2501205001,0.2501205001
0.97979798,-2.33333333,-0.9987469032,0,-0.4994256744,0.2500522911,0.2500522911
0.98989899,-2.33333333,-0.9996933071,0,-0.4998594325,0.2500127831,0.2500127831
1.00000000,-2.33333333,-1.0000000000,0,-0.5000000000,0.2500000000,0.2500000000
0.00000000,-2.27272727,1.0000000000,0,1.0000000000,1.0000000000,1.0000000000
0.01010101,-2.27272727,0.9999997424,0,0.9999742530,0.9999490219,0.9999490219
0.02020202,-2.27272727,0.9999978724,0,0.9998937949,0.9997918555,0.9997918555
0.03030303,-2.27272727,0.9999925844,0,0.9997534955,0.9995218759,0.9995218759
0.04040404,-2.27272727,0.9999818412,0,0.9995477905,0.9991320713,0.9991320713
0.05050505,-2.27272727,0.9999633487,0,0.9992706444,0.9986150206,0.9986150206
0.06060606,-2.27272727,0.9999345274,0,0.9989155096,0.9979628694,0.9979628694
0.07070707,-2.27272727,0.9998924818,0,0.9984752822,0.9971673049,0.9971673049
0.08080808,-2.27272727,0.9998339648,0,0.9979422537,0.9962195293,0.9962195293
0.09090909,-2.27272727,0.9997553395,0,0.9973080585,0.9951102323,0.9951102323
0.10101010,-2.27272727,0.9996525360,0,0.9965636169,0.9938295625,0.9938295625
0.11111111,-2.27272727,0.9995210028,0,0.9956990722,0.9923670967,0.9923670967
0.12121212,-2.27272727,0.9993556536,0,0.9947037235,0.9907118095,0.9907118095
0.13131313,-2.27272727,0.9991508067,0,0.9935659517,0.9888520404,0.9888520404
0.14141414,-2.27272727,0.9989001185,0,0.9922731393,0.9867754613,0.9867754613
0.15151515,-2.27272727,0.9985965083,0,0.9908115832,0.9844690423,0.9844690423
0.16161616,-2.27272727,0.9982320740,0,0.9891664001,0.9819190182,0.9819190182
0.17171717,-2.27272727,0.9977979984,0,0.9873214238,0.9791108537,0.9791108537
0.18181818,-2.27272727,0.9972844435,0,0.9852590942,0.9760292100,0.9760292100
0.19191919,-2.27272727,0.9966804324,0,0.9829603364,0.9726579122,0.9726579122
0.20202020,-2.27272727,0.9959737160,0,0.9804044317,0.9689799182,0.9689799182
0.21212121,-2.27272727,0.9951506244,0,0.9775688768,0.9649772906,0.9649772906
0.22222222,-2.27272727,0.9941958988,0,0.9744292342,0.9606311721,0.9606311721
0.23232323,-2.27272727,0.9930925030,0,0.9709589712,0.9559217669,0.9559217669
0.24242424,-2.27272727,0.9918214111,0,0.9671292885,0.9508283284,0.9508283284
0.25252525,-2.27272727,0.9903613697,0,0.9629089386,0.9453291565,0.9453291565
0.26262626,-2.27272727,0.9886886284,0,0.9582640343,0.9394016070,0.9394016070
0.27272727,-2.27272727,0.9867766391,0,0.9531578493,0.9330221162,0.9330221162
0.28282828,-2.27272727,0.9845957161,0,0.9475506109,0.9261662438,0.9261662438
0.29292929,-2.27272727,0.9821126555,0,0.9413992897,0.9188087402,0.9188087402
0.30303030,-2.27272727,0.9792903080,0,0.9346573886,0.9109236428,0.9109236428
0.31313131,-2.27272727,0.9760871011,0,0.9272747359,0.9024844081,0.9024844081
0.32323232,-2.27272727,0.9724565049,0,0.9191972913,0.8934640865,0.8934640865
0.33333333,-2.27272727,0.9683464389,0,0.9103669713,0.8838355504,0.8838355504
0.34343434,-2.27272727,0.9636986140,0,0.9007215082,0.8735717836,0.8735717836
0.35353535,-2.27272727,0.9584478084,0,0.8901943564,0.8626462445,0.8626462445
0.36363636,-2.27272727,0.9525210762,0,0.8787146662,0.8510333161,0.8510333161
0.37373737,-2.27272727,0.9458368915,0,0.8662073473,0.8387088541,0.8387088541
0.38383838,-2.27272727,0.9383042342,0,0.8525932542,0.8256508494,0.8256508494
0.39393939,-2.27272727,0.9298216324,0,0.8377895257,0.8118402158,0.8118402158
0.40404040,-2.27272727,0.9202761822,0,0.8217101229,0.7972617164,0.7972617164
0.41414141,-2.27272727,0.9095425818,0,0.8042666142,0.7819050356,0.7819050356
0.42424242,-2.27272727,0.8974822307,0,0.7853692604,0.7657660010,0.7657660010
0.43434343,-2.27272727,0.8839424675,0,0.7649284622,0.7488479463,0.7488479463
0.44444444,-2.27272727,0.8687560480,0,0.7428566297,0.7311632005,0.7311632005
0.45454545,-2.27272727,0.8517409974,0,0.7190705341,0.7127346645,0.7127346645
0.46464646,-2.27272727,0.8327010102,0,0.6934941892,0.6935974213,0.6935974213
0.47474747,-2.27272727,0.8114266160,0,0.6660622929,0.6738002969,0.6738002969
0.48484848,-2.27272727,0.7876973706,0,0.6367242253,0.6534072603,0.6534072603
0.49494949,-2.27272727,0.7612853717,0,0.6054485495,0.6324985244,0.6324985244
0.50505051,-2.27272727,0.7319604156,0,0.5722279004,0.6111711817,0.6111711817
0.51515152,-2.27272727,0.6994971033,0,0.5370840583,0.5895391934,0.5895391934
0.52525253,-2.27272727,0.6636841347,0,0.5000729162,0.5677325519,0.5677325519
0.53535354,-2.27272727,0.6243358986,0,0.4612889478,0.5458954625,0.5458954625
0.54545455,-2.27272727,0.5813062319,0,0.4208687011,0.5241834460,0.5241834460
0.55555556,-2.27272727,0.5345038928,0,0.3789927941,0.5027593548,0.5027593548
0.56565657,-2.27272727,0.4839088726,0,0.3358858903,0.4817884130,0.4817884130
0.57575758,-2.27272727,0.4295882082,0,0.2918142228,0.4614325287,0.4614325287
0.58585859,-2.27272727,0.3717095323,0,0.2470804052,0.4418442550,0.4418442550
0.59595960,-2.27272727,0.3105503310,0,0.2020155274,0.4231608787,0.4231608787
0.60606061,-2.27272727,0.2465009024,0,0.1569688545,0.4054991524,0.4054991524
0.61616162,-2.27272727,0.1800594155,0,0.1122957628,0.3889511566,0.3889511566
0.62626263,-2.27272727,0.1118182961,0,0.0683448266,0.3735816636,0.3735816636
0.63636364,-2.27272727,0.0424423092,0,0.0254451184,0.3594272024,0.3594272024
0.64646465,-2.27272727,-0.0273600318,0,-0.0161052039,0.3464968232,0.3464968232
0.65656566,-2.27272727,-0.0968690133,0,-0.0560481102,0.3347743655,0.3347743655
0.66666667,-2.27272727,-0.1653868601,0,-0.0941720808,0.3242218869,0.3242218869
0.67676768,-2.27272727,-0.2322680604,0,-0.1303153872,0.3147838272,0.3147838272
0.68686869,-2.27272727,-0.2969440268,0,-0.1643663577,0.3063914737,0.3063914737
0.69696970,-2.27272727,-0.3589402532,0,-0.1962610141,0.2989673399,0.2989673399
0.70707071,-2.27272727,-0.4178853074,0,-0.2259786660,0.2924291606,0.2924291606
0.71717172,-2.27272727,-0.4735121040,0,-0.2535361345,0.2866933104,0.2866933104
0.72727273,-2.27272727,-0.5256527244,0,-0.2789812643,0.2816775514,0.2816775514
0.73737374,-2.27272727,-0.5742285024,0,-0.3023862972,0.2773030991,0.2773030991
0.74747475,-2.27272727,-0.6192371960,0,-0.3238415503,0.2734960567,0.2734960567
0.75757576,-2.27272727,-0.6607388967,0,-0.3434497021,0.2701883009,0.2701883009
0.76767677,-2.27272727,-0.6988420007,0,-0.3613208614,0.2673179223,0.2673179223
0.77777778,-2.27272727,-0.7336901771,0,-0.3775684853,0.2648293204,0.2648293204
0.78787879,-2.27272727,-0.7654509044,0,-0.3923061337,0.2626730493,0.2626730493
0.79797980,-2.27272727,-0.7943058367,0,-0.4056449942,0.2608054931,0.2608054931
0.80808081,-2.27272727,-0.8204430366,0,-0.4176920838,0.2591884367,0.2591884367
0.81818182,-2.27272727,-0.8440509569,0,-0.4285490196,0.2577885826,0.2577885826
0.82828283,-2.27272727,-0.8653139718,0,-0.4383112516,0.2565770493,0.2565770493
0.83838384,-2.27272727,-0.8844092169,0,-0.4470676595,0.2555288786,0.2555288786
0.84848485,-2.27272727,-0.9015044968,0,-0.4549004256,0.2546225667,0.2546225667
0.85858586,-2.27272727,-0.9167570330,0,-0.4618851122,0.2538396307,0.2538396307
0.86868687,-2.27272727,-0.9303128550,0,-0.4680908813,0.2531642149,0.2531642149
0.87878788,-2.27272727,-0.9423066666,0,-0.4735808111,0.2525827380,0.2525827380
0.88888889,-2.27272727,-0.9528620515,0,-0.4784122713,0.2520835808,0.2520835808
0.89898990,-2.27272727,-0.9620919118,0,-0.4826373298,0.2516568128,0.2516568128
0.90909091,-2.27272727,-0.9700990546,0,-0.4863031706,0.2512939538,0.2512939538
0.91919192,-2.27272727,-0.9769768663,0,-0.4894525074,0.2509877671,0.2509877671
0.92929293,-2.27272727,-0.9828100273,0,-0.4921239846,0.2507320814,0.2507320814
0.93939394,-2.27272727,-0.9876752348,0,-0.4943525573,0.2505216375,0.2505216375
0.94949495,-2.27272727,-0.9916419112,0,-0.4961698481,0.2503519570,0.2503519570
0.95959596,-2.27272727,-0.9947728834,0,-0.4976044773,0.2502192294,0.2502192294
0.96969697,-2.27272727,-0.9971250222,0,-0.4986823670,0.2501202159,0.2501202159
0.97979798,-2.27272727,-0.9987498386,0,-0.4994270186,0.2500521673,0.2500521673
0.98989899,-2.27272727,-0.9996940334,0,-0.4998597653,0.2500127527,0.2500127527
1.00000000,-2.27272727,-1.0000000000,0,-0.5000000000,0.2500000000,0.2500000000
0.00000000,-2.21212121,1.0000000000,0,1.0000000000,1.0000000000,1.0000000000
0.01010101,-2.21212121,0.9999997434,0,0.9999743225,0.9999491588,0.9999491588
0.02020202,-2.21212121,0.9999978809,0,0.9998940817,0.9997924119,0.9997924119
0.03030303,-2.21212121,0.9999926141,0,0.9997541612,0.9995231476,0.9995231476
0.04040404,-2.21212121,0.9999819135,0,0.9995490116,0.9991343679,0.9991343679
0.05050505,-2.21212121,0.9999634939,0,0.9992726134,0.9986186657,0.9986186657
0.06060606,-2.21212121,0.9999347857,0,0.9989184359,0.9979682009,0.9979682009
0.07070707,-2.21212121,0.9998929038,0,0.9984793935,0.9971746751,0.9971746751
0.08080808,-2.21212121,0.9998346132,0,0.9979477972,0.9962293051,0.9962293051
0.09090909,-2.21212121,0.9997562899,0,0.9973153019,0.9951227954,0.9951227954
0.10101010,-2.21212121,0.9996538781,0,0.9965728499,0.9938453093,0.9938453093
0.11111111,-2.21212121,0.9995228422,0,0.9957106078,0.9923864384,0.9923864384
0.12121212,-2.21212121,0.9993581129,0,0.9947178995,0.9907351716,0.9907351716
0.13131313,-2.21212121,0.9991540275,0,0.9935831318,0.9888798626,0.9888798626
0.14141414,-2.21212121,0.9989042626,0,0.9922937148,0.9868081968,0.9868081968
0.15151515,-2.21212121,0.9986017600,0,0.9908359741,0.9845071575,0.9845071575
0.16161616,-2.21212121,0.9982386418,0,0.9891950568,0.9819629911,0.9819629911
0.17171717,-2.21212121,0.9978061172,0,0.9873548280,0.9791611732,0.9791611732
0.18181818,-2.21212121,0.9972943770,0,0.9852977603,0.9760863744,0.9760863744
0.19191919,-2.21212121,0.9966924752,0,0.9830048125,0.9727224272,0.9727224272
0.20202020,-2.21212121,0.9959881964,0,0.9804553004,0.9690522945,0.9690522945
0.21212121,-2.21212121,0.9951679067,0,0.9776267557,0.9650580412,0.9650580412
0.22222222,-2.21212121,0.9942163862,0,0.9744947764,0.9607208093,0.9607208093
0.23232323,-2.21212121,0.9931166403,0,0.9710328648,0.9560207978,0.9560207978
0.24242424,-2.21212121,0.9918496877,0,0.9672122559,0.9509372505,0.9509372505
0.25252525,-2.21212121,0.9903943222,0,0.9630017350,0.9454484524,0.9454484524
0.26262626,-2.21212121,0.9887268436,0,0.9583674455,0.9395317375,0.9395317375
0.27272727,-2.21212121,0.9868207563,0,0.9532726880,0.9331635129,0.9331635129
0.28282828,-2.21212121,0.9846464297,0,0.9476777124,0.9263193004,0.9263193004
0.29292929,-2.21212121,0.9821707166,0,0.9415395054,0.9189738025,0.9189738025
0.30303030,-2.21212121,0.9793565260,0,0.9348115779,0.9111009972,0.9111009972
0.31313131,-2.21212121,0.9761623438,0,0.9274437560,0.9026742683,0.9026742683
0.32323232,-2.21212121,0.9725416979,0,0.9193819840,0.8936665790,0.8936665790
0.33333333,-2.21212121,0.9684425631,0,0.9105681471,0.8840506975,0.8840506975
0.34343434,-2.21212121,0.9638067010,0,0.9009399265,0.8737994854,0.8737994854
0.35353535,-2.21212121,0.9585689335,0,0.8904307023,0.8628862586,0.8628862586
0.36363636,-2.21212121,0.9526563473,0,0.8789695213,0.8512852355,0.8512852355
0.37373737,-2.21212121,0.9459874341,0,0.8664811572,0.8389720844,0.8389720844
0.38383838,-2.21212121,0.9384711707,0,0.8528862886,0.8259245842,0.8259245842
0.39393939,-2.21212121,0.9300060538,0,0.8381018341,0.8121234127,0.8121234127
0.40404040,-2.21212121,0.9204791125,0,0.8220414836,0.7975530732,0.7975530732
0.41414141,-2.21212121,0.9097649311,0,0.8046164774,0.7822029692,0.7822029692
0.42424242,-2.21212121,0.8977247367,0,0.7857366871,0.7660686294,0.7660686294
0.43434343,-2.21212121,0.8842056234,0,0.7653120593,0.7491530780,0.7491530780
0.44444444,-2.21212121,0.8690400142,0,0.7432544838,0.7314683317,0.7314683317
0.45454545,-2.21212121,0.8520454968,0,0.7194801481,0.7130369892,0.7130369892
0.46464646,-2.21212121,0.8330252067,0,0.6939124257,0.6938938569,0.6938938569
0.47474747,-2.21212121,0.8117689769,0,0.6664853321,0.6740875281,0.6740875281
0.48484848,-2.21212121,0.7880555174,0,0.6371475428,0.6536818056,0.6536818056
0.49494949,-2.21212121,0.7616559256,0,0.6058669256,0.6327568268,0.6327568268
0.50505051,-2.21212121,0.7323388499,0,0.5726354683,0.6114097231,0.6114097231
0.51515152,-2.21212121,0.6998776176,0,0.5374744019,0.5897546320,0.5897546320
0.52525253,-2.21212121,0.6640595742,0,0.5004392235,0.5679218761,0.5679218761
0.53535354,-2.21212121,0.6246977445,0,0.4616242241,0.5460561536,0.5460561536
0.54545455,-2.21212121,0.5816446921,0,0.4211660401,0.5243136357,0.5243136357
0.55555556,-2.21212121,0.5348081218,0,0.3792456954,0.5028579633,0.5028579633
0.56565657,-2.21212121,0.4841673418,0,0.3360886066,0.4818552513,0.4818552513
0.57575758,-2.21212121,0.4297892323,0,0.2919621078,0.4614683489,0.4614683489
0.58585859,-2.21212121,0.3718419364,0,0.2471702294,0.4418507385,0.4418507385
0.59595960,-2.21212121,0.3106042141,0,0.2020457272,0.4231405572,0.4231405572
0.60606061,-2.21212121,0.2464684254,0,0.1569396802,0.4054552661,0.4054552661
0.61616162,-2.21212121,0.1799355194,0,0.1122093051,0.3888874624,0.3888874624
0.62626263,-2.21212121,0.1116012504,0,0.0682049115,0.3735022129,0.3735022129
0.63636364,-2.21212121,0.0421340027,0,0.0252570806,0.3593361116,0.3593361116
0.64646465,-2.21212121,-0.0277541110,0,-0.0163348461,0.3463980608,0.3463980608
0.65656566,-2.21212121,-0.0973401158,0,-0.0563120414,0.3346715741,0.3346715741
0.66666667,-2.21212121,-0.1659235878,0,-0.0944625956,0.3241182532,0.3241182532
0.67676768,-2.21212121,-0.2328571687,0,-0.1306247784,0.3146820047,0.3146820047
0.68686869,-2.21212121,-0.2975713102,0,-0.1646872533,0.3062935548,0.3062935548
0.69696970,-2.21212121,-0.3595914073,0,-0.1965866428,0.2988748708,0.2988748708
0.70707071,-2.21212121,-0.4185466799,0,-0.2263030412,0.2923431876,0.2923431876
0.71717172,-2.21212121,-0.4741712787,0,-0.2538541588,0.2866144461,0.2866144461
0.72727273,-2.21212121,-0.5262989136,0,-0.2792887641,0.2816060503,0.2816060503
0.73737374,-2.21212121,-0.5748527537,0,-0.3026800013,0.2772389351,0.2772389351
0.74747475,-2.21212121,-0.6198324399,0,-0.3241190268,0.2734389946,0.2734389946
0.75757576,-2.21212121,-0.6612998708,0,-0.3437092703,0.2701379599,0.2701379599
0.76767677,-2.21212121,-0.6993650898,0,-0.3615614901,0.2672738290,0.2672738290
0.77777778,-2.21212121,-0.7341732048,0,-0.3777896882,0.2647909510,0.2647909510
0.78787879,-2.21212121,-0.7658929050,0,-0.3925078681,0.2626398618,0.2626398618
0.79797980,-2.21212121,-0.7947068292,0,-0.4058275690,0.2607769507,0.2607769507
0.80808081,-2.21212121,-0.8208038141,0,-0.4178560778,0.2591640244,0.2591640244
0.81818182,-2.21212121,-0.8443729005,0,-0.4286952122,0.2577678169,0.2577678169
0.82828283,-2.21212121,-0.8655988912,0,-0.4384405652,0.2565594848,0.2565594848
0.83838384,-2.21212121,-0.8846592197,0,-0.4471811123,0.2555141100,0.2555141100
0.84848485,-2.21212121,-0.9017218827,0,-0.4549990952,0.2546102292,0.2546102292
0.85858586,-2.21212121,-0.9169442117,0,-0.4619701065,0.2538293987,0.2538293987
0.86868687,-2.21212121,-0.9304722836,0,-0.4681633171,0.2531557995,0.2531557995
0.87878788,-2.21212121,-0.9424408034,0,-0.4736417983,0.2525758837,0.2525758837
0.88888889,-2.21212121,-0.9529733233,0,-0.4784629016,0.2520780626,0.2520780626
0.89898990,-2.21212121,-0.9621826913,0,-0.4826786693,0.2516524329,0.2516524329
0.90909091,-2.21212121,-0.9701716465,0,-0.4863362549,0.2512905379,0.2512905379
0.91919192,-2.21212121,-0.9770334989,0,-0.4894783390,0.2509851616,0.2509851616
0.92929293,-2.21212121,-0.9828528493,0,-0.4921435321,0.2507301506,0.2507301506
0.93939394,-2.21212121,-0.9877063148,0,-0.4943667553,0.2505202609,0.2505202609
0.94949495,-2.21212121,-0.9916632402,0,-0.4961795984,0.2503510268,0.2503510268
0.95959596,-2.21212121,-0.9947863778,0,-0.4976106500,0.2502186486,0.2502186486
0.96969697,-2.21212121,-0.9971325288,0,-0.4986858027,0.2501198965,0.2501198965
0.97979798,-2.21212121,-0.9987531392,0,-0.4994285301,0.2500520281,0.2500520281
0.98989899,-2.21212121,-0.9996948500,0,-0.4998601394,0.2500127185,0.2500127185
1.00000000,-2.21212121,-1.0000000000,0,-0.5000000000,0.2500000000,0.2500000000
0.00000000,-2.15151515,1.0000000000,0,1.0000000000,1.0000000000,1.0000000000
0.01010101,-2.15151515,0.9999997446,0,0.9999744006,0.9999493126,0.9999493126
0.02020202,-2.15151515,0.9999978905,0,0.9998944039,0.9997930371,0.9997930371
0.03030303,-2.15151515,0.9999926473,0,0.9997549092,0.9995245767,0.9995245767
0.04040404,-2.15151515,0.9999819947,0,0.9995503838,0.9991369489,0.9991369489
0.05050505,-2.15151515,0.9999636570,0,0.9992748260,0.9986227623,0.9986227623
0.06060606,-2.15151515,0.9999350756,0,0.9989217243,0.9979741928,0.9979741928
0.07070707,-2.15151515,0.9998933776,0,0.9984840136,0.9971829583,0.9971829583
0.08080808,-2.15151515,0.9998353410,0,0.9979540267,0.9962402921,0.9962402921
0.09090909,-2.15151515,0.9997573567,0,0.9973234417,0.9951369154,0.9951369154
0.10101010,-2.15151515,0.9996553847,0,0.9965832255,0.9938630080,0.9938630080
0.11111111,-2.15151515,0.9995249072,0,0.9957235711,0.9924081780,0.9924081780
0.12121212,-2.15151515,0.9993608739,0,0.9947338299,0.9907614306,0.9907614306
0.13131313,-2.15151515,0.9991576433,0,0.9936024383,0.9889111355,0.9889111355
0.14141414,-2.15151515,0.9989089152,0,0.9923168370,0.9868449934,0.9868449934
0.15151515,-2.15151515,0.9986076562,0,0.9908633844,0.9845500021,0.9845500021
0.16161616,-2.15151515,0.9982460158,0,0.9892272612,0.9820124217,0.9820124217
0.17171717,-2.15151515,0.9978152330,0,0.9873923682,0.9792177399,0.9792177399
0.18181818,-2.15151515,0.9973055307,0,0.9853412145,0.9761506378,0.9761506378
0.19191919,-2.15151515,0.9967059977,0,0.9830547971,0.9727949563,0.9727949563
0.20202020,-2.15151515,0.9960044565,0,0.9805124704,0.9691336643,0.9691336643
0.21212121,-2.15151515,0.9951873138,0,0.9776918059,0.9651488295,0.9651488295
0.22222222,-2.15151515,0.9942393933,0,0.9745684412,0.9608215928,0.9608215928
0.23232323,-2.15151515,0.9931437473,0,0.9711159183,0.9561321480,0.9561321480
0.24242424,-2.15151515,0.9918814446,0,0.9673055108,0.9510597281,0.9510597281
0.25252525,-2.15151515,0.9904313322,0,0.9631060412,0.9455826012,0.9455826012
0.26262626,-2.15151515,0.9887697663,0,0.9584836874,0.9396780774,0.9396780774
0.27272727,-2.15151515,0.9868703105,0,0.9534017806,0.9333225310,0.9333225310
0.28282828,-2.15151515,0.9847033962,0,0.9478205962,0.9264914417,0.9264914417
0.29292929,-2.15151515,0.9822359402,0,0.9416971395,0.9191594581,0.9191594581
0.30303030,-2.15151515,0.9794309171,0,0.9349849307,0.9113004917,0.9113004917
0.31313131,-2.15151515,0.9762468788,0,0.9276337936,0.9028878448,0.9028878448
0.32323232,-2.15151515,0.9726374184,0,0.9195896559,0.8938943828,0.8938943828
0.33333333,-2.15151515,0.9685505732,0,0.9107943680,0.8842927572,0.8842927572
0.34343434,-2.15151515,0.9639281624,0,0.9011855545,0.8740556920,0.8740556920
0.35353535,-2.15151515,0.9587050572,0,0.8906965117,0.8631563431,0.8631563431
0.36363636,-2.15151515,0.9528083818,0,0.8792561715,0.8515687441,0.8515687441
0.37373737,-2.15151515,0.9461566482,0,0.8667891544,0.8392683522,0.8392683522
0.38383838,-2.15151515,0.9386588302,0,0.8532159424,0.8262327080,0.8262327080
0.39393939,-2.15151515,0.9302133905,0,0.8384532065,0.8124422234,0.8124422234
0.40404040,-2.15151515,0.9207072832,0,0.8224143318,0.7978811091,0.7978811091
0.41414141,-2.15151515,0.9100149657,0,0.8050101902,0.7825384516,0.7825384516
0.42424242,-2.15151515,0.8979974723,0,0.7861502152,0.7664094427,0.7664094427
0.43434343,-2.15151515,0.8845016226,0,0.7657438419,0.7494967568,0.7494967568
0.44444444,-2.15151515,0.8693594663,0,0.7437023741,0.7318120578,0.7318120578
0.45454545,-2.15151515,0.8523880994,0,0.7199413409,0.7133776024,0.7133776024
0.46464646,-2.15151515,0.8333900285,0,0.6943833939,0.6942278830,0.6942278830
0.47474747,-2.15151515,0.8121543025,0,0.6669617771,0.6744112288,0.6744112288
0.48484848,-2.15151515,0.7884586783,0,0.6376243702,0.6539912532,0.6539912532
0.49494949,-2.15151515,0.7620731255,0,0.6063382541,0.6330480056,0.6330480056
0.50505051,-2.15151515,0.7327649968,0,0.5730946838,0.6116786593,0.6116786593
0.51515152,-2.15151515,0.7003061811,0,0.5379142669,0.5899975484,0.5899975484
0.52525253,-2.15151515,0.6644824931,0,0.5008520502,0.5681353670,0.5681353670
0.53535354,-2.15151515,0.6251054143,0,0.4620021152,0.5462373679,0.5462373679
0.54545455,-2.15151515,0.5820260665,0,0.4215011946,0.5244604568,0.5244604568
0.55555556,-2.15151515,0.5351509606,0,0.3795307688,0.5029691657,0.5029691657
0.56565657,-2.15151515,0.4844586284,0,0.3363171035,0.4819306165,0.4819306165
0.57575758,-2.15151515,0.4300157700,0,0.2921287766,0.4615087232,0.4615087232
0.58585859,-2.15151515,0.3719911031,0,0.2472714207,0.4418580200,0.4418580200
0.59595960,-2.15151515,0.3106648275,0,0.2020796752,0.4231176062,0.4231176062
0.60606061,-2.15151515,0.2464316356,0,0.1569066711,0.4054057444,0.4054057444
0.61616162,-2.15151515,0.1797956223,0,0.1121117064,0.3888156160,0.3888156160
0.62626263,-2.15151515,0.1113563077,0,0.0680470524,0.3734126193,0.3734126193
0.63636364,-2.15151515,0.0417861702,0,0.0250449942,0.3592334203,0.3592334203
0.64646465,-2.15151515,-0.0281986095,0,-0.0165937916,0.3462867518,0.3462867518
0.65656566,-2.15151515,-0.0978713746,0,-0.0566095812,0.3345557570,0.3345557570
0.66666667,-2.15151515,-0.1665287157,0,-0.0947900291,0.3240015204,0.3240015204
0.67676768,-2.15151515,-0.2335211991,0,-0.1309734086,0.3145673444,0.3145673444
0.68686869,-2.15151515,-0.2982782043,0,-0.1650487670,0.3061833208,0.3061833208
0.69696970,-2.15151515,-0.3603250281,0,-0.1969534097,0.2987707996,0.2987707996
0.70707071,-2.15151515,-0.4192916397,0,-0.2266683204,0.2922464517,0.2922464517
0.71717172,-2.15151515,-0.4749135955,0,-0.2542122156,0.2865257293,0.2865257293
0.72727273,-2.15151515,-0.5270264504,0,-0.2796349075,0.2815256337,0.2815256337
0.73737374,-2.15151515,-0.5755554491,0,-0.3030105581,0.2771667841,0.2771667841
0.74747475,-2.15151515,-0.6205023575,0,-0.3244312702,0.2733748401,0.2733748401
0.75757576,-2.15151515,-0.6619311116,0,-0.3440013192,0.2700813702,0.2700813702
0.76767677,-2.15151515,-0.6999536092,0,-0.3618321942,0.2672242686,0.2672242686
0.77777778,-2.15151515,-0.7347165765,0,-0.3780385091,0.2647478285,0.2647478285
0.78787879,-2.15151515,-0.7663900630,0,-0.3927347659,0.2626025661,0.2626025661
0.79797980,-2.15151515,-0.7951578128,0,-0.4060328980,0.2607448773,0.2607448773
0.80808081,-2.15151515,-0.8212095306,0,-0.4180404950,0.2591365931,0.2591365931
0.81818182,-2.15151515,-0.8447349157,0,-0.4288595991,0.2577444841,0.2577444841
0.82828283,-2.15151515,-0.8659192508,0,-0.4385859629,0.2565397493,0.2565397493
0.83838384,-2.15151515,-0.8849403018,0,-0.4473086692,0.2554975160,0.2554975160
0.84848485,-2.15151515,-0.9019662797,0,-0.4551100255,0.2545963669,0.2545963669
0.85858586,-2.15151515,-0.9171546381,0,-0.4620656579,0.2538179020,0.2538179020
0.86868687,-2.15151515,-0.9306515057,0,-0.4682447469,0.2531463437,0.2531463437
0.87878788,-2.15151515,-0.9425915881,0,-0.4737103555,0.2525681819,0.2525681819
0.88888889,-2.15151515,-0.9530984010,0,-0.4785198145,0.2520718621,0.2520718621
0.89898990,-2.15151515,-0.9622847311,0,-0.4827251371,0.2516475112,0.2516475112
0.90909091,-2.15151515,-0.9702532404,0,-0.4863734422,0.2512866994,0.2512866994
0.91919192,-2.15151515,-0.9770971529,0,-0.4895073735,0.2509822338,0.2509822338
0.92929293,-2.15151515,-0.9829009792,0,-0.4921655027,0.2507279810,0.2507279810
0.93939394,-2.15151515,-0.9877412466,0,-0.4943827130,0.2505187140,0.2505187140
0.94949495,-2.15151515,-0.9916872119,0,-0.4961905568,0.2503499816,0.2503499816
0.95959596,-2.15151515,-0.9948015439,0,-0.4976175875,0.2502179961,0.2502179961
0.96969697,-2.15151515,-0.9971409651,0,-0.4986896640,0.2501195375,0.2501195375
0.97979798,-2.15151515,-0.9987568485,0,-0.4994302287,0.2500518716,0.2500518716
0.98989899,-2.15151515,-0.9996957677,0,-0.4998605599,0.2500126800,0.2500126800
1.00000000,-2.15151515,-1.0000000000,0,-0.5000000000,0.2500000000,0.2500000000
0.00000000,-2.09090909,1.0000000000,0,1.0000000000,1.0000000000,1.0000000000
0.01010101,-2.09090909,0.9999997459,0,0.9999744883,0.9999494854,0.9999494854
0.02020202,-2.09090909,0.9999979013,0,0.9998947658,0.9997937393,0.9997937393
0.03030303,-2.09090909,0.9999926847,0,0.9997557493,0.9995261819,0.9995261819
0.04040404,-2.09090909,0.9999820857,0,0.9995519249,0.9991398479,0.9991398479
0.05050505,-2.09090909,0.9999638399,0,0.9992773109,0.9986273637,0.9986273637
0.06060606,-2.09090909,0.9999354008,0,0.9989254175,0.9979809231,0.9979809231
0.07070707,-2.09090909,0.9998939090,0,0.9984892025,0.9971922625,0.9971922625
0.08080808,-2.09090909,0.9998361575,0,0.9979610229,0.9962526337,0.9962526337
0.09090909,-2.09090909,0.9997585533,0,0.9973325834,0.9951527765,0.9951527765
0.10101010,-2.09090909,0.9996570749,0,0.9965948783,0.9938828894,0.9938828894
0.11111111,-2.09090909,0.9995272237,0,0.9957381301,0.9924325992,0.9924325992
0.12121212,-2.09090909,0.9993639714,0,0.9947517215,0.9907909294,0.9907909294
0.13131313,-2.09090909,0.9991616999,0,0.9936241217,0.9889462677,0.9889462677
0.14141414,-2.09090909,0.9989141350,0,0.9923428063,0.9868863322,0.9868863322
0.15151515,-2.09090909,0.9986142714,0,0.9908941699,0.9845981369,0.9845981369
0.16161616,-2.09090909,0.9982542893,0,0.9892634317,0.9820679574,0.9820679574
0.17171717,-2.09090909,0.9978254611,0,0.9874345322,0.9792812952,0.9792812952
0.18181818,-2.09090909,0.9973180458,0,0.9853900219,0.9762228433,0.9762228433
0.19191919,-2.09090909,0.9967211714,0,0.9831109404,0.9728764523,0.9728764523
0.20202020,-2.09090909,0.9960227028,0,0.9805766860,0.9692250977,0.9692250977
0.21212121,-2.09090909,0.9952090923,0,0.9777648747,0.9652508505,0.9652508505
0.22222222,-2.09090909,0.9942652128,0,0.9746511889,0.9609348508,0.9609348508
0.23232323,-2.09090909,0.9931741693,0,0.9712092152,0.9562572865,0.9562572865
0.24242424,-2.09090909,0.9919170869,0,0.9674102710,0.9511973789,0.9511973789
0.25252525,-2.09090909,0.9904728723,0,0.9632232206,0.9457333774,0.9457333774
0.26262626,-2.09090909,0.9888179453,0,0.9586142810,0.9398425652,0.9398425652
0.27272727,-2.09090909,0.9869259363,0,0.9535468182,0.9335012805,0.9335012805
0.28282828,-2.09090909,0.9847673462,0,0.9479811365,0.9266849553,0.9266849553
0.29292929,-2.09090909,0.9823091642,0,0.9418742624,0.9193681785,0.9193681785
0.30303030,-2.09090909,0.9795144387,0,0.9351797271,0.9115247869,0.9115247869
0.31313131,-2.09090909,0.9763417960,0,0.9278473526,0.9031279919,0.9031279919
0.32323232,-2.09090909,0.9727449030,0,0.9198230481,0.8941505488,0.8941505488
0.33333333,-2.09090909,0.9686718674,0,0.9110486257,0.8845649783,0.8845649783
0.34343434,-2.09090909,0.9640645738,0,0.9014616468,0.8743438504,0.8743438504
0.35353535,-2.09090909,0.9588579494,0,0.8909953148,0.8634601410,0.8634601410
0.36363636,-2.09090909,0.9529791612,0,0.8795784325,0.8518876761,0.8518876761
0.37373737,-2.09090909,0.9463467449,0,0.8671354494,0.8396016757,0.8396016757
0.38383838,-2.09090909,0.9388696719,0,0.8535866269,0.8265794123,0.8265794123
0.39393939,-2.09090909,0.9304463675,0,0.8388483583,0.8128009985,0.8128009985
0.40404040,-2.09090909,0.9209637028,0,0.8228336868,0.7982503153,0.7982503153
0.41414141,-2.09090909,0.9102959936,0,0.8054530699,0.7829160919,0.7829160919
0.42424242,-2.09090909,0.8983040586,0,0.7866154485,0.7667931401,0.7667931401
0.43434343,-2.09090909,0.8848344102,0,0.7662296821,0.7498837391,0.7498837391
0.44444444,-2.09090909,0.8697186790,0,0.7442064143,0.7321991539,0.7321991539
0.45454545,-2.09090909,0.8527734091,0,0.7204604323,0.7137612541,0.7137612541
0.46464646,-2.09090909,0.8338003998,0,0.6949135725,0.6946041762,0.6946041762
0.47474747,-2.09090909,0.8125878175,0,0.6674982084,0.6747759490,0.6747759490
0.48484848,-2.09090909,0.7889123458,0,0.6381613196,0.6543399692,0.6543399692
0.49494949,-2.09090909,0.7625426826,0,0.6068690966,0.6333761843,0.6333761843
0.50505051,-2.09090909,0.7332447185,0,0.5736119640,0.6119818117,0.6119818117
0.51515152,-2.09090909,0.7007887178,0,0.5384098217,0.5902714048,0.5902714048
0.52525253,-2.09090909,0.6649587644,0,0.5013172038,0.5683760745,0.5683760745
0.53535354,-2.09090909,0.6255645935,0,0.4624279508,0.5464416990,0.5464416990
0.54545455,-2.09090909,0.5824556940,0,0.4218789004,0.5246260123,0.5246260123
0.55555556,-2.09090909,0.5355372223,0,0.3798520456,0.5030945535,0.5030945535
0.56565657,-2.09090909,0.4847868281,0,0.3365746098,0.4820155836,0.4820155836
0.57575758,-2.09090909,0.4302710029,0,0.2923165757,0.4615542217,0.4615542217
0.58585859,-2.09090909,0.3721591116,0,0.2473853877,0.4418661924,0.4418661924
0.59595960,-2.09090909,0.3107329816,0,0.2021178161,0.4230916843,0.4230916843
0.60606061,-2.09090909,0.2463899441,0,0.1568693137,0.4053498673,0.4053498673
0.61616162,-2.09090909,0.1796376547,0,0.1120015326,0.3887345826,0.3887345826
0.62626263,-2.09090909,0.1110798960,0,0.0678689622,0.3733116025,0.3733116025
0.63636364,-2.09090909,0.0413937775,0,0.0248058121,0.3591176719,0.3591176719
0.64646465,-2.09090909,-0.0286999214,0,-0.0168857355,0.3461613294,0.3461613294
0.65656566,-2.09090909,-0.0984703867,0,-0.0569449484,0.3344252963,0.3344252963
0.66666667,-2.09090909,-0.1672108449,0,-0.0951589955,0.3238700704,0.3238700704
0.67676768,-2.09090909,-0.2342695313,0,-0.1313661606,0.3144382693,0.3144382693
0.68686869,-2.09090909,-0.2990746304,0,-0.1654559318,0.3060592670,0.3060592670
0.69696970,-2.09090909,-0.3611513461,0,-0.1973663909,0.2986537163,0.2986537163
0.70707071,-2.09090909,-0.4201305094,0,-0.2270795304,0.2921376514,0.2921376514
0.71717172,-2.09090909,-0.4757492765,0,-0.2546152055,0.2864259742,0.2864259742
0.72727273,-2.09090909,-0.5278452944,0,-0.2800244077,0.2814352330,0.2814352330
0.73737374,-2.09090909,-0.5763461544,0,-0.3033824473,0.2770856924,0.2770856924
0.74747475,-2.09090909,-0.6212560214,0,-0.3247824933,0.2733027496,0.2733027496
0.75757576,-2.09090909,-0.6626411272,0,-0.3443297733,0.2700177904,0.2700177904
0.76767677,-2.09090909,-0.7006154571,0,-0.3621365977,0.2671685940,0.2671685940
0.77777778,-2.09090909,-0.7353275563,0,-0.3783182682,0.2646993916,0.2646993916
0.78787879,-2.09090909,-0.7669490019,0,-0.3929898458,0.2625606779,0.2625606779
0.79797980,-2.09090909,-0.7956647774,0,-0.4062637058,0.2607088568,0.2607088568
0.80808081,-2.09090909,-0.8216655602,0,-0.4182477768,0.2591057878,0.2591057878
0.81818182,-2.09090909,-0.8451417865,0,-0.4290443519,0.2577182822,0.2577182822
0.82828283,-2.09090909,-0.8662792754,0,-0.4387493620,0.2565175875,0.2565175875
0.83838384,-2.09090909,-0.8852561635,0,-0.4474520096,0.2554788823,0.2554788823
0.84848485,-2.09090909,-0.9022409001,0,-0.4552346748,0.2545808005,0.2545808005
0.85858586,-2.09090909,-0.9173910741,0,-0.4621730209,0.2538049920,0.2538049920
0.86868687,-2.09090909,-0.9308528711,0,-0.4683362385,0.2531357253,0.2531357253
0.87878788,-2.09090909,-0.9427609955,0,-0.4737873808,0.2525595330,0.2525595330
0.88888889,-2.09090909,-0.9532389212,0,-0.4785837549,0.2520648989,0.2520648989
0.89898990,-2.09090909,-0.9623993653,0,-0.4827773408,0.2516419840,0.2516419840
0.90909091,-2.09090909,-0.9703449024,0,-0.4864152187,0.2512823885,0.2512823885
0.91919192,-2.09090909,-0.9771686592,0,-0.4895399899,0.2509789456,0.2509789456
0.92929293,-2.09090909,-0.9829550450,0,-0.4921901831,0.2507255442,0.2507255442
0.93939394,-2.09090909,-0.9877804854,0,-0.4944006383,0.2505169766,0.2505169766
0.94949495,-2.09090909,-0.9917141386,0,-0.4962028661,0.2503488076,0.2503488076
0.95959596,-2.09090909,-0.9948185791,0,-0.4976253800,0.2502172631,0.2502172631
0.96969697,-2.09090909,-0.9971504409,0,-0.4986940010,0.2501191342,0.2501191342
0.97979798,-2.09090909,-0.9987610147,0,-0.4994321365,0.2500516959,0.2500516959
0.98989899,-2.09090909,-0.9996967985,0,-0.4998610321,0.2500126369,0.2500126369
1.00000000,-2.09090909,-1.0000000000,0,-0.5000000000,0.2500000000,0.2500000000
0.00000000,-2.03030303,1.0000000000,0,1.0000000000,1.0000000000,1.0000000000
0.01010101,-2.03030303,0.9999997474,0,0.9999745867,0.9999496794,0.9999496794
0.02020202,-2.03030303,0.9999979133,0,0.9998951720,0.9997945275,0.9997945275
0.03030303,-2.03030303,0.9999927265,0,0.9997566922,0.9995279836,0.9995279836
0.04040404,-2.03030303,0.9999821878,0,0.9995536546,0.9991431019,0.9991431019
0.05050505,-2.03030303,0.9999640449,0,0.9992801000,0.9986325287,0.9986325287
0.06060606,-2.03030303,0.9999357653,0,0.9989295627,0.9979884780,0.9979884780
0.07070707,-2.03030303,0.9998945046,0,0.9984950262,0.9972027068,0.9972027068
0.08080808,-2.03030303,0.9998370726,0,0.9979688753,0.9962664879,0.9962664879
0.09090909,-2.03030303,0.9997598947,0,0.9973428437,0.9951705820,0.9951705820
0.10101010,-2.03030303,0.9996589693,0,0.9966079570,0.9939052087,0.9939052087
0.11111111,-2.03030303,0.9995298203,0,0.9957544707,0.9924600157,0.9924600157
0.12121212,-2.03030303,0.9993674435,0,0.9947718026,0.9908240473,0.9908240473
0.13131313,-2.03030303,0.9991662473,0,0.9936484589,0.9889857113,0.9889857113
0.14141414,-2.03030303,0.9989199866,0,0.9923719541,0.9869327453,0.9869327453
0.15151515,-2.03030303,0.9986216875,0,0.9909287239,0.9846521821,0.9846521821
0.16161616,-2.03030303,0.9982635649,0,0.9893040305,0.9821303145,0.9821303145
0.17171717,-2.03030303,0.9978369284,0,0.9874818591,0.9793526596,0.9793526596
0.18181818,-2.03030303,0.9973320777,0,0.9854448067,0.9763039240,0.9763039240
0.19191919,-2.03030303,0.9967381849,0,0.9831739611,0.9729679692,0.9729679692
0.20202020,-2.03030303,0.9960431622,0,0.9806487696,0.9693277785,0.9693277785
0.21212121,-2.03030303,0.9952335135,0,0.9778468985,0.9653654269,0.9653654269
0.22222222,-2.03030303,0.9942941668,0,0.9747440807,0.9610620536,0.9610620536
0.23232323,-2.03030303,0.9932082863,0,0.9713139532,0.9563978402,0.9563978402
0.24242424,-2.03030303,0.9919570603,0,0.9675278826,0.9513519952,0.9513519952
0.25252525,-2.03030303,0.9905194629,0,0.9633547806,0.9459027471,0.9459027471
0.26262626,-2.03030303,0.9888719853,0,0.9587609083,0.9400273496,0.9400273496
0.27272727,-2.03030303,0.9869883328,0,0.9537096713,0.9337021001,0.9337021001
0.28282828,-2.03030303,0.9848390849,0,0.9481614068,0.9269023781,0.9269023781
0.29292929,-2.03030303,0.9823913123,0,0.9420731655,0.9196027055,0.9196027055
0.30303030,-2.03030303,0.9796081463,0,0.9353984916,0.9117768356,0.9117768356
0.31313131,-2.03030303,0.9764482975,0,0.9280872055,0.9033978779,0.9033978779
0.32323232,-2.03030303,0.9728655157,0,0.9200851967,0.8944384647,0.8944384647
0.33333333,-2.03030303,0.9688079888,0,0.9113342349,0.8848709703,0.8848709703
0.34343434,-2.03030303,0.9642176749,0,0.9017718113,0.8746677915,0.8746677915
0.35353535,-2.03030303,0.9590295652,0,0.8913310256,0.8638017027,0.8638017027
0.36363636,-2.03030303,0.9531708756,0,0.8799405371,0.8522462966,0.8522462966
0.37373737,-2.03030303,0.9465601694,0,0.8675246037,0.8399765267,0.8399765267
0.38383838,-2.03030303,0.9391064163,0,0.8540032399,0.8269693641,0.8269693641
0.39393939,-2.03030303,0.9307080012,0,0.8392925279,0.8132045846,0.8132045846
0.40404040,-2.03030303,0.9212517031,0,0.8233051269,0.7986656980,0.7986656980
0.41414141,-2.03030303,0.9106116803,0,0.8059510292,0.7833410308,0.7833410308
0.42424242,-2.03030303,0.8986485109,0,0.7871386223,0.7672249660,0.7672249660
0.43434343,-2.03030303,0.8852083632,0,0.7667761178,0.7503193365,0.7503193365
0.44444444,-2.03030303,0.8701223986,0,0.7447734161,0.7326349564,0.7326349564
0.45454545,-2.03030303,0.8532065412,0,0.7210444678,0.7141932568,0.7141932568
0.46464646,-2.03030303,0.8342617960,0,0.6955101900,0.6950279702,0.6950279702
0.47474747,-2.03030303,0.8130753367,0,0.6681019726,0.6751867838,0.6751867838
0.48484848,-2.03030303,0.7894226377,0,0.6387657780,0.6547328463,0.6547328463
0.49494949,-2.03030303,0.7630709639,0,0.6074667886,0.6337459864,0.6337459864
0.50505051,-2.03030303,0.7337845558,0,0.5741944877,0.6123234676,0.6123234676
0.51515152,-2.03030303,0.7013318427,0,0.5389679713,0.5905800873,0.5905800873
0.52525253,-2.03030303,0.6654949517,0,0.5018411889,0.5686474241,0.5686474241
0.53535354,-2.03030303,0.6260816413,0,0.4629077035,0.5466720602,0.5466720602
0.54545455,-2.03030303,0.5829395498,0,0.4223044664,0.5248126647,0.5248126647
0.55555556,-2.03030303,0.5359722967,0,0.3802140458,0.5032359146,0.5032359146
0.56565657,-2.03030303,0.4851565278,0,0.3368647448,0.4821113596,0.4821113596
0.57575758,-2.03030303,0.4305584938,0,0.2925281337,0.4616054829,0.4616054829
0.58585859,-2.03030303,0.3723482875,0,0.2475137055,0.4418753575,0.4418753575
0.59595960,-2.03030303,0.3108095762,0,0.2021606421,0.4230624055,0.4230624055
0.60606061,-2.03030303,0.2463426779,0,0.1568270237,0.4052868235,0.4052868235
0.61616162,-2.03030303,0.1794592799,0,0.1118771660,0.3886431987,0.3886431987
0.62626263,-2.03030303,0.1107679901,0,0.0676680667,0.3731977245,0.3731977245
0.63636364,-2.03030303,0.0409511589,0,0.0245361094,0.3589872326,0.3589872326
0.64646465,-2.03030303,-0.0292652351,0,-0.0172148262,0.3460200381,0.3460200381
0.65656566,-2.03030303,-0.0991456844,0,-0.0573228746,0.3342783822,0.3342783822
0.66666667,-2.03030303,-0.1679796253,0,-0.0955746640,0.3237220957,0.3237220957
0.67676768,-2.03030303,-0.2351126770,0,-0.1318084991,0.3142930202,0.3142930202
0.68686869,-2.03030303,-0.2999716956,0,-0.1659143739,0.3059197172,0.3059197172
0.69696970,-2.03030303,-0.3620818013,0,-0.1978312550,0.2985220519,0.2985220519
0.70707071,-2.03030303,-0.4210748191,0,-0.2275422793,0.2920153404,0.2920153404
0.71717172,-2.03030303,-0.4766897279,0,-0.2550685909,0.2863138645,0.2863138645
0.72727273,-2.03030303,-0.5287665469,0,-0.2804625135,0.2813336634,0.2813336634
0.73737374,-2.03030303,-0.5772355218,0,-0.3038006530,0.2769946038,0.2769946038
0.74747475,-2.03030303,-0.6221035253,0,-0.3251773799,0.2732217887,0.2732217887
0.75757576,-2.03030303,-0.6634393757,0,-0.3446989926,0.2699464004,0.2699464004
0.76767677,-2.03030303,-0.7013594069,0,-0.3624787247,0.2671060899,0.2671060899
0.77777778,-2.03030303,-0.7360142078,0,-0.3786326498,0.2646450199,0.2646450199
0.78787879,-2.03030303,-0.7675770695,0,-0.3932764559,0.2625136621,0.2625136621
0.79797980,-2.03030303,-0.7962343646,0,-0.4065230130,0.2606684304,0.2606684304
0.80808081,-2.03030303,-0.8221778593,0,-0.4184806286,0.2590712163,0.2590712163
0.81818182,-2.03030303,-0.8455988133,0,-0.4292518764,0.2576888782,0.2576888782
0.82828283,-2.03030303,-0.8666836441,0,-0.4389328859,0.2564927179,0.2564927179
0.83838384,-2.03030303,-0.8856109015,0,-0.4476129925,0.2554579720,0.2554579720
0.84848485,-2.03030303,-0.9025492996,0,-0.4553746572,0.2545633324,0.2545633324
0.85858586,-2.03030303,-0.9176565764,0,-0.4622935838,0.2537905046,0.2537905046
0.86868687,-2.03030303,-0.9310789792,0,-0.4684389734,0.2531238093,0.2531238093
0.87878788,-2.03030303,-0.9429512099,0,-0.4738738677,0.2525498269,0.2525498269
0.88888889,-2.03030303,-0.9533966939,0,-0.4786555465,0.2520570844,0.2520570844
0.89898990,-2.03030303,-0.9625280689,0,-0.4828359524,0.2516357810,0.2516357810
0.90909091,-2.03030303,-0.9704478107,0,-0.4864621214,0.2512775504,0.2512775504
0.91919192,-2.03030303,-0.9772489363,0,-0.4895766075,0.2509752551,0.2509752551
0.92929293,-2.03030303,-0.9830157405,0,-0.4922178903,0.2507228092,0.2507228092
0.93939394,-2.03030303,-0.9878245346,0,-0.4944207614,0.2505150265,0.2505150265
0.94949495,-2.03030303,-0.9917443655,0,-0.4962166842,0.2503474899,0.2503474899
0.95959596,-2.03030303,-0.9948377017,0,-0.4976341273,0.2502164404,0.2502164404
0.96969697,-2.03030303,-0.9971610774,0,-0.4986988694,0.2501186817,0.2501186817
0.97979798,-2.03030303,-0.9987656911,0,-0.4994342781,0.2500514987,0.2500514987
0.98989899,-2.03030303,-0.9996979554,0,-0.4998615622,0.2500125884,0.2500125884
1.00000000,-2.03030303,-1.0000000000,0,-0.5000000000,0.2500000000,0.2500000000
0.00000000,-1.96969697,1.0000000000,0,1.0000000000,1.0000000000,1.0000000000
0.01010101,-1.96969697,0.9999997490,0,0.9999746972,0.9999498969,0.9999498969
0.02020202,-1.96969697,0.9999979268,0,0.9998956276,0.9997954116,0.9997954116
0.03030303,-1.96969697,0.9999927734,0,0.9997577498,0.9995300046,0.9995300046
0.04040404,-1.96969697,0.9999823020,0,0.9995555945,0.9991467519,0.9991467519
0.05050505,-1.96969697,0.9999642745,0,0.9992832280,0.9986383222,0.9986383222
0.06060606,-1.96969697,0.9999361735,0,0.9989342116,0.9979969524,0.9979969524
0.07070707,-1.96969697,0.9998951716,0,0.9985015578,0.9972144227,0.9972144227
0.08080808,-1.96969697,0.9998380974,0,0.9979776820,0.9962820291,0.9962820291
0.09090909,-1.96969697,0.9997613968,0,0.9973543510,0.9951905562,0.9951905562
0.10101010,-1.96969697,0.9996610909,0,0.9966226253,0.9939302471,0.9939302471
0.11111111,-1.96969697,0.9995327283,0,0.9957727975,0.9924907732,0.9924907732
0.12121212,-1.96969697,0.9993713321,0,0.9947943247,0.9908612021,0.9908612021
0.13131313,-1.96969697,0.9991713405,0,0.9936757546,0.9890299643,0.9890299643
0.14141414,-1.96969697,0.9989265406,0,0.9924046456,0.9869848196,0.9869848196
0.15151515,-1.96969697,0.9986299942,0,0.9909674795,0.9847128217,0.9847128217
0.16161616,-1.96969697,0.9982739548,0,0.9893495666,0.9822002829,0.9822002829
0.17171717,-1.96969697,0.9978497738,0,0.9875349425,0.9794327381,0.9794327381
0.18181818,-1.96969697,0.9973477967,0,0.9855062566,0.9763949093,0.9763949093
0.19191919,-1.96969697,0.9967572448,0,0.9832446505,0.9730706704,0.9730706704
0.20202020,-1.96969697,0.9960660838,0,0.9807296271,0.9694430139,0.9694430139
0.21212121,-1.96969697,0.9952608750,0,0.9779389091,0.9654940192,0.9654940192
0.22222222,-1.96969697,0.9943266086,0,0.9748482863,0.9612048250,0.9612048250
0.23232323,-1.96969697,0.9932465151,0,0.9714314524,0.9565556062,0.9565556062
0.24242424,-1.96969697,0.9920018541,0,0.9676598297,0.9515255571,0.9515255571
0.25252525,-1.96969697,0.9905716752,0,0.9635023834,0.9460928834,0.9460928834
0.26262626,-1.96969697,0.9889325498,0,0.9589254245,0.9402348057,0.9402348057
0.27272727,-1.96969697,0.9870582677,0,0.9538924034,0.9339275765,0.9339275765
0.28282828,-1.96969697,0.9849194968,0,0.9483636948,0.9271465166,0.9271465166
0.29292929,-1.96969697,0.9824833992,0,0.9422963775,0.9198660730,0.9198660730
0.30303030,-1.96969697,0.9797132002,0,0.9356440107,0.9120599061,0.9120599061
0.31313131,-1.96969697,0.9765677050,0,0.9283564140,0.9037010115,0.9037010115
0.32323232,-1.96969697,0.9730007574,0,0.9203794556,0.8947618839,0.8947618839
0.33333333,-1.96969697,0.9689606354,0,0.9116548585,0.8852147335,0.8852147335
0.34343434,-1.96969697,0.9643893811,0,0.9021200364,0.8750317636,0.8750317636
0.35353535,-1.96969697,0.9592220580,0,0.8917079738,0.8641855220,0.8641855220
0.36363636,-1.96969697,0.9533859382,0,0.8803471695,0.8526493401,0.8526493401
0.37373737,-1.96969697,0.9467996172,0,0.8679616679,0.8403978720,0.8403978720
0.38383838,-1.96969697,0.9393720645,0,0.8544712072,0.8274077502,0.8274077502
0.39393939,-1.96969697,0.9310016208,0,0.8397915213,0.8136583715,0.8136583715
0.40404040,-1.96969697,0.9215749640,0,0.8238348390,0.7991328281,0.7991328281
0.41414141,-1.96969697,0.9109660772,0,0.8065106306,0.7838189927,0.7838189927
0.42424242,-1.96969697,0.8990352701,0,0.7877266615,0.7677107643,0.7677107643
0.43434343,-1.96969697,0.8856283268,0,0.7673904152,0.7508094722,0.7508094722
0.44444444,-1.96969697,0.8705758828,0,0.7454109550,0.7331254203,0.7331254203
0.45454545,-1.96969697,0.8536931675,0,0.7217012892,0.7146795429,0.7146795429
0.46464646,-1.96969697,0.8347802935,0,0.6961812976,0.6955051142,0.6955051142
0.47474747,-1.96969697,0.8136233183,0,0.6687812595,0.6756494320,0.6756494320
0.48484848,-1.96969697,0.7899963555,0,0.6394459869,0.6551753610,0.6551753610
0.49494949,-1.96969697,0.7636650546,0,0.6081395207,0.6341625910,0.6341625910
0.50505051,-1.96969697,0.7343917943,0,0.5748502764,0.6127084328,0.6127084328
0.51515152,-1.96969697,0.7019429315,0,0.5395964363,0.5909279547,0.5909279547
0.52525253,-1.96969697,0.6660983799,0,0.5024312831,0.5689532595,0.5689532595
0.53535354,-1.96969697,0.6266636604,0,0.4634480591,0.5469317220,0.5469317220
0.54545455,-1.96969697,0.5834843130,0,0.4227838377,0.5250230665,0.5250230665
0.55555556,-1.96969697,0.5364622119,0,0.3806218319,0.5033952560,0.5033952560
0.56565657,-1.96969697,0.4855728601,0,0.3371915622,0.4822192986,0.4822192986
0.57575758,-1.96969697,0.4308822283,0,0.2927663924,0.4616632223,0.4616632223
0.58585859,-1.96969697,0.3725612286,0,0.2476581333,0.4418856274,0.4418856274
0.59595960,-1.96969697,0.3108956083,0,0.2022086962,0.4230293335,0.4230293335
0.60606061,-1.96969697,0.2462890672,0,0.1567791356,0.4052156997,0.4052156997
0.61616162,-1.96969697,0.1792578589,0,0.1117367821,0.3885401567,0.3885401567
0.62626263,-1.96969697,0.1104160563,0,0.0674414703,0.3730693721,0.3730693721
0.63636364,-1.96969697,0.0404519420,0,0.0242320393,0.3588402719,0.3588402719
0.64646465,-1.96969697,-0.0299026264,0,-0.0175857169,0.3458609144,0.3458609144
0.65656566,-1.96969697,-0.0999068424,0,-0.0577486605,0.3341129928,0.3341129928
0.66666667,-1.96969697,-0.1688458734,0,-0.0960428188,0.3235555801,0.3235555801
0.67676768,-1.96969697,-0.2360624049,0,-0.1323065314,0.3141296378,0.3141296378
0.68686869,-1.96969697,-0.3009818187,0,-0.1664303747,0.3057628076,0.3057628076
0.69696970,-1.96969697,-0.3631291691,0,-0.1983543234,0.2983740644,0.2983740644
0.70707071,-1.96969697,-0.4221374290,0,-0.2280628138,0.2918779148,0.2918779148
0.71717172,-1.96969697,-0.4777476556,0,-0.2555784493,0.2861879424,0.2861879424
0.72727273,-1.96969697,-0.5298025602,0,-0.2809550591,0.2812196142,0.2812196142
0.73737374,-1.96969697,-0.5782353911,0,-0.3042707105,0.2768923509,0.2768923509
0.74747475,-1.96969697,-0.6230560765,0,-0.3256211268,0.2731309263,0.2731309263
0.75757576,-1.96969697,-0.6643363489,0,-0.3451138109,0.2698662959,0.2698662959
0.76767677,-1.96969697,-0.7021951826,0,-0.3628630333,0.2670359681,0.2670359681
0.77777778,-1.96969697,-0.7367854615,0,-0.3789857333,0.2645840303,0.2645840303
0.78787879,-1.96969697,-0.7682823983,0,-0.3935983009,0.2624609298,0.2624609298
0.79797980,-1.96969697,-0.7968739209,0,-0.4068141599,0.2606230925,0.2606230925
0.80808081,-1.96969697,-0.8227530125,0,-0.4187420411,0.2590324474,0.2590324474
0.81818182,-1.96969697,-0.8461118524,0,-0.4294848307,0.2576559056,0.2576559056
0.82828283,-1.96969697,-0.8671375250,0,-0.4391388798,0.2564648307,0.2564648307
0.83838384,-1.96969697,-0.8860090393,0,-0.4477936709,0.2554345249,0.2554345249
0.84848485,-1.96969697,-0.9028954028,0,-0.4555317545,0.2545437449,0.2545437449
0.85858586,-1.96969697,-0.9179545177,0,-0.4624288787,0.2537742593,0.2537742593
0.86868687,-1.96969697,-0.9313326982,0,-0.4685542553,0.2531104472,0.2531104472
0.87878788,-1.96969697,-0.9431646407,0,-0.4739709122,0.2525389427,0.2525389427
0.88888889,-1.96969697,-0.9535737150,0,-0.4787360981,0.2520483211,0.2520483211
0.89898990,-1.96969697,-0.9626724684,0,-0.4829017130,0.2516288245,0.2516288245
0.90909091,-1.96969697,-0.9705632646,0,-0.4865147429,0.2512721244,0.2512721244
0.91919192,-1.96969697,-0.9773389967,0,-0.4896176881,0.2509711161,0.2509711161
0.92929293,-1.96969697,-0.9830838307,0,-0.4922489734,0.2507197418,0.2507197418
0.93939394,-1.96969697,-0.9878739488,0,-0.4944433355,0.2505128393,0.2505128393
0.94949495,-1.96969697,-0.9917782729,0,-0.4962321849,0.2503460120,0.2503460120
0.95959596,-1.96969697,-0.9948591519,0,-0.4976439395,0.2502155176,0.2502155176
0.96969697,-1.96969697,-0.9971730084,0,-0.4987043302,0.2501181740,0.2501181740
0.97979798,-1.96969697,-0.9987709365,0,-0.4994366801,0.2500512775,0.2500512775
0.98989899,-1.96969697,-0.9996992531,0,-0.4998621567,0.2500125341,0.2500125341
1.00000000,-1.96969697,-1.0000000000,0,-0.5000000000,0.2500000000,0.2500000000
0.00000000,-1.90909091,1.0000000000,0,1.0000000000,1.0000000000,1.0000000000
0.01010101,-1.90909091,0.9999997508,0,0.9999748209,0.9999501407,0.9999501407
0.02020202,-1.90909091,0.9999979419,0,0.9998961381,0.9997964024,0.9997964024
0.03030303,-1.90909091,0.9999928258,0,0.9997589349,0.9995322695,0.9995322695
0.04040404,-1.90909091,0.9999824298,0,0.9995577684,0.9991508426,0.9991508426
0.05050505,-1.90909091,0.9999645313,0,0.9992867333,0.9986448155,0.9986448155
0.06060606,-1.90909091,0.9999366300,0,0.9989394213,0.9980064507,0.9980064507
0.07070707,-1.90909091,0.9998959177,0,0.9985088771,0.9972275542,0.9972275542
0.08080808,-1.90909091,0.9998392438,0,0.9979875509,0.9962994487,0.9962994487
0.09090909,-1.90909091,0.9997630772,0,0.9973672462,0.9952129452,0.9952129452
0.10101010,-1.90909091,0.9996634644,0,0.9966390628,0.9939583135,0.9939583135
0.11111111,-1.90909091,0.9995359818,0,0.9957933348,0.9925252515,0.9925252515
0.12121212,-1.90909091,0.9993756829,0,0.9948195635,0.9909028530,0.9909028530
0.13131313,-1.90909091,0.9991770391,0,0.9937063432,0.9890795743,0.9890795743
0.14141414,-1.90909091,0.9989338741,0,0.9924412815,0.9870432000,0.9870432000
0.15151515,-1.90909091,0.9986392893,0,0.9910109118,0.9847808075,0.9847808075
0.16161616,-1.90909091,0.9982855814,0,0.9894005986,0.9822787311,0.9822787311
0.17171717,-1.90909091,0.9978641490,0,0.9875944341,0.9795225260,0.9795225260
0.18181818,-1.90909091,0.9973653885,0,0.9855751263,0.9764969316,0.9764969316
0.19191919,-1.90909091,0.9967785767,0,0.9833238776,0.9731858360,0.9731858360
0.20202020,-1.90909091,0.9960917390,0,0.9808202533,0.9695722422,0.9695722422
0.21212121,-1.90909091,0.9952915016,0,0.9780420394,0.9656382350,0.9656382350
0.22222222,-1.90909091,0.9943629239,0,0.9749650901,0.9613649529,0.9613649529
0.23232323,-1.90909091,0.9932893111,0,0.9715631629,0.9567325637,0.9567325637
0.24242424,-1.90909091,0.9920520027,0,0.9678077428,0.9517202461,0.9517202461
0.25252525,-1.90909091,0.9906301334,0,0.9636678555,0.9463061808,0.9463061808
0.26262626,-1.90909091,0.9890003644,0,0.9591098686,0.9404675518,0.9404675518
0.27272727,-1.90909091,0.9871365806,0,0.9540972832,0.9341805619,0.9341805619
0.28282828,-1.90909091,0.9850095494,0,0.9485905170,0.9274204664,0.9274204664
0.29292929,-1.90909091,0.9825865357,0,0.9425466807,0.9201616292,0.9201616292
0.30303030,-1.90909091,0.9798308707,0,0.9359193516,0.9123776070,0.9123776070
0.31313131,-1.90909091,0.9767014664,0,0.9286583493,0.9040412683,0.9040412683
0.32323232,-1.90909091,0.9731522723,0,0.9207095191,0.8951249541,0.8951249541
0.33333333,-1.90909091,0.9691316691,0,0.9120145332,0.8856006912,0.8856006912
0.34343434,-1.90909091,0.9645817932,0,0.9025107194,0.8754404658,0.8754404658
0.35353535,-1.90909091,0.9594377912,0,0.8921309345,0.8646165727,0.8646165727
0.36363636,-1.90909091,0.9536269992,0,0.8808034989,0.8531020500,0.8531020500
0.37373737,-1.90909091,0.9470680505,0,0.8684522186,0.8408712158,0.8408712158
0.38383838,-1.90909091,0.9396699162,0,0.8549965235,0.8279003222,0.8279003222
0.39393939,-1.90909091,0.9313308897,0,0.8403517578,0.8141683405,0.8141683405
0.40404040,-1.90909091,0.9219375375,0,0.8244296681,0.7996578924,0.7996578924
0.41414141,-1.90909091,0.9113636487,0,0.8071391396,0.7843563394,0.7843563394
0.42424242,-1.90909091,0.8994692341,0,0.7883872391,0.7682570353,0.7682570353
0.43434343,-1.90909091,0.8860996491,0,0.7680806317,0.7513607400,0.7513607400
0.44444444,-1.90909091,0.8710849409,0,0.7461274391,0.7336771806,0.7336771806
0.45454545,-1.90909091,0.8542395605,0,0.7224396075,0.7152267284,0.7152267284
0.46464646,-1.90909091,0.8353626190,0,0.6969358473,0.6960421368,0.6960421368
0.47474747,-1.90909091,0.8142389197,0,0.6695451831,0.6761702598,0.6761702598
0.48484848,-1.90909091,0.7906410449,0,0.6402111258,0.6556736363,0.6556736363
0.49494949,-1.90909091,0.7643328238,0,0.6088964235,0.6346317934,0.6346317934
0.50505051,-1.90909091,0.7350745350,0,0.5755882801,0.6131420889,0.6131420889
0.51515152,-1.90909091,0.7026301939,0,0.5403038384,0.5913198912,0.5913198912
0.52525253,-1.90909091,0.6667772113,0,0.5030956191,0.5692978903,0.5692978903
0.53535354,-1.90909091,0.6273185731,0,0.4640564935,0.5472243528,0.5472243528
0.54545455,-1.90909091,0.5840974397,0,0.4233236647,0.5252601933,0.5252601933
0.55555556,-1.90909091,0.5370137022,0,0.3810810684,0.5035748291,0.5035748291
0.56565657,-1.90909091,0.4860415603,0,0.3375595967,0.4823409185,0.4823409185
0.57575758,-1.90909091,0.4312466595,0,0.2930346405,0.4617282398,0.4617282398
0.58585859,-1.90909091,0.3728008330,0,0.2478206328,0.4418971241,0.4418971241
0.59595960,-1.90909091,0.3109921802,0,0.2022625755,0.4229919750,0.4229919750
0.60606061,-1.90909091,0.2462282307,0,0.1567248913,0.4051354681,0.4051354681
0.61616162,-1.90909091,0.1790304125,0,0.1115783240,0.3884239880,0.3884239880
0.62626263,-1.90909091,0.1100189902,0,0.0671859172,0.3729247362,0.3729247362
0.63636364,-1.90909091,0.0398889631,0,0.0238892846,0.3586747408,0.3586747408
0.64646465,-1.90909091,-0.0306211619,0,-0.0180036226,0.3456817637,0.3456817637
0.65656566,-1.90909091,-0.1007645962,0,-0.0582282387,0.3339268727,0.3339268727
0.66666667,-1.90909091,-0.1698217009,0,-0.0965699249,0.3233682786,0.3233682786
0.67676768,-1.90909091,-0.2371318743,0,-0.1328670744,0.3139459441,0.3139459441
0.68686869,-1.90909091,-0.3021188670,0,-0.1670109352,0.3055864695,0.3055864695
0.69696970,-1.90909091,-0.3643076943,0,-0.1989426326,0.2982078240,0.2982078240
0.70707071,-1.90909091,-0.4233326579,0,-0.2286480785,0.2917236008,0.2917236008
0.71717172,-1.90909091,-0.4789371875,0,-0.2561515293,0.2860465981,0.2860465981
0.72727273,-1.90909091,-0.5309670509,0,-0.2815085154,0.2810916401,0.2810916401
0.73737374,-1.90909091,-0.5793588929,0,-0.3047987522,0.2767776479,0.2767776479
0.74747475,-1.90909091,-0.6241260905,0,-0.3261194860,0.2730290278,0.2730290278
0.75757576,-1.90909091,-0.6653436568,0,-0.3455795737,0.2697764824,0.2697764824
0.76767677,-1.90909091,-0.7031335345,0,-0.3632944494,0.2669573624,0.2669573624
0.77777778,-1.90909091,-0.7376511820,0,-0.3793820224,0.2645156727,0.2645156727
0.78787879,-1.90909091,-0.7690739644,0,-0.3939594685,0.2624018346,0.2624018346
0.79797980,-1.90909091,-0.7975915490,0,-0.4071408301,0.2605722891,0.2605722891
0.80808081,-1.90909091,-0.8233982783,0,-0.4190353102,0.2589890079,0.2589890079
0.81818182,-1.90909091,-0.8466873563,0,-0.4297461434,0.2576189625,0.2576189625
0.82828283,-1.90909091,-0.8676466094,0,-0.4393699262,0.2564335865,0.2564335865
0.83838384,-1.90909091,-0.8864555561,0,-0.4479963047,0.2554082554,0.2554082554
0.84848485,-1.90909091,-0.9032835283,0,-0.4557079274,0.2545217998,0.2545217998
0.85858586,-1.90909091,-0.9182886085,0,-0.4625805910,0.2537560583,0.2537560583
0.86868687,-1.90909091,-0.9316171820,0,-0.4686835179,0.2530954761,0.2530954761
0.87878788,-1.90909091,-0.9434039372,0,-0.4740797193,0.2525267475,0.2525267475
0.88888889,-1.90909091,-0.9537721789,0,-0.4788264086,0.2520385020,0.2520385020
0.89898990,-1.90909091,-0.9628343514,0,-0.4829754369,0.2516210297,0.2516210297
0.90909091,-1.90909091,-0.9706926918,0,-0.4865737340,0.2512660444,0.2512660444
0.91919192,-1.90909091,-0.9774399530,0,-0.4896637395,0.2509664780,0.2509664780
0.92929293,-1.90909091,-0.9831601557,0,-0.4922838161,0.2507163044,0.2507163044
0.93939394,-1.90909091,-0.9879293372,0,-0.4944686391,0.2505103883,0.2505103883
0.94949495,-1.90909091,-0.9918162782,0,-0.4962495592,0.2503443557,0.2503443557
0.95959596,-1.90909091,-0.9948831938,0,-0.4976549372,0.2502144835,0.2502144835
0.96969697,-1.90909091,-0.9971863804,0,-0.4987104506,0.2501176051,0.2501176051
0.97979798,-1.90909091,-0.9987768152,0,-0.4994393722,0.2500510296,0.2500510296
0.98989899,-1.90909091,-0.9997007074,0,-0.4998628230,0.2500124732,0.2500124732
1.00000000,-1.90909091,-1.0000000000,0,-0.5000000000,0.2500000000,0.2500000000
0.00000000,-1.84848485,1.0000000000,0,1.0000000000,1.0000000000,1.0000000000
0.01010101,-1.84848485,0.9999997529,0,0.9999749594,0.9999504137,0.9999504137
0.02020202,-1.84848485,0.9999979588,0,0.9998967097,0.9997975117,0.9997975117
0.03030303,-1.84848485,0.9999928844,0,0.9997602617,0.9995348055,0.9995348055
0.04040404,-1.84848485,0.9999825726,0,0.9995602023,0.9991554231,0.9991554231
0.05050505,-1.84848485,0.9999648182,0,0.9992906578,0.9986520864,0.9986520864
0.06060606,-1.84848485,0.9999371401,0,0.9989452538,0.9980170866,0.9980170866
0.07070707,-1.84848485,0.9998967514,0,0.9985170715,0.9972422592,0.9972422592
0.08080808,-1.84848485,0.9998405247,0,0.9979985997,0.9963189562,0.9963189562
0.09090909,-1.84848485,0.9997649550,0,0.9973816832,0.9952380185,0.9952380185
0.10101010,-1.84848485,0.9996661168,0,0.9966574657,0.9939897460,0.9939897460
0.11111111,-1.84848485,0.9995396177,0,0.9958163280,0.9925638663,0.9925638663
0.12121212,-1.84848485,0.9993805452,0,0.9948478206,0.9909495028,0.9909495028
0.13131313,-1.84848485,0.9991834081,0,0.9937405903,0.9891351407,0.9891351407
0.14141414,-1.84848485,0.9989420707,0,0.9924822997,0.9871085927,0.9871085927
0.15151515,-1.84848485,0.9986496789,0,0.9910595402,0.9848569628,0.9848569628
0.16161616,-1.84848485,0.9982985777,0,0.9894577371,0.9823666106,0.9823666106
0.17171717,-1.84848485,0.9978802185,0,0.9876610460,0.9796231138,0.9796231138
0.18181818,-1.84848485,0.9973850548,0,0.9856522409,0.9766112318,0.9766112318
0.19191919,-1.84848485,0.9968024254,0,0.9834125925,0.9733148691,0.9733148691
0.20202020,-1.84848485,0.9961204231,0,0.9809217359,0.9697170404,0.9697170404
0.21212121,-1.84848485,0.9953257460,0,0.9781575289,0.9657998375,0.9657998375
0.22222222,-1.84848485,0.9944035318,0,0.9750958976,0.9615443988,0.9615443988
0.23232323,-1.84848485,0.9933371693,0,0.9717106715,0.9569308846,0.9569308846
0.24242424,-1.84848485,0.9921080875,0,0.9679734066,0.9519384570,0.9519384570
0.25252525,-1.84848485,0.9906955164,0,0.9638531968,0.9465452692,0.9465452692
0.26262626,-1.84848485,0.9890762186,0,0.9593164737,0.9407284646,0.9407284646
0.27272727,-1.84848485,0.9872241857,0,0.9543267961,0.9344641912,0.9344641912
0.28282828,-1.84848485,0.9851102965,0,0.9488446306,0.9277276316,0.9277276316
0.29292929,-1.84848485,0.9827019321,0,0.9428271249,0.9204930573,0.9204930573
0.30303030,-1.84848485,0.9799625427,0,0.9362278776,0.9127339099,0.9127339099
0.31313131,-1.84848485,0.9768511607,0,0.9289967096,0.9044229158,0.9044229158
0.32323232,-1.84848485,0.9733218553,0,0.9210794421,0.8955322450,0.8955322450
0.33333333,-1.84848485,0.9693231226,0,0.9124176916,0.8860337190,0.8860337190
0.34343434,-1.84848485,0.9647972069,0,0.9029486917,0.8758990819,0.8758990819
0.35353535,-1.84848485,0.9596793486,0,0.8926051575,0.8651003450,0.8651003450
0.36363636,-1.84848485,0.9538969577,0,0.8813152116,0.8536102177,0.8536102177
0.37373737,-1.84848485,0.9473687121,0,0.8690023947,0.8414026419,0.8414026419
0.38383838,-1.84848485,0.9400035867,0,0.8555857924,0.8284534426,0.8284534426
0.39393939,-1.84848485,0.9316998246,0,0.8409803138,0.8147411128,0.8147411128
0.40404040,-1.84848485,0.9223438703,0,0.8250971661,0.8002477454,0.8002477454
0.41414141,-1.84848485,0.9118092982,0,0.8078445786,0.7849601262,0.7849601262
0.42424242,-1.84848485,0.8999557875,0,0.7891288348,0.7688709939,0.7688709939
0.43434343,-1.84848485,0.8866282154,0,0.7688556803,0.7519804656,0.7519804656
0.44444444,-1.84848485,0.8716559722,0,0.7469321777,0.7342976159,0.7342976159
0.45454545,-1.84848485,0.8548526374,0,0.7232690775,0.7158421778,0.7158421778
0.46464646,-1.84848485,0.8360161994,0,0.6977837706,0.6966463128,0.6966463128
0.47474747,-1.84848485,0.8149300526,0,0.6704038650,0.6767563683,0.6767563683
0.48484848,-1.84848485,0.7913650571,0,0.6410714000,0.6562345087,0.6562345087
0.49494949,-1.84848485,0.7650829917,0,0.6097476587,0.6351600700,0.6351600700
0.50505051,-1.84848485,0.7358417662,0,0.5764184691,0.6136304551,0.6136304551
0.51515152,-1.84848485,0.7034027507,0,0.5410997904,0.5917613641,0.5917613641
0.52525253,-1.84848485,0.6675405244,0,0.5038432721,0.5696861436,0.5696861436
0.53535354,-1.84848485,0.6280552012,0,0.4647413547,0.5475540632,0.5475540632
0.54545455,-1.84848485,0.5847872409,0,0.4239313778,0.5255273807,0.5255273807
0.55555556,-1.84848485,0.5376342793,0,0.3815980853,0.5037771570,0.5037771570
0.56565657,-1.84848485,0.4865690291,0,0.3379739155,0.4824779190,0.4824779190
0.57575758,-1.84848485,0.4316567563,0,0.2933365495,0.4618014288,0.4618014288
0.58585859,-1.84848485,0.3730703288,0,0.2480033886,0.4419099800,0.4419099800
0.59595960,-1.84848485,0.3111005064,0,0.2023229347,0.4229497722,0.4229497722
0.60606061,-1.84848485,0.2461591584,0,0.1566634267,0.4050449727,0.4050449727
0.61616162,-1.84848485,0.1787735781,0,0.1113994735,0.3882930450,0.3882930450
0.62626263,-1.84848485,0.1095710481,0,0.0668977499,0.3727617910,0.3727617910
0.63636364,-1.84848485,0.0392541754,0,0.0235030044,0.3584883488,0.3584883488
0.64646465,-1.84848485,-0.0314310116,0,-0.0184743812,0.3454801375,0.3454801375
0.65656566,-1.84848485,-0.1017309703,0,-0.0587682399,0.3337175102,0.3337175102
0.66666667,-1.84848485,-0.1709206532,0,-0.0971631969,0.3231576960,0.3231576960
0.67676768,-1.84848485,-0.2383357795,0,-0.1334977238,0.3137395235,0.3137395235
0.68686869,-1.84848485,-0.3033983003,0,-0.1676638449,0.3053884135,0.3053884135
0.69696970,-1.84848485,-0.3656332318,0,-0.1996039997,0.2980211984,0.2980211984
0.70707071,-1.84848485,-0.4246764175,0,-0.2293057775,0.2915504421,0.2915504421
0.71717172,-1.84848485,-0.4802739987,0,-0.2567953073,0.2858880587,0.2858880587
0.72727273,-1.84848485,-0.5322752143,0,-0.2821300418,0.2809481518,0.2809481518
0.73737374,-1.84848485,-0.5806205535,0,-0.3053915548,0.2766490832,0.2766490832
0.74747475,-1.84848485,-0.6253272836,0,-0.3266788068,0.2729148489,0.2729148489
0.75757576,-1.84848485,-0.6664741111,0,-0.3461021753,0.2696758707,0.2696758707
0.76767677,-1.84848485,-0.7041863123,0,-0.3637783995,0.2668693251,0.2668693251
0.77777778,-1.84848485,-0.7386222317,0,-0.3798264745,0.2644391268,0.2644391268
0.78787879,-1.84848485,-0.7699616432,0,-0.3943644547,0.2623356700,0.2623356700
0.79797980,-1.84848485,-0.7983961570,0,-0.4075070724,0.2605154145,0.2605154145
0.80808081,-1.84848485,-0.8241216309,0,-0.4193640568,0.2589403813,0.2589403813
0.81818182,-1.84848485,-0.8473324095,0,-0.4300390293,0.2575776104,0.2575776104
0.82828283,-1.84848485,-0.8682171429,0,-0.4396288592,0.2563986144,0.2563986144
0.83838384,-1.84848485,-0.8869559138,0,-0.4482233726,0.2553788521,0.2553788521
0.84848485,-1.84848485,-0.9037184115,0,-0.4559053260,0.2544972366,0.2544972366
0.85858586,-1.84848485,-0.9186629153,0,-0.4627505682,0.2537356857,0.2537356857
0.86868687,-1.84848485,-0.9319358867,0,-0.4688283321,0.2530787184,0.2530787184
0.87878788,-1.84848485,-0.9436720012,0,-0.4742016093,0.2525130966,0.2525130966
0.88888889,-1.84848485,-0.9539944883,0,-0.4789275719,0.2520275103,0.2520275103
0.89898990,-1.84848485,-0.9630156751,0,-0.4830580159,0.2516123037,0.2516123037
0.90909091,-1.84848485,-0.9708376548,0,-0.4866398073,0.2512592377,0.2512592377
0.91919192,-1.84848485,-0.9775530225,0,-0.4897153172,0.2509612854,0.2509612854
0.92929293,-1.84848485,-0.9832456349,0,-0.4923228383,0.2507124560,0.2507124560
0.93939394,-1.84848485,-0.9879913661,0,-0.4944969767,0.2505076441,0.2505076441
0.94949495,-1.84848485,-0.9918588384,0,-0.4962690159,0.2503425013,0.2503425013
0.95959596,-1.84848485,-0.9949101160,0,-0.4976672526,0.2502133257,0.2502133257
0.96969697,-1.84848485,-0.9972013538,0,-0.4987173041,0.2501169682,0.2501169682
0.97979798,-1.84848485,-0.9987833977,0,-0.4994423866,0.2500507521,0.2500507521
0.98989899,-1.84848485,-0.9997023358,0,-0.4998635690,0.2500124050,0.2500124050
1.00000000,-1.84848485,-1.0000000000,0,-0.5000000000,0.2500000000,0.2500000000
0.00000000,-1.78787879,1.0000000000,0,1.0000000000,1.0000000000,1.0000000000
0.01010101,-1.78787879,0.9999997552,0,0.9999751144,0.9999507190,0.9999507190
0.02020202,-1.78787879,0.9999979776,0,0.9998973490,0.9997987526,0.9997987526
0.03030303,-1.78787879,0.9999929497,0,0.9997617457,0.9995376422,0.9995376422
0.04040404,-1.78787879,0.9999827319,0,0.9995629244,0.9991605467,0.9991605467
0.05050505,-1.78787879,0.9999651383,0,0.9992950469,0.9986602196,0.9986602196
0.06060606,-1.78787879,0.9999377094,0,0.9989517769,0.9980289845,0.9980289845
0.07070707,-1.78787879,0.9998976817,0,0.9985262361,0.9972587093,0.9972587093
0.08080808,-1.78787879,0.9998419543,0,0.9980109567,0.9963407796,0.9963407796
0.09090909,-1.78787879,0.9997670506,0,0.9973978295,0.9952660695,0.9952660695
0.10101010,-1.78787879,0.9996690771,0,0.9966780475,0.9940249128,0.9940249128
0.11111111,-1.78787879,0.9995436758,0,0.9958420437,0.9926070705,0.9926070705
0.12121212,-1.78787879,0.9993859724,0,0.9948794239,0.9910016992,0.9910016992
0.13131313,-1.78787879,0.9991905173,0,0.9937788934,0.9891973168,0.9891973168
0.14141414,-1.78787879,0.9989512204,0,0.9925281765,0.9871817676,0.9871817676
0.15151515,-1.78787879,0.9986612772,0,0.9911139298,0.9849421858,0.9849421858
0.16161616,-1.78787879,0.9983130868,0,0.9895216464,0.9824649591,0.9824649591
0.17171717,-1.78787879,0.9978981596,0,0.9877355534,0.9797356912,0.9797356912
0.18181818,-1.78787879,0.9974070131,0,0.9857384986,0.9767391641,0.9767391641
0.19191919,-1.78787879,0.9968290555,0,0.9835118293,0.9734593011,0.9734593011
0.20202020,-1.78787879,0.9961524545,0,0.9810352595,0.9698791308,0.9698791308
0.21212121,-1.78787879,0.9953639895,0,0.9782867270,0.9659807526,0.9659807526
0.22222222,-1.78787879,0.9944488854,0,0.9752422393,0.9617453060,0.9617453060
0.23232323,-1.78787879,0.9933906249,0,0.9718757069,0.9571529433,0.9571529433
0.24242424,-1.78787879,0.9921707371,0,0.9681587659,0.9521828087,0.9521828087
0.25252525,-1.78787879,0.9907685593,0,0.9640605871,0.9468130252,0.9468130252
0.26262626,-1.78787879,0.9891609675,0,0.9595476747,0.9410206922,0.9410206922
0.27272727,-1.78787879,0.9873220730,0,0.9545836530,0.9347818966,0.9347818966
0.28282828,-1.78787879,0.9852228803,0,0.9491290446,0.9280717409,0.9280717409
0.29292929,-1.78787879,0.9828309008,0,0.9431410396,0.9208643943,0.9208643943
0.30303030,-1.78787879,0.9801097187,0,0.9365732621,0.9131331698,0.9131331698
0.31313131,-1.78787879,0.9770185021,0,0.9293755360,0.9048506367,0.9048506367
0.32323232,-1.78787879,0.9735114554,0,0.9214936574,0.8959887736,0.8959887736
0.33333333,-1.78787879,0.9695372053,0,0.9128691825,0.8865191738,0.8865191738
0.34343434,-1.78787879,0.9650381182,0,0.9034392413,0.8764133109,0.8764133109
0.35353535,-1.78787879,0.9599495419,0,0.8931363929,0.8656428789,0.8656428789
0.36363636,-1.78787879,0.9541989711,0,0.8818885402,0.8541802202,0.8541802202
0.37373737,-1.78787879,0.9477051361,0,0.8696189294,0.8419988547,0.8419988547
0.38383838,-1.78787879,0.9403770193,0,0.8562462629,0.8290741288,0.8290741288
0.39393939,-1.78787879,0.9321128107,0,0.8416849640,0.8153839982,0.8153839982
0.40404040,-1.78787879,0.9227988215,0,0.8258456374,0.8009099616,0.8009099616
0.41414141,-1.78787879,0.9123083899,0,0.8086357782,0.7856381569,0.7856381569
0.42424242,-1.78787879,0.9005008271,0,0.7899607919,0.7695606289,0.7695606289
0.43434343,-1.78787879,0.8872204785,0,0.7697253921,0.7526767693,0.7526767693
0.44444444,-1.78787879,0.8722960016,0,0.7478354506,0.7349949141,0.7349949141
0.45454545,-1.78787879,0.8555400013,0,0.7242003719,0.7165340727,0.7165340727
0.46464646,-1.78787879,0.8367492084,0,0.6987360592,0.6973257330,0.6973257330
0.47474747,-1.78787879,0.8157054365,0,0.6713685208,0.6774156639,0.6774156639
0.48484848,-1.78787879,0.7921776090,0,0.6420381308,0.6568655986,0.6568655986
0.49494949,-1.78787879,0.7659251965,0,0.6107045118,0.6357546476,0.6357546476
0.50505051,-1.78787879,0.7367034366,0,0.5773519287,0.6141802549,0.6141802549
0.51515152,-1.78787879,0.7042707115,0,0.5419949920,0.5922584855,0.5922584855
0.52525253,-1.78787879,0.6683983961,0,0.5046843525,0.5701234198,0.5701234198
0.53535354,-1.78787879,0.6288833493,0,0.4655119505,0.5479254547,0.5479254547
0.54545455,-1.78787879,0.5855629640,0,0.4246152663,0.5258283629,0.5258283629
0.55555556,-1.78787879,0.5383323091,0,0.3821799468,0.5040050640,0.5040050640
0.56565657,-1.78787879,0.4871623984,0,0.3384401722,0.4826322014,0.4826322014
0.57575758,-1.78787879,0.4321180539,0,0.2936762122,0.4618837861,0.4618837861
0.58585859,-1.78787879,0.3733733053,0,0.2482088284,0.4419243383,0.4419243383
0.59595960,-1.78787879,0.3112219220,0,0.2023904885,0.4229020949,0.4229020949
0.60606061,-1.78787879,0.2460806922,0,0.1565937563,0.4049429144,0.4049429144
0.61616162,-1.78787879,0.1784835614,0,0.1111976195,0.3881454803,0.3881454803
0.62626263,-1.78787879,0.1090657707,0,0.0665728629,0.3725782702,0.3725782702
0.63636364,-1.78787879,0.0385385471,0,0.0230677765,0.3582785389,0.3582785389
0.64646465,-1.78787879,-0.0323435707,0,-0.0190045193,0.3452533087,0.3452533087
0.65656566,-1.78787879,-0.1028194163,0,-0.0593760643,0.3334821141,0.3334821141
0.66666667,-1.78787879,-0.1721578579,0,-0.0978306724,0.3229210656,0.3229210656
0.67676768,-1.78787879,-0.2396905021,0,-0.1342069274,0.3135077034,0.3135077034
0.68686869,-1.78787879,-0.3048373221,0,-0.1683977521,0.3051661119,0.3051661119
0.69696970,-1.78787879,-0.3671233923,0,-0.2003470892,0.2978118391,0.2978118391
0.70707071,-1.78787879,-0.4261863496,0,-0.2300444358,0.2913562881,0.2913562881
0.71717172,-1.78787879,-0.4817754371,0,-0.2575180431,0.2857103798,0.2857103798
0.72727273,-1.78787879,-0.5337438396,0,-0.2828275363,0.2807874093,0.2807874093
0.73737374,-1.78787879,-0.5820363963,0,-0.3060565839,0.2765051133,0.2765051133
0.74747475,-1.78787879,-0.6266747638,0,-0.3273060746,0.2727870312,0.2727870312
0.75757576,-1.78787879,-0.6677418035,0,-0.3466880932,0.2695632732,0.2695632732
0.76767677,-1.78787879,-0.7053665334,0,-0.3643208407,0.2667708238,0.2667708238
0.77777778,-1.78787879,-0.7397105304,0,-0.3803245267,0.2643534997,0.2643534997
0.78787879,-1.78787879,-0.7709562605,0,-0.3948181860,0.2622616678,0.2622616678
0.79797980,-1.78787879,-0.7992975012,0,-0.4079173200,0.2604518105,0.2604518105
0.80808081,-1.78787879,-0.8249317971,0,-0.4197322425,0.2588860061,0.2588860061
0.81818182,-1.78787879,-0.8480547597,0,-0.4303670044,0.2575313725,0.2575313725
0.82828283,-1.78787879,-0.8688559516,0,-0.4399187761,0.2563595119,0.2563595119
0.83838384,-1.78787879,-0.8875160787,0,-0.4484775824,0.2553459766,0.2553459766
0.84848485,-1.78787879,-0.9042052225,0,-0.4561262977,0.2544697726,0.2544697726
0.85858586,-1.78787879,-0.9190818769,0,-0.4629408268,0.2537129068,0.2537129068
0.86868687,-1.78787879,-0.9322925829,0,-0.4689904124,0.2530599809,0.2530599809
0.87878788,-1.78787879,-0.9439719978,0,-0.4743380222,0.2524978323,0.2524978323
0.88888889,-1.78787879,-0.9542432634,0,-0.4790407811,0.2520152190,0.2520152190
0.89898990,-1.78787879,-0.9632185730,0,-0.4831504224,0.2516025456,0.2516025456
0.90909091,-1.78787879,-0.9709998570,0,-0.4867137395,0.2512516257,0.2512516257
0.91919192,-1.78787879,-0.9776795319,0,-0.4897730266,0.2509554782,0.2509554782
0.92929293,-1.78787879,-0.9833412699,0,-0.4923664974,0.2507081518,0.2507081518
0.93939394,-1.78787879,-0.9880607615,0,-0.4945286800,0.2505045748,0.2505045748
0.94949495,-1.78787879,-0.9919064508,0,-0.4962907825,0.2503404272,0.2503404272
0.95959596,-1.78787879,-0.9949402328,0,-0.4976810295,0.2502120306,0.2502120306
0.96969697,-1.78787879,-0.9972181032,0,-0.4987249704,0.2501162557,0.2501162557
0.97979798,-1.78787879,-0.9987907607,0,-0.4994457584,0.2500504416,0.2500504416
0.98989899,-1.78787879,-0.9997041571,0,-0.4998644034,0.2500123287,0.2500123287
1.00000000,-1.78787879,-1.0000000000,0,-0.5000000000,0.2500000000,0.2500000000
0.00000000,-1.72727273,1.0000000000,0,1.0000000000,1.0000000000,1.0000000000
0.01010101,-1.72727273,0.9999997577,0,0.9999752875,0.9999510600,0.9999510600
0.02020202,-1.72727273,0.9999979986,0,0.9998980632,0.9998001388,0.9998001388
0.03030303,-1.72727273,0.9999930225,0,0.9997634034,0.9995408114,0.9995408114
0.04040404,-1.72727273,0.9999829094,0,0.9995659652,0.9991662712,0.9991662712
0.05050505,-1.72727273,0.9999654950,0,0.9992999500,0.9986693071,0.9986693071
0.06060606,-1.72727273,0.9999383436,0,0.9989590638,0.9980422786,0.9980422786
0.07070707,-1.72727273,0.9998987184,0,0.9985364737,0.9972770907,0.9972770907
0.08080808,-1.72727273,0.9998435473,0,0.9980247603,0.9963651658,0.9963651658
0.09090909,-1.72727273,0.9997693861,0,0.9974158662,0.9952974162,0.9952974162
0.10101010,-1.72727273,0.9996723762,0,0.9967010391,0.9940642128,0.9940642128
0.11111111,-1.72727273,0.9995481987,0,0.9958707705,0.9926553548,0.9926553548
0.12121212,-1.72727273,0.9993920215,0,0.9949147280,0.9910600361,0.9910600361
0.13131313,-1.72727273,0.9991984417,0,0.9938216825,0.9892668111,0.9892668111
0.14141414,-1.72727273,0.9989614197,0,0.9925794274,0.9872635598,0.9872635598
0.15151515,-1.72727273,0.9986742068,0,0.9911746919,0.9850374505,0.9850374505
0.16161616,-1.72727273,0.9983292624,0,0.9895930457,0.9825749029,0.9825749029
0.17171717,-1.72727273,0.9979181628,0,0.9878187952,0.9798615499,0.9798615499
0.18181818,-1.72727273,0.9974314969,0,0.9858348717,0.9768821994,0.9768821994
0.19191919,-1.72727273,0.9968587505,0,0.9836227080,0.9736207961,0.9736207961
0.20202020,-1.72727273,0.9961881753,0,0.9811621066,0.9700603845,0.9700603845
0.21212121,-1.72727273,0.9954066414,0,0.9784310956,0.9661830739,0.9661830739
0.22222222,-1.72727273,0.9944994714,0,0.9754057736,0.9619700052,0.9619700052
0.23232323,-1.72727273,0.9934502528,0,0.9720601428,0.9574013227,0.9574013227
0.24242424,-1.72727273,0.9922406275,0,0.9683659291,0.9524561514,0.9524561514
0.25252525,-1.72727273,0.9908500523,0,0.9642923904,0.9471125817,0.9471125817
0.26262626,-1.72727273,0.9892555306,0,0.9598061131,0.9413476645,0.9413476645
0.27272727,-1.72727273,0.9874313083,0,0.9548707962,0.9351374197,0.9351374197
0.28282828,-1.72727273,0.9853485307,0,0.9494470258,0.9284568615,0.9284568615
0.29292929,-1.72727273,0.9829748558,0,0.9434920415,0.9212800456,0.9212800456
0.30303030,-1.72727273,0.9802740185,0,0.9369594976,0.9135801429,0.9135801429
0.31313131,-1.72727273,0.9772053401,0,0.9297992233,0.9053295478,0.9053295478
0.32323232,-1.72727273,0.9737231771,0,0.9219569889,0.8965000267,0.8965000267
0.33333333,-1.72727273,0.9697763043,0,0.9133742857,0.8870629182,0.8870629182
0.34343434,-1.72727273,0.9653072266,0,0.9039881305,0.8769893944,0.8769893944
0.35353535,-1.72727273,0.9602514143,0,0.8937309107,0.8662507958,0.8662507958
0.36363636,-1.72727273,0.9545364597,0,0.8825302867,0.8548190539,0.8548190539
0.37373737,-1.72727273,0.9480811549,0,0.8703091778,0.8426672168,0.8426672168
0.38383838,-1.72727273,0.9407944944,0,0.8569858605,0.8297700947,0.8297700947
0.39393939,-1.72727273,0.9325746129,0,0.8424742173,0.8161050406,0.8161050406
0.40404040,-1.72727273,0.9233076772,0,0.8266841800,0.8016528855,0.8016528855
0.41414141,-1.72727273,0.9128667657,0,0.8095224234,0.7863990381,0.7863990381
0.42424242,-1.72727273,0.9011107830,0,0.7908933696,0.7703347618,0.7703347618
0.43434343,-1.72727273,0.8878834839,0,0.7707005747,0.7534586286,0.7534586286
0.44444444,-1.72727273,0.8730127097,0,0.7488485729,0.7357781390,0.7357781390
0.45454545,-1.72727273,0.8563099773,0,0.7252452538,0.7173114813,0.7173114813
0.46464646,-1.72727273,0.8375706099,0,0.6998048440,0.6980893768,0.6980893768
0.47474747,-1.72727273,0.8165746483,0,0.6724515446,0.6781569327,0.6781569327
0.48484848,-1.72727273,0.7930888406,0,0.6431238461,0.6575753847,0.6575753847
0.49494949,-1.72727273,0.7668700587,0,0.6117794880,0.6364235765,0.6364235765
0.50505051,-1.72727273,0.7376705275,0,0.5784009580,0.6147989864,0.6147989864
0.51515152,-1.72727273,0.7052452535,0,0.5430013280,0.5928180788,0.5928180788
0.52525253,-1.72727273,0.6693619851,0,0.5056301034,0.5706157528,0.5706157528
0.53535354,-1.72727273,0.6298138903,0,0.4663786408,0.5483436714,0.5483436714
0.54545455,-1.72727273,0.5864348771,0,0.4253845625,0.5261673160,0.5261673160
0.55555556,-1.72727273,0.5391170906,0,0.3828345235,0.5042617082,0.5042617082
0.56565657,-1.72727273,0.4878296005,0,0.3389646653,0.4828058893,0.4828058893
0.57575758,-1.72727273,0.4326367077,0,0.2940581836,0.4619764214,0.4619764214
0.58585859,-1.72727273,0.3737137453,0,0.2484396451,0.4419403520,0.4419403520
0.59595960,-1.72727273,0.3113578884,0,0.2024660137,0.4228482307,0.4228482307
0.60606061,-1.72727273,0.2459915031,0,0.1565147560,0.4048278338,0.4048278338
0.61616162,-1.72727273,0.1781560837,0,0.1109698230,0.3879792254,0.3879792254
0.62626263,-1.72727273,0.1084959007,0,0.0662066524,0.3723716422,0.3723716422
0.63636364,-1.72727273,0.0377319520,0,0.0225775358,0.3580424618,0.3580424618
0.64646465,-1.72727273,-0.0333715926,0,-0.0196013226,0.3449982454,0.3449982454
0.65656566,-1.72727273,-0.1040449609,0,-0.0600599561,0.3332175891,0.3332175891
0.66666667,-1.72727273,-0.1735501811,0,-0.0985812888,0.3226553273,0.3226553273
0.67676768,-1.72727273,-0.2412142700,0,-0.1350040597,0.3132475358,0.3132475358
0.68686869,-1.72727273,-0.3064550353,0,-0.1692222350,0.3049167840,0.3049167840
0.69696970,-1.72727273,-0.3687976901,0,-0.2011814786,0.2975771685,0.2975771685
0.70707071,-1.72727273,-0.4278819616,0,-0.2308734594,0.2911387845,0.2911387845
0.71717172,-1.72727273,-0.4834606470,0,-0.2583288340,0.2855114368,0.2855114368
0.72727273,-1.72727273,-0.5353914177,0,-0.2836096828,0.2806075151,0.2806075151
0.73737374,-1.72727273,-0.5836240369,0,-0.3068020351,0.2763440586,0.2763440586
0.74747475,-1.72727273,-0.6281851117,0,-0.3280089471,0.2726440987,0.2726440987
0.75757576,-1.72727273,-0.6691621751,0,-0.3473444184,0.2694374010,0.2694374010
0.76767677,-1.72727273,-0.7066884414,0,-0.3649282863,0.2666607395,0.2666607395
0.77777778,-1.72727273,-0.7409291037,0,-0.3808821169,0.2642578249,0.2642578249
0.78787879,-1.72727273,-0.7720696331,0,-0.3953260378,0.2621789966,0.2621789966
0.79797980,-1.72727273,-0.8003062202,0,-0.4083764055,0.2603807655,0.2603807655
0.80808081,-1.72727273,-0.8258382843,0,-0.4201441827,0.2588252757,0.2588252757
0.81818182,-1.72727273,-0.8488628410,0,-0.4307338954,0.2574797340,0.2574797340
0.82828283,-1.72727273,-0.8695704616,0,-0.4402430464,0.2563158439,0.2563158439
0.83838384,-1.72727273,-0.8881425374,0,-0.4487618784,0.2553092632,0.2553092632
0.84848485,-1.72727273,-0.9047495798,0,-0.4563733939,0.2544391024,0.2544391024
0.85858586,-1.72727273,-0.9195503142,0,-0.4631535574,0.2536874681,0.2536874681
0.86868687,-1.72727273,-0.9326913645,0,-0.4691716202,0.2530390548,0.2530390548
0.87878788,-1.72727273,-0.9443073621,0,-0.4744905212,0.2524807844,0.2524807844
0.88888889,-1.72727273,-0.9545213469,0,-0.4791673308,0.2520014910,0.2520014910
0.89898990,-1.72727273,-0.9634453593,0,-0.4832537109,0.2515916463,0.2515916463
0.90909091,-1.72727273,-0.9711811450,0,-0.4867963730,0.2512431230,0.2512431230
0.91919192,-1.72727273,-0.9778209192,0,-0.4898375241,0.2509489912,0.2509489912
0.92929293,-1.72727273,-0.9834481461,0,-0.4924152892,0.2507033436,0.2507033436
0.93939394,-1.72727273,-0.9881383098,0,-0.4945641086,0.2505011461,0.2505011461
0.94949495,-1.72727273,-0.9919596544,0,-0.4963151054,0.2503381100,0.2503381100
0.95959596,-1.72727273,-0.9949738845,0,-0.4976964236,0.2502105838,0.2502105838
0.96969697,-1.72727273,-0.9972368177,0,-0.4987335363,0.2501154597,0.2501154597
0.97979798,-1.72727273,-0.9987989870,0,-0.4994495256,0.2500500948,0.2500500948
0.98989899,-1.72727273,-0.9997061919,0,-0.4998653357,0.2500122435,0.2500122435
1.00000000,-1.72727273,-1.0000000000,0,-0.5000000000,0.2500000000,0.2500000000
0.00000000,-1.66666667,1.0000000000,0,1.0000000000,1.0000000000,1.0000000000
0.01010101,-1.66666667,0.9999997606,0,0.9999754806,0.9999514406,0.9999514406
0.02020202,-1.66666667,0.9999980219,0,0.9998988600,0.9998016856,0.9998016856
0.03030303,-1.66666667,0.9999931035,0,0.9997652529,0.9995443476,0.9995443476
0.04040404,-1.66666667,0.9999831068,0,0.9995693576,0.9991726588,0.9991726588
0.05050505,-1.66666667,0.9999658917,0,0.9993054199,0.9986794474,0.9986794474
0.06060606,-1.66666667,0.9999390492,0,0.9989671930,0.9980571137,0.9980571137
0.07070707,-1.66666667,0.9998998717,0,0.9985478947,0.9972976034,0.9972976034
0.08080808,-1.66666667,0.9998453196,0,0.9980401596,0.9963923810,0.9963923810
0.09090909,-1.66666667,0.9997719845,0,0.9974359879,0.9953324007,0.9953324007
0.10101010,-1.66666667,0.9996760471,0,0.9967266887,0.9941080760,0.9941080760
0.11111111,-1.66666667,0.9995532315,0,0.9959028186,0.9927092484,0.9927092484
0.12121212,-1.66666667,0.9993987530,0,0.9949541144,0.9911251535,0.9911251535
0.13131313,-1.66666667,0.9992072605,0,0.9938694201,0.9893443874,0.9893443874
0.14141414,-1.66666667,0.9989727711,0,0.9926366066,0.9873548698,0.9873548698
0.15151515,-1.66666667,0.9986885978,0,0.9912424842,0.9851438077,0.9851438077
0.16161616,-1.66666667,0.9983472677,0,0.9896727080,0.9826976570,0.9826976570
0.17171717,-1.66666667,0.9979404303,0,0.9879116740,0.9800020838,0.9800020838
0.18181818,-1.66666667,0.9974587544,0,0.9859424060,0.9770419254,0.9770419254
0.19191919,-1.66666667,0.9968918123,0,0.9837464334,0.9738011510,0.9738011510
0.20202020,-1.66666667,0.9962279496,0,0.9813036577,0.9702628239,0.9702628239
0.21212121,-1.66666667,0.9954541376,0,0.9785922084,0.9664090648,0.9664090648
0.22222222,-1.66666667,0.9945558081,0,0.9755882867,0.9622210172,0.9622210172
0.23232323,-1.66666667,0.9935166663,0,0.9722659974,0.9576788178,0.9576788178
0.24242424,-1.66666667,0.9923184794,0,0.9685971682,0.9527615711,0.9527615711
0.25252525,-1.66666667,0.9909408387,0,0.9645511553,0.9474473321,0.9474473321
0.26262626,-1.66666667,0.9893608903,0,0.9600946382,0.9417130990,0.9417130990
0.27272727,-1.66666667,0.9875530306,0,0.9551914004,0.9355348183,0.9355348183
0.28282828,-1.66666667,0.9854885632,0,0.9498021014,0.9288874069,0.9288874069
0.29292929,-1.66666667,0.9831353106,0,0.9438840377,0.9217447954,0.9217447954
0.30303030,-1.66666667,0.9804571774,0,0.9373908994,0.9140799977,0.9140799977
0.31313131,-1.66666667,0.9774136570,0,0.9302725246,0.9058652142,0.9058652142
0.32323232,-1.66666667,0.9739592780,0,0.9224746574,0.8970719758,0.8970719758
0.33333333,-1.66666667,0.9700429826,0,0.9139387198,0.8876713384,0.8876713384
0.34343434,-1.66666667,0.9656074330,0,0.9046016057,0.8776341384,0.8776341384
0.35353535,-1.66666667,0.9605882392,0,0.8943955140,0.8669313221,0.8669313221
0.36363636,-1.66666667,0.9549131061,0,0.8832478378,0.8555343627,0.8555343627
0.37373737,-1.66666667,0.9485008992,0,0.8710811350,0.8434157811,0.8434157811
0.38383838,-1.66666667,0.9412606309,0,0.8578132099,0.8305497869,0.8305497869
0.39393939,-1.66666667,0.9330903793,0,0.8433573432,0.8169130582,0.8169130582
0.40404040,-1.66666667,0.9238761556,0,0.8276227175,0.8024856761,0.8024856761
0.41414141,-1.66666667,0.9134907541,0,0.8105150913,0.7872522294,0.7872522294
0.42424242,-1.66666667,0.9017926309,0,0.7919377870,0.7712031010,0.7712031010
0.43434343,-1.66666667,0.8886248866,0,0.7717930637,0.7543359376,0.7543359376
0.44444444,-1.66666667,0.8738144552,0,0.7499839537,0.7366572941,0.7366572941
0.45454545,-1.66666667,0.8571716404,0,0.7264166429,0.7181844269,0.7181844269
0.46464646,-1.66666667,0.8384901921,0,0.7010034684,0.6989471839,0.6989471839
0.47474747,-1.66666667,0.8175481652,0,0.6736665909,0.6789899146,0.6789899146
0.48484848,-1.66666667,0.7941098653,0,0.6443423691,0.6583732796,0.6583732796
0.49494949,-1.66666667,0.7679292411,0,0.6129864062,0.6371758065,0.6371758065
0.50505051,-1.66666667,0.7387551205,0,0.5795791682,0.6154949957,0.6154949957
0.51515152,-1.66666667,0.7063386969,0,0.5441319695,0.5934477478,0.5934477478
0.52525253,-1.66666667,0.6704436137,0,0.5066929997,0.5711698729,0.5711698729
0.53535354,-1.66666667,0.6308588515,0,0.4673529323,0.5488144555,0.5488144555
0.54545455,-1.66666667,0.5874143560,0,0.4262495294,0.5265489035,0.5265489035
0.55555556,-1.66666667,0.5399989379,0,0.3835705682,0.5045506157,0.5045506157
0.56565657,-1.66666667,0.4885794396,0,0.3395543980,0.4830013513,0.4830013513
0.57575758,-1.66666667,0.4332195486,0,0.2944875224,0.4620805679,0.4620805679
0.58585859,-1.66666667,0.3740960586,0,0.2486988189,0.4419581837,0.4419581837
0.59595960,-1.66666667,0.3115099994,0,0.2025503496,0.4227873750,0.4227873750
0.60606061,-1.66666667,0.2458900654,0,0.1564251435,0.4046980941,0.4046980941
0.61616162,-1.66666667,0.1777863228,0,0.1107127789,0.3877919673,0.3877919673
0.62626263,-1.66666667,0.1078532914,0,0.0657939628,0.3721390839,0.3721390839
0.63636364,-1.66666667,0.0368230503,0,0.0220255083,0.3577769485,0.3577769485
0.64646465,-1.66666667,-0.0345293291,0,-0.0202729094,0.3447115851,0.3447115851
0.65656566,-1.66666667,-0.1054243617,0,-0.0608290813,0.3329205124,0.3329205124
0.66666667,-1.66666667,-0.1751163913,0,-0.0994249598,0.3223571075,0.3223571075
0.67676768,-1.66666667,-0.2429273201,0,-0.1358994965,0.3129557798,0.3129557798
0.68686869,-1.66666667,-0.3082725985,0,-0.1701478714,0.3046373817,0.3046373817
0.69696970,-1.66666667,-0.3706776877,0,-0.2021177220,0.2973143694,0.2973143694
0.70707071,-1.66666667,-0.4297847580,0,-0.2318031910,0.2908953648,0.2908953648
0.71717172,-1.66666667,-0.4853506831,0,-0.2592376630,0.2852889199,0.2852889199
0.72727273,-1.66666667,-0.5372382399,0,-0.2844859924,0.2804064114,0.2804064114
0.73737374,-1.66666667,-0.5854027657,0,-0.3076368683,0.2761641011,0.2761641011
0.74747475,-1.66666667,-0.6298764486,0,-0.3287957817,0.2724844567,0.2724844567
0.75757576,-1.66666667,-0.6707520716,0,-0.3480788783,0.2692968642,0.2692968642
0.76767677,-1.66666667,-0.7081675503,0,-0.3656078244,0.2665378670,0.2665378670
0.77777778,-1.66666667,-0.7422921183,0,-0.3815056991,0.2641510623,0.2641510623
0.78787879,-1.66666667,-0.7733145956,0,-0.3958938457,0.2620867629,0.2620867629
0.79797980,-1.66666667,-0.8014338560,0,-0.4088895701,0.2603015149,0.2603015149
0.80808081,-1.66666667,-0.8268513968,0,-0.4206045534,0.2587575385,0.2587575385
0.81818182,-1.66666667,-0.8497657863,0,-0.4311438458,0.2574221422,0.2574221422
0.82828283,-1.66666667,-0.8703687072,0,-0.4406053156,0.2562671436,0.2562671436
0.83838384,-1.66666667,-0.8888423034,0,-0.4490794437,0.2552683197,0.2552683197
0.84848485,-1.66666667,-0.9053575541,0,-0.4566493713,0.2544048983,0.2544048983
0.85858586,-1.66666667,-0.9200734337,0,-0.4633911259,0.2536590977,0.2536590977
0.86868687,-1.66666667,-0.9331366505,0,-0.4693739649,0.2530157162,0.2530157162
0.87878788,-1.66666667,-0.9446818006,0,-0.4746607929,0.2524617703,0.2524617703
0.88888889,-1.66666667,-0.9548318050,0,-0.4793086174,0.2519861788,0.2519861788
0.89898990,-1.66666667,-0.9636985290,0,-0.4833690187,0.2515794886,0.2515794886
0.90909091,-1.66666667,-0.9713835095,0,-0.4868886158,0.2512336381,0.2512336381
0.91919192,-1.66666667,-0.9779787340,0,-0.4899095171,0.2509417545,0.2509417545
0.92929293,-1.66666667,-0.9835674329,0,-0.4924697478,0.2506979795,0.2506979795
0.93939394,-1.66666667,-0.9882248580,0,-0.4946036495,0.2504973207,0.2504973207
0.94949495,-1.66666667,-0.9920190291,0,-0.4963422499,0.2503355248,0.2503355248
0.95959596,-1.66666667,-0.9950114375,0,-0.4977136024,0.2502089696,0.2502089696
0.96969697,-1.66666667,-0.9972577007,0,-0.4987430947,0.2501145717,0.2501145717
0.97979798,-1.66666667,-0.9988081661,0,-0.4994537292,0.2500497078,0.2500497078
0.98989899,-1.66666667,-0.9997084622,0,-0.4998663758,0.2500121484,0.2500121484
1.00000000,-1.66666667,-1.0000000000,0,-0.5000000000,0.2500000000,0.2500000000
0.00000000,-1.60606061,1.0000000000,0,1.0000000000,1.0000000000,1.0000000000
0.01010101,-1.60606061,0.9999997637,0,0.9999756957,0.9999518645,0.9999518645
0.02020202,-1.60606061,0.9999980478,0,0.9998997476,0.9998034088,0.9998034088
0.03030303,-1.60606061,0.9999931934,0,0.9997673131,0.9995482875,0.9995482875
0.04040404,-1.60606061,0.9999833260,0,0.9995731366,0.9991797758,0.9991797758
0.05050505,-1.60606061,0.9999663323,0,0.9993115130,0.9986907462,0.9986907462
0.06060606,-1.60606061,0.9999398327,0,0.9989762485,0.9980736442,0.9980736442
0.07070707,-1.60606061,0.9999011524,0,0.9985606170,0.9973204615,0.9973204615
0.08080808,-1.60606061,0.9998472879,0,0.9980573135,0.9964227094,0.9964227094
0.09090909,-1.60606061,0.9997748703,0,0.9974584023,0.9953713893,0.9953713893
0.10101010,-1.60606061,0.9996801242,0,0.9967552610,0.9941569621,0.9941569621
0.11111111,-1.60606061,0.9995588216,0,0.9959385189,0.9927693168,0.9927693168
0.12121212,-1.60606061,0.9994062305,0,0.9949979899,0.9911977364,0.9911977364
0.13131313,-1.60606061,0.9992170573,0,0.9939225997,0.9894308630,0.9894308630
0.14141414,-1.60606061,0.9989853823,0,0.9927003054,0.9874566618,0.9874566618
0.15151515,-1.60606061,0.9987045873,0,0.9913180084,0.9852623832,0.9852623832
0.16161616,-1.60606061,0.9983672745,0,0.9897614591,0.9828345238,0.9828345238
0.17171717,-1.60606061,0.9979651751,0,0.9880151532,0.9801587875,0.9801587875
0.18181818,-1.60606061,0.9974890470,0,0.9860622187,0.9772200451,0.9772200451
0.19191919,-1.60606061,0.9969285591,0,0.9838842928,0.9740022941,0.9740022941
0.20202020,-1.60606061,0.9962721613,0,0.9814613880,0.9704886196,0.9704886196
0.21212121,-1.60606061,0.9955069382,0,0.9787717476,0.9666611559,0.9666611559
0.22222222,-1.60606061,0.9946184434,0,0.9757916879,0.9625010510,0.9625010510
0.23232323,-1.60606061,0.9935905131,0,0.9724954297,0.9579884337,0.9579884337
0.24242424,-1.60606061,0.9924050553,0,0.9688549146,0.9531023874,0.9531023874
0.25252525,-1.60606061,0.9910418113,0,0.9648396103,0.9478209291,0.9478209291
0.26262626,-1.60606061,0.9894780868,0,0.9604163014,0.9421209999,0.9421209999
0.27272727,-1.60606061,0.9876884470,0,0.9555488682,0.9359784661,0.9359784661
0.28282828,-1.60606061,0.9856443727,0,0.9501980535,0.9293681380,0.9293681380
0.29292929,-1.60606061,0.9833138715,0,0.9443212201,0.9222638086,0.9222638086
0.30303030,-1.60606061,0.9806610382,0,0.9378721012,0.9146383186,0.9146383186
0.31313131,-1.60606061,0.9776455605,0,0.9308005474,0.9064636541,0.9064636541
0.32323232,-1.60606061,0.9742221607,0,0.9230522778,0.8977110854,0.8977110854
0.33333333,-1.60606061,0.9703399707,0,0.9145686405,0.8883513546,0.8883513546
0.34343434,-1.60606061,0.9659418311,0,0.9052863967,0.8783549253,0.8783549253
0.35353535,-1.60606061,0.9609635115,0,0.8951375396,0.8676923054,0.8676923054
0.36363636,-1.60606061,0.9553328472,0,0.8840491687,0.8563344573,0.8563344573
0.37373737,-1.60606061,0.9489687902,0,0.8719434435,0.8442533133,0.8442533133
0.38383838,-1.60606061,0.9417803790,0,0.8587376452,0.8314224122,0.8314224122
0.39393939,-1.60606061,0.9336656352,0,0.8443443873,0.8178176760,0.8178176760
0.40404040,-1.60606061,0.9245104034,0,0.8286720188,0.8034183447,0.8034183447
0.41414141,-1.60606061,0.9141871683,0,0.8116252769,0.7882080858,0.7882080858
0.42424242,-1.60606061,0.9025538934,0,0.7931062555,0.7721762906,0.7721762906
0.43434343,-1.60606061,0.8894529565,0,0.7730157616,0.7553195614,0.7553195614
0.44444444,-1.60606061,0.8747102847,0,0.7512551434,0.7376433829,0.7376433829
0.45454545,-1.60606061,0.8581348317,0,0.7277286714,0.7191639529,0.7191639529
0.46464646,-1.60606061,0.8395185913,0,0.7023465540,0.6999101243,0.6999101243
0.47474747,-1.60606061,0.8186373958,0,0.6750286487,0.6799253772,0.6799253772
0.48484848,-1.60606061,0.7952528110,0,0.6457089009,0.6592697064,0.6592697064
0.49494949,-1.60606061,0.7691154984,0,0.6143404893,0.6380212636,0.6380212636
0.50505051,-1.60606061,0.7399704578,0,0.5809015783,0.6162775534,0.6162775534
0.51515152,-1.60606061,0.7075645752,0,0.5454014731,0.5941559494,0.5941559494
0.52525253,-1.60606061,0.6716568458,0,0.5078868483,0.5717932742,0.5717932742
0.53535354,-1.60606061,0.6320314980,0,0.4684475764,0.5493442057,0.5493442057
0.54545455,-1.60606061,0.5885139685,0,0.4272215499,0.5269783237,0.5269783237
0.55555556,-1.60606061,0.5409892621,0,0.3843977936,0.5048757162,0.5048757162
0.56565657,-1.60606061,0.4894216650,0,0.3402171410,0.4832212241,0.4832212241
0.57575758,-1.60606061,0.4338741396,0,0.2949698349,0.4621975931,0.4621975931
0.58585859,-1.60606061,0.3745251151,0,0.2489896384,0.4419780044,0.4419780044
0.59595960,-1.60606061,0.3116799849,0,0.2026443983,0.4227186194,0.4227186194
0.60606061,-1.60606061,0.2457746280,0,0.1563234564,0.4045518610,0.4045518610
0.61616162,-1.60606061,0.1773688488,0,0.1104227747,0.3875811236,0.3875811236
0.62626263,-1.60606061,0.1071288100,0,0.0653290292,0.3718774533,0.3718774533
0.63636364,-1.60606061,0.0357991629,0,0.0214041421,0.3574784828,0.3574784828
0.64646465,-1.60606061,-0.0358326786,0,-0.0210283063,0.3443896090,0.3443896090
0.65656566,-1.60606061,-0.1069762687,0,-0.0616936056,0.3325871109,0.3325871109
0.66666667,-1.60606061,-0.1768773244,0,-0.1003726530,0.3220226993,0.3220226993
0.67676768,-1.60606061,-0.2448520612,0,-0.1369046870,0.3126288872,0.3126288872
0.68686869,-1.60606061,-0.3103133781,0,-0.1711863036,0.3043245793,0.3043245793
0.69696970,-1.60606061,-0.3727871327,0,-0.2031674066,0.2970203780,0.2970203780
0.70707071,-1.60606061,-0.4319183579,0,-0.2328449583,0.2906232470,0.2906232470
0.71717172,-1.60606061,-0.4874686099,0,-0.2602554380,0.2850403325,0.2850403325
0.72727273,-1.60606061,-0.5393064780,0,-0.2854668345,0.2801818797,0.2801818797
0.73737374,-1.60606061,-0.5873936096,0,-0.3085708316,0.2759632856,0.2759632856
0.74747475,-1.60606061,-0.6317684832,0,-0.3296756540,0.2723063943,0.2723063943
0.75757576,-1.60606061,-0.6725297766,0,-0.3488998494,0.2691401739,0.2691401739
0.76767677,-1.60606061,-0.7098206667,0,-0.3663671261,0.2664009173,0.2664009173
0.77777778,-1.60606061,-0.7438148953,0,-0.3822022478,0.2640321010,0.2640321010
0.78787879,-1.60606061,-0.7747050081,0,-0.3965279080,0.2619840133,0.2619840133
0.79797980,-1.60606061,-0.8026928553,0,-0.4094624640,0.2602132435,0.2602132435
0.80808081,-1.60606061,-0.8279822334,0,-0.4211183901,0.2586821005,0.2586821005
0.81818182,-1.60606061,-0.8507734224,0,-0.4316013135,0.2573580082,0.2573580082
0.82828283,-1.60606061,-0.8712593260,0,-0.4410095027,0.2562129138,0.2562129138
0.83838384,-1.60606061,-0.8896229102,0,-0.4494336979,0.2552227284,0.2552227284
0.84848485,-1.60606061,-0.9060356619,0,-0.4569571896,0.2543668112,0.2543668112
0.85858586,-1.60606061,-0.9206568206,0,-0.4636560706,0.2536275057,0.2536275057
0.86868687,-1.60606061,-0.9336331788,0,-0.4695996014,0.2529897264,0.2529897264
0.87878788,-1.60606061,-0.9450992853,0,-0.4748506452,0.2524405952,0.2524405952
0.88888889,-1.60606061,-0.9551779219,0,-0.4794661369,0.2519691254,0.2519691254
0.89898990,-1.60606061,-0.9639807539,0,-0.4834975638,0.2515659475,0.2515659475
0.90909091,-1.60606061,-0.9716090811,0,-0.4869914398,0.2512230734,0.2512230734
0.91919192,-1.60606061,-0.9781546343,0,-0.4899897626,0.2509336934,0.2509336934
0.92929293,-1.60606061,-0.9837003808,0,-0.4925304446,0.2506920040,0.2506920040
0.93939394,-1.60606061,-0.9883213119,0,-0.4946477167,0.2504930591,0.2504930591
0.94949495,-1.60606061,-0.9920851953,0,-0.4963724998,0.2503326447,0.2503326447
0.95959596,-1.60606061,-0.9950532832,0,-0.4977327453,0.2502071712,0.2502071712
0.96969697,-1.60606061,-0.9972809693,0,-0.4987537452,0.2501135822,0.2501135822
0.97979798,-1.60606061,-0.9988183931,0,-0.4994584126,0.2500492767,0.2500492767
0.98989899,-1.60606061,-0.9997109916,0,-0.4998675347,0.2500120425,0.2500120425
1.00000000,-1.60606061,-1.0000000000,0,-0.5000000000,0.2500000000,0.2500000000
0.00000000,-1.54545455,1.0000000000,0,1.0000000000,1.0000000000,1.0000000000
0.01010101,-1.54545455,0.9999997672,0,0.9999759350,0.9999523361,0.9999523361
0.02020202,-1.54545455,0.9999980765,0,0.9999007347,0.9998053255,0.9998053255
0.03030303,-1.54545455,0.9999932929,0,0.9997696044,0.9995526699,0.9995526699
0.04040404,-1.54545455,0.9999835689,0,0.9995773393,0.9991876924,0.9991876924
0.05050505,-1.54545455,0.9999668205,0,0.9993182893,0.9987033152,0.9987033152
0.06060606,-1.54545455,0.9999407010,0,0.9989863190,0.9980920338,0.9980920338
0.07070707,-1.54545455,0.9999025717,0,0.9985747653,0.9973458918,0.9973458918
0.08080808,-1.54545455,0.9998494693,0,0.9980763900,0.9964564524,0.9964564524
0.09090909,-1.54545455,0.9997780689,0,0.9974833291,0.9954147699,0.9954147699
0.10101010,-1.54545455,0.9996846435,0,0.9967870361,0.9942113585,0.9942113585
0.11111111,-1.54545455,0.9995650184,0,0.9959782214,0.9928361604,0.9928361604
0.12121212,-1.54545455,0.9994145202,0,0.9950467848,0.9912785114,0.9912785114
0.13131313,-1.54545455,0.9992279190,0,0.9939817432,0.9895271060,0.9895271060
0.14141414,-1.54545455,0.9989993654,0,0.9927711496,0.9875699600,0.9875699600
0.15151515,-1.54545455,0.9987223177,0,0.9914020070,0.9853943727,0.9853943727
0.16161616,-1.54545455,0.9983894616,0,0.9898601723,0.9829868872,0.9829868872
0.17171717,-1.54545455,0.9979926192,0,0.9881302527,0.9803332501,0.9803332501
0.18181818,-1.54545455,0.9975226475,0,0.9861954924,0.9774183703,0.9774183703
0.19191919,-1.54545455,0.9969693226,0,0.9840376492,0.9742262780,0.9742262780
0.20202020,-1.54545455,0.9963212111,0,0.9816368602,0.9707400835,0.9707400835
0.21212121,-1.54545455,0.9955655234,0,0.9789714958,0.9669419378,0.9669419378
0.22222222,-1.54545455,0.9946879491,0,0.9760180020,0.9628129949,0.9628129949
0.23232323,-1.54545455,0.9936724706,0,0.9727507292,0.9583333769,0.9583333769
0.24242424,-1.54545455,0.9925011528,0,0.9691417482,0.9534821450,0.9534821450
0.25252525,-1.54545455,0.9911539046,0,0.9651606520,0.9482372762,0.9482372762
0.26262626,-1.54545455,0.9896082102,0,0.9607743447,0.9425756496,0.9425756496
0.27272727,-1.54545455,0.9878388235,0,0.9559468162,0.9364730446,0.9364730446
0.28282828,-1.54545455,0.9858174240,0,0.9506389054,0.9299041551,0.9299041551
0.29292929,-1.54545455,0.9835122265,0,0.9448080517,0.9228426232,0.9228426232
0.30303030,-1.54545455,0.9808875399,0,0.9384080397,0.9152610993,0.9152610993
0.31313131,-1.54545455,0.9779032701,0,0.9313887386,0.9071313335,0.9071313335
0.32323232,-1.54545455,0.9745143583,0,0.9236958432,0.8984243081,0.8984243081
0.33333333,-1.54545455,0.9706701505,0,0.9152706251,0.8891104182,0.8891104182
0.34343434,-1.54545455,0.9663136903,0,0.9060497025,0.8791597142,0.8791597142
0.35353535,-1.54545455,0.9613809300,0,0.8959648451,0.8685422169,0.8685422169
0.36363636,-1.54545455,0.9557998550,0,0.8849428316,0.8572283209,0.8572283209
0.37373737,-1.54545455,0.9494895205,0,0.8729053828,0.8451893026,0.8451893026
0.38383838,-1.54545455,0.9423590014,0,0.8597692034,0.8323979519,0.8323979519
0.39393939,-1.54545455,0.9343062643,0,0.8454461678,0.8188293451,0.8188293451
0.40404040,-1.54545455,0.9252169774,0,0.8298436997,0.8044617800,0.8044617800
0.41414141,-1.54545455,0.9149632899,0,0.8128654002,0.7892778895,0.7892778895
0.42424242,-1.54545455,0.9034026260,0,0.7944119925,0.7732659486,0.7732659486
0.43434343,-1.54545455,0.8903765675,0,0.7743826605,0.7564213810,0.7564213810
0.44444444,-1.54545455,0.8757099270,0,0.7526768647,0.7387484600,0.7387484600
0.45454545,-1.54545455,0.8592101585,0,0.7291967244,0.7202621815,0.7202621815
0.46464646,-1.54545455,0.8406672986,0,0.7038500512,0.7009902624,0.7009902624
0.47474747,-1.54545455,0.8198546957,0,0.6765541022,0.6809751853,0.6809751853
0.48484848,-1.54545455,0.7965308450,0,0.6472400915,0.6602761722,0.6602761722
0.49494949,-1.54545455,0.7704427142,0,0.6158584452,0.6389709255,0.6389709255
0.50505051,-1.54545455,0.7413309903,0,0.5823847047,0.6171569297,0.6171569297
0.51515152,-1.54545455,0.7089376938,0,0.5468258755,0.5949520668,0.5949520668
0.52525253,-1.54545455,0.6730165563,0,0.5092268851,0.5724942815,0.5724942815
0.53535354,-1.54545455,0.6333464098,0,0.4696766636,0.5499400370,0.5499400370
0.54545455,-1.54545455,0.5897475564,0,0.4283132161,0.5274613602,0.5274613602
0.55555556,-1.54545455,0.5421006512,0,0.3853269509,0.5052413813,0.5052413813
0.56565657,-1.54545455,0.4903670418,0,0.3409614947,0.4834684368,0.4834684368
0.57575758,-1.54545455,0.4346088309,0,0.2955113180,0.4623290092,0.4623290092
0.58585859,-1.54545455,0.3750062766,0,0.2493157224,0.4419999910,0.4419999910
0.59595960,-1.54545455,0.3118697133,0,0.2027491220,0.4226409389,0.4226409389
0.60606061,-1.54545455,0.2456431806,0,0.1562080277,0.4043870821,0.4043870821
0.61616162,-1.54545455,0.1768975554,0,0.1100956463,0.3873438169,0.3873438169
0.62626263,-1.54545455,0.1063122338,0,0.0648054178,0.3715832614,0.3715832614
0.63636364,-1.54545455,0.0346461384,0,0.0207050371,0.3571431742,0.3571431742
0.64646465,-1.54545455,-0.0372993393,0,-0.0218775241,0.3440282170,0.3440282170
0.65656566,-1.54545455,-0.1087213878,0,-0.0626647709,0.3322132404,0.3322132404
0.66666667,-1.54545455,-0.1788560488,0,-0.1014364618,0.3216480479,0.3216480479
0.67676768,-1.54545455,-0.2470132290,0,-0.1380322193,0.3122629915,0.3122629915
0.68686869,-1.54545455,-0.3126030880,0,-0.1723502949,0.3039747668,0.3039747668
0.69696970,-1.54545455,-0.3751520773,0,-0.2043431986,0.2966918818,0.2966918818
0.70707071,-1.54545455,-0.4343085925,0,-0.2340111095,0.2903194337,0.2903194337
0.71717172,-1.54545455,-0.4898395748,0,-0.2613940181,0.2847629941,0.2847629941
0.72727273,-1.54545455,-0.5416202355,0,-0.2865634538,0.2799315458,0.2799315458
0.73737374,-1.54545455,-0.5896193650,0,-0.3096144710,0.2757395258,0.2757395258
0.74747475,-1.54545455,-0.6338825277,0,-0.3306583604,0.2721080899,0.2721080899
0.75757576,-1.54545455,-0.6745150141,0,-0.3498163551,0.2689657486,0.2689657486
0.76767677,-1.54545455,-0.7116658820,0,-0.3672144396,0.2662485239,0.2662485239
0.77777778,-1.54545455,-0.7455138948,0,-0.3829792497,0.2638997651,0.2638997651
0.78787879,-1.54545455,-0.7762557347,0,-0.3972349753,0.2618697396,0.2618697396
0.79797980,-1.54545455,-0.8040965465,0,-0.4101011348,0.2601150904,0.2601150904
0.80808081,-1.54545455,-0.8292426626,0,-0.4216910760,0.2585982288,0.2585982288
0.81818182,-1.54545455,-0.8518962449,0,-0.4321110590,0.2572867108,0.2572867108
0.82828283,-1.54545455,-0.8722515331,0,-0.4414597889,0.2561526302,0.2561526302
0.83838384,-1.54545455,-0.8904923880,0,-0.4498282863,0.2551720485,0.2551720485
0.84848485,-1.54545455,-0.9067908435,0,-0.4573000012,0.2543244728,0.2543244728
0.85858586,-1.54545455,-0.9213064192,0,-0.4639510933,0.2535923865,0.2535923865
0.86868687,-1.54545455,-0.9341859888,0,-0.4698508221,0.2529608335,0.2529608335
0.87878788,-1.54545455,-0.9455640384,0,-0.4750620004,0.2524170534,0.2524170534
0.88888889,-1.54545455,-0.9555631869,0,-0.4796414791,0.2519501648,0.2519501648
0.89898990,-1.54545455,-0.9642948708,0,-0.4836406396,0.2515508911,0.2515508911
0.90909091,-1.54545455,-0.9718601211,0,-0.4871058770,0.2512113255,0.2512113255
0.91919192,-1.54545455,-0.9783503792,0,-0.4900790636,0.2509247291,0.2509247291
0.92929293,-1.54545455,-0.9838483164,0,-0.4925979855,0.2506853585,0.2506853585
0.93939394,-1.54545455,-0.9884286315,0,-0.4946967492,0.2504883195,0.2504883195
0.94949495,-1.54545455,-0.9921588100,0,-0.4964061555,0.2503294414,0.2503294414
0.95959596,-1.54545455,-0.9950998365,0,-0.4977540419,0.2502051709,0.2502051709
0.96969697,-1.54545455,-0.9973068539,0,-0.4987655932,0.2501124818,0.2501124818
0.97979798,-1.54545455,-0.9988297692,0,-0.4994636223,0.2500487972,0.2500487972
0.98989899,-1.54545455,-0.9997138050,0,-0.4998688237,0.2500119247,0.2500119247
1.00000000,-1.54545455,-1.0000000000,0,-0.5000000000,0.2500000000,0.2500000000
0.00000000,-1.48484848,1.0000000000,0,1.0000000000,1.0000000000,1.0000000000
0.01010101,-1.48484848,0.9999997711,0,0.9999762006,0.9999528596,0.9999528596
0.02020202,-1.48484848,0.9999981082,0,0.9999018305,0.9998074535,0.9998074535
0.03030303,-1.48484848,0.9999934030,0,0.9997721477,0.9995575354,0.9995575354
0.04040404,-1.48484848,0.9999838374,0,0.9995820044,0.9991964824,0.9991964824
0.05050505,-1.48484848,0.9999673602,0,0.9993258110,0.9987172714,0.9987172714
0.06060606,-1.48484848,0.9999416609,0,0.9989974973,0.9981124543,0.9981124543
0.07070707,-1.48484848,0.9999041410,0,0.9985904699,0.9973741319,0.9973741319
0.08080808,-1.48484848,0.9998518814,0,0.9980975650,0.9964939260,0.9964939260
0.09090909,-1.48484848,0.9997816060,0,0.9975109979,0.9954629498,0.9954629498
0.10101010,-1.48484848,0.9996896415,0,0.9968223069,0.9942717770,0.9942717770
0.11111111,-1.48484848,0.9995718723,0,0.9960222922,0.9929104095,0.9929104095
0.12121212,-1.48484848,0.9994236895,0,0.9951009495,0.9913682423,0.9913682423
0.13131313,-1.48484848,0.9992399345,0,0.9940473966,0.9896340285,0.9896340285
0.14141414,-1.48484848,0.9990148353,0,0.9928497940,0.9876958411,0.9876958411
0.15151515,-1.48484848,0.9987419352,0,0.9914952574,0.9855410346,0.9855410346
0.16161616,-1.48484848,0.9984140125,0,0.9899697624,0.9831562043,0.9831562043
0.17171717,-1.48484848,0.9980229905,0,0.9882580407,0.9805271454,0.9805271454
0.18181818,-1.48484848,0.9975598358,0,0.9863434662,0.9776388105,0.9776388105
0.19191919,-1.48484848,0.9970144441,0,0.9842079314,0.9744752670,0.9744752670
0.20202020,-1.48484848,0.9963755114,0,0.9818317126,0.9710196551,0.9710196551
0.21212121,-1.48484848,0.9956303881,0,0.9791933229,0.9672541457,0.9672541457
0.22222222,-1.48484848,0.9947649152,0,0.9762693533,0.9631599012,0.9631599012
0.23232323,-1.48484848,0.9937632378,0,0.9730343002,0.9587170383,0.9587170383
0.24242424,-1.48484848,0.9926075957,0,0.9694603795,0.9539045956,0.9539045956
0.25252525,-1.48484848,0.9912780849,0,0.9655173259,0.9487005078,0.9487005078
0.26262626,-1.48484848,0.9897523884,0,0.9611721785,0.9430815880,0.9430815880
0.27272727,-1.48484848,0.9880054716,0,0.9563890524,0.9370235216,0.9370235216
0.28282828,-1.48484848,0.9860092360,0,0.9511288962,0.9305008758,0.9305008758
0.29292929,-1.48484848,0.9837321285,0,0.9453492389,0.9234871284,0.9234871284
0.30303030,-1.48484848,0.9811386983,0,0.9390039265,0.9159547209,0.9159547209
0.31313131,-1.48484848,0.9781890967,0,0.9320428536,0.9078751446,0.9078751446
0.32323232,-1.48484848,0.9748385115,0,0.9244116941,0.8992190644,0.8992190644
0.33333333,-1.48484848,0.9710365311,0,0.9160516400,0.8899564928,0.8899564928
0.34343434,-1.48484848,0.9667264295,0,0.9068991577,0.8800570231,0.8800570231
0.35353535,-1.48484848,0.9618443679,0,0.8968857756,0.8694901367,0.8694901367
0.36363636,-1.48484848,0.9563185060,0,0.8859379222,0.8582255976,0.8582255976
0.37373737,-1.48484848,0.9500680214,0,0.8739768385,0.8462339530,0.8462339530
0.38383838,-1.48484848,0.9430020386,0,0.8609185945,0.8334871579,0.8334871579
0.39393939,-1.48484848,0.9350184733,0,0.8466742490,0.8199593445,0.8199593445
0.40404040,-1.48484848,0.9260028089,0,0.8311502009,0.8056277557,0.8056277557
0.41414141,-1.48484848,0.9158268333,0,0.8142487892,0.7904738636,0.7904738636
0.42424242,-1.48484848,0.9043473831,0,0.7958692114,0.7744846878,0.7744846878
0.43434343,-1.48484848,0.8914051659,0,0.7759088387,0.7576543222,0.7576543222
0.44444444,-1.48484848,0.8768237646,0,0.7542650189,0.7399856692,0.7399856692
0.45454545,-1.48484848,0.8604089708,0,0.7308374570,0.7214923590,0.7214923590
0.46464646,-1.48484848,0.8419486440,0,0.7055312673,0.7022008114,0.7022008114
0.47474747,-1.48484848,0.8212133604,0,0.6782607722,0.6821523621,0.6821523621
0.48484848,-1.48484848,0.7979581777,0,0.6489540939,0.6614053344,0.6614053344
0.49494949,-1.48484848,0.7719259160,0,0.6175585319,0.6400368934,0.6400368934
0.50505051,-1.48484848,0.7428524057,0,0.5840466367,0.6181444673,0.6181444673
0.51515152,-1.48484848,0.7104741726,0,0.5484227781,0.5958464812,0.5958464812
0.52525253,-1.48484848,0.6745389863,0,0.5107298647,0.5732821192,0.5732821192
0.53535354,-1.48484848,0.6348195482,0,0.4710557143,0.5506098416,0.5506098416
0.54545455,-1.48484848,0.5911303082,0,0.4295384155,0.5280044318,0.5280044318
0.55555556,-1.48484848,0.5433469442,0,0.3863699056,0.5056524617,0.5056524617
0.56565657,-1.48484848,0.4914274195,0,0.3417969504,0.4837462351,0.4837462351
0.57575758,-1.48484848,0.4354328141,0,0.2961188004,0.4624764836,0.4624764836
0.58585859,-1.48484848,0.3755454273,0,0.2496810388,0.4420243241,0.4420243241
0.59595960,-1.48484848,0.3120811900,0,0.2028655393,0.4225531784,0.4225531784
0.60606061,-1.48484848,0.2454934179,0,0.1560769589,0.4042014656,0.4042014656
0.61616162,-1.48484848,0.1763655860,0,0.1097267317,0.3870768483,0.3870768483
0.62626263,-1.48484848,0.1053921423,0,0.0642159647,0.3712526452,0.3712526452
0.63636364,-1.48484848,0.0333482184,0,0.0199188753,0.3567667320,0.3567667320
0.64646465,-1.48484848,-0.0389489623,0,-0.0228316314,0.3436229065,0.3436229065
0.65656566,-1.48484848,-0.1106826406,0,-0.0637549659,0.3317943699,0.3317943699
0.66666667,-1.48484848,-0.1810780194,0,-0.1026296700,0.3212287394,0.3212287394
0.67676768,-1.48484848,-0.2494380265,0,-0.1392958745,0.3118539036,0.3118539036
0.68686869,-1.48484848,-0.3151699078,0,-0.1736537717,0.3035840508,0.3035840508
0.69696970,-1.48484848,-0.3778009698,0,-0.2056588731,0.2963253233,0.2963253233
0.70707071,-1.48484848,-0.4369835679,0,-0.2353150305,0.2899807201,0.2899807201
0.71717172,-1.48484848,-0.4924908449,0,-0.2626662189,0.2844540500,0.2844540500
0.72727273,-1.48484848,-0.5442055597,0,-0.2877879665,0.2796528904,0.2796528904
0.73737374,-1.48484848,-0.5921045876,0,-0.3107791184,0.2754906151,0.2754906151
0.74747475,-1.48484848,-0.6362414704,0,-0.3317544003,0.2718876228,0.2718876228
0.75757576,-1.48484848,-0.6767289091,0,-0.3508380436,0.2687719252,0.2687719252
0.76767677,-1.48484848,-0.7137225241,0,-0.3681585652,0.2660792527,0.2660792527
0.77777778,-1.48484848,-0.7474066619,0,-0.3838446772,0.2637528227,0.2637528227
0.78787879,-1.48484848,-0.7779825874,0,-0.3980222232,0.2617428872,0.2617428872
0.79797980,-1.48484848,-0.8056590818,0,-0.4108120009,0.2600061556,0.2600061556
0.80808081,-1.48484848,-0.8306452666,0,-0.4223283167,0.2585051583,0.2585051583
0.81818182,-1.48484848,-0.8531453647,0,-0.4326781215,0.2572076017,0.2572076017
0.82828283,-1.48484848,-0.8733550722,0,-0.4419605947,0.2560857454,0.2560857454
0.83838384,-1.48484848,-0.8914592182,0,-0.4502670590,0.2551158203,0.2551158203
0.84848485,-1.48484848,-0.9076304221,0,-0.4576811328,0.2542774988,0.2542774988
0.85858586,-1.48484848,-0.9220284962,0,-0.4642790431,0.2535534209,0.2535534209
0.86868687,-1.48484848,-0.9348003890,0,-0.4701300422,0.2529287745,0.2529287745
0.87878788,-1.48484848,-0.9460805046,0,-0.4752968822,0.2523909303,0.2523909303
0.88888889,-1.48484848,-0.9559912710,0,-0.4798363168,0.2519291236,0.2519291236
0.89898990,-1.48484848,-0.9646438629,0,-0.4837996065,0.2515341813,0.2515341813
0.90909091,-1.48484848,-0.9721390064,0,-0.4872330119,0.2511982867,0.2511982867
0.91919192,-1.48484848,-0.9785678166,0,-0.4901782641,0.2509147789,0.2509147789
0.92929293,-1.48484848,-0.9840126323,0,-0.4926730071,0.2506779818,0.2506779818
0.93939394,-1.48484848,-0.9885478245,0,-0.4947512078,0.2504830580,0.2504830580
0.94949495,-1.48484848,-0.9922405627,0,-0.4964435326,0.2503258852,0.2503258852
0.95959596,-1.48484848,-0.9951515322,0,-0.4977776914,0.2502029503,0.2502029503
0.96969697,-1.48484848,-0.9973355955,0,-0.4987787490,0.2501112600,0.2501112600
0.97979798,-1.48484848,-0.9988423999,0,-0.4994694066,0.2500482649,0.2500482649
0.98989899,-1.48484848,-0.9997169284,0,-0.4998702547,0.2500117940,0.2500117940
1.00000000,-1.48484848,-1.0000000000,0,-0.5000000000,0.2500000000,0.2500000000
0.00000000,-1.42424242,1.0000000000,0,1.0000000000,1.0000000000,1.0000000000
0.01010101,-1.42424242,0.9999997753,0,0.9999764948,0.9999534395,0.9999534395
0.02020202,-1.42424242,0.9999981432,0,0.9999030444,0.9998098111,0.9998098111
0.03030303,-1.42424242,0.9999935244,0,0.9997749651,0.9995629263,0.9995629263
0.04040404,-1.42424242,0.9999841335,0,0.9995871720,0.9992062219,0.9992062219
0.05050505,-1.42424242,0.9999679553,0,0.9993341427,0.9987327359,0.9987327359
0.06060606,-1.42424242,0.9999427195,0,0.9990098793,0.9981350831,0.9981350831
0.07070707,-1.42424242,0.9999058718,0,0.9986078655,0.9974054281,0.9974054281
0.08080808,-1.42424242,0.9998545419,0,0.9981210199,0.9965354576,0.9965354576
0.09090909,-1.42424242,0.9997855076,0,0.9975416459,0.9955163509,0.9955163509
0.10101010,-1.42424242,0.9996951551,0,0.9968613757,0.9943387482,0.9943387482
0.11111111,-1.42424242,0.9995794338,0,0.9960711095,0.9929927179,0.9929927179
0.12121212,-1.42424242,0.9994338065,0,0.9951609488,0.9914677215,0.9914677215
0.13131313,-1.42424242,0.9992531930,0,0.9941201243,0.9897525777,0.9897525777
0.14141414,-1.42424242,0.9990319074,0,0.9929369151,0.9878354239,0.9878354239
0.15151515,-1.42424242,0.9987635869,0,0.9915985627,0.9857036767,0.9857036767
0.16161616,-1.42424242,0.9984411123,0,0.9900911749,0.9833439906,0.9833439906
0.17171717,-1.42424242,0.9980565188,0,0.9883996216,0.9807422158,0.9807422158
0.18181818,-1.42424242,0.9976008949,0,0.9865074217,0.9778833545,0.9778833545
0.19191919,-1.42424242,0.9970642686,0,0.9843966178,0.9747515175,0.9747515175
0.20202020,-1.42424242,0.9964354795,0,0.9820476415,0.9713298793,0.9713298793
0.21212121,-1.42424242,0.9957020336,0,0.9794391657,0.9676006353,0.9676006353
0.22222222,-1.42424242,0.9948499398,0,0.9765479437,0.9635449593,0.9635449593
0.23232323,-1.42424242,0.9938635243,0,0.9733486360,0.9591429643,0.9591429643
0.24242424,-1.42424242,0.9927252215,0,0.9698136215,0.9543736668,0.9543736668
0.25252525,-1.42424242,0.9914153354,0,0.9659127946,0.9492149572,0.9492149572
0.26262626,-1.42424242,0.9899117713,0,0.9616133478,0.9436435785,0.9436435785
0.27272727,-1.42424242,0.9881897297,0,0.9568795382,0.9376351152,0.9376351152
0.28282828,-1.42424242,0.9862213608,0,0.9516724408,0.9311639979,0.9311639979
0.29292929,-1.42424242,0.9839753710,0,0.9459496885,0.9242035253,0.9242035253
0.30303030,-1.42424242,0.9814165791,0,0.9396652011,0.9167259118,0.9167259118
0.31313131,-1.42424242,0.9785054118,0,0.9327689075,0.9087023649,0.9087023649
0.32323232,-1.42424242,0.9751973351,0,0.9252064655,0.9001032015,0.9001032015
0.33333333,-1.42424242,0.9714422110,0,0.9169189865,0.8908980131,0.8908980131
0.34343434,-1.42424242,0.9671835759,0,0.9078427763,0.8810558893,0.8810558893
0.35353535,-1.42424242,0.9623578297,0,0.8979091045,0.8705457151,0.8705457151
0.36363636,-1.42424242,0.9568933339,0,0.8870440205,0.8593365563,0.8593365563
0.37373737,-1.42424242,0.9507094123,0,0.8751682417,0.8473981506,0.8473981506
0.38383838,-1.42424242,0.9437152556,0,0.8621971422,0.8347015246,0.8347015246
0.39393939,-1.42424242,0.9358087359,0,0.8480408834,0.8212197574,0.8212197574
0.40404040,-1.42424242,0.9268751453,0,0.8326047322,0.8069289130,0.8069289130
0.41414141,-1.42424242,0.9167858859,0,0.8157896294,0.7918091626,0.7918091626
0.42424242,-1.42424242,0.9053971572,0,0.7974930763,0.7758461144,0.7758461144
0.43434343,-1.42424242,0.8925487108,0,0.7776104242,0.7590323635,0.7590323635
0.44444444,-1.42424242,0.8780627769,0,0.7560366589,0.7413692605,0.7413692605
0.45454545,-1.42424242,0.8617433090,0,0.7326687786,0.7228688834,0.7228688834
0.46464646,-1.42424242,0.8433757502,0,0.7074088644,0.7035561702,0.7035561702
0.47474747,-1.42424242,0.8227275876,0,0.6801679275,0.6834711360,0.6834711360
0.48484848,-1.42424242,0.7995500357,0,0.6508705903,0.6626710569,0.6626710569
0.49494949,-1.42424242,0.7735812620,0,0.6194605995,0.6412324529,0.6412324529
0.50505051,-1.42424242,0.7445516309,0,0.5859070926,0.6192526478,0.6192526478
0.51515152,-1.42424242,0.7121914640,0,0.5502114142,0.5968506389,0.5968506389
0.52525253,-1.42424242,0.6762417773,0,0.5124141358,0.5741669751,0.5741669751
0.53535354,-1.42424242,0.6364683039,0,0.4726017583,0.5513623474,0.5513623474
0.54545455,-1.42424242,0.5926788177,0,0.4309124084,0.5286146420,0.5286146420
0.55555556,-1.42424242,0.5447432942,0,0.3875397080,0.5061143251,0.5061143251
0.56565657,-1.42424242,0.4926157920,0,0.3427339474,0.4840582047,0.4840582047
0.57575758,-1.42424242,0.4363561688,0,0.2967997815,0.4626418478,0.4626418478
0.58585859,-1.42424242,0.3761489992,0,0.2500899211,0.4420511839,0.4420511839
0.59595960,-1.42424242,0.3123165543,0,0.2029947180,0.4224540382,0.4224540382
0.60606061,-1.42424242,0.2453227000,0,0.1559280920,0.4039924579,0.4039924579
0.61616162,-1.42424242,0.1757652574,0,0.1093108247,0.3867766722,0.3867766722
0.62626263,-1.42424242,0.1043558082,0,0.0635527165,0.3708813419,0.3708813419
0.63636364,-1.42424242,0.0318879029,0,0.0190353539,0.3563444433,0.3563444433
0.64646465,-1.42424242,-0.0408032986,0,-0.0239028201,0.3431687555,0.3431687555
0.65656566,-1.42424242,-0.1128853118,0,-0.0649777867,0.3313255711,0.3313255711
0.66666667,-1.42424242,-0.1835712133,0,-0.1039668006,0.3207599982,0.3207599982
0.67676768,-1.42424242,-0.2521562364,0,-0.1407106618,0.3113971146,0.3113971146
0.68686869,-1.42424242,-0.3180445646,0,-0.1751118435,0.3031482631,0.3031482631
0.69696970,-1.42424242,-0.3807647027,0,-0.2071293189,0.2959169146,0.2959169146
0.70707071,-1.42424242,-0.4399736793,0,-0.2367711356,0.2896037104,0.2896037104
0.71717172,-1.42424242,-0.4954517888,0,-0.2640857912,0.2841104899,0.2841104899
0.72727273,-1.42424242,-0.5470903956,0,-0.2891533284,0.2793432685,0.2793432685
0.73737374,-1.42424242,-0.5948755250,0,-0.3120768520,0.2752142460,0.2752142460
0.74747475,-1.42424242,-0.6388696919,0,-0.3329749313,0.2716429916,0.2716429916
0.75757576,-1.42424242,-0.6791938911,0,-0.3519751395,0.2685569755,0.2685569755
0.76767677,-1.42424242,-0.7160110542,0,-0.3692088055,0.2658916176,0.2658916176
0.77777778,-1.42424242,-0.7495117214,0,-0.3848069382,0.2635899998,0.2635899998
0.78787879,-1.42424242,-0.7799022210,0,-0.3988972040,0.2616023676,0.2616023676
0.79797980,-1.42424242,-0.8073953362,0,-0.4116018051,0.2598855115,0.2598855115
0.80808081,-1.42424242,-0.8322032451,0,-0.4230360954,0.2584021007,0.2584021007
0.81818182,-1.42424242,-0.8545324189,0,-0.4333077776,0.2571200134,0.2571200134
0.82828283,-1.42424242,-0.8745801330,0,-0.4425165432,0.2560116962,0.2560116962
0.83838384,-1.42424242,-0.8925322588,0,-0.4507540377,0.2550535706,0.2550535706
0.84848485,-1.42424242,-0.9085620374,0,-0.4581040556,0.2542254939,0.2542254939
0.85858586,-1.42424242,-0.9228295827,0,-0.4646428899,0.2535102804,0.2535102804
0.86868687,-1.42424242,-0.9354819071,0,-0.4704397774,0.2528932786,0.2528932786
0.87878788,-1.42424242,-0.9466533083,0,-0.4755573969,0.2523620046,0.2523620046
0.88888889,-1.42424242,-0.9564659909,0,-0.4800523897,0.2519058232,0.2519058232
0.89898990,-1.42424242,-0.9650308294,0,-0.4839758783,0.2515156758,0.2515156758
0.90909091,-1.42424242,-0.9724482045,0,-0.4873739709,0.2511838454,0.2511838454
0.91919192,-1.42424242,-0.9788088638,0,-0.4902882398,0.2509037576,0.2509037576
0.92929293,-1.42424242,-0.9841947728,0,-0.4927561693,0.2506698104,0.2506698104
0.93939394,-1.42424242,-0.9886799353,0,-0.4948115699,0.2504772295,0.2504772295
0.94949495,-1.42424242,-0.9923311676,0,-0.4964849577,0.2503219456,0.2503219456
0.95959596,-1.42424242,-0.9952088204,0,-0.4978038998,0.2502004901,0.2502004901
0.96969697,-1.42424242,-0.9973674438,0,-0.4987933270,0.2501099065,0.2501099065
0.97979798,-1.42424242,-0.9988563946,0,-0.4994758156,0.2500476751,0.2500476751
0.98989899,-1.42424242,-0.9997203888,0,-0.4998718401,0.2500116491,0.2500116491
1.00000000,-1.42424242,-1.0000000000,0,-0.5000000000,0.2500000000,0.2500000000
0.00000000,-1.36363636,1.0000000000,0,1.0000000000,1.0000000000,1.0000000000
0.01010101,-1.36363636,0.9999997800,0,0.9999768200,0.9999540805,0.9999540805
0.02020202,-1.36363636,0.9999981816,0,0.9999043858,0.9998124169,0.9998124169
0.03030303,-1.36363636,0.9999936579,0,0.9997780786,0.9995688853,0.9995688853
0.04040404,-1.36363636,0.9999844590,0,0.9995928826,0.9992169884,0.9992169884
0.05050505,-1.36363636,0.9999686097,0,0.9993433500,0.9987498323,0.9987498323
0.06060606,-1.36363636,0.9999438836,0,0.9990235623,0.9981601013,0.9981601013
0.07070707,-1.36363636,0.9999077752,0,0.9986270887,0.9974400313,0.9974400313
0.08080808,-1.36363636,0.9998574680,0,0.9981469391,0.9965813813,0.9965813813
0.09090909,-1.36363636,0.9997897992,0,0.9975755142,0.9955754041,0.9955754041
0.10101010,-1.36363636,0.9997012202,0,0.9969045500,0.9944128139,0.9944128139
0.11111111,-1.36363636,0.9995877526,0,0.9961250574,0.9930837536,0.9930837536
0.12121212,-1.36363636,0.9994449379,0,0.9952272555,0.9915777592,0.9915777592
0.13131313,-1.36363636,0.9992677826,0,0.9942004995,0.9898837227,0.9898837227
0.14141414,-1.36363636,0.9990506956,0,0.9930332008,0.9879898539,0.9879898539
0.15151515,-1.36363636,0.9987874177,0,0.9917127400,0.9858836391,0.9858836391
0.16161616,-1.36363636,0.9984709434,0,0.9902253716,0.9835517999,0.9835517999
0.17171717,-1.36363636,0.9980934312,0,0.9885561197,0.9809802487,0.9809802487
0.18181818,-1.36363636,0.9976461043,0,0.9866886639,0.9781540447,0.9781540447
0.19191919,-1.36363636,0.9971191374,0,0.9846052143,0.9750573482,0.9750573482
0.20202020,-1.36363636,0.9965015288,0,0.9822863759,0.9716733743,0.9716733743
0.21212121,-1.36363636,0.9957809570,0,0.9797109996,0.9679843475,0.9679843475
0.22222222,-1.36363636,0.9949436170,0,0.9768560208,0.9639714572,0.9639714572
0.23232323,-1.36363636,0.9939740360,0,0.9736962834,0.9596148152,0.9596148152
0.24242424,-1.36363636,0.9928548642,0,0.9702043499,0.9548934167,0.9548934167
0.25252525,-1.36363636,0.9915666372,0,0.9663502949,0.9497851070,0.9497851070
0.26262626,-1.36363636,0.9900875073,0,0.9621014841,0.9442665550,0.9442665550
0.27272727,-1.36363636,0.9883929374,0,0.9574223365,0.9383132382,0.9383132382
0.28282828,-1.36363636,0.9864553546,0,0.9522740723,0.9318994398,0.9318994398
0.29292929,-1.36363636,0.9842437558,0,0.9466144452,0.9249982657,0.9249982657
0.30303030,-1.36363636,0.9817232612,0,0.9403974638,0.9175816831,0.9175816831
0.31313131,-1.36363636,0.9788546072,0,0.9335731025,0.9096205906,0.9096205906
0.32323232,-1.36363636,0.9755935724,0,0.9260870098,0.9010849250,0.9010849250
0.33333333,-1.36363636,0.9718903288,0,0.9178802175,0.8919438159,0.8919438159
0.34343434,-1.36363636,0.9676887099,0,0.9088888642,0.8821657993,0.8821657993
0.35353535,-1.36363636,0.9629253896,0,0.8990439435,0.8717191034,0.8717191034
0.36363636,-1.36363636,0.9575289633,0,0.8882710966,0.8605720226,0.8605720226
0.37373737,-1.36363636,0.9514189288,0,0.8764904724,0.8486933984,0.8486933984
0.38383838,-1.36363636,0.9445045645,0,0.8636166858,0.8360532265,0.8360532265
0.39393939,-1.36363636,0.9366837101,0,0.8495589134,0.8226234143,0.8226234143
0.40404040,-1.36363636,0.9278414634,0,0.8342211762,0.8083787100,0.8083787100
0.41414141,-1.36363636,0.9178488177,0,0.8175028694,0.7932978288,0.7932978288
0.42424242,-1.36363636,0.9065612862,0,0.7992996137,0.7773647943,0.7773647943
0.43434343,-1.36363636,0.8938175801,0,0.7795045133,0.7605705122,0.7605705122
0.44444444,-1.36363636,0.8794384462,0,0.7580099174,0.7429145776,0.7429145776
0.45454545,-1.36363636,0.8632258125,0,0.7347097931,0.7244073043,0.7244073043
0.46464646,-1.36363636,0.8449624460,0,0.7095028130,0.7050719357,0.7050719357
0.47474747,-1.36363636,0.8244123989,0,0.6822962552,0.6849469650,0.6849469650
0.48484848,-1.36363636,0.8013225949,0,0.6530107800,0.6640884455,0.6640884455
0.49494949,-1.36363636,0.7754259882,0,0.6215860964,0.6425721207,0.6425721207
0.50505051,-1.36363636,0.7464467956,0,0.5879874434,0.6204951445,0.6204951445
0.51515152,-1.36363636,0.7141083360,0,0.5522126895,0.5979771086,0.5979771086
0.52525253,-1.36363636,0.6781439738,0,0.5142996946,0.5751600584,0.5751600584
0.53535354,-1.36363636,0.6383115185,0,0.4743333959,0.5522071714,0.5522071714
0.54545455,-1.36363636,0.5944111214,0,0.4324518920,0.5292998247,0.5292998247
0.55555556,-1.36363636,0.5463062157,0,0.3888506526,0.5066328905,0.5066328905
0.56565657,-1.36363636,0.4939463451,0,0.3437839213,0.4844082928,0.4844082928
0.57575758,-1.36363636,0.4373899028,0,0.2975624636,0.4628271051,0.4628271051
0.58585859,-1.36363636,0.3768239925,0,0.2505470804,0.4420807449,0.4420807449
0.59595960,-1.36363636,0.3125780703,0,0.2031377659,0.4223420582,0.4223420582
0.60606061,-1.36363636,0.2451280105,0,0.1557589792,0.4037572220,0.4037572220
0.61616162,-1.36363636,0.1750879841,0,0.1088421286,0.3864393722,0.3864393722
0.62626263,-1.36363636,0.1031890912,0,0.0628068749,0.3704646672,0.3704646672
0.63636364,-1.36363636,0.0302458249,0,0.0180431280,0.3558711561,0.3558711561
0.64646465,-1.36363636,-0.0428863314,0,-0.0251044589,0.3426604131,0.3426604131
0.65656566,-1.36363636,-0.1153571726,0,-0.0663480785,0.3308015178,0.3308015178
0.66666667,-1.36363636,-0.1863662303,0,-0.1054636427,0.3202366946,0.3202366946
0.67676768,-1.36363636,-0.2552002880,0,-0.1422928272,0.3108878119,0.3108878119
0.68686869,-1.36363636,-0.3212603610,0,-0.1767407920,0.3026629824,0.3026629824
0.69696970,-1.36363636,-0.3840765980,0,-0.2087705086,0.2954626619,0.2954626619
0.70707071,-1.36363636,-0.4433115557,0,-0.2383948217,0.2891848460,0.2891848460
0.71717172,-1.36363636,-0.4987537843,0,-0.2656673617,0.2837291767,0.2837291767
0.72727273,-1.36363636,-0.5503044645,0,-0.2906732655,0.2789999382,0.2789999382
0.73737374,-1.36363636,-0.5979599714,0,-0.3135204196,0.2749080381,0.2749080381
0.74747475,-1.36363636,-0.6417929043,0,-0.3343316880,0.2713721401,0.2713721401
0.75757576,-1.36363636,-0.6819335253,0,-0.3532383612,0.2683191311,0.2683191311
0.76767677,-1.36363636,-0.7185528949,0,-0.3703748831,0.2656841021,0.2656841021
0.77777778,-1.36363636,-0.7518484075,0,-0.3858747964,0.2634100001,0.2634100001
0.78787879,-1.36363636,-0.7820319690,0,-0.3998677700,0.2614470748,0.2614470748
0.79797980,-1.36363636,-0.8093207517,0,-0.4124775423,0.2597522173,0.2597522173
0.80808081,-1.36363636,-0.8339302703,0,-0.4238206074,0.2582882576,0.2582882576
0.81818182,-1.36363636,-0.8560694367,0,-0.4340054814,0.2570232700,0.2570232700
0.82828283,-1.36363636,-0.8759372303,0,-0.4431324052,0.2559299128,0.2559299128
0.83838384,-1.36363636,-0.8937206363,0,-0.4512933663,0.2549848206,0.2549848206
0.84848485,-1.36363636,-0.9095935499,0,-0.4585723417,0.2541680578,0.2541680578
0.85858586,-1.36363636,-0.9237163900,0,-0.4650456862,0.2534626324,0.2534626324
0.86868687,-1.36363636,-0.9362362168,0,-0.4707826104,0.2528540715,0.2528540715
0.87878788,-1.36363636,-0.9472871916,0,-0.4758457051,0.2523300520,0.2523300520
0.88888889,-1.36363636,-0.9569912567,0,-0.4802914807,0.2518800824,0.2518800824
0.89898990,-1.36363636,-0.9654589429,0,-0.4841709027,0.2514952301,0.2514952301
0.90909091,-1.36363636,-0.9727902397,0,-0.4875299067,0.2511678886,0.2511678886
0.91919192,-1.36363636,-0.9790754807,0,-0.4904098863,0.2508915787,0.2508915787
0.92929293,-1.36363636,-0.9843962131,0,-0.4928481467,0.2506607800,0.2506607800
0.93939394,-1.36363636,-0.9888260299,0,-0.4948783233,0.2504707878,0.2504707878
0.94949495,-1.36363636,-0.9924313531,0,-0.4965307641,0.2503175913,0.2503175913
0.95959596,-1.36363636,-0.9952721603,0,-0.4978328771,0.2501977709,0.2501977709
0.96969697,-1.36363636,-0.9974026530,0,-0.4988094436,0.2501084104,0.2501084104
0.97979798,-1.36363636,-0.9988718647,0,-0.4994829003,0.2500470232,0.2500470232
0.98989899,-1.36363636,-0.9997242137,0,-0.4998735925,0.2500114890,0.2500114890
1.00000000,-1.36363636,-1.0000000000,0,-0.5000000000,0.2500000000,0.2500000000
0.00000000,-1.30303030,1.0000000000,0,1.0000000000,1.0000000000,1.0000000000
0.01010101,-1.30303030,0.9999997851,0,0.9999771784,0.9999547871,0.9999547871
0.02020202,-1.30303030,0.9999982237,0,0.9999058645,0.9998152897,0.9998152897
0.03030303,-1.30303030,0.9999938041,0,0.9997815104,0.9995754551,0.9995754551
0.04040404,-1.30303030,0.9999848158,0,0.9995991769,0.9992288592,0.9992288592
0.05050505,-1.30303030,0.9999693269,0,0.9993534980,0.9987686836,0.9987686836
0.06060606,-1.30303030,0.9999451596,0,0.9990386432,0.9981876897,0.9981876897
0.07070707,-1.30303030,0.9999098617,0,0.9986482757,0.9974781924,0.9974781924
0.08080808,-1.30303030,0.9998606760,0,0.9981755061,0.9966320312,0.9966320312
0.09090909,-1.30303030,0.9997945047,0,0.9976128425,0.9956405403,0.9956405403
0.10101010,-1.30303030,0.9997078712,0,0.9969521356,0.9944945168,0.9944945168
0.11111111,-1.30303030,0.9995968759,0,0.9961845184,0.9931841863,0.9931841863
0.12121212,-1.30303030,0.9994571472,0,0.9953003401,0.9916991680,0.9916991680
0.13131313,-1.30303030,0.9992837870,0,0.9942890935,0.9900284362,0.9900284362
0.14141414,-1.30303030,0.9990713083,0,0.9931393363,0.9881602816,0.9881602816
0.15151515,-1.30303030,0.9988135664,0,0.9918386033,0.9860822693,0.9860822693
0.16161616,-1.30303030,0.9985036803,0,0.9903733116,0.9837811961,0.9837811961
0.17171717,-1.30303030,0.9981339452,0,0.9887286562,0.9812430453,0.9812430453
0.18181818,-1.30303030,0.9976957326,0,0.9868884952,0.9784529412,0.9784529412
0.19191919,-1.30303030,0.9971793787,0,0.9848352250,0.9753951008,0.9753951008
0.20202020,-1.30303030,0.9965740576,0,0.9825496436,0.9720527868,0.9720527868
0.21212121,-1.30303030,0.9958676381,0,0.9800108005,0.9684082591,0.9684082591
0.22222222,-1.30303030,0.9950465212,0,0.9771958343,0.9644427273,0.9644427273
0.23232323,-1.30303030,0.9940954564,0,0.9740797946,0.9601363057,0.9601363057
0.24242424,-1.30303030,0.9929973333,0,0.9706354496,0.9554679700,0.9554679700
0.25252525,-1.30303030,0.9917329442,0,0.9668330771,0.9504155199,0.9504155199
0.26262626,-1.30303030,0.9902807157,0,0.9626402388,0.9449555478,0.9449555478
0.27272727,-1.30303030,0.9886164025,0,0.9580215381,0.9390634177,0.9390634177
0.28282828,-1.30303030,0.9867127403,0,0.9529383618,0.9327132561,0.9327132561
0.29292929,-1.30303030,0.9845390500,0,0.9473486045,0.9258779614,0.9258779614
0.30303030,-1.30303030,0.9820607889,0,0.9412063809,0.9185292344,0.9185292344
0.31313131,-1.30303030,0.9792390405,0,0.9344617257,0.9106376385,0.9106376385
0.32323232,-1.30303030,0.9760299352,0,0.9270602874,0.9021726966,0.9021726966
0.33333333,-1.30303030,0.9723839946,0,0.9189430219,0.8931030344,0.8931030344
0.34343434,-1.30303030,0.9682453905,0,0.9100458957,0.8833965817,0.8833965817
0.35353535,-1.30303030,0.9635511098,0,0.9002996114,0.8730208451,0.8730208451
0.36363636,-1.30303030,0.9582300196,0,0.8896293736,0.8619432699,0.8619432699
0.37373737,-1.30303030,0.9522018252,0,0.8779547177,0.8501317076,0.8501317076
0.38383838,-1.30303030,0.9453759191,0,0.8651894335,0.8375550129,0.8375550129
0.39393939,-1.30303030,0.9376501253,0,0.8512416222,0.8241837916,0.8241837916
0.40404040,-1.30303030,0.9289093483,0,0.8360139374,0.8099913264,0.8099913264
0.41414141,-1.30303030,0.9190241538,0,0.8194040718,0.7949547050,0.7949547050
0.42424242,-1.30303030,0.9078493201,0,0.8013055662,0.7790561741,0.7790561741
0.43434343,-1.30303030,0.8952224321,0,0.7816090299,0.7622847372,0.7622847372
0.44444444,-1.30303030,0.8809626179,0,0.7602038752,0.7446380044,0.7446380044
0.45454545,-1.30303030,0.8648695800,0,0.7369806792,0.7261242835,0.7261242835
0.46464646,-1.30303030,0.8467231304,0,0.7118342889,0.7067648796,0.7067648796
0.47474747,-1.30303030,0.8262835100,0,0.6846677750,0.6865965293,0.6865965293
0.48484848,-1.30303030,0.8032928611,0,0.6553973146,0.6656738557,0.6656738557
0.49494949,-1.30303030,0.7774783036,0,0.6239580259,0.6440716657,0.6440716657
0.50505051,-1.30303030,0.7485571467,0,0.5903106924,0.6218868554,0.6218868554
0.51515152,-1.30303030,0.7162448077,0,0.5544491826,0.5992396225,0.5992396225
0.52525253,-1.30303030,0.6802659833,0,0.5164082043,0.5762736441,0.5762736441
0.53535354,-1.30303030,0.6403694680,0,0.4762708319,0.5531548641,0.5531548641
0.54545455,-1.30303030,0.5963467028,0,0.4341750416,0.5300685830,0.5300685830
0.55555556,-1.30303030,0.5480536044,0,0.3903183202,0.5072146576,0.5072146576
0.56565657,-1.30303030,0.4954344852,0,0.3449593399,0.4848008255,0.4848008255
0.57575758,-1.30303030,0.4385459765,0,0.2984157742,0.4630344356,0.4630344356
0.58585859,-1.30303030,0.3775779867,0,0.2510576112,0.4421131693,0.4421131693
0.59595960,-1.30303030,0.3128681151,0,0.2032958181,0.4222156030,0.4222156030
0.60606061,-1.30303030,0.2449059144,0,0.1555668543,0.4034926176,0.4034926176
0.61616162,-1.30303030,0.1743242060,0,0.1083142158,0.3860606411,0.3860606411
0.62626263,-1.30303030,0.1018763428,0,0.0619687507,0.3699974993,0.3699974993
0.63636364,-1.30303030,0.0284006432,0,0.0169297678,0.3553412716,0.3553412716
0.64646465,-1.30303030,-0.0452243794,0,-0.0264511245,0.3420921019,0.3420921019
0.65656566,-1.30303030,-0.1181285634,0,-0.0678819495,0.3302164985,0.3302164985
0.66666667,-1.30303030,-0.1894963401,0,-0.1071372435,0.3196533672,0.3196533672
0.67676768,-1.30303030,-0.2586052589,0,-0.1440598214,0.3103209093,0.3103209093
0.68686869,-1.30303030,-0.3248531234,0,-0.1785580159,0.3021235712,0.3021235712
0.69696970,-1.30303030,-0.3877723036,0,-0.2105994228,0.2949584075,0.2949584075
0.70707071,-1.30303030,-0.4470319075,0,-0.2402023735,0.2887204484,0.2887204484
0.71717172,-1.30303030,-0.5024300267,0,-0.2674263240,0.2833068901,0.2833068901
0.72727273,-1.30303030,-0.5538790396,0,-0.2923621550,0.2786201026,0.2786201026
0.73737374,-1.30303030,-0.6013870225,0,-0.3151231140,0.2745695771,0.2745695771
0.74747475,-1.30303030,-0.6450378928,0,-0.3358368552,0.2710729942,0.2710729942
0.75757576,-1.30303030,-0.6849722497,0,-0.3546387948,0.2680566157,0.2680566157
0.76767677,-1.30303030,-0.7213701704,0,-0.3716668181,0.2654551894,0.2654551894
0.77777778,-1.30303030,-0.7544366117,0,-0.3870572541,0.2632115306,0.2632115306
0.78787879,-1.30303030,-0.7843896037,0,-0.4009419634,0.2612759092,0.2612759092
0.79797980,-1.30303030,-0.8114511128,0,-0.4134463574,0.2596053389,0.2596053389
0.80808081,-1.30303030,-0.8358402790,0,-0.4246881653,0.2581628375,0.2581628375
0.81818182,-1.30303030,-0.8577686508,0,-0.4347767776,0.2569167024,0.2569167024
0.82828283,-1.30303030,-0.8774370337,0,-0.4438130212,0.2558398307,0.2558398307
0.83838384,-1.30303030,-0.8950335938,0,-0.4518892426,0.2549090963,0.2549090963
0.84848485,-1.30303030,-0.9107329068,0,-0.4590896038,0.2541047940,0.2541047940
0.85858586,-1.30303030,-0.9246956935,0,-0.4654905148,0.2534101475,0.2534101475
0.86868687,-1.30303030,-0.9370690383,0,-0.4711611465,0.2528108813,0.2528108813
0.87878788,-1.30303030,-0.9479869293,0,-0.4761639830,0.2522948502,0.2522948502
0.88888889,-1.30303030,-0.9575710011,0,-0.4805553837,0.2518517212,0.2518517212
0.89898990,-1.30303030,-0.9659313909,0,-0.4843861346,0.2514727008,0.2514727008
0.90909091,-1.30303030,-0.9731676454,0,-0.4877019765,0.2511503039,0.2511503039
0.91919192,-1.30303030,-0.9793696327,0,-0.4905441018,0.2508781560,0.2508781560
0.92929293,-1.30303030,-0.9846184313,0,-0.4929496150,0.2506508266,0.2506508266
0.93939394,-1.30303030,-0.9889871756,0,-0.4949519560,0.2504636872,0.2504636872
0.94949495,-1.30303030,-0.9925418478,0,-0.4965812854,0.2503127914,0.2503127914
0.95959596,-1.30303030,-0.9953420105,0,-0.4978648335,0.2501947733,0.2501947733
0.96969697,-1.30303030,-0.9974414769,0,-0.4988272151,0.2501067612,0.2501067612
0.97979798,-1.30303030,-0.9988889212,0,-0.4994907116,0.2500463046,0.2500463046
0.98989899,-1.30303030,-0.9997284303,0,-0.4998755244,0.2500113124,0.2500113124
1.00000000,-1.30303030,-1.0000000000,0,-0.5000000000,0.2500000000,0.2500000000
0.00000000,-1.24242424,1.0000000000,0,1.0000000000,1.0000000000,1.0000000000
0.01010101,-1.24242424,0.9999997907,0,0.9999775723,0.9999555638,0.9999555638
0.02020202,-1.24242424,0.9999982697,0,0.9999074895,0.9998184476,0.9998184476
0.03030303,-1.24242424,0.9999939638,0,0.9997852819,0.9995826771,0.9995826771
0.04040404,-1.24242424,0.9999852053,0,0.9996060939,0.9992419096,0.9992419096
0.05050505,-1.24242424,0.9999701102,0,0.9993646499,0.9987894097,0.9987894097
0.06060606,-1.24242424,0.9999465533,0,0.9990552159,0.9982180244,0.9982180244
0.07070707,-1.24242424,0.9999121411,0,0.9986715583,0.9975201558,0.9975201558
0.08080808,-1.24242424,0.9998641807,0,0.9982068985,0.9966877327,0.9966877327
0.09090909,-1.24242424,0.9997996461,0,0.9976538630,0.9957121801,0.9957121801
0.10101010,-1.24242424,0.9997151391,0,0.9970044286,0.9945843865,0.9945843865
0.11111111,-1.24242424,0.9996068466,0,0.9962498630,0.9932946703,0.9932946703
0.12121212,-1.24242424,0.9994704924,0,0.9953806584,0.9918327429,0.9918327429
0.13131313,-1.24242424,0.9993012826,0,0.9943864598,0.9901876709,0.9901876709
0.14141414,-1.24242424,0.9990938448,0,0.9932559860,0.9883478353,0.9883478353
0.15151515,-1.24242424,0.9988421597,0,0.9919769424,0.9863008899,0.9863008899
0.16161616,-1.24242424,0.9985394835,0,0.9905359258,0.9840337163,0.9840337163
0.17171717,-1.24242424,0.9981782609,0,0.9889183202,0.9815323783,0.9815323783
0.18181818,-1.24242424,0.9977500270,0,0.9871081817,0.9787820738,0.9787820738
0.19191919,-1.24242424,0.9972452958,0,0.9850881133,0.9757670859,0.9757670859
0.20202020,-1.24242424,0.9966534347,0,0.9828391274,0.9724707327,0.9724707327
0.21212121,-1.24242424,0.9959625223,0,0.9803404946,0.9688753164,0.9688753164
0.22222222,-1.24242424,0.9951591869,0,0.9775695800,0.9649620734,0.9649620734
0.23232323,-1.24242424,0.9942284236,0,0.9745016633,0.9607111248,0.9607111248
0.24242424,-1.24242424,0.9931533862,0,0.9711097435,0.9561014301,0.9561014301
0.25252525,-1.24242424,0.9919151515,0,0.9673643268,0.9511107442,0.9511107442
0.26262626,-1.24242424,0.9904924498,0,0.9632331965,0.9457155811,0.9457155811
0.27272727,-1.24242424,0.9888613598,0,0.9586811662,0.9398911863,0.9398911863
0.28282828,-1.24242424,0.9869949599,0,0.9536698133,0.9336115206,0.9336115206
0.29292929,-1.24242424,0.9848629322,0,0.9481571972,0.9268492611,0.9268492611
0.30303030,-1.24242424,0.9824311104,0,0.9420975598,0.9195758226,0.9195758226
0.31313131,-1.24242424,0.9796609664,0,0.9354410134,0.9117614073,0.9117614073
0.32323232,-1.24242424,0.9765090259,0,0.9281332201,0.9033750901,0.9033750901
0.33333333,-1.24242424,0.9729262052,0,0.9201150663,0.8943849489,0.8943849489
0.34343434,-1.24242424,0.9688570594,0,0.9113223450,0.8847582521,0.8847582521
0.35353535,-1.24242424,0.9642389344,0,0.9016854555,0.8744617176,0.8744617176
0.36363636,-1.24242424,0.9590010125,0,0.8911291390,0.8634618585,0.8634618585
0.37373737,-1.24242424,0.9530632461,0,0.8795722731,0.8517254369,0.8517254369
0.38383838,-1.24242424,0.9463351752,0,0.8669277563,0.8392200472,0.8392200472
0.39393939,-1.24242424,0.9387146305,0,0.8531025205,0.8259148537,0.8259148537
0.40404040,-1.24242424,0.9300863314,0,0.8379977249,0.8117815099,0.8117815099
0.41414141,-1.24242424,0.9203204007,0,0.8215091931,0.7967952884,0.7967952884
0.42424242,-1.24242424,0.9092708377,0,0.8035281726,0.7809364455,0.7809364455
0.43434343,-1.24242424,0.8967740152,0,0.7839425104,0.7641918457,0.7641918457
0.44444444,-1.24242424,0.8826473027,0,0.7626383532,0.7465568553,0.7465568553
0.45454545,-1.24242424,0.8666879683,0,0.7395024942,0.7280375026,0.7280375026
0.46464646,-1.24242424,0.8486725709,0,0.7144254915,0.7086528737,0.7086528737
0.47474747,-1.24242424,0.8283571342,0,0.6873056786,0.6884376767,0.6884376767
0.48484848,-1.24242424,0.8054784829,0,0.6580541605,0.6674448581,0.6674448581
0.49494949,-1.24242424,0.7797572181,0,0.6266008358,0.6457480931,0.6457480931
0.50505051,-1.24242424,0.7509028950,0,0.5929013923,0.6234439043,0.6234439043
0.51515152,-1.24242424,0.7186220219,0,0.5569450903,0.6006530904,0.6006530904
0.52525253,-1.24242424,0.6826294765,0,0.5187629656,0.5775210967,0.5775210967
0.53535354,-1.24242424,0.6426637941,0,0.4784358674,0.5542169367,0.5542169367
0.54545455,-1.24242424,0.5985064527,0,0.4361015184,0.5309303151,0.5309303151
0.55555556,-1.24242424,0.5500047218,0,0.3919595933,0.5078667270,0.5078667270
0.56565657,-1.24242424,0.4970968389,0,0.3462737186,0.4852405191,0.4852405191
0.57575758,-1.24242424,0.4398373086,0,0.2993693754,0.4632661972,0.4632661972
0.58585859,-1.24242424,0.3784191393,0,0.2516269886,0.4421485988,0.4421485988
0.59595960,-1.24242424,0.3131891609,0,0.2034700211,0.4220728470,0.4220728470
0.60606061,-1.24242424,0.2446525187,0,0.1553486055,0.4031951841,0.4031951841
0.61616162,-1.24242424,0.1734633274,0,0.1077199955,0.3856357671,0.3856357671
0.62626263,-1.24242424,0.1004003316,0,0.0610277346,0.3694742732,0.3694742732
0.63636364,-1.24242424,0.0263289681,0,0.0156817409,0.3547487490,0.3547487490
0.64646465,-1.24242424,-0.0478461521,0,-0.0279586007,0.3414576356,0.3414576356
0.65656566,-1.24242424,-0.1212324122,0,-0.0695967443,0.3295644471,0.3295644471
0.66666667,-1.24242424,-0.1929974486,0,-0.1090058517,0.3190042650,0.3190042650
0.67676768,-1.24242424,-0.2624087779,0,-0.1460302134,0.3096910986,0.3096910986
0.68686869,-1.24242424,-0.3288610402,0,-0.1805819162,0.3015252330,0.3015252330
0.69696970,-1.24242424,-0.3918895685,0,-0.2126339097,0.2943998895,0.2943998895
0.70707071,-1.24242424,-0.4511712475,0,-0.2422108045,0.2882067809,0.2882067809
0.71717172,-1.24242424,-0.5065152041,0,-0.2693786654,0.2828403863,0.2828403863
0.72727273,-1.24242424,-0.5578465905,0,-0.2942348435,0.2782009673,0.2782009673
0.73737374,-1.24242424,-0.6051866997,0,-0.3168985876,0.2741964687,0.2741964687
0.74747475,-1.24242424,-0.6486321331,0,-0.3375028832,0.2707435101,0.2707435101
0.75757576,-1.24242424,-0.6883349950,0,-0.3561877141,0.2677676896,0.2677676896
0.76767677,-1.24242424,-0.7244853361,0,-0.3730947554,0.2652034011,0.2652034011
0.77777778,-1.24242424,-0.7572964301,0,-0.3883633889,0.2629933366,0.2629933366
0.78787879,-1.24242424,-0.7869930041,0,-0.4021278636,0.2610878066,0.2610878066
0.79797980,-1.24242424,-0.8138022383,0,-0.4145154046,0.2594439749,0.2594439749
0.80808081,-1.24242424,-0.8379471913,0,-0.4256450705,0.2580250774,0.2580250774
0.81818182,-1.24242424,-0.8596422417,0,-0.4356271867,0.2567996662,0.2567996662
0.82828283,-1.24242424,-0.8790901383,0,-0.4445631989,0.2557409071,0.2557409071
0.83838384,-1.24242424,-0.8964802879,0,-0.4525458260,0.2548259418,0.2548259418
0.84848485,-1.24242424,-0.9119879640,0,-0.4596594144,0.2540353212,0.2540353212
0.85858586,-1.24242424,-0.9257741778,0,-0.4659804186,0.2533525083,0.2533525083
0.86868687,-1.24242424,-0.9379860056,0,-0.4715779524,0.2527634457,0.2527634457
0.87878788,-1.24242424,-0.9487572169,0,-0.4765143720,0.2522561846,0.2522561846
0.88888889,-1.24242424,-0.9582090858,0,-0.4808458612,0.2518205658,0.2518205658
0.89898990,-1.24242424,-0.9664512993,0,-0.4846230016,0.2514479492,0.2514479492
0.90909091,-1.24242424,-0.9735829030,0,-0.4878913141,0.2511309824,0.2511309824
0.91919192,-1.24242424,-0.9796932423,0,-0.4906917652,0.2508634061,0.2508634061
0.92929293,-1.24242424,-0.9848628716,0,-0.4930612349,0.2506398880,0.2506398880
0.93939394,-1.24242424,-0.9891644139,0,-0.4950329449,0.2504558831,0.2504558831
0.94949495,-1.24242424,-0.9926633622,0,-0.4966368468,0.2503075156,0.2503075156
0.95959596,-1.24242424,-0.9954188176,0,-0.4978999735,0.2501914784,0.2501914784
0.96969697,-1.24242424,-0.9974841625,0,-0.4988467545,0.2501049483,0.2501049483
0.97979798,-1.24242424,-0.9989076721,0,-0.4994992990,0.2500455147,0.2500455147
0.98989899,-1.24242424,-0.9997330653,0,-0.4998776480,0.2500111184,0.2500111184
1.00000000,-1.24242424,-1.0000000000,0,-0.5000000000,0.2500000000,0.2500000000
0.00000000,-1.18181818,1.0000000000,0,1.0000000000,1.0000000000,1.0000000000
0.01010101,-1.18181818,0.9999997967,0,0.9999780038,0.9999564146,0.9999564146
0.02020202,-1.18181818,0.9999983197,0,0.9999092695,0.9998219073,0.9998219073
0.03030303,-1.18181818,0.9999941375,0,0.9997894129,0.9995905904,0.9995905904
0.04040404,-1.18181818,0.9999856291,0,0.9996136703,0.9992562101,0.9992562101
0.05050505,-1.18181818,0.9999709623,0,0.9993768646,0.9988121230,0.9988121230
0.06060606,-1.18181818,0.9999480696,0,0.9990733677,0.9982512705,0.9982512705
0.07070707,-1.18181818,0.9999146211,0,0.9986970593,0.9975661511,0.9975661511
0.08080808,-1.18181818,0.9998679946,0,0.9982412821,0.9967487924,0.9967487924
0.09090909,-1.18181818,0.9998052417,0,0.9976987923,0.9957907196,0.9957907196
0.10101010,-1.18181818,0.9997230500,0,0.9970617055,0.9946829231,0.9946829231
0.11111111,-1.18181818,0.9996177011,0,0.9963214368,0.9934158238,0.9934158238
0.12121212,-1.18181818,0.9994850226,0,0.9954686360,0.9919792361,0.9919792361
0.13131313,-1.18181818,0.9993203346,0,0.9944931154,0.9903623291,0.9903623291
0.14141414,-1.18181818,0.9991183901,0,0.9933837709,0.9885535853,0.9885535853
0.15151515,-1.18181818,0.9988733068,0,0.9921284959,0.9865407575,0.9865407575
0.16161616,-1.18181818,0.9985784910,0,0.9907140854,0.9843108232,0.9843108232
0.17171717,-1.18181818,0.9982265516,0,0.9891261319,0.9818499370,0.9818499370
0.18181818,-1.18181818,0.9978092026,0,0.9873489105,0.9791433811,0.9791433811
0.19191919,-1.18181818,0.9973171530,0,0.9853652528,0.9761755143,0.9761755143
0.20202020,-1.18181818,0.9967399827,0,0.9831564088,0.9729297195,0.9729297195
0.21212121,-1.18181818,0.9960660007,0,0.9807018948,0.9693883499,0.9693883499
0.22222222,-1.18181818,0.9952820853,0,0.9779793280,0.9655326761,0.9655326761
0.23232323,-1.18181818,0.9943735018,0,0.9749642448,0.9613428325,0.9613428325
0.24242424,-1.18181818,0.9933236957,0,0.9716299027,0.9567977664,0.9567977664
0.25252525,-1.18181818,0.9921140572,0,0.9679470643,0.9518751905,0.9518751905
0.26262626,-1.18181818,0.9907236529,0,0.9638837636,0.9465515398,0.9465515398
0.27272727,-1.18181818,0.9891289196,0,0.9594050526,0.9408019376,0.9408019376
0.28282828,-1.18181818,0.9873033165,0,0.9544727283,0.9346001713,0.9346001713
0.29292929,-1.18181818,0.9852169265,0,0.9490450413,0.9279186841,0.9279186841
0.30303030,-1.18181818,0.9828360028,0,0.9430763858,0.9207285860,0.9207285860
0.31313131,-1.18181818,0.9801224517,0,0.9365169742,0.9129996924,0.9129996924
0.32323232,-1.18181818,0.9770332421,0,0.9293124990,0.9047005956,0.9047005956
0.33333333,-1.18181818,0.9735197351,0,0.9214037885,0.8957987815,0.8957987815
0.34343434,-1.18181818,0.9695269208,0,0.9127264646,0.8862608010,0.8862608010
0.35353535,-1.18181818,0.9649925557,0,0.9032106146,0.8760525125,0.8760525125
0.36363636,-1.18181818,0.9598461877,0,0.8927804928,0.8651394104,0.8651394104
0.37373737,-1.18181818,0.9540080635,0,0.8813542773,0.8534870622,0.8534870622
0.38383838,-1.18181818,0.9473879117,0,0.8688439092,0.8410616752,0.8410616752
0.39393939,-1.18181818,0.9398836006,0,0.8551550562,0.8278308215,0.8278308215
0.40404040,-1.18181818,0.9313796792,0,0.8401872523,0.8137643486,0.8137643486
0.41414141,-1.18181818,0.9217458206,0,0.8238342771,0.7988355083,0.7988355083
0.42424242,-1.18181818,0.9108352056,0,0.8059848582,0.7830223324,0.7830223324
0.43434343,-1.18181818,0.8984829121,0,0.7865237931,0.7663092825,0.7663092825
0.44444444,-1.18181818,0.8845044107,0,0.7653336076,0.7486891915,0.7486891915
0.45454545,-1.18181818,0.8686943177,0,0.7422968789,0.7301654979,0.7301654979
0.46464646,-1.18181818,0.8508256250,0,0.7172993646,0.7107547478,0.7107547478
0.47474747,-1.18181818,0.8306497036,0,0.6902340698,0.6904893039,0.6904893039
0.48484848,-1.18181818,0.8078974792,0,0.6610063656,0.6694201450,0.6694201450
0.49494949,-1.18181818,0.7822822827,0,0.6295402157,0.6476195766,0.6476195766
0.50505051,-1.18181818,0.7535049774,0,0.5957854772,0.6251835962,0.6251835962
0.51515152,-1.18181818,0.7212620336,0,0.5597260947,0.6022335759,0.6022335759
0.52525253,-1.18181818,0.6852572097,0,0.5213888187,0.5789168624,0.5789168624
0.53535354,-1.18181818,0.6452173626,0,0.4808518327,0.5554058632,0.5554058632
0.54545455,-1.18181818,0.6009125662,0,0.4382524275,0.5318952213,0.5318952213
0.55555556,-1.18181818,0.5521801268,0,0.3937926326,0.5085968069,0.5085968069
0.56565657,-1.18181818,0.4989512129,0,0.3477416063,0.4857324817,0.4857324817
0.57575758,-1.18181818,0.4412777528,0,0.3004336519,0.4635249205,0.4635249205
0.58585859,-1.18181818,0.3793561685,0,0.2522610541,0.4421871439,0.4421871439
0.59595960,-1.18181818,0.3135437535,0,0.2036615146,0.4219117615,0.4219117615
0.60606061,-1.18181818,0.2443634402,0,0.1551007558,0.4028611307,0.4028611307
0.61616162,-1.18181818,0.1724936770,0,0.1070516982,0.3851596313,0.3851596313
0.62626263,-1.18181818,0.0987422043,0,0.0599722945,0.3688889900,0.3688889900
0.63636364,-1.18181818,0.0240053413,0,0.0142844314,0.3540871303,0.3540871303
0.64646465,-1.18181818,-0.0507827312,0,-0.0296438276,0.3407504597,0.3407504597
0.65656566,-1.18181818,-0.1247041574,0,-0.0715109571,0.3288389983,0.3288389983
0.66666667,-1.18181818,-0.1969079470,0,-0.1110887933,0.3182834157,0.3182834157
0.67676768,-1.18181818,-0.2666507932,0,-0.1482235290,0.3089929267,0.3089929267
0.68686869,-1.18181818,-0.3333243485,0,-0.1828317005,0.3008630952,0.3008630952
0.69696970,-1.18181818,-0.3964678549,0,-0.2148924634,0.2937828277,0.2937828277
0.70707071,-1.18181818,-0.4557674406,0,-0.2444376142,0.2876401319,0.2876401319
0.71717172,-1.18181818,-0.5110450026,0,-0.2715407113,0.2823264785,0.2823264785
0.72727273,-1.18181818,-0.5622402584,0,-0.2963063853,0.2777398152,0.2777398152
0.73737374,-1.18181818,-0.6093894128,0,-0.3188605906,0.2737864073,0.2737864073
0.74747475,-1.18181818,-0.6526032543,0,-0.3393422321,0.2703817372,0.2703817372
0.75757576,-1.18181818,-0.6920466597,0,-0.3578963344,0.2674507051,0.2674507051
0.76767677,-1.18181818,-0.7279206757,0,-0.3746687313,0.2649273461,0.2649273461
0.77777778,-1.18181818,-0.7604476877,0,-0.3898021349,0.2627542439,0.2627542439
0.78787879,-1.18181818,-0.7898597140,0,-0.4034333853,0.2608817757,0.2608817757
0.79797980,-1.18181818,-0.8163895750,0,-0.4156916617,0.2592672884,0.2592672884
0.80808081,-1.18181818,-0.8402645400,0,-0.4266974456,0.2578742711,0.2578742711
0.81818182,-1.18181818,-0.8617020045,0,-0.4365620530,0.2566715656,0.2566715656
0.82828283,-1.18181818,-0.8809067680,0,-0.4453875771,0.2556326402,0.2556326402
0.83838384,-1.18181818,-0.8980695261,0,-0.4532671183,0.2547349354,0.2547349354
0.84848485,-1.18181818,-0.9133662568,0,-0.4602852017,0.2539592867,0.2539592867
0.85858586,-1.18181818,-0.9269582380,0,-0.4665183106,0.2532894212,0.2532894212
0.86868687,-1.18181818,-0.9389924957,0,-0.4720354801,0.2527115220,0.2527115220
0.87878788,-1.18181818,-0.9496025263,0,-0.4768989127,0.2522138560,0.2522138560
0.88888889,-1.18181818,-0.9589091817,0,-0.4811645895,0.2517864549,0.2517864549
0.89898990,-1.18181818,-0.9670216339,0,-0.4848828592,0.2514208461,0.2514208461
0.90909091,-1.18181818,-0.9740383628,0,-0.4880989944,0.2511098229,0.2511098229
0.91919192,-1.18181818,-0.9800481276,0,-0.4908537084,0.2508472511,0.2508472511
0.92929293,-1.18181818,-0.9851308974,0,-0.4931836305,0.2506279061,0.2506279061
0.93939394,-1.18181818,-0.9893587266,0,-0.4951217393,0.2504473341,0.2504473341
0.94949495,-1.18181818,-0.9927965648,0,-0.4966977544,0.2503017359,0.2503017359
0.95959596,-1.18181818,-0.9955030015,0,-0.4979384893,0.2501878685,0.2501878685
0.96969697,-1.18181818,-0.9975309417,0,-0.4988681682,0.2501029621,0.2501029621
0.97979798,-1.18181818,-0.9989282185,0,-0.4995087087,0.2500446493,0.2500446493
0.98989899,-1.18181818,-0.9997381434,0,-0.4998799746,0.2500109059,0.2500109059
1.00000000,-1.18181818,-1.0000000000,0,-0.5000000000,0.2500000000,0.2500000000
0.00000000,-1.12121212,1.0000000000,0,1.0000000000,1.0000000000,1.0000000000
0.01010101,-1.12121212,0.9999998033,0,0.9999784748,0.9999573434,0.9999573434
0.02020202,-1.12121212,0.9999983738,0,0.9999112122,0.9998256840,0.9998256840
0.03030303,-1.12121212,0.9999943255,0,0.9997939212,0.9995992292,0.9995992292
0.04040404,-1.12121212,0.9999860880,0,0.9996219383,0.9992718232,0.9992718232
0.05050505,-1.12121212,0.9999718852,0,0.9993901941,0.9988369235,0.9988369235
0.06060606,-1.12121212,0.9999497120,0,0.9990931759,0.9982875752,0.9982875752
0.07070707,-1.12121212,0.9999173078,0,0.9987248870,0.9976163833,0.9976163833
0.08080808,-1.12121212,0.9998721268,0,0.9982788030,0.9968154841,0.9968154841
0.09090909,-1.12121212,0.9998113052,0,0.9977478216,0.9958765136,0.9958765136
0.10101010,-1.12121212,0.9997316238,0,0.9971242100,0.9947905748,0.9947905748
0.11111111,-1.12121212,0.9996294669,0,0.9963995452,0.9935482022,0.9935482022
0.12121212,-1.12121212,0.9995007751,0,0.9955646490,0.9921393245,0.9921393245
0.13131313,-1.12121212,0.9993409928,0,0.9946095172,0.9905532250,0.9905532250
0.14141414,-1.12121212,0.9991450092,0,0.9935232404,0.9887784993,0.9887784993
0.15151515,-1.12121212,0.9989070916,0,0.9922939179,0.9868030113,0.9868030113
0.16161616,-1.12121212,0.9986208100,0,0.9909085627,0.9846138459,0.9846138459
0.17171717,-1.12121212,0.9982789522,0,0.9893529971,0.9821972605,0.9821972605
0.18181818,-1.12121212,0.9978734277,0,0.9876117373,0.9795386333,0.9795386333
0.19191919,-1.12121212,0.9973951589,0,0.9856678672,0.9766224102,0.9766224102
0.20202020,-1.12121212,0.9968339578,0,0.9835028994,0.9734320496,0.9734320496
0.21212121,-1.12121212,0.9961783859,0,0.9810966227,0.9699499662,0.9699499662
0.22222222,-1.12121212,0.9954155954,0,0.9784269342,0.9661574736,0.9661574736
0.23232323,-1.12121212,0.9945311483,0,0.9754696560,0.9620347274,0.9620347274
0.24242424,-1.12121212,0.9935088106,0,0.9721983344,0.9575606693,0.9575606693
0.25252525,-1.12121212,0.9923303174,0,0.9685840199,0.9527129734,0.9527129734
0.26262626,-1.12121212,0.9909751056,0,0.9645950291,0.9474679975,0.9474679975
0.27272727,-1.12121212,0.9894200078,0,0.9601966848,0.9418007407,0.9418007407
0.28282828,-1.12121212,0.9876389040,0,0.9553510355,0.9356848110,0.9356848110
0.29292929,-1.12121212,0.9856023218,0,0.9500165546,0.9290924065,0.9290924065
0.30303030,-1.12121212,0.9832769809,0,0.9441478184,0.9219943157,0.9219943157
0.31313131,-1.12121212,0.9806252717,0,0.9376951657,0.9143599422,0.9143599422
0.32323232,-1.12121212,0.9776046596,0,0.9306043422,0.9061573625,0.9061573625
0.33333333,-1.12121212,0.9741670062,0,0.9228161346,0.8973534263,0.8973534263
0.34343434,-1.12121212,0.9702577944,0,0.9142660016,0.8879139101,0.8879139101
0.35353535,-1.12121212,0.9658152499,0,0.9048837144,0.8778037408,0.8778037408
0.36363636,-1.12121212,0.9607693444,0,0.8945930225,0.8669873048,0.8669873048
0.37373737,-1.12121212,0.9550406750,0,0.8833113660,0.8554288646,0.8554288646
0.38383838,-1.12121212,0.9485392088,0,0.8709496659,0.8430931070,0.8430931070
0.39393939,-1.12121212,0.9411628920,0,0.8574122316,0.8299458514,0.8299458514
0.40404040,-1.12121212,0.9327961284,0,0.8425968386,0.8159549492,0.8159549492
0.41414141,-1.12121212,0.9233081432,0,0.8263950422,0.8010914090,0.8010914090
0.42424242,-1.12121212,0.9125512685,0,0.8086928122,0.7853307808,0.7853307808
0.43434343,-1.12121212,0.9003592108,0,0.7893715918,0.7686548325,0.7686548325
0.44444444,-1.12121212,0.8865454028,0,0.7683099026,0.7510535398,0.7510535398
0.45454545,-1.12121212,0.8709015886,0,0.7453856368,0.7325274005,0.7325274005
0.46464646,-1.12121212,0.8531968654,0,0.7204791890,0.7130900541,0.7130900541
0.47474747,-1.12121212,0.8331774895,0,0.6934775794,0.6927711501,0.6927711501
0.48484848,-1.12121212,0.8105678614,0,0.6642797017,0.6716193554,0.6716193554
0.49494949,-1.12121212,0.7850732222,0,0.6328027742,0.6497053158,0.6497053158
0.50505051,-1.12121212,0.7563847078,0,0.5989899794,0.6271243071,0.6271243071
0.51515152,-1.12121212,0.7241874908,0,0.5628191249,0.6039982156,0.6039982156
0.52525253,-1.12121212,0.6881727439,0,0.5243119503,0.5804764128,0.5804764128
0.53535354,-1.12121212,0.6480540285,0,0.4835434386,0.5567350450,0.5567350450
0.54545455,-1.12121212,0.6035883556,0,0.4406502078,0.5329742816,0.5329742816
0.55555556,-1.12121212,0.5546015374,0,0.3958367980,0.5094131968,0.5094131968
0.56565657,-1.12121212,0.5010164982,0,0.3493785303,0.4862822001,0.4862822001
0.57575758,-1.12121212,0.4428820363,0,0.3016196714,0.4638132961,0.4638132961
0.58585859,-1.12121212,0.3803983140,0,0.2529659863,0.4422288720,0.4422288720
0.59595960,-1.12121212,0.3139344856,0,0.2038714107,0.4217301060,0.4217301060
0.60606061,-1.12121212,0.2440337882,0,0.1548194542,0.4024863356,0.4024863356
0.61616162,-1.12121212,0.1714025024,0,0.1063008860,0.3846267205,0.3846267205
0.62626263,-1.12121212,0.0968815061,0,0.0587900134,0.3682352470,0.3682352470
0.63636364,-1.12121212,0.0214022997,0,0.0127222152,0.3533495902,0.3533495902
0.64646465,-1.12121212,-0.0540674411,0,-0.0315247828,0.3399637213,0.3399637213
0.65656566,-1.12121212,-0.1285815325,0,-0.0736440640,0.3280335756,0.3280335756
0.66666667,-1.12121212,-0.2012683967,0,-0.1134062542,0.3174847271,0.3174847271
0.67676768,-1.12121212,-0.2713731537,0,-0.1506599879,0.3082209064,0.3082209064
0.68686869,-1.12121212,-0.3382848161,0,-0.1853270832,0.3001323241,0.3001323241
0.69696970,-1.12121212,-0.4015477360,0,-0.2173938937,0.2931030375,0.2931030375
0.70707071,-1.12121212,-0.4608590358,0,-0.2469004387,0.2870169265,0.2870169265
0.71717172,-1.12121212,-0.5160553928,0,-0.2739287658,0.2817621417,0.2817621417
0.72727273,-1.12121212,-0.5670931203,0,-0.2985916820,0.2772341034,0.2772341034
0.73737374,-1.12121212,-0.6140252204,0,-0.3210226172,0.2733372639,0.2733372639
0.74747475,-1.12121212,-0.6569783131,0,-0.3413670293,0.2699858965,0.2699858965
0.75757576,-1.12121212,-0.6961314103,0,-0.3597754866,0.2671041761,0.2671041761
0.76767677,-1.12121212,-0.7316976379,0,-0.3763983668,0.2646257822,0.2646257822
0.77777778,-1.12121212,-0.7639093187,0,-0.3913819986,0.2624932122,0.2624932122
0.78787879,-1.12121212,-0.7930063684,0,-0.4048660165,0.2606569440,0.2606569440
0.79797980,-1.12121212,-0.8192276734,0,-0.4169816922,0.2590745464,0.2590745464
0.80808081,-1.12121212,-0.8428049964,0,-0.4278510184,0.2577098018,0.2577098018
0.81818182,-1.12121212,-0.8639589239,0,-0.4375863520,0.2565318816,0.2565318816
0.82828283,-1.12121212,-0.8828963974,0,-0.4462904559,0.2555145934,0.2555145934
0.83838384,-1.12121212,-0.8998094347,0,-0.4540568139,0.2546357105,0.2546357105
0.84848485,-1.12121212,-0.9148747094,0,-0.4609701181,0.2538763834,0.2538763834
0.85858586,-1.12121212,-0.9282537297,0,-0.4671068601,0.2532206301,0.2532206301
0.86868687,-1.12121212,-0.9400934162,0,-0.4725359691,0.2526548981,0.2526548981
0.87878788,-1.12121212,-0.9505269265,0,-0.4773194640,0.2521676902,0.2521676902
0.88888889,-1.12121212,-0.9596746192,0,-0.4815130912,0.2517492469,0.2517492469
0.89898990,-1.12121212,-0.9676450786,0,-0.4851669350,0.2513912782,0.2513912782
0.90909091,-1.12121212,-0.9745361463,0,-0.4883259882,0.2510867359,0.2510867359
0.91919192,-1.12121212,-0.9804359255,0,-0.4910306808,0.2508296225,0.2508296225
0.92929293,-1.12121212,-0.9854237337,0,-0.4933173627,0.2506148299,0.2506148299
0.93939394,-1.12121212,-0.9895709936,0,-0.4952187425,0.2504380033,0.2504380033
0.94949495,-1.12121212,-0.9929420535,0,-0.4967642822,0.2502954272,0.2502954272
0.95959596,-1.12121212,-0.9955949365,0,-0.4979805526,0.2501839282,0.2501839282
0.96969697,-1.12121212,-0.9975820205,0,-0.4988915505,0.2501007941,0.2501007941
0.97979798,-1.12121212,-0.9989506501,0,-0.4995189820,0.2500437047,0.2500437047
0.98989899,-1.12121212,-0.9997436866,0,-0.4998825143,0.2500106739,0.2500106739
1.00000000,-1.12121212,-1.0000000000,0,-0.5000000000,0.2500000000,0.2500000000
0.00000000,-1.06060606,1.0000000000,0,1.0000000000,1.0000000000,1.0000000000
0.01010101,-1.06060606,0.9999998104,0,0.9999789867,0.9999583529,0.9999583529
0.02020202,-1.06060606,0.9999984322,0,0.9999133235,0.9998297897,0.9998297897
0.03030303,-1.06060606,0.9999945282,0,0.9997988208,0.9996086215,0.9996086215
0.04040404,-1.06060606,0.9999865825,0,0.9996309239,0.9992887998,0.9992887998
0.05050505,-1.06060606,0.9999728799,0,0.9994046802,0.9988638927,0.9988638927
0.06060606,-1.06060606,0.9999514825,0,0.9991147024,0.9983270590,0.9983270590
0.07070707,-1.06060606,0.9999202043,0,0.9987551287,0.9976710205,0.9976710205
0.08080808,-1.06060606,0.9998765823,0,0.9983195786,0.9968880331,0.9968880331
0.09090909,-1.06060606,0.9998178441,0,0.9978011045,0.9959698547,0.9959698547
0.10101010,-1.06060606,0.9997408713,0,0.9971921385,0.9949077125,0.9949077125
0.11111111,-1.06060606,0.9996421594,0,0.9964844338,0.9936922665,0.9936922665
0.12121212,-1.06060606,0.9995177712,0,0.9956690005,0.9923135720,0.9923135720
0.13131313,-1.06060606,0.9993632860,0,0.9947360342,0.9907610390,0.9907610390
0.14141414,-1.06060606,0.9991737407,0,0.9936748384,0.9890233889,0.9890233889
0.15151515,-1.06060606,0.9989435648,0,0.9924737381,0.9870886095,0.9870886095
0.16161616,-1.06060606,0.9986665059,0,0.9911199849,0.9849439067,0.9849439067
0.17171717,-1.06060606,0.9983355465,0,0.9895996528,0.9825756537,0.9825756537
0.18181818,-1.06060606,0.9979428088,0,0.9878975232,0.9799693377,0.9799693377
0.19191919,-1.06060606,0.9974794472,0,0.9859969574,0.9771095045,0.9771095045
0.20202020,-1.06060606,0.9969355267,0,0.9838797579,0.9739797009,0.9739797009
0.21212121,-1.06060606,0.9962998845,0,0.9815260140,0.9705624145,0.9705624145
0.22222222,-1.06060606,0.9955599717,0,0.9789139330,0.9668390132,0.9668390132
0.23232323,-1.06060606,0.9947016749,0,0.9760196546,0.9627896839,0.9627896839
0.24242424,-1.06060606,0.9937091107,0,0.9728170466,0.9583933705,0.9583933705
0.25252525,-1.06060606,0.9925643927,0,0.9692774822,0.9536277154,0.9536277154
0.26262626,-1.06060606,0.9912473645,0,0.9653695958,0.9484690027,0.9484690027
0.27272727,-1.06060606,0.9897352942,0,0.9610590173,0.9428921077,0.9428921077
0.28282828,-1.06060606,0.9880025260,0,0.9563080833,0.9368704556,0.9368704556
0.29292929,-1.06060606,0.9860200791,0,0.9510755261,0.9303759908,0.9303759908
0.30303030,-1.06060606,0.9837551903,0,0.9453161386,0.9233791654,0.9233791654
0.31313131,-1.06060606,0.9811707888,0,0.9389804188,0.9158489490,0.9158489490
0.32323232,-1.06060606,0.9782248948,0,0.9320141941,0.9077528708,0.9077528708
0.33333333,-1.06060606,0.9748699318,0,0.9243582322,0.8990571011,0.8990571011
0.34343434,-1.06060606,0.9710519400,0,0.9159478431,0.8897265863,0.8897265863
0.35353535,-1.06060606,0.9667096805,0,0.9067124857,0.8797252497,0.8797252497
0.36363636,-1.06060606,0.9617736161,0,0.8965753924,0.8690162784,0.8690162784
0.37373737,-1.06060606,0.9561647594,0,0.8854532337,0.8575625169,0.8575625169
0.38383838,-1.06060606,0.9497933766,0,0.8732558527,0.8453269923,0.8453269923
0.39393939,-1.06060606,0.9425575440,0,0.8598861102,0.8322736023,0.8322736023
0.40404040,-1.06060606,0.9343415574,0,0.8452398909,0.8183680000,0.8183680000
0.41414141,-1.06060606,0.9250142089,0,0.8292063424,0.8035787113,0.8035787113
0.42424242,-1.06060606,0.9144269625,0,0.8116684310,0.7878785258,0.7878785258
0.43434343,-1.06060606,0.9024120876,0,0.7925039249,0.7712461971,0.7712461971
0.44444444,-1.06060606,0.8887808471,0,0.7715869339,0.7536684844,0.7536684844
0.45454545,-1.06060606,0.8733218927,0,0.7487901585,0.7351425508,0.7351425508
0.46464646,-1.06060606,0.8558000912,0,0.7239880160,0.7156787102,0.7156787102
0.47474747,-1.06060606,0.8359560998,0,0.6970608165,0.6953034738,0.6953034738
0.48484848,-1.06060606,0.8135071256,0,0.6679001454,0.6740627898,0.6740627898
0.49494949,-1.06060606,0.7881494321,0,0.6364155582,0.6520252921,0.6520252921
0.50505051,-1.06060606,0.7595632914,0,0.6025425969,0.6292852819,0.6292852819
0.51515152,-1.06060606,0.7274211780,0,0.5662519778,0.6059650583,0.6059650583
0.52525253,-1.06060606,0.6914000300,0,0.5275595729,0.5822161228,0.5822161228
0.53535354,-1.06060606,0.6511982741,0,0.4865365139,0.5582187197,0.5582187197
0.54545455,-1.06060606,0.6065579509,0,0.4433184258,0.5341791896,0.5341791896
0.55555556,-1.06060606,0.5572915958,0,0.3981124926,0.5103247411,0.5103247411
0.56565657,-1.06060606,0.5033124988,0,0.3512008824,0.4868955059,0.4868955059
0.57575758,-1.06060606,0.4446656445,0,0.3029391056,0.4641341507,0.4641341507
0.58585859,-1.06060606,0.3815552694,0,0.2537482516,0.4422737928,0.4422737928
0.59595960,-1.06060606,0.3143639688,0,0.2041007739,0.4215254269,0.4215254269
0.60606061,-1.06060606,0.2436581726,0,0.1545004869,0.4020663608,0.4020663608
0.61616162,-1.06060606,0.1701760209,0,0.1054585022,0.3840311633,0.3840311633
0.62626263,-1.06060606,0.0947962874,0,0.0574676877,0.3675062992,0.3675062992
0.63636364,-1.06060606,0.0184905620,0,0.0109786148,0.3525290229,0.3525290229
0.64646465,-1.06060606,-0.0577355594,0,-0.0336202635,0.3390903802,0.3390903802
0.65656566,-1.06060606,-0.1329041546,0,-0.0760162414,0.3271415217,0.3271415217
0.66666667,-1.06060606,-0.2061209869,0,-0.1159789388,0.3166021318,0.3166021318
0.67676768,-1.06060606,-0.2766189365,0,-0.1533601101,0.3073696683,0.3073696683
0.68686869,-1.06060606,-0.3437849540,0,-0.1880878490,0.2993282788,0.2993282788
0.69696970,-1.06060606,-0.4071700140,0,-0.2201568606,0.2923565803,0.2923565803
0.70707071,-1.06060606,-0.4664843183,0,-0.2496165689,0.2863338686,0.2863338686
0.71717172,-1.06060606,-0.5215816442,0,-0.2765586249,0.2811446452,0.2811446452
0.72727273,-1.06060606,-0.5724371918,0,-0.3011050015,0.2766815843,0.2766815843
0.73737374,-1.06060606,-0.6191228454,0,-0.3233974388,0.2728471948,0.2728471948
0.74747475,-1.06060606,-0.6617828397,0,-0.3435886241,0.2695544771,0.2695544771
0.75757576,-1.06060606,-0.7006117742,0,-0.3618351971,0.2667268628,0.2667268628
0.76767677,-1.06060606,-0.7358359844,0,-0.3782924774,0.2642976892,0.2642976892
0.77777778,-1.06060606,-0.7676985765,0,-0.3931106982,0.2622093991,0.2622093991
0.78787879,-1.06060606,-0.7964479699,0,-0.4064324892,0.2604126128,0.2604126128
0.79797980,-1.06060606,-0.8223295306,0,-0.4183913468,0.2588651666,0.2588651666
0.80808081,-1.06060606,-0.8455797796,0,-0.4291108546,0.2575311829,0.2575311829
0.81818182,-1.06060606,-0.8664226463,0,-0.4387044517,0.2563802061,0.2563802061
0.82828283,-1.06060606,-0.8850672854,0,-0.4472755843,0.2553864239,0.2553864239
0.83838384,-1.06060606,-0.9017070492,0,-0.4549181134,0.2545279790,0.2545279790
0.84848485,-1.06060606,-0.9165192798,0,-0.4617168794,0.2537863696,0.2537863696
0.85858586,-1.06060606,-0.9296656625,0,-0.4677483540,0.2531459333,0.2531459333
0.86868687,-1.06060606,-0.9412929434,0,-0.4730813284,0.2525934063,0.2525934063
0.87878788,-1.06060606,-0.9515338633,0,-0.4777776024,0.2521175489,0.2521175489
0.88888889,-1.06060606,-0.9605082060,0,-0.4818926521,0.2517088291,0.2517088291
0.89898990,-1.06060606,-0.9683238860,0,-0.4854762612,0.2513591548,0.2513591548
0.90909091,-1.06060606,-0.9750780269,0,-0.4885731084,0.2510616500,0.2510616500
0.91919192,-1.06060606,-0.9808579991,0,-0.4912233073,0.2508104649,0.2508104649
0.92929293,-1.06060606,-0.9857423963,0,-0.4934628974,0.2506006178,0.2506006178
0.93939394,-1.06060606,-0.9898019421,0,-0.4953242878,0.2504278611,0.2504278611
0.94949495,-1.06060606,-0.9931003203,0,-0.4968366558,0.2502885694,0.2502885694
0.95959596,-1.06060606,-0.9956949299,0,-0.4980263041,0.2501796447,0.2501796447
0.96969697,-1.06060606,-0.9976375676,0,-0.4989169787,0.2500984372,0.2500984372
0.97979798,-1.06060606,-0.9989750400,0,-0.4995301522,0.2500426778,0.2500426778
0.98989899,-1.06060606,-0.9997497128,0,-0.4998852753,0.2500104217,0.2500104217
1.00000000,-1.06060606,-1.0000000000,0,-0.5000000000,0.2500000000,0.2500000000
0.00000000,-1.00000000,1.0000000000,0,1.0000000000,1.0000000000,1.0000000000
0.01010101,-1.00000000,0.9999998180,0,0.9999795405,0.9999594453,0.9999594453
0.02020202,-1.00000000,0.9999984946,0,0.9999156077,0.9998342328,0.9998342328
0.03030303,-1.00000000,0.9999947453,0,0.9998041214,0.9996187865,0.9996187865
0.04040404,-1.00000000,0.9999871125,0,0.9996406444,0.9993071749,0.9993071749
0.05050505,-1.00000000,0.9999739461,0,0.9994203506,0.9988930868,0.9988930868
0.06060606,-1.00000000,0.9999533806,0,0.9991379886,0.9983698051,0.9983698051
0.07070707,-1.00000000,0.9999233102,0,0.9987878423,0.9977301795,0.9977301795
0.08080808,-1.00000000,0.9998813607,0,0.9983636873,0.9969665968,0.9969665968
0.09090909,-1.00000000,0.9998248580,0,0.9978587434,0.9960709488,0.9960709488
0.10101010,-1.00000000,0.9997507924,0,0.9972656217,0.9950345988,0.9950345988
0.11111111,-1.00000000,0.9996557789,0,0.9965762670,0.9938483453,0.9938483453
0.12121212,-1.00000000,0.9995360124,0,0.9957818934,0.9925023832,0.9925023832
0.13131313,-1.00000000,0.9993872170,0,0.9948729142,0.9909862624,0.9909862624
0.14141414,-1.00000000,0.9992045895,0,0.9938388646,0.9892888444,0.9892888444
0.15151515,-1.00000000,0.9989827342,0,0.9926683151,0.9873982549,0.9873982549
0.16161616,-1.00000000,0.9987155912,0,0.9913487781,0.9853018350,0.9853018350
0.17171717,-1.00000000,0.9983963532,0,0.9898666027,0.9829860882,0.9829860882
0.18181818,-1.00000000,0.9980173725,0,0.9882068600,0.9804366255,0.9804366255
0.19191919,-1.00000000,0.9975700554,0,0.9863532161,0.9776381072,0.9776381072
0.20202020,-1.00000000,0.9970447414,0,0.9842877915,0.9745741824,0.9745741824
0.21212121,-1.00000000,0.9964305666,0,0.9819910065,0.9712274258,0.9712274258
0.22222222,-1.00000000,0.9957153078,0,0.9794414109,0.9675792728,0.9675792728
0.23232323,-1.00000000,0.9948852045,0,0.9766154958,0.9636099533,0.9636099533
0.24242424,-1.00000000,0.9939247560,0,0.9734874870,0.9592984249,0.9592984249
0.25252525,-1.00000000,0.9928164893,0,0.9700291176,0.9546223069,0.9546223069
0.26262626,-1.00000000,0.9915406929,0,0.9662093790,0.9495578162,0.9495578162
0.27272727,-1.00000000,0.9900751127,0,0.9619942484,0.9440797083,0.9440797083
0.28282828,-1.00000000,0.9883946027,0,0.9573463917,0.9381612247,0.9381612247
0.29292929,-1.00000000,0.9864707241,0,0.9522248410,0.9317740512,0.9317740512
0.30303030,-1.00000000,0.9842712853,0,0.9465846470,0.9248882917,0.9248882917
0.31313131,-1.00000000,0.9817598130,0,0.9403765052,0.9174724630,0.9174724630
0.32323232,-1.00000000,0.9788949455,0,0.9335463606,0.9094935184,0.9094935184
0.33333333,-1.00000000,0.9756297359,0,0.9260349921,0.9009169094,0.9009169094
0.34343434,-1.00000000,0.9719108532,0,0.9177775842,0.8917066979,0.8917066979
0.35353535,-1.00000000,0.9676776686,0,0.9087032953,0.8818257336,0.8818257336
0.36363636,-1.00000000,0.9628612120,0,0.8987348377,0.8712359138,0.8712359138
0.37373737,-1.00000000,0.9573829875,0,0.8877880894,0.8598985501,0.8598985501
0.38383838,-1.00000000,0.9511536336,0,0.8757717667,0.8477748676,0.8477748676
0.39393939,-1.00000000,0.9440714221,0,0.8625871975,0.8348266671,0.8348266671
0.40404040,-1.00000000,0.9360205928,0,0.8481282491,0.8210171906,0.8210171906
0.41414141,-1.00000000,0.9268695350,0,0.8322814792,0.8063122267,0.8063122267
0.42424242,-1.00000000,0.9164688418,0,0.8149266007,0.7906815040,0.7906815040
0.43434343,-1.00000000,0.9046492941,0,0.7959373748,0.7741004134,0.7741004134
0.44444444,-1.00000000,0.8912198661,0,0.7751830704,0.7565521003,0.7565521003
0.45454545,-1.00000000,0.8759659041,0,0.7525306550,0.7380299524,0.7380299524
0.46464646,-1.00000000,0.8586477067,0,0.7278479031,0.7185404831,0.7185404831
0.47474747,-1.00000000,0.8389998321,0,0.7010076186,0.6981065744,0.6981065744
0.48484848,-1.00000000,0.8167315890,0,0.6718931543,0.6767709771,0.6767709771
0.49494949,-1.00000000,0.7915293110,0,0.6404053696,0.6545998866,0.6545998866
0.50505051,-1.00000000,0.7630611669,0,0.6064710628,0.6316863069,0.6316863069
0.51515152,-1.00000000,0.7309853855,0,0.5700527526,0.6081527931,0.6081527931
0.52525253,-1.00000000,0.6949628229,0,0.5311594315,0.5841530513,0.5841530513
0.53535354,-1.00000000,0.6546746855,0,0.4898575898,0.5598717910,0.5598717910
0.54545455,-1.00000000,0.6098458516,0,0.4462814380,0.5355222254,0.5355222254
0.55555556,-1.00000000,0.5602735060,0,0.4006408996,0.5113407362,0.5113407362
0.56565657,-1.00000000,0.5058596580,0,0.3532257246,0.4875785116,0.4875785116
0.57575758,-1.00000000,0.4466446346,0,0.3044040989,0.4644904076,0.4644904076
0.58585859,-1.00000000,0.3828370772,0,0.2546145307,0.4423218425,0.4423218425
0.59595960,-1.00000000,0.3148348052,0,0.2043506033,0.4212950658,0.4212950658
0.60606061,-1.00000000,0.2432307528,0,0.1541393199,0.4015964903,0.4015964903
0.61616162,-1.00000000,0.1687995543,0,0.1045149809,0.3833668001,0.3833668001
0.62626263,-1.00000000,0.0924633439,0,0.0559915108,0.3666951622,0.3666951622
0.63636364,-1.00000000,0.0152393949,0,0.0090365651,0.3516181782,0.3516181782
0.64646465,-1.00000000,-0.0618238008,0,-0.0359495366,0.3381233722,0.3381233722
0.65656566,-1.00000000,-0.1377128430,0,-0.0786479341,0.3261562834,0.3261562834
0.66666667,-1.00000000,-0.2115086847,0,-0.1188275641,0.3156297849,0.3156297849
0.67676768,-1.00000000,-0.2824314415,0,-0.1563441494,0.3064341641,0.3064341641
0.68686869,-1.00000000,-0.3498668789,0,-0.1911332432,0.2984467108,0.2984467108
0.69696970,-1.00000000,-0.4133744844,0,-0.2231992381,0.2915399554,0.2915399554
0.70707071,-1.00000000,-0.4726800112,0,-0.2526023034,0.2855881206,0.2855881206
0.71717172,-1.00000000,-0.5276570027,0,-0.2794449350,0.2804717164,0.2804717164
0.72727273,-1.00000000,-0.5783021136,0,-0.3038593529,0.2760804525,0.2760804525
0.73737374,-1.00000000,-0.6247083965,0,-0.3259965050,0.2723147725,0.2723147725
0.74747475,-1.00000000,-0.6670396175,0,-0.3460170214,0.2690863508,0.2690863508
0.75757576,-1.00000000,-0.7055074897,0,-0.3640841598,0.2663178719,0.2663178719
0.76767677,-1.00000000,-0.7403527217,0,-0.3803585838,0.2639423559,0.2639423559
0.77777778,-1.00000000,-0.7718300522,0,-0.3949947162,0.2619022343,0.2619022343
0.78787879,-1.00000000,-0.8001969947,0,-0.4081383734,0.2601483207,0.2601483207
0.79797980,-1.00000000,-0.8257057837,0,-0.4199253973,0.2586387724,0.2586387724
0.80808081,-1.00000000,-0.8485979335,0,-0.4304810298,0.2573381037,0.2573381037
0.81818182,-1.00000000,-0.8691008388,0,-0.4399198215,0.2562162808,0.2562162808
0.82828283,-1.00000000,-0.8874259098,0,-0.4483459042,0.2552479157,0.2552479157
0.83838384,-1.00000000,-0.9037678201,0,-0.4558535002,0.2544115597,0.2544115597
0.84848485,-1.00000000,-0.9183045307,0,-0.4625275697,0.2536890927,0.2536890927
0.85858586,-1.00000000,-0.9311978320,0,-0.4684445298,0.2530652022,0.2530652022
0.86868687,-1.00000000,-0.9425942098,0,-0.4736729943,0.2525269389,0.2525269389
0.87878788,-1.00000000,-0.9526258971,0,-0.4782745034,0.2520633429,0.2520633429
0.88888889,-1.00000000,-0.9614120096,0,-0.4823042219,0.2516651279,0.2516651279
0.89898990,-1.00000000,-0.9690597008,0,-0.4858115936,0.2513244164,0.2513244164
0.90909091,-1.00000000,-0.9756652883,0,-0.4888409451,0.2510345177,0.2510345177
0.91919192,-1.00000000,-0.9813153269,0,-0.4914320379,0.2507897416,0.2507897416
0.92929293,-1.00000000,-0.9860876087,0,-0.4936205671,0.2505852423,0.2505852423
0.93939394,-1.00000000,-0.9900520856,0,-0.4954386112,0.2504168875,0.2504168875
0.94949495,-1.00000000,-0.9932717100,0,-0.4969150336,0.2502811488,0.2502811488
0.95959596,-1.00000000,-0.9958031949,0,-0.4980758419,0.2501750094,0.2501750094
0.96969697,-1.00000000,-0.9976976988,0,-0.4989445062,0.2500958867,0.2500958867
0.97979798,-1.00000000,-0.9990014381,0,-0.4995422424,0.2500415666,0.2500415666
0.98989899,-1.00000000,-0.9997562340,0,-0.4998882632,0.2500101488,0.2500101488
1.00000000,-1.00000000,-1.0000000000,0,-0.5000000000,0.2500000000,0.2500000000
0.00000000,-0.93939394,1.0000000000,0,1.0000000000,1.0000000000,1.0000000000
0.01010101,-0.93939394,0.9999998261,0,0.9999801365,0.9999606213,0.9999606213
0.02020202,-0.93939394,0.9999985612,0,0.9999180661,0.9998390161,0.9998390161
0.03030303,-0.93939394,0.9999949766,0,0.9998098260,0.9996297312,0.9996297312
0.04040404,-0.93939394,0.9999876772,0,0.9996511056,0.9993269619,0.9993269619
0.05050505,-0.93939394,0.9999750822,0,0.9994372149,0.9989245279,0.9989245279
0.06060606,-0.93939394,0.9999554034,0,0.9991630486,0.9984158474,0.9984158474
0.07070707,-0.93939394,0.9999266208,0,0.9988230474,0.9977939093,0.9977939093
0.08080808,-0.93939394,0.9998864551,0,0.9984111556,0.9970512429,0.9970512429
0.09090909,-0.93939394,0.9998323372,0,0.9979207733,0.9961798864,0.9961798864
0.10101010,-0.93939394,0.9997613736,0,0.9973447050,0.9951713523,0.9951713523
0.11111111,-0.93939394,0.9996703074,0,0.9966751020,0.9940165906,0.9940165906
0.12121212,-0.93939394,0.9995554751,0,0.9959033994,0.9927059498,0.9927059498
0.13131313,-0.93939394,0.9994127563,0,0.9950202461,0.9912291345,0.9912291345
0.14141414,-0.93939394,0.9992375190,0,0.9940154280,0.9895751603,0.9895751603
0.15151515,-0.93939394,0.9990245558,0,0.9928777825,0.9877323067,0.9877323067
0.16161616,-0.93939394,0.9987680131,0,0.9915951047,0.9856880652,0.9856880652
0.17171717,-0.93939394,0.9984613102,0,0.9901540432,0.9834290857,0.9834290857
0.18181818,-0.93939394,0.9980970474,0,0.9885399852,0.9809411190,0.9809411190
0.19191919,-0.93939394,0.9976669024,0,0.9867369289,0.9782089561,0.9782089561
0.20202020,-0.93939394,0.9971615109,0,0.9847273430,0.9752163648,0.9752163648
0.21212121,-0.93939394,0.9965703325,0,0.9824920111,0.9719460226,0.9719460226
0.22222222,-0.93939394,0.9958814961,0,0.9800098595,0.9683794480,0.9683794480
0.23232323,-0.93939394,0.9950816241,0,0.9772577673,0.9644969290,0.9644969290
0.24242424,-0.93939394,0.9941556311,0,0.9742103565,0.9602774501,0.9602774501
0.25252525,-0.93939394,0.9930864935,0,0.9708397610,0.9556986197,0.9556986197
0.26262626,-0.93939394,0.9918549847,0,0.9671153719,0.9507365977,0.9507365977
0.27272727,-0.93939394,0.9904393722,0,0.9630035582,0.9453660267,0.9453660267
0.28282828,-0.93939394,0.9888150683,0,0.9584673608,0.9395599684,0.9395599684
0.29292929,-0.93939394,0.9869542290,0,0.9534661588,0.9332898486,0.9332898486
0.30303030,-0.93939394,0.9848252920,0,0.9479553068,0.9265254163,0.9265254163
0.31313131,-0.93939394,0.9823924447,0,0.9418857443,0.9192347210,0.9192347210
0.32323232,-0.93939394,0.9796150119,0,0.9352035774,0.9113841163,0.9113841163
0.33333333,-0.93939394,0.9764467497,0,0.9278496356,0.9029382998,0.9029382998
0.34343434,-0.93939394,0.9728350345,0,0.9197590104,0.8938603999,0.8938603999
0.35353535,-0.93939394,0.9687199304,0,0.9108605826,0.8841121256,0.8841121256
0.36363636,-0.93939394,0.9640331210,0,0.9010765532,0.8736539967,0.8736539967
0.37373737,-0.93939394,0.9586966896,0,0.8903219963,0.8624456795,0.8624456795
0.38383838,-0.93939394,0.9526217334,0,0.8785044639,0.8504464533,0.8504464533
0.39393939,-0.93939394,0.9457068007,0,0.8655236792,0.8376158438,0.8376158438
0.40404040,-0.93939394,0.9378361451,0,0.8512713744,0.8239144613,0.8239144613
0.41414141,-0.93939394,0.9288778023,0,0.8356313417,0.8093050903,0.8093050903
0.42424242,-0.93939394,0.9186815126,0,0.8184797927,0.7937540783,0.7937540783
0.43434343,-0.93939394,0.9070765379,0,0.7996861441,0.7772330771,0.7772330771
0.44444444,-0.93939394,0.8938694635,0,0.7791143787,0.7597211843,0.7597211843
0.45454545,-0.93939394,0.8788421334,0,0.7566251599,0.7412075222,0.7412075222
0.46464646,-0.93939394,0.8617499471,0,0.7320789063,0.7216942684,0.7216942684
0.47474747,-0.93939394,0.8423208571,0,0.7053400481,0.7012001123,0.7012001123
0.48484848,-0.93939394,0.8202555417,0,0.6762826853,0.6797640464,0.6797640464
0.49494949,-0.93939394,0.7952293935,0,0.6447978227,0.6574493135,0.6574493135
0.50505051,-0.93939394,0.7668971390,0,0.6108022601,0.6343472121,0.6343472121
0.51515152,-0.93939394,0.7349010623,0,0.5742490398,0.6105803241,0.6105803241
0.52525253,-0.93939394,0.6988838790,0,0.5351390828,0.5863045901,0.5863045901
0.53535354,-0.93939394,0.6585072175,0,0.4935332795,0.5617095493,0.5617095493
0.54545455,-0.93939394,0.6134762837,0,0.4495638761,0.5370160403,0.5370160403
0.55555556,-0.93939394,0.5635705003,0,0.4034435751,0.5124707741,0.5124707741
0.56565657,-0.93939394,0.5086786476,0,0.3554704859,0.4883375048,0.4883375048
0.57575758,-0.93939394,0.4488353527,0,0.3060270642,0.4648850264,0.4648850264
0.58585859,-0.93939394,0.3842539750,0,0.2555716105,0.4423728671,0.4423728671
0.59595960,-0.93939394,0.3153495639,0,0.2046218216,0.4210361864,0.4210361864
0.60606061,-0.93939394,0.2427453492,0,0.1537311875,0.4010718007,0.4010718007
0.61616162,-0.93939394,0.1672577883,0,0.1034604411,0.3826272993,0.3826272993
0.62626263,-0.93939394,0.0898586434,0,0.0543473791,0.3657947734,0.3657947734
0.63636364,-0.93939394,0.0116172332,0,0.0068788331,0.3506098614,0.3506098614
0.64646465,-0.93939394,-0.0663694848,0,-0.0385318070,0.3370558418,0.3370558418
0.65656566,-0.93939394,-0.1430485682,0,-0.0815592218,0.3250716651,0.3250716651
0.66666667,-0.93939394,-0.2174739741,0,-0.1219721407,0.3145623284,0.3145623284
0.67676768,-0.93939394,-0.2888527462,0,-0.1596313098,0.3054099296,0.3054099296
0.68686869,-0.93939394,-0.3565707239,0,-0.1944811452,0.2974840195,0.2974840195
0.69696970,-0.93939394,-0.4201982514,0,-0.2265372676,0.2906503393,0.2906503393
0.70707071,-0.93939394,-0.4794795463,0,-0.2558721035,0.2847775224,0.2847775224
0.71717172,-0.93939394,-0.5343109609,0,-0.2826003650,0.2797417388,0.2797417388
0.72727273,-0.93939394,-0.5847134601,0,-0.3068656911,0.2754295215,0.2754295215
0.73737374,-0.93939394,-0.6308037474,0,-0.3288291902,0.2717391400,0.2717391400
0.74747475,-0.93939394,-0.6727671518,0,-0.3486601777,0.2685809075,0.2685809075
0.75757576,-0.93939394,-0.7108340809,0,-0.3665290839,0.2658767731,0.2658767731
0.76767677,-0.93939394,-0.7452607892,0,-0.3826023151,0.2635594806,0.2635594806
0.77777778,-0.93939394,-0.7763144777,0,-0.3970387563,0.2615715059,0.2615715059
0.78787879,-0.93939394,-0.8042623111,0,-0.4099875869,0.2598639172,0.2598639172
0.79797980,-0.93939394,-0.8293637396,0,-0.4215870973,0.2583952548,0.2583952548
0.80808081,-0.93939394,-0.8518654635,0,-0.4319642386,0.2571304829,0.2571304829
0.81818182,-0.93939394,-0.8719984253,0,-0.4412346865,0.2560400426,0.2560400426
0.82828283,-0.93939394,-0.8899762968,0,-0.4495032468,0.2550990176,0.2550990176
0.83838384,-0.93939394,-0.9059950287,0,-0.4568644748,0.2542864092,0.2542864092
0.84848485,-0.93939394,-0.9202331253,0,-0.4634034127,0.2535845155,0.2535845155
0.85858586,-0.93939394,-0.9328523874,0,-0.4691963788,0.2529784041,0.2529784041
0.86868687,-0.93939394,-0.9439989379,0,-0.4743117634,0.2524554671,0.2524554671
0.87878788,-0.93939394,-0.9538043953,0,-0.4788108006,0.2520050465,0.2520050465
0.88888889,-0.93939394,-0.9623871030,0,-0.4827482986,0.2516181211,0.2516181211
0.89898990,-0.93939394,-0.9698533523,0,-0.4861733175,0.2512870439,0.2512870439
0.90909091,-0.93939394,-0.9762985597,0,-0.4891297908,0.2510053233,0.2510053233
0.91919192,-0.93939394,-0.9818083747,0,-0.4916570889,0.2507674399,0.2507674399
0.92929293,-0.93939394,-0.9864597049,0,-0.4937905269,0.2505686934,0.2505686934
0.93939394,-0.93939394,-0.9903216539,0,-0.4955618193,0.2504050751,0.2504050751
0.94949495,-0.93939394,-0.9934563718,0,-0.4969994848,0.2502731604,0.2502731604
0.95959596,-0.93939394,-0.9959198208,0,-0.4981292072,0.2501700193,0.2501700193
0.96969697,-0.93939394,-0.9977624611,0,-0.4989741544,0.2500931409,0.2500931409
0.97979798,-0.93939394,-0.9990298636,0,-0.4995552613,0.2500403703,0.2500403703
0.98989899,-0.93939394,-0.9997632547,0,-0.4998914799,0.2500098550,0.2500098550
1.00000000,-0.93939394,-1.0000000000,0,-0.5000000000,0.2500000000,0.2500000000
0.00000000,-0.87878788,1.0000000000,0,1.0000000000,1.0000000000,1.0000000000
0.01010101,-0.87878788,0.9999998346,0,0.9999807744,0.9999618799,0.9999618799
0.02020202,-0.87878788,0.9999986316,0,0.9999206968,0.9998441362,0.9998441362
0.03030303,-0.87878788,0.9999952214,0,0.9998159301,0.9996414479,0.9996414479
0.04040404,-0.87878788,0.9999882748,0,0.9996622991,0.9993481472,0.9993481472
0.05050505,-0.87878788,0.9999762848,0,0.9994552592,0.9989581956,0.9989581956
0.06060606,-0.87878788,0.9999575451,0,0.9991898617,0.9984651573,0.9984651573
0.07070707,-0.87878788,0.9999301265,0,0.9988607154,0.9978621720,0.9978621720
0.08080808,-0.87878788,0.9998918507,0,0.9984619449,0.9971419241,0.9971419241
0.09090909,-0.87878788,0.9998402603,0,0.9979871441,0.9962966107,0.9962966107
0.10101010,-0.87878788,0.9997725851,0,0.9974293249,0.9953179068,0.9953179068
0.11111111,-0.87878788,0.9996857051,0,0.9967808607,0.9941969280,0.9941969280
0.12121212,-0.87878788,0.9995761068,0,0.9960334240,0.9929241908,0.9929241908
0.13131313,-0.87878788,0.9994398362,0,0.9951779173,0.9914895693,0.9914895693
0.14141414,-0.87878788,0.9992724436,0,0.9942043970,0.9898822494,0.9898822494
0.15151515,-0.87878788,0.9990689227,0,0.9931019883,0.9880906801,0.9880906801
0.16161616,-0.87878788,0.9988236408,0,0.9918587920,0.9861025203,0.9861025203
0.17171717,-0.87878788,0.9985302592,0,0.9904617810,0.9839045836,0.9839045836
0.18181818,-0.87878788,0.9981816442,0,0.9888966849,0.9814827781,0.9814827781
0.19191919,-0.87878788,0.9977697640,0,0.9871478632,0.9788220435,0.9788220435
0.20202020,-0.87878788,0.9972855729,0,0.9851981638,0.9759062842,0.9759062842
0.21212121,-0.87878788,0.9967188780,0,0.9830287667,0.9727182989,0.9727182989
0.22222222,-0.87878788,0.9960581872,0,0.9806190106,0.9692397071,0.9692397071
0.23232323,-0.87878788,0.9952905356,0,0.9779462011,0.9654508723,0.9654508723
0.24242424,-0.87878788,0.9944012866,0,0.9749853973,0.9613308230,0.9613308230
0.25252525,-0.87878788,0.9933739027,0,0.9717091776,0.9568571721,0.9568571721
0.26262626,-0.87878788,0.9921896834,0,0.9680873787,0.9520060366,0.9520060366
0.27272727,-0.87878788,0.9908274626,0,0.9640868102,0.9467519577,0.9467519577
0.28282828,-0.87878788,0.9892632610,0,0.9596709385,0.9410678254,0.9410678254
0.29292929,-0.87878788,0.9874698846,0,0.9547995419,0.9349248101,0.9349248101
0.30303030,-0.87878788,0.9854164610,0,0.9494283329,0.9282923045,0.9282923045
0.31313131,-0.87878788,0.9830679053,0,0.9435085484,0.9211378822,0.9211378822
0.32323232,-0.87878788,0.9803843012,0,0.9369865079,0.9134272803,0.9134272803
0.33333333,-0.87878788,0.9773201872,0,0.9298031413,0.9051244138,0.9051244138
0.34343434,-0.87878788,0.9738237326,0,0.9218934913,0.8961914349,0.8961914349
0.35353535,-0.87878788,0.9698357859,0,0.9131861965,0.8865888520,0.8865888520
0.36363636,-0.87878788,0.9652887808,0,0.9036029690,0.8762757260,0.8762757260
0.37373737,-0.87878788,0.9601054800,0,0.8930580838,0.8652099694,0.8652099694
0.38383838,-0.87878788,0.9541975408,0,0.8814579070,0.8533487761,0.8533487761
0.39393939,-0.87878788,0.9474638865,0,0.8687005012,0.8406492181,0.8406492181
0.40404040,-0.87878788,0.9397888740,0,0.8546753611,0.8270690512,0.8270690512
0.41414141,-0.87878788,0.9310402585,0,0.8392633516,0.8125677793,0.8125677793
0.42424242,-0.87878788,0.9210669703,0,0.8223369443,0.7971080339,0.7971080339
0.43434343,-0.87878788,0.9096967493,0,0.8037608765,0.7806573267,0.7806573267
0.44444444,-0.87878788,0.8967337199,0,0.7833933921,0.7631902372,0.7631902372
0.45454545,-0.87878788,0.8819560510,0,0.7610882574,0.7446910842,0.7446910842
0.46464646,-0.87878788,0.8651139316,0,0.7366977792,0.7251571103,0.7251571103
0.47474747,-0.87878788,0.8459282082,0,0.7100770812,0.7046021703,0.7046021703
0.48484848,-0.87878788,0.8240901816,0,0.6810898928,0.6830608451,0.6830608451
0.49494949,-0.87878788,0.7992632459,0,0.6496160753,0.6605928091,0.6605928091
0.50505051,-0.87878788,0.7710872557,0,0.6155610108,0.6372871442,0.6372871442
0.51515152,-0.87878788,0.7391867011,0,0.5788667940,0.6132661380,0.6132661380
0.52525253,-0.87878788,0.7031838794,0,0.5395248739,0.5886879307,0.5886879307
0.53535354,-0.87878788,0.6627181909,0,0.4975893827,0.5637472375,0.5637472375
0.54545455,-0.87878788,0.6174723032,0,0.4531898926,0.5386733207,0.5386733207
0.55555556,-0.87878788,0.5672050816,0,0.4065418416,0.5137244954,0.5137244954
0.56565657,-0.87878788,0.5117897735,0,0.3579525086,0.4891787843,0.4891787843
0.57575758,-0.87878788,0.4512540217,0,0.3078203817,0.4653209154,0.4653209154
0.58585859,-0.87878788,0.3858161783,0,0.2566262350,0.4424266050,0.4424266050
0.59595960,-0.87878788,0.3159107675,0,0.2049152767,0.4207458258,0.4207458258
0.60606061,-0.87878788,0.2421956460,0,0.1532712482,0.4004872789,0.4004872789
0.61616162,-0.87878788,0.1655352099,0,0.1022850004,0.3818063389,0.3818063389
0.62626263,-0.87878788,0.0869580206,0,0.0525213653,0.3647982303,0.3647982303
0.63636364,-0.87878788,0.0075926527,0,0.0044886465,0.3494972196,0.3494972196
0.64646465,-0.87878788,-0.0714092743,0,-0.0413854457,0.3358814615,0.3358814615
0.65656566,-0.87878788,-0.1489509063,0,-0.0847689237,0.3238821682,0.3238821682
0.66666667,-0.87878788,-0.2240570548,0,-0.1254309804,0.3133952341,0.3133952341
0.67676768,-0.87878788,-0.2959216963,0,-0.1632386855,0.3042934205,0.3042934205
0.68686869,-0.87878788,-0.3639324831,0,-0.1981469728,0.2964375683,0.2964375683
0.69696970,-0.87878788,-0.4276734914,0,-0.2301844563,0.2896858772,0.2896858772
0.70707071,-0.87878788,-0.4869108103,0,-0.2594375099,0.2839008554,0.2839008554
0.71717172,-0.87878788,-0.5415670434,0,-0.2860345625,0.2789539858,0.2789539858
0.72727273,-0.87878788,-0.5916906082,0,-0.3101319260,0.2747284278,0.2747284278
0.73737374,-0.87878788,-0.6374245198,0,-0.3319018664,0.2711201888,0.2711201888
0.74747475,-0.87878788,-0.6789777907,0,-0.3515231418,0.2680382074,0.2680382074
0.75757576,-0.87878788,-0.7166011262,0,-0.3691739066,0.2654037299,0.2654037299
0.76767677,-0.87878788,-0.7505674792,0,-0.3850266922,0.2631492824,0.2631492824
0.77777778,-0.87878788,-0.7811572977,0,-0.3992450970,0.2612174550,0.2612174550
0.78787879,-0.87878788,-0.8086478976,0,-0.4119818149,0.2595596438,0.2595596438
0.79797980,-0.87878788,-0.8333062324,0,-0.4233776650,0.2581348414,0.2581348414
0.80808081,-0.87878788,-0.8553843245,0,-0.4335613363,0.2569085263,0.2569085263
0.81818182,-0.87878788,-0.8751166959,0,-0.4426496238,0.2558516722,0.2558516722
0.82828283,-0.87878788,-0.8927192424,0,-0.4507479791,0.2549398844,0.2549398844
0.83838384,-0.87878788,-0.9083891114,0,-0.4579512486,0.2541526576,0.2541526576
0.84848485,-0.87878788,-0.9223052443,0,-0.4643445066,0.2534727449,0.2534727449
0.85858586,-0.87878788,-0.9346293342,0,-0.4700039198,0.2528856259,0.2528856259
0.86868687,-0.87878788,-0.9455070185,0,-0.4749976012,0.2523790602,0.2523790602
0.87878788,-0.87878788,-0.9550691805,0,-0.4793864263,0.2519427144,0.2519427144
0.88888889,-0.87878788,-0.9634332742,0,-0.4832247962,0.2515678511,0.2515678511
0.89898990,-0.87878788,-0.9707046192,0,-0.4865613401,0.2512470697,0.2512470697
0.90909091,-0.87878788,-0.9769776279,0,-0.4894395539,0.2509740910,0.2509740910
0.91919192,-0.87878788,-0.9823369497,0,-0.4918983762,0.2507435776,0.2507435776
0.92929293,-0.87878788,-0.9868585200,0,-0.4939727041,0.2505509841,0.2505509841
0.93939394,-0.87878788,-0.9906105138,0,-0.4956938527,0.2503924330,0.2503924330
0.94949495,-0.87878788,-0.9936542054,0,-0.4970899642,0.2502646102,0.2502646102
0.95959596,-0.87878788,-0.9960447383,0,-0.4981863687,0.2501646779,0.2501646779
0.96969697,-0.87878788,-0.9978318128,0,-0.4990059045,0.2500902018,0.2500902018
0.97979798,-0.87878788,-0.9990602970,0,-0.4995692001,0.2500390898,0.2500390898
0.98989899,-0.87878788,-0.9997707697,0,-0.4998949231,0.2500095406,0.2500095406
1.00000000,-0.87878788,-1.0000000000,0,-0.5000000000,0.2500000000,0.2500000000
0.00000000,-0.81818182,1.0000000000,0,1.0000000000,1.0000000000,1.0000000000
0.01010101,-0.81818182,0.9999998436,0,0.9999814526,0.9999632182,0.9999632182
0.02020202,-0.81818182,0.9999987056,0,0.9999234936,0.9998495815,0.9998495815
0.03030303,-0.81818182,0.9999954785,0,0.9998224195,0.9996539103,0.9996539103
0.04040404,-0.81818182,0.9999889027,0,0.9996741987,0.9993706840,0.9993706840
0.05050505,-0.81818182,0.9999775486,0,0.9994744413,0.9989940160,0.9989940160
0.06060606,-0.81818182,0.9999597961,0,0.9992183651,0.9985176282,0.9985176282
0.07070707,-0.81818182,0.9999338119,0,0.9989007579,0.9979348225,0.9979348225
0.08080808,-0.81818182,0.9998975241,0,0.9985159365,0.9972384507,0.9972384507
0.09090909,-0.81818182,0.9998485931,0,0.9980577010,0.9964208817,0.9964208817
0.10101010,-0.81818182,0.9997843793,0,0.9975192847,0.9954739667,0.9954739667
0.11111111,-0.81818182,0.9997019067,0,0.9968932982,0.9943890010,0.9943890010
0.12121212,-0.81818182,0.9995978213,0,0.9961716678,0.9931566841,0.9931566841
0.13131313,-0.81818182,0.9994683446,0,0.9953455675,0.9917670751,0.9917670751
0.14141414,-0.81818182,0.9993092207,0,0.9944053432,0.9902095467,0.9902095467
0.15151515,-0.81818182,0.9991156563,0,0.9933404291,0.9884727343,0.9884727343
0.16161616,-0.81818182,0.9988822531,0,0.9921392547,0.9865444821,0.9865444821
0.17171717,-0.81818182,0.9986029302,0,0.9907891415,0.9844117855,0.9844117855
0.18181818,-0.81818182,0.9982708363,0,0.9892761888,0.9820607289,0.9820607289
0.19191919,-0.81818182,0.9978782500,0,0.9875851464,0.9794764202,0.9794764202
0.20202020,-0.81818182,0.9974164648,0,0.9856992729,0.9766429206,0.9766429206
0.21212121,-0.81818182,0.9968756592,0,0.9836001791,0.9735431704,0.9735431704
0.22222222,-0.81818182,0.9962447468,0,0.9812676531,0.9701589105,0.9701589105
0.23232323,-0.81818182,0.9955112054,0,0.9786794664,0.9664706004,0.9664706004
0.24242424,-0.81818182,0.9946608796,0,0.9758111587,0.9624573326,0.9624573326
0.25252525,-0.81818182,0.9936777552,0,0.9726357983,0.9580967445,0.9580967445
0.26262626,-0.81818182,0.9925436987,0,0.9691237172,0.9533649279,0.9533649279
0.27272727,-0.81818182,0.9912381565,0,0.9652422175,0.9482363394,0.9482363394
0.28282828,-0.81818182,0.9897378084,0,0.9609552468,0.9426837116,0.9426837116
0.29292929,-0.81818182,0.9880161669,0,0.9562230404,0.9366779694,0.9366779694
0.30303030,-0.81818182,0.9860431127,0,0.9510017288,0.9301881550,0.9301881550
0.31313131,-0.81818182,0.9837843573,0,0.9452429080,0.9231813657,0.9231813657
0.32323232,-0.81818182,0.9812008202,0,0.9388931730,0.9156227130,0.9156227130
0.33333333,-0.81818182,0.9782479066,0,0.9318936149,0.9074753098,0.9074753098
0.34343434,-0.81818182,0.9748746701,0,0.9241792845,0.8987002992,0.8987002992
0.35353535,-0.81818182,0.9710228434,0,0.9156786286,0.8892569386,0.8892569386
0.36363636,-0.81818182,0.9666257169,0,0.9063129103,0.8791027578,0.8791027578
0.37373737,-0.81818182,0.9616068456,0,0.8959956282,0.8681938169,0.8681938169
0.38383838,-0.81818182,0.9558785637,0,0.8846319619,0.8564850924,0.8564850924
0.39393939,-0.81818182,0.9493402868,0,0.8721182790,0.8439310303,0.8439310303
0.40404040,-0.81818182,0.9418765878,0,0.8583417571,0.8304863107,0.8304863107
0.41414141,-0.81818182,0.9333550402,0,0.8431801934,0.8161068787,0.8161068787
0.42424242,-0.81818182,0.9236238388,0,0.8265020991,0.8007513043,0.8007513043
0.43434343,-0.81818182,0.9125092327,0,0.8081672107,0.7843825393,0.7843825393
0.44444444,-0.81818182,0.8998128496,0,0.7880275842,0.7669701438,0.7669701438
0.45454545,-0.81818182,0.8853090479,0,0.7659294848,0.7484930480,0.7484930480
0.46464646,-0.81818182,0.8687425275,0,0.7417163221,0.7289428966,0.7289428966
0.47474747,-0.81818182,0.8498265516,0,0.7152329212,0.7083279853,0.7083279853
0.48484848,-0.81818182,0.8282423004,0,0.6863314314,0.6866777294,0.6866777294
0.49494949,-0.81818182,0.8036400837,0,0.6548791509,0.6640475030,0.6640475030
0.50505051,-0.81818182,0.7756433795,0,0.6207684512,0.6405235385,0.6405235385
0.51515152,-0.81818182,0.7438568952,0,0.5839287966,0.6162273933,0.6162273933
0.52525253,-0.81818182,0.7078800120,0,0.5443405287,0.5913192840,0.5913192840
0.53535354,-0.81818182,0.6673269450,0,0.5020496279,0.5659994082,0.5659994082
0.54545455,-0.81818182,0.6218545708,0,0.4571820850,0.5405062824,0.5405062824
0.55555556,-0.81818182,0.5711979681,0,0.4099559160,0.5151112184,0.5151112184
0.56565657,-0.81818182,0.5152121363,0,0.3606883910,0.4901084154,0.4901084154
0.57575758,-0.81818182,0.4539161543,0,0.3097959646,0.4658008051,0.4658008051
0.58585859,-0.81818182,0.3875335753,0,0.2577848966,0.4424826715,0.4424826715
0.59595960,-0.81818182,0.3165208946,0,0.2052317630,0.4204209822,0.4204209822
0.60606061,-0.81818182,0.2415755247,0,0.1527548360,0.3998380064,0.3998380064
0.61616162,-0.81818182,0.1636167955,0,0.1009792540,0.3808978758,0.3808978758
0.62626263,-0.81818182,0.0837382423,0,0.0505004180,0.3636991319,0.3636991319
0.63636364,-0.81818182,0.0031358254,0,0.0018505997,0.3482741374,0.3482741374
0.64646465,-0.81818182,-0.0769773328,0,-0.0445269034,0.3345948627,0.3345948627
0.65656566,-0.81818182,-0.1554558394,0,-0.0882933654,0.3225834344,0.3225834344
0.66666667,-0.81818182,-0.2312933420,0,-0.1292193576,0.3121252423,0.3121252423
0.67676768,-0.81818182,-0.3036711819,0,-0.1671798610,0.3030824297,0.3030824297
0.68686869,-0.81818182,-0.3719811512,0,-0.2021422625,0.2953060716,0.2953060716
0.69696970,-0.81818182,-0.4358245454,0,-0.2341501724,0.2886460323,0.2886460323
0.70707071,-0.81818182,-0.4949932688,0,-0.2633057831,0.2829581512,0.2829581512
0.71717172,-0.81818182,-0.5494400280,0,-0.2897528604,0.2781088907,0.2781088907
0.72727273,-0.81818182,-0.5992441033,0,-0.3136617109,0.2739778642,0.2739778642
0.73737374,-0.81818182,-0.6445776259,0,-0.3352167811,0.2704587584,0.2704587584
0.74747475,-0.81818182,-0.6856754604,0,-0.3546070275,0.2674591515,0.2674591515
0.75757576,-0.81818182,-0.7228101942,0,-0.3720188593,0.2648996445,0.2648996445
0.76767677,-0.81818182,-0.7562725726,0,-0.3876312857,0.2627126243,0.2627126243
0.77777778,-0.81818182,-0.7863569979,0,-0.4016128360,0.2608408806,0.2608408806
0.78787879,-0.81818182,-0.8133513533,0,-0.4141198376,0.2592362215,0.2592362215
0.79797980,-0.81818182,-0.8375303038,0,-0.4252956869,0.2578581706,0.2578581706
0.80808081,-0.81818182,-0.8591512585,0,-0.4352708130,0.2566727903,0.2566727903
0.81818182,-0.81818182,-0.8784522891,0,-0.4441631013,0.2556516476,0.2556516476
0.82828283,-0.81818182,-0.8956514268,0,-0.4520786021,0.2547709219,0.2547709219
0.83838384,-0.81818182,-0.9109468931,0,-0.4591123953,0.2540106456,0.2540106456
0.84848485,-0.81818182,-0.9245179283,0,-0.4653495252,0.2533540642,0.2533540642
0.85858586,-0.81818182,-0.9365259736,0,-0.4708659442,0.2527871005,0.2527871005
0.86868687,-0.81818182,-0.9471160389,0,-0.4757294266,0.2522979078,0.2522979078
0.87878788,-0.81818182,-0.9564181359,0,-0.4800004307,0.2518764993,0.2518764993
0.88888889,-0.81818182,-0.9645487021,0,-0.4837328961,0.2515144394,0.2515144394
0.89898990,-0.81818182,-0.9716119663,0,-0.4869749700,0.2512045892,0.2512045892
0.90909091,-0.81818182,-0.9777012284,0,-0.4897696639,0.2509408944,0.2509408944
0.91919192,-0.81818182,-0.9829000380,0,-0.4921554415,0.2507182101,0.2507182101
0.92929293,-0.81818182,-0.9872832676,0,-0.4941667422,0.2505321550,0.2505321550
0.93939394,-0.81818182,-0.9909180808,0,-0.4958344462,0.2503789899,0.2503789899
0.94949495,-0.81818182,-0.9938648004,0,-0.4971862852,0.2502555175,0.2502555175
0.95959596,-0.81818182,-0.9961776823,0,-0.4982472056,0.2501589973,0.2501589973
0.96969697,-0.81818182,-0.9979056032,0,-0.4990396877,0.2500870761,0.2500870761
0.97979798,-0.81818182,-0.9990926707,0,-0.4995840278,0.2500377281,0.2500377281
0.98989899,-0.81818182,-0.9997787619,0,-0.4998985851,0.2500092063,0.2500092063
1.00000000,-0.81818182,-1.0000000000,0,-0.5000000000,0.2500000000,0.2500000000
0.00000000,-0.75757576,1.0000000000,0,1.0000000000,1.0000000000,1.0000000000
0.01010101,-0.75757576,0.9999998530,0,0.9999821683,0.9999646311,0.9999646311
0.02020202,-0.75757576,0.9999987826,0,0.9999264454,0.9998553305,0.9998553305
0.03030303,-0.75757576,0.9999957464,0,0.9998292681,0.9996670698,0.9996670698
0.04040404,-0.75757576,0.9999895571,0,0.9996867568,0.9993944847,0.9993944847
0.05050505,-0.75757576,0.9999788659,0,0.9994946847,0.9990318514,0.9990318514
0.06060606,-0.75757576,0.9999621430,0,0.9992484452,0.9985730598,0.9985730598
0.07070707,-0.75757576,0.9999376553,0,0.9989430155,0.9980115858,0.9980115858
0.08080808,-0.75757576,0.9999034420,0,0.9985729154,0.9973404606,0.9973404606
0.09090909,-0.75757576,0.9998572870,0,0.9981321636,0.9965522377,0.9965522377
0.10101010,-0.75757576,0.9997966877,0,0.9976142279,0.9956389579,0.9956389579
0.11111111,-0.75757576,0.9997188191,0,0.9970119702,0.9945921108,0.9945921108
0.12121212,-0.75757576,0.9996204945,0,0.9963175865,0.9934025935,0.9934025935
0.13131313,-0.75757576,0.9994981202,0,0.9955225391,0.9920606665,0.9920606665
0.14141414,-0.75757576,0.9993476437,0,0.9946174824,0.9905559054,0.9905559054
0.15151515,-0.75757576,0.9991644964,0,0.9935921796,0.9888771499,0.9888771499
0.16161616,-0.75757576,0.9989435270,0,0.9924354112,0.9870124478,0.9870124478
0.17171717,-0.75757576,0.9986789264,0,0.9911348718,0.9849489953,0.9849489953
0.18181818,-0.75757576,0.9983641423,0,0.9896770567,0.9826730735,0.9826730735
0.19191919,-0.75757576,0.9979917810,0,0.9880471347,0.9801699795,0.9801699795
0.20202020,-0.75757576,0.9975534958,0,0.9862288069,0.9774239529,0.9774239529
0.21212121,-0.75757576,0.9970398594,0,0.9842041490,0.9744180978,0.9744180978
0.22222222,-0.75757576,0.9964402164,0,0.9819534358,0.9711342997,0.9711342997
0.23232323,-0.75757576,0.9957425156,0,0.9794549458,0.9675531376,0.9675531376
0.24242424,-0.75757576,0.9949331153,0,0.9766847427,0.9636537917,0.9636537917
0.25252525,-0.75757576,0.9939965605,0,0.9736164329,0.9594139470,0.9594139470
0.26262626,-0.75757576,0.9929153249,0,0.9702208950,0.9548096936,0.9548096936
0.27272727,-0.75757576,0.9916695128,0,0.9664659793,0.9498154253,0.9498154253
0.28282828,-0.75757576,0.9902365139,0,0.9623161735,0.9444037375,0.9444037375
0.29292929,-0.75757576,0.9885906039,0,0.9577322335,0.9385453274,0.9385453274
0.30303030,-0.75757576,0.9867024800,0,0.9526707744,0.9322089004,0.9322089004
0.31313131,-0.75757576,0.9845387214,0,0.9470838209,0.9253610863,0.9253610863
0.32323232,-0.75757576,0.9820611625,0,0.9409183154,0.9179663721,0.9179663721
0.33333333,-0.75757576,0.9792261625,0,0.9341155823,0.9099870607,0.9099870607
0.34343434,-0.75757576,0.9759837568,0,0.9266107520,0.9013832654,0.9013832654
0.35353535,-0.75757576,0.9722766684,0,0.9183321468,0.8921129554,0.8921129554
0.36363636,-0.75757576,0.9680391606,0,0.9092006393,0.8821320718,0.8821320718
0.37373737,-0.75757576,0.9631957058,0,0.8991289974,0.8713947374,0.8713947374
0.38383838,-0.75757576,0.9576594475,0,0.8880212383,0.8598535933,0.8598535933
0.39393939,-0.75757576,0.9513304308,0,0.8757720286,0.8474602994,0.8474602994
0.40404040,-0.75757576,0.9440935813,0,0.8622661790,0.8341662489,0.8341662489
0.41414141,-0.75757576,0.9358164204,0,0.8473783092,0.8199235552,0.8199235552
0.42424242,-0.75757576,0.9263465165,0,0.8309727804,0.8046863806,0.8046863806
0.43434343,-0.75757576,0.9155087009,0,0.8129040328,0.7884126862,0.7884126862
0.44444444,-0.75757576,0.9031021158,0,0.7930175046,0.7710664876,0.7710664876
0.45454545,-0.75757576,0.8888972241,0,0.7711513620,0.7526207019,0.7526207019
0.46464646,-0.75757576,0.8726330080,0,0.7471393170,0.7330606527,0.7330606527
0.47474747,-0.75757576,0.8540147138,0,0.7208148625,0.7123882690,0.7123882690
0.48484848,-0.75757576,0.8327126859,0,0.6920172788,0.6906269393,0.6906269393
0.49494949,-0.75757576,0.8083630637,0,0.6605997552,0.6678268785,0.6678268785
0.50505051,-0.75757576,0.7805713941,0,0.6264398851,0.6440706953,0.6440706953
0.51515152,-0.75757576,0.7489204955,0,0.5894525955,0.6194786409,0.6194786409
0.52525253,-0.75757576,0.7129841291,0,0.5496052243,0.5942127678,0.5942127678
0.53535354,-0.75757576,0.6723480564,0,0.5069339355,0.5684789951,0.5684789951
0.54545455,-0.75757576,0.6266396999,0,0.4615599922,0.5425259343,0.5425259343
0.55555556,-0.75757576,0.5755666469,0,0.4137036754,0.5166393958,0.5166393958
0.56565657,-0.75757576,0.5189624620,0,0.3636930532,0.4911318748,0.4911318748
0.57575758,-0.75757576,0.4568357281,0,0.3119646431,0.4663270709,0.4663270709
0.58585859,-0.75757576,0.3894153029,0,0.2590535502,0.4425405475,0.4425405475
0.59595960,-0.75757576,0.3171824037,0,0.2055720686,0.4200587544,0.4200587544
0.60606061,-0.75757576,0.2408795755,0,0.1521778394,0.3991194321,0.3991194321
0.61616162,-0.75757576,0.1614890408,0,0.0995349769,0.3798965328,0.3798965328
0.62626263,-0.75757576,0.0801785753,0,0.0482733658,0.3624920550,0.3624920550
0.63636364,-0.75757576,-0.0017793755,0,-0.0010480745,0.3469357732,0.3469357732
0.64646465,-0.75757576,-0.0831027148,0,-0.0479692166,0.3331922018,0.3331922018
0.65656566,-0.75757576,-0.1625927074,0,-0.0921447194,0.3211728153,0.3211728153
0.66666667,-0.75757576,-0.2392100744,0,-0.1333477434,0.3107509097,0.3107509097
0.67676768,-0.75757576,-0.3121245197,0,-0.1714630976,0.3017765970,0.3017765970
0.68686869,-0.75757576,-0.3807350028,0,-0.2064728606,0.2940900552,0.2940900552
0.69696970,-0.75757576,-0.4446642100,0,-0.2384378861,0.2875319932,0.2875319932
0.70707071,-0.75757576,-0.5037343651,0,-0.2674782262,0.2819510455,0.2819510455
0.71717172,-0.75757576,-0.5579325221,0,-0.2937547048,0.2772083497,0.2772083497
0.72727273,-0.75757576,-0.6073724624,0,-0.3174529877,0.2731798376,0.2731798376
0.73737374,-0.75757576,-0.6522583268,0,-0.3387707271,0.2697568541,0.2697568541
0.74747475,-0.75757576,-0.6928529894,0,-0.3579078067,0.2668456654,0.2668456654
0.75757576,-0.75757576,-0.7294524317,0,-0.3750593813,0.2643663122,0.2643663122
0.76767677,-0.75757576,-0.7623661812,0,-0.3904112440,0.2622511425,0.2622511425
0.77777778,-0.75757576,-0.7919031858,0,-0.4041370261,0.2604432477,0.2604432477
0.78787879,-0.75757576,-0.8183622010,0,-0.4163967641,0.2588949435,0.2588949435
0.79797980,-0.75757576,-0.8420257104,0,-0.4273364430,0.2575663695,0.2575663695
0.80808081,-0.75757576,-0.8631564880,0,-0.4370882017,0.2564242470,0.2564242470
0.81818182,-0.75757576,-0.8819960533,0,-0.4457709615,0.2554407995,0.2554407995
0.82828283,-0.75757576,-0.8987644268,0,-0.4534913025,0.2545928337,0.2545928337
0.83838384,-0.75757576,-0.9136607373,0,-0.4603444643,0.2538609643,0.2538609643
0.84848485,-0.75757576,-0.9268643500,0,-0.4664153865,0.2532289658,0.2532289658
0.85858586,-0.75757576,-0.9385362848,0,-0.4717797343,0.2526832346,0.2526832346
0.86868687,-0.75757576,-0.9488207624,0,-0.4765048747,0.2522123430,0.2522123430
0.87878788,-0.75757576,-0.9578467732,0,-0.4806507853,0.2518066709,0.2518066709
0.88888889,-0.75757576,-0.9657296002,0,-0.4842708851,0.2514581020,0.2514581020
0.89898990,-0.75757576,-0.9725722569,0,-0.4874127861,0.2511597727,0.2511597727
0.90909091,-0.75757576,-0.9784668172,0,-0.4901189666,0.2509058657,0.2509058657
0.91919192,-0.75757576,-0.9834956286,0,-0.4924273710,0.2506914380,0.2506914380
0.92929293,-0.75757576,-0.9877324080,0,-0.4943719409,0.2505122803,0.2505122803
0.93939394,-0.75757576,-0.9912432239,0,-0.4959830844,0.2503647987,0.2503647987
0.94949495,-0.75757576,-0.9940873717,0,-0.4972880897,0.2502459179,0.2502459179
0.95959596,-0.75757576,-0.9963181503,0,-0.4983114884,0.2501529999,0.2501529999
0.96969697,-0.75757576,-0.9979835499,0,-0.4990753750,0.2500837760,0.2500837760
0.97979798,-0.75757576,-0.9991268590,0,-0.4995996870,0.2500362905,0.2500362905
0.98989899,-0.75757576,-0.9997871999,0,-0.4999024513,0.2500088533,0.2500088533
1.00000000,-0.75757576,-1.0000000000,0,-0.5000000000,0.2500000000,0.2500000000
0.00000000,-0.69696970,1.0000000000,0,1.0000000000,1.0000000000,1.0000000000
0.01010101,-0.69696970,0.9999998626,0,0.9999829176,0.9999661103,0.9999661103
0.02020202,-0.69696970,0.9999988622,0,0.9999295351,0.9998613505,0.9998613505
0.03030303,-0.69696970,0.9999960230,0,0.9998364366,0.9996808514,0.9996808514
0.04040404,-0.69696970,0.9999902329,0,0.9996999010,0.9994194147,0.9994194147
0.05050505,-0.69696970,0.9999802269,0,0.9995158725,0.9990714884,0.9990714884
0.06060606,-0.69696970,0.9999645682,0,0.9992799286,0.9986311412,0.9986311412
0.07070707,-0.69696970,0.9999416277,0,0.9989872447,0.9980920336,0.9980920336
0.08080808,-0.69696970,0.9999095601,0,0.9986325540,0.9974473877,0.9974473877
0.09090909,-0.69696970,0.9998662776,0,0.9982101044,0.9966899543,0.9966899543
0.10101010,-0.69696970,0.9998094194,0,0.9977136102,0.9958119766,0.9958119766
0.11111111,-0.69696970,0.9997363182,0,0.9971361980,0.9948051523,0.9948051523
0.12121212,-0.69696970,0.9996439612,0,0.9964703476,0.9936605911,0.9936605911
0.13131313,-0.69696970,0.9995289470,0,0.9957078256,0.9923687704,0.9923687704
0.14141414,-0.69696970,0.9993874359,0,0.9948396122,0.9909194855,0.9909194855
0.15151515,-0.69696970,0.9992150936,0,0.9938558188,0.9893017977,0.9893017977
0.16161616,-0.69696970,0.9990070271,0,0.9927455975,0.9875039770,0.9875039770
0.17171717,-0.69696970,0.9987577121,0,0.9914970392,0.9855134407,0.9855134407
0.18181818,-0.69696970,0.9984609091,0,0.9900970603,0.9833166870,0.9833166870
0.19191919,-0.69696970,0.9981095690,0,0.9885312766,0.9808992241,0.9808992241
0.20202020,-0.69696970,0.9976957231,0,0.9867838620,0.9782454931,0.9782454931
0.21212121,-0.69696970,0.9972103590,0,0.9848373907,0.9753387862,0.9753387862
0.22222222,-0.69696970,0.9966432759,0,0.9826726611,0.9721611586,0.9721611586
0.23232323,-0.69696970,0.9959829201,0,0.9802684987,0.9686933349,0.9686933349
0.24242424,-0.69696970,0.9952161938,0,0.9776015359,0.9649146101,0.9649146101
0.25252525,-0.69696970,0.9943282352,0,0.9746459654,0.9608027443,0.9608027443
0.26262626,-0.69696970,0.9933021636,0,0.9713732653,0.9563338538,0.9563338538
0.27272727,-0.69696970,0.9921187845,0,0.9677518913,0.9514822974,0.9514822974
0.28282828,-0.69696970,0.9907562469,0,0.9637469343,0.9462205600,0.9462205600
0.29292929,-0.69696970,0.9891896454,0,0.9593197376,0.9405191371,0.9405191371
0.30303030,-0.69696970,0.9873905563,0,0.9544274735,0.9343464202,0.9343464202
0.31313131,-0.69696970,0.9853264972,0,0.9490226727,0.9276685906,0.9276685906
0.32323232,-0.69696970,0.9829602970,0,0.9430527057,0.9204495248,0.9204495248
0.33333333,-0.69696970,0.9802493588,0,0.9364592149,0.9126507212,0.9126507212
0.34343434,-0.69696970,0.9771447996,0,0.9291774960,0.9042312579,0.9042312579
0.35353535,-0.69696970,0.9735904449,0,0.9211358315,0.8951477963,0.8951477963
0.36363636,-0.69696970,0.9695216544,0,0.9122547843,0.8853546493,0.8853546493
0.37373737,-0.69696970,0.9648639539,0,0.9024464621,0.8748039379,0.8748039379
0.38383838,-0.69696970,0.9595314431,0,0.8916137742,0.8634458702,0.8634458702
0.39393939,-0.69696970,0.9534249531,0,0.8796497135,0.8512291804,0.8512291804
0.40404040,-0.69696970,0.9464299245,0,0.8664367125,0.8381017833,0.8381017833
0.41414141,-0.69696970,0.9384139875,0,0.8518461453,0.8240117033,0.8240117033
0.42424242,-0.69696970,0.9292242336,0,0.8357380764,0.8089083595,0.8089083595
0.43434343,-0.69696970,0.9186841975,0,0.8179613972,0.7927442928,0.7927442928
0.44444444,-0.69696970,0.9065906039,0,0.7983545362,0.7754774387,0.7754774387
0.45454545,-0.69696970,0.8927099998,0,0.7767469902,0.7570740478,0.7570740478
0.46464646,-0.69696970,0.8767754905,0,0.7529619832,0.7375123491,0.7375123491
0.47474747,-0.69696970,0.8584839418,0,0.7268206237,0.7167870197,0.7167870197
0.48484848,-0.69696970,0.8374942063,0,0.6981479768,0.6949144538,0.6949144538
0.49494949,-0.69696970,0.8134272013,0,0.6667814704,0.6719387118,0.6719387118
0.50505051,-0.69696970,0.7858689792,0,0.6325819857,0.6479378464,0.6479378464
0.51515152,-0.69696970,0.7543782845,0,0.5954477785,0.6230300614,0.6230300614
0.52525253,-0.69696970,0.7185003777,0,0.5553310077,0.5973788545,0.5973788545
0.53535354,-0.69696970,0.6777890048,0,0.5122560531,0.5711960023,0.5711960023
0.54545455,-0.69696970,0.6318380555,0,0.4663380195,0.5447410306,0.5447410306
0.55555556,-0.69696970,0.5803234111,0,0.4177989374,0.5183158388,0.5183158388
0.56565657,-0.69696970,0.5230534910,0,0.3669784240,0.4922535450,0.4922535450
0.57575758,-0.69696970,0.4600240339,0,0.3143352966,0.4669014871,0.4669014871
0.58585859,-0.69696970,0.3914691532,0,0.2604372146,0.4425995734,0.4425995734
0.59595960,-0.69696970,0.3178977788,0,0.2059370548,0.4196565520,0.4196565520
0.60606061,-0.69696970,0.2401038442,0,0.1515372511,0.3983277682,0.3983277682
0.61616162,-0.69696970,0.1591414499,0,0.0979461187,0.3787981426,0.3787981426
0.62626263,-0.69696970,0.0762630263,0,0.0458323152,0.3611732040,0.3611732040
0.63636364,-0.69696970,-0.0071724139,0,-0.0042157645,0.3454792721,0.3454792721
0.64646465,-0.69696970,-0.0898057575,0,-0.0517199999,0.3316718935,0.3316718935
0.65656566,-0.69696970,-0.1703800725,0,-0.0963288140,0.3196500887,0.3196500887
0.66666667,-0.69696970,-0.2478218085,0,-0.1378195170,0.3092732823,0.3092732823
0.67676768,-0.69696970,-0.3212907447,0,-0.1760890255,0.3003780196,0.3003780196
0.68686869,-0.69696970,-0.3901968471,0,-0.2111366626,0.2927923956,0.2927923956
0.69696970,-0.69696970,-0.4541890952,0,-0.2430430057,0.2863471394,0.2863471394
0.70707071,-0.69696970,-0.5131250911,0,-0.2719481535,0.2808831751,0.2808831751
0.71717172,-0.69696970,-0.5670308247,0,-0.2980317768,0.2762560559,0.2762560559
0.72727273,-0.69696970,-0.6160583696,0,-0.3214962727,0.2723379476,0.2723379476
0.73737374,-0.69696970,-0.6604467784,0,-0.3425534912,0.2690178788,0.2690178788
0.74747475,-0.69696970,-0.7004890047,0,-0.3614149183,0.2662008911,0.2662008911
0.75757576,-0.69696970,-0.7365057973,0,-0.3782848795,0.2638065810,0.2638065810
0.76767677,-0.69696970,-0.7688262960,0,-0.3933561933,0.2617673804,0.2617673804
0.77777778,-0.69696970,-0.7977744307,0,-0.4068077035,0.2600267999,0.2600267999
0.78787879,-0.69696970,-0.8236599919,0,-0.4188031783,0.2585377681,0.2585377681
0.79797980,-0.69696970,-0.8467732674,0,-0.4294911584,0.2572611328,0.2572611328
0.80808081,-0.69696970,-0.8673822737,0,-0.4390054259,0.2561643510,0.2561643510
0.81818182,-0.69696970,-0.8857317967,0,-0.4474658543,0.2552203674,0.2552203674
0.82828283,-0.69696970,-0.9020436387,0,-0.4549794631,0.2544066688,0.2544066688
0.83838384,-0.69696970,-0.9165176209,0,-0.4616415602,0.2537044951,0.2537044951
0.84848485,-0.69696970,-0.9293330262,0,-0.4675368933,0.2530981852,0.2530981852
0.85858586,-0.69696970,-0.9406502580,0,-0.4727407587,0.2525746372,0.2525746372
0.86868687,-0.69696970,-0.9506125694,0,-0.4773200413,0.2521228654,0.2521228654
0.87878788,-0.69696970,-0.9593477678,0,-0.4813341698,0.2517336354,0.2517336354
0.88888889,-0.69696970,-0.9669698375,0,-0.4848359814,0.2513991650,0.2513991650
0.89898990,-0.69696970,-0.9735804470,0,-0.4878724975,0.2511128788,0.2511128788
0.90909091,-0.69696970,-0.9792703289,0,-0.4904856136,0.2508692061,0.2508692061
0.91919192,-0.69696970,-0.9841205259,0,-0.4927127103,0.2506634146,0.2506634146
0.92929293,-0.69696970,-0.9882035075,0,-0.4945871912,0.2504914736,0.2504914736
0.93939394,-0.69696970,-0.9915841646,0,-0.4961389561,0.2503499402,0.2503499402
0.94949495,-0.69696970,-0.9943206906,0,-0.4973948167,0.2502358663,0.2502358663
0.95959596,-0.69696970,-0.9964653600,0,-0.4983788597,0.2501467197,0.2501467197
0.96969697,-0.69696970,-0.9980652149,0,-0.4991127659,0.2500803203,0.2500803203
0.97979798,-0.69696970,-0.9991626684,0,-0.4996160890,0.2500347851,0.2500347851
0.98989899,-0.69696970,-0.9997960356,0,-0.4999064997,0.2500084838,0.2500084838
1.00000000,-0.69696970,-1.0000000000,0,-0.5000000000,0.2500000000,0.2500000000
0.00000000,-0.63636364,1.0000000000,0,1.0000000000,1.0000000000,1.0000000000
0.01010101,-0.63636364,0.9999998725,0,0.9999836946,0.9999676445,0.9999676445
0.02020202,-0.63636364,0.9999989435,0,0.9999327390,0.9998675952,0.9998675952
0.03030303,-0.63636364,0.9999963059,0,0.9998438697,0.9996951499,0.9996951499
0.04040404,-0.63636364,0.9999909241,0,0.9997135302,0.9994452840,0.9994452840
0.05050505,-0.63636364,0.9999816190,0,0.9995378419,0.9991126264,0.9991126264
0.06060606,-0.63636364,0.9999670495,0,0.9993125735,0.9986914333,0.9986914333
0.07070707,-0.63636364,0.9999456931,0,0.9990331062,0.9981755599,0.9981755599
0.08080808,-0.63636364,0.9999158233,0,0.9986943951,0.9975584301,0.9975584301
0.09090909,-0.63636364,0.9998754838,0,0.9982909267,0.9968330027,0.9968330027
0.10101010,-0.63636364,0.9998224602,0,0.9978166721,0.9959917360,0.9959917360
0.11111111,-0.63636364,0.9997542474,0,0.9972650338,0.9950265484,0.9950265484
0.12121212,-0.63636364,0.9996680121,0,0.9966287882,0.9939287765,0.9939287765
0.13131313,-0.63636364,0.9995605517,0,0.9959000199,0.9926891291,0.9926891291
0.14141414,-0.63636364,0.9994282460,0,0.9950700501,0.9912976375,0.9912976375
0.15151515,-0.63636364,0.9992670031,0,0.9941293556,0.9897436017,0.9897436017
0.16161616,-0.63636364,0.9990721981,0,0.9930674787,0.9880155323,0.9880155323
0.17171717,-0.63636364,0.9988386015,0,0.9918729275,0.9861010869,0.9861010869
0.18181818,-0.63636364,0.9985602995,0,0.9905330627,0.9839870021,0.9839870021
0.19191919,-0.63636364,0.9982306007,0,0.9890339727,0.9816590194,0.9816590194
0.20202020,-0.63636364,0.9978419306,0,0.9873603324,0.9791018053,0.9791018053
0.21212121,-0.63636364,0.9973857095,0,0.9854952462,0.9762988655,0.9762988655
0.22222222,-0.63636364,0.9968522120,0,0.9834200710,0.9732324515,0.9732324515
0.23232323,-0.63636364,0.9962304053,0,0.9811142182,0.9698834622,0.9698834622
0.24242424,-0.63636364,0.9955077624,0,0.9785549316,0.9662313370,0.9662313370
0.25252525,-0.63636364,0.9946700452,0,0.9757170382,0.9622539425,0.9622539425
0.26262626,-0.63636364,0.9937010539,0,0.9725726679,0.9579274537,0.9579274537
0.27272727,-0.63636364,0.9925823353,0,0.9690909403,0.9532262276,0.9532262276
0.28282828,-0.63636364,0.9912928433,0,0.9652376128,0.9481226730,0.9481226730
0.29292929,-0.63636364,0.9898085437,0,0.9609746869,0.9425871171,0.9425871171
0.30303030,-0.63636364,0.9881019516,0,0.9562599682,0.9365876708,0.9365876708
0.31313131,-0.63636364,0.9861415918,0,0.9510465763,0.9300900979,0.9300900979
0.32323232,-0.63636364,0.9838913652,0,0.9452823998,0.9230576914,0.9230576914
0.33333333,-0.63636364,0.9813098074,0,0.9389094942,0.9154511671,0.9154511671
0.34343434,-0.63636364,0.9783492182,0,0.9318634203,0.9072285812,0.9072285812
0.35353535,-0.63636364,0.9749546393,0,0.9240725242,0.8983452885,0.8983452885
0.36363636,-0.63636364,0.9710626557,0,0.9154571617,0.8887539577,0.8887539577
0.37373737,-0.63636364,0.9665999901,0,0.9059288791,0.8784046697,0.8784046697
0.38383838,-0.63636364,0.9614818579,0,0.8953895653,0.8672451300,0.8672451300
0.39393939,-0.63636364,0.9556100503,0,0.8837306071,0.8552210383,0.8552210383
0.40404040,-0.63636364,0.9488707093,0,0.8708320933,0.8422766688,0.8422766688
0.41414141,-0.63636364,0.9411317671,0,0.8565621371,0.8283557296,0.8283557296
0.42424242,-0.63636364,0.9322400303,0,0.8407764178,0.8134025864,0.8134025864
0.43434343,-0.63636364,0.9220179114,0,0.8233180867,0.7973639497,0.7973639497
0.44444444,-0.63636364,0.9102598522,0,0.8040182320,0.7801911462,0.7801911462
0.45454545,-0.63636364,0.8967285422,0,0.7826971665,0.7618430968,0.7618430968
0.46464646,-0.63636364,0.8811511427,0,0.7591668774,0.7422901293,0.7422901293
0.47474747,-0.63636364,0.8632158724,0,0.7332350541,0.7215187206,0.7215187206
0.48484848,-0.63636364,0.8425695349,0,0.7047111788,0.6995372046,0.6995372046
0.49494949,-0.63636364,0.8188168563,0,0.6734151922,0.6763823567,0.6763823567
0.50505051,-0.63636364,0.7915228778,0,0.6391891887,0.6521265730,0.6521265730
0.51515152,-0.63636364,0.7602200652,0,0.6019124058,0.6268850785,0.6268850785
0.52525253,-0.63636364,0.7244221800,0,0.5615193661,0.6008222406,0.6008222406
0.53535354,-0.63636364,0.6836471428,0,0.5180203694,0.5741556837,0.5741556837
0.54545455,-0.63636364,0.6374508387,0,0.4715226058,0.5471566017,0.5471566017
0.55555556,-0.63636364,0.5854727137,0,0.4222490843,0.5201446240,0.5201446240
0.56565657,-0.63636364,0.5274917675,0,0.3705516107,0.4934760034,0.4934760034
0.57575758,-0.63636364,0.4634880717,0,0.3169136377,0.4675248867,0.4675248867
0.58585859,-0.63636364,0.3937007316,0,0.2619394119,0.4426589531,0.4426589531
0.59595960,-0.63636364,0.3186695830,0,0.2063277647,0.4192124021,0.4192124021
0.60606061,-0.63636364,0.2392468776,0,0.1508319311,0.3974605469,0.3974605469
0.61616162,-0.63636364,0.1565686205,0,0.0962101744,0.3776004939,0.3776004939
0.62626263,-0.63636364,0.0719834586,0,0.0431745529,0.3597412820,0.3597412820
0.63636364,-0.63636364,-0.0130520194,0,-0.0076541464,0.3439046963,0.3439046963
0.64646465,-0.63636364,-0.0970931985,0,-0.0557787998,0.3300355436,0.3300355436
0.65656566,-0.63636364,-0.1788202262,0,-0.1008422966,0.3180183472,0.3180183472
0.66666667,-0.63636364,-0.2571245456,0,-0.1426280555,0.3076967068,0.3076967068
0.67676768,-0.63636364,-0.3311585958,0,-0.1810477601,0.2988919700,0.2988919700
0.68686869,-0.63636364,-0.4003480814,0,-0.2161208351,0.2914189377,0.2914189377
0.69696970,-0.63636364,-0.4643739184,0,-0.2479502624,0.2850975632,0.2850975632
0.70707071,-0.63636364,-0.5231346412,0,-0.2766984730,0.2797606100,0.2797606100
0.71717172,-0.63636364,-0.5767000110,0,-0.3025657888,0.2752578555,0.2752578555
0.72727273,-0.63636364,-0.6252642257,0,-0.3257726696,0.2714576786,0.2714576786
0.73737374,-0.63636364,-0.6691040482,0,-0.3465460799,0.2682468719,0.2682468719
0.74747475,-0.63636364,-0.7085443978,0,-0.3651096923,0.2655293834,0.2655293834
0.75757576,-0.63636364,-0.7439319450,0,-0.3816773371,0.2632245131,0.2632245131
0.76767677,-0.63636364,-0.7756160554,0,-0.3964490142,0.2612649215,0.2612649215
0.77777778,-0.63636364,-0.8039358768,0,-0.4096088160,0.2595946695,0.2595946695
0.78787879,-0.63636364,-0.8292122274,0,-0.4213242033,0.2581674121,0.2581674121
0.79797980,-0.63636364,-0.8517430445,0,-0.4317461887,0.2569448004,0.2569448004
0.80808081,-0.63636364,-0.8718013542,0,-0.4410100927,0.2558951051,0.2558951051
0.81818182,-0.63636364,-0.8896349429,0,-0.4492366266,0.2549920552,0.2549920552
0.82828283,-0.63636364,-0.9054671229,0,-0.4565331367,0.2542138683,0.2542138683
0.83838384,-0.63636364,-0.9194981485,0,-0.4629948924,0.2535424497,0.2535424497
0.84848485,-0.63636364,-0.9319069801,0,-0.4687063507,0.2529627341,0.2529627341
0.85858586,-0.63636364,-0.9428531885,0,-0.4737423499,0.2524621473,0.2524621473
0.86868687,-0.63636364,-0.9524788673,0,-0.4781692132,0.2520301651,0.2520301651
0.87878788,-0.63636364,-0.9609104720,0,-0.4820457495,0.2516579548,0.2516579548
0.88888889,-0.63636364,-0.9682605396,0,-0.4854241520,0.2513380812,0.2513380812
0.89898990,-0.63636364,-0.9746292643,0,-0.4883507962,0.2510642669,0.2510642669
0.90909091,-0.63636364,-0.9801059237,0,-0.4908669461,0.2508311962,0.2508311962
0.91919192,-0.63636364,-0.9847701556,0,-0.4930093749,0.2506343539,0.2506343539
0.92929293,-0.63636364,-0.9886930940,0,-0.4948109094,0.2504698936,0.2504698936
0.93939394,-0.63636364,-0.9919383733,0,-0.4963009067,0.2503345278,0.2503345278
0.94949495,-0.63636364,-0.9945630148,0,-0.4975056702,0.2502254391,0.2502254391
0.95959596,-0.63636364,-0.9966182052,0,-0.4984488136,0.2501402047,0.2501402047
0.96969697,-0.63636364,-0.9981499807,0,-0.4991515780,0.2500767355,0.2500767355
0.97979798,-0.63636364,-0.9991998262,0,-0.4996331091,0.2500332237,0.2500332237
0.98989899,-0.63636364,-0.9998052012,0,-0.4999106995,0.2500081005,0.2500081005
1.00000000,-0.63636364,-1.0000000000,0,-0.5000000000,0.2500000000,0.2500000000
0.00000000,-0.57575758,1.0000000000,0,1.0000000000,1.0000000000,1.0000000000
0.01010101,-0.57575758,0.9999998824,0,0.9999844916,0.9999692186,0.9999692186
0.02020202,-0.57575758,0.9999990257,0,0.9999360256,0.9998740036,0.9998740036
0.03030303,-0.57575758,0.9999965918,0,0.9998514947,0.9997098258,0.9997098258
0.04040404,-0.57575758,0.9999916232,0,0.9997275109,0.9994718409,0.9994718409
0.05050505,-0.57575758,0.9999830273,0,0.9995603779,0.9991548656,0.9991548656
0.06060606,-0.57575758,0.9999695603,0,0.9993460607,0.9987533517,0.9987533517
0.07070707,-0.57575758,0.9999498080,0,0.9990801521,0.9982613573,0.9982613573
0.08080808,-0.57575758,0.9999221643,0,0.9987578354,0.9976725169,0.9976725169
0.09090909,-0.57575758,0.9998848072,0,0.9983738432,0.9969800073,0.9969800073
0.10101010,-0.57575758,0.9998356712,0,0.9979224109,0.9961765124,0.9961765124
0.11111111,-0.57575758,0.9997724163,0,0.9973972264,0.9952541829,0.9952541829
0.12121212,-0.57575758,0.9996923926,0,0.9967913720,0.9942045945,0.9942045945
0.13131313,-0.57575758,0.9995926004,0,0.9960972619,0.9930187012,0.9930187012
0.14141414,-0.57575758,0.9994696441,0,0.9953065707,0.9916867845,0.9916867845
0.15151515,-0.57575758,0.9993196803,0,0.9944101542,0.9901983994,0.9901983994
0.16161616,-0.57575758,0.9991383583,0,0.9933979612,0.9885423139,0.9885423139
0.17171717,-0.57575758,0.9989207520,0,0.9922589341,0.9867064450,0.9867064450
0.18181818,-0.57575758,0.9986612816,0,0.9909808978,0.9846777875,0.9846777875
0.19191919,-0.57575758,0.9983536247,0,0.9895504352,0.9824423385,0.9824423385
0.20202020,-0.57575758,0.9979906129,0,0.9879527477,0.9799850133,0.9799850133
0.21212121,-0.57575758,0.9975641135,0,0.9861714975,0.9772895566,0.9772895566
0.22222222,-0.57575758,0.9970648929,0,0.9841886317,0.9743384444,0.9743384444
0.23232323,-0.57575758,0.9964824586,0,0.9819841832,0.9711127791,0.9711127791
0.24242424,-0.57575758,0.9958048763,0,0.9795360472,0.9675921767,0.9675921767
0.25252525,-0.57575758,0.9950185576,0,0.9768197293,0.9637546446,0.9637546446
0.26262626,-0.57575758,0.9941080133,0,0.9738080620,0.9595764527,0.9595764527
0.27272727,-0.57575758,0.9930555661,0,0.9704708849,0.9550319950,0.9550319950
0.28282828,-0.57575758,0.9918410153,0,0.9667746854,0.9500936446,0.9500936446
0.29292929,-0.57575758,0.9904412442,0,0.9626821932,0.9447316025,0.9447316025
0.30303030,-0.57575758,0.9888297614,0,0.9581519259,0.9389137419,0.9389137419
0.31313131,-0.57575758,0.9869761610,0,0.9531376788,0.9326054524,0.9326054524
0.32323232,-0.57575758,0.9848454892,0,0.9475879538,0.9257694860,0.9257694860
0.33333333,-0.57575758,0.9823974985,0,0.9414453236,0.9183658148,0.9183658148
0.34343434,-0.57575758,0.9795857685,0,0.9346457272,0.9103515076,0.9103515076
0.35353535,-0.57575758,0.9763566698,0,0.9271176935,0.9016806379,0.9016806379
0.36363636,-0.57575758,0.9726481418,0,0.9187814971,0.8923042433,0.8923042433
0.37373737,-0.57575758,0.9683882513,0,0.9095482493,0.8821703581,0.8821703581
0.38383838,-0.57575758,0.9634934968,0,0.8993189424,0.8712241528,0.8712241528
0.39393939,-0.57575758,0.9578668169,0,0.8879834689,0.8594082232,0.8594082232
0.40404040,-0.57575758,0.9513952621,0,0.8754196620,0.8466630850,0.8466630850
0.41414141,-0.57575758,0.9439472907,0,0.8614924218,0.8329279476,0.8329279476
0.42424242,-0.57575758,0.9353696574,0,0.8460530275,0.8181418575,0.8181418575
0.43434343,-0.57575758,0.9254838842,0,0.8289387814,0.8022453257,0.8022453257
0.44444444,-0.57575758,0.9140823375,0,0.8099731888,0.7851825735,0.7851825735
0.45454545,-0.57575758,0.9009240010,0,0.7889669542,0.7669045469,0.7669045469
0.46464646,-0.57575758,0.8857301358,0,0.7657201623,0.7473728602,0.7473728602
0.47474747,-0.57575758,0.8681801794,0,0.7400261140,0.7265648062,0.7265648062
0.48484848,-0.57575758,0.8479084711,0,0.7116773744,0.7044795159,0.7044795159
0.49494949,-0.57575758,0.8245027198,0,0.6804746512,0.6811452276,0.6811452276
0.50505051,-0.57575758,0.7975055599,0,0.6462390894,0.6566274115,0.6566274115
0.51515152,-0.57575758,0.7664210426,0,0.6088283873,0.6310371786,0.6310371786
0.52525253,-0.57575758,0.7307284074,0,0.5681567132,0.6045389717,0.6045389717
0.53535354,-0.57575758,0.6899057806,0,0.5242176599,0.5773560582,0.5773560582
0.54545455,-0.57575758,0.6434662491,0,0.4771083893,0.5497719291,0.5497719291
0.55555556,-0.57575758,0.5910076155,0,0.4270518045,0.5221255774,0.5221255774
0.56565657,-0.57575758,0.5322746160,0,0.3744123603,0.4947990355,0.4947990355
0.57575758,-0.57575758,0.4672283097,0,0.3197005039,0.4681966948,0.4681966948
0.58585859,-0.57575758,0.3961122442,0,0.2635613623,0.4427177688,0.4427177688
0.59595960,-0.57575758,0.3195004803,0,0.2067455445,0.4187253820,0.4187253820
0.60606061,-0.57575758,0.2383111230,0,0.1500636245,0.3965173883,0.3965173883
0.61616162,-0.57575758,0.1537730785,0,0.0943300190,0.3763043395,0.3763043395
0.62626263,-0.57575758,0.0673438187,0,0.0403050723,0.3581986390,0.3581986390
0.63636364,-0.57575758,-0.0194107185,0,-0.0113551247,0.3422162219,0.3422162219
0.64646465,-0.57575758,-0.1049517083,0,-0.0601336762,0.3282891165,0.3282891165
0.65656566,-0.57575758,-0.1878920347,0,-0.1056690305,0.3162850807,0.3162850807
0.66666667,-0.57575758,-0.2670882259,0,-0.1477530989,0.3060297939,0.3060297939
0.67676768,-0.57575758,-0.3416889730,0,-0.1863153628,0.2973277238,0.2973277238
0.68686869,-0.57575758,-0.4111413796,0,-0.2213984645,0.2899791893,0.2899791893
0.69696970,-0.57575758,-0.4751646163,0,-0.2531306049,0.2837926400,0.2837926400
0.70707071,-0.57575758,-0.5337040719,0,-0.2816988571,0.2785923183,0.2785923183
0.71717172,-0.57575758,-0.5868782007,0,-0.3073259422,0.2742221220,0.2742221220
0.72727273,-0.57575758,-0.6349270349,0,-0.3302516073,0.2705467000,0.2705467000
0.73737374,-0.57575758,-0.6781676003,0,-0.3507187205,0.2674507508,0.2674507508
0.74747475,-0.57575758,-0.7169583665,0,-0.3689635947,0.2648373048,0.2648373048
0.75757576,-0.57575758,-0.7516727744,0,-0.3852097780,0.2626255436,0.2626255436
0.76767677,-0.57575758,-0.7826807473,0,-0.3996645024,0.2607485195,0.2607485195
0.77777778,-0.57575758,-0.8103366471,0,-0.4125170584,0.2591509852,0.2591509852
0.78787879,-0.57575758,-0.8349721158,0,-0.4239384904,0.2577874398,0.2577874398
0.79797980,-0.57575758,-0.8568924326,0,-0.4340821463,0.2566204324,0.2566204324
0.80808081,-0.57575758,-0.8763752839,0,-0.4430847384,0.2556191235,0.2556191235
0.81818182,-0.57575758,-0.8936711053,0,-0.4510676739,0.2547580851,0.2547580851
0.82828283,-0.57575758,-0.9090043874,0,-0.4581384920,0.2540163114,0.2540163114
0.83838384,-0.57575758,-0.9225755170,0,-0.4643923031,0.2533764083,0.2533764083
0.84848485,-0.57575758,-0.9345628664,0,-0.4699131661,0.2528239340,0.2528239340
0.85858586,-0.57575758,-0.9451249421,0,-0.4747753675,0.2523468619,0.2523468619
0.86868687,-0.57575758,-0.9544024790,0,-0.4790445872,0.2519351458,0.2519351458
0.87878788,-0.57575758,-0.9625204100,0,-0.4827789437,0.2515803665,0.2515803665
0.88888889,-0.57575758,-0.9695896787,0,-0.4860299246,0.2512754452,0.2512754452
0.89898990,-0.57575758,-0.9757088800,0,-0.4888432068,0.2510144099,0.2510144099
0.90909091,-0.57575758,-0.9809657292,0,-0.4912593764,0.2507922056,0.2507922056
0.91919192,-0.57575758,-0.9854383663,0,-0.4933145590,0.2506045386,0.2506045386
0.92929293,-0.57575758,-0.9891965087,0,-0.4950409691,0.2504477501,0.2504477501
0.93939394,-0.57575758,-0.9923024635,0,-0.4964673891,0.2503187114,0.2503187114
0.94949495,-0.57575758,-0.9948120169,0,-0.4976195864,0.2502147379,0.2502147379
0.95959596,-0.57575758,-0.9967752113,0,-0.4985206757,0.2501335184,0.2501335184
0.96969697,-0.57575758,-0.9982370260,0,-0.4991914353,0.2500730564,0.2500730564
0.97979798,-0.57575758,-0.9992379710,0,-0.4996505817,0.2500316213,0.2500316213
0.98989899,-0.57575758,-0.9998146073,0,-0.4999150094,0.2500077072,0.2500077072
1.00000000,-0.57575758,-1.0000000000,0,-0.5000000000,0.2500000000,0.2500000000
0.00000000,-0.51515152,1.0000000000,0,1.0000000000,1.0000000000,1.0000000000
0.01010101,-0.51515152,0.9999998924,0,0.9999852991,0.9999708137,0.9999708137
0.02020202,-0.51515152,0.9999991077,0,0.9999393551,0.9998804981,0.9998804981
0.03030303,-0.51515152,0.9999968774,0,0.9998592190,0.9997247013,0.9997247013
0.04040404,-0.51515152,0.9999923213,0,0.9997416738,0.9994987640,0.9994987640
0.05050505,-0.51515152,0.9999844341,0,0.9995832078,0.9991976959,0.9991976959
0.06060606,-0.51515152,0.9999720692,0,0.9993799852,0.9988161495,0.9988161495
0.07070707,-0.51515152,0.9999539210,0,0.9991278140,0.9983483924,0.9983483924
0.08080808,-0.51515152,0.9999285044,0,0.9988221095,0.9977882762,0.9977882762
0.09090909,-0.51515152,0.9998941321,0,0.9984578543,0.9971292036,0.9971292036
0.10101010,-0.51515152,0.9998488885,0,0.9980295539,0.9963640919,0.9963640919
0.11111111,-0.51515152,0.9997906000,0,0.9975311864,0.9954853335,0.9954853335
0.12121212,-0.51515152,0.9997168015,0,0.9969561474,0.9944847533,0.9944847533
0.13131313,-0.51515152,0.9996246979,0,0.9962971876,0.9933535615,0.9933535615
0.14141414,-0.51515152,0.9995111207,0,0.9955463438,0.9920823026,0.9920823026
0.15151515,-0.51515152,0.9993724778,0,0.9946948610,0.9906607996,0.9906607996
0.16161616,-0.51515152,0.9992046965,0,0.9937331053,0.9890780936,0.9890780936
0.17171717,-0.51515152,0.9990031580,0,0.9926504668,0.9873223770,0.9873223770
0.18181818,-0.51515152,0.9987626223,0,0.9914352494,0.9853809218,0.9853809218
0.19191919,-0.51515152,0.9984771421,0,0.9900745482,0.9832400004,0.9832400004
0.20202020,-0.51515152,0.9981399628,0,0.9885541103,0.9808847997,0.9808847997
0.21212121,-0.51515152,0.9977434082,0,0.9868581789,0.9782993280,0.9782993280
0.22222222,-0.51515152,0.9972787474,0,0.9849693172,0.9754663127,0.9754663127
0.23232323,-0.51515152,0.9967360416,0,0.9828682096,0.9723670899,0.9723670899
0.24242424,-0.51515152,0.9961039650,0,0.9805334372,0.9689814847,0.9689814847
0.25252525,-0.51515152,0.9953695978,0,0.9779412239,0.9652876815,0.9652876815
0.26262626,-0.51515152,0.9945181842,0,0.9750651500,0.9612620839,0.9612620839
0.27272727,-0.51515152,0.9935328497,0,0.9718758270,0.9568791654,0.9568791654
0.28282828,-0.51515152,0.9923942705,0,0.9683405312,0.9521113095,0.9521113095
0.29292929,-0.51515152,0.9910802862,0,0.9644227882,0.9469286403,0.9469286403
0.30303030,-0.51515152,0.9895654434,0,0.9600819041,0.9412988461,0.9412988461
0.31313131,-0.51515152,0.9878204595,0,0.9552724366,0.9351869972,0.9351869972
0.32323232,-0.51515152,0.9858115893,0,0.9499435987,0.9285553619,0.9285553619
0.33333333,-0.51515152,0.9834998775,0,0.9440385900,0.9213632267,0.9213632267
0.34343434,-0.51515152,0.9808402727,0,0.9374938488,0.9135667294,0.9135667294
0.35353535,-0.51515152,0.9777805795,0,0.9302382213,0.9051187156,0.9051187156
0.36363636,-0.51515152,0.9742602145,0,0.9221920448,0.8959686366,0.8959686366
0.37373737,-0.51515152,0.9702087338,0,0.9132661507,0.8860625125,0.8860625125
0.38383838,-0.51515152,0.9655440869,0,0.9033607932,0.8753429909,0.8753429909
0.39393939,-0.51515152,0.9601705539,0,0.8923645291,0.8637495455,0.8637495455
0.40404040,-0.51515152,0.9539763152,0,0.8801530829,0.8512188732,0.8512188732
0.41414141,-0.51515152,0.9468306029,0,0.8665882625,0.8376855653,0.8376855653
0.42424242,-0.51515152,0.9385803916,0,0.8515170195,0.8230831513,0.8230831513
0.43434343,-0.51515152,0.9290465987,0,0.8347708020,0.8073456416,0.8073456416
0.44444444,-0.51515152,0.9180197995,0,0.8161654089,0.7904097208,0.7904097208
0.45454545,-0.51515152,0.9052555258,0,0.7955016413,0.7722177698,0.7722177698
0.46464646,-0.51515152,0.8904693152,0,0.7725671515,0.7527219141,0.7527219141
0.47474747,-0.51515152,0.8733318529,0,0.7471400114,0.7318892844,0.7318892844
0.48484848,-0.51515152,0.8534647923,0,0.7189946414,0.7097086317,0.7097086317
0.49494949,-0.51515152,0.8304382143,0,0.6879108353,0.6861983167,0.6861983167
0.50505051,-0.51515152,0.8037711680,0,0.6536866222,0.6614154678,0.6614154678
0.51515152,-0.51515152,0.7729373438,0,0.6161555459,0.6354657425,0.6354657425
0.52525253,-0.51515152,0.7373785529,0,0.5752085030,0.6085126224,0.6085126224
0.53535354,-0.51515152,0.6965291500,0,0.5308194532,0.5807845671,0.5807845671
0.54545455,-0.51515152,0.6498544491,0,0.4830730521,0.5525777955,0.5525777955
0.55555556,-0.51515152,0.5969050302,0,0.4321906525,0.5242522001,0.5242522001
0.56565657,-0.51515152,0.5373860072,0,0.3785495496,0.4962182811,0.4962182811
0.57575758,-0.51515152,0.4712355455,0,0.3226894571,0.4689142909,0.4689142909
0.58585859,-0.51515152,0.3987007214,0,0.2653008071,0.4427750079,0.4427750079
0.59595960,-0.51515152,0.3203931337,0,0.2071921272,0.4181962152,0.4181962152
0.60606061,-0.51515152,0.2373047097,0,0.1492382581,0.3955010381,0.3955010381
0.61616162,-0.51515152,0.1507690103,0,0.0923162886,0.3749147309,0.3749147309
0.62626263,-0.51515152,0.0623657203,0,0.0372398433,0.3565527608,0.3565527608
0.63636364,-0.51515152,-0.0262176566,0,-0.0152969109,0.3404236543,0.3404236543
0.64646465,-0.51515152,-0.1133395091,0,-0.0647568811,0.3264443771,0.3264443771
0.65656566,-0.51515152,-0.1975418126,0,-0.1107756076,0.3144634775,0.3144634775
0.66666667,-0.51515152,-0.2776473231,0,-0.1531562995,0.3042865442,0.3042865442
0.67676768,-0.51515152,-0.3528056648,0,-0.1918495776,0.2956995034,0.2956995034
0.68686869,-0.51515152,-0.4224918666,0,-0.2269245828,0.2884870918,0.2884870918
0.69696970,-0.51515152,-0.4864701812,0,-0.2585375733,0.2824456476,0.2824456476
0.70707071,-0.51515152,-0.5447389138,0,-0.2869024878,0.2773906558,0.2773906558
0.71717172,-0.51515152,-0.5974699811,0,-0.3122660393,0.2731601422,0.2731601422
0.72727273,-0.51515152,-0.6449526224,0,-0.3348883005,0.2696151705,0.2696151705
0.73737374,-0.51515152,-0.6875462551,0,-0.3550286425,0.2666385518,0.2666385518
0.74747475,-0.51515152,-0.7256440475,0,-0.3729362971,0.2641326172,0.2641326172
0.75757576,-0.51515152,-0.7596466596,0,-0.3888445927,0.2620166340,0.2620166340
0.76767677,-0.51515152,-0.7899445629,0,-0.4029679209,0.2602242232,0.2602242232
0.77777778,-0.51515152,-0.8169070533,0,-0.4155006222,0.2587009748,0.2587009748
0.78787879,-0.51515152,-0.8408761789,0,-0.4266171420,0.2574023484,0.2574023484
0.79797980,-0.51515152,-0.8621640932,0,-0.4364729724,0.2562918813,0.2562918813
0.80808081,-0.51515152,-0.8810526792,0,-0.4452060338,0.2553396923,0.2553396923
0.81818182,-0.51515152,-0.8977945914,0,-0.4529382598,0.2545212485,0.2545212485
0.82828283,-0.51515152,-0.9126151158,0,-0.4597772331,0.2538163587,0.2538163587
0.83838384,-0.51515152,-0.9257144399,0,-0.4658177748,0.2532083577,0.2532083577
0.84848485,-0.51515152,-0.9372700651,0,-0.4711434340,0.2526834471,0.2526834471
0.85858586,-0.51515152,-0.9474391973,0,-0.4758278511,0.2522301629,0.2522301629
0.86868687,-0.51515152,-0.9563610143,0,-0.4799359822,0.2518389472,0.2518389472
0.87878788,-0.51515152,-0.9641587625,0,-0.4835251886,0.2515018018,0.2515018018
0.88888889,-0.51515152,-0.9709416555,0,-0.4866461954,0.2512120095,0.2512120095
0.89898990,-0.51515152,-0.9768065751,0,-0.4893439327,0.2509639073,0.2509639073
0.90909091,-0.51515152,-0.9818395790,0,-0.4916582680,0.2507527033,0.2507527033
0.91919192,-0.51515152,-0.9861172294,0,-0.4936246441,0.2505743276,0.2505743276
0.92929293,-0.51515152,-0.9897077583,0,-0.4952746330,0.2504253101,0.2504253101
0.93939394,-0.51515152,-0.9926720866,0,-0.4966364161,0.2503026817,0.2503026817
0.94949495,-0.51515152,-0.9950647135,0,-0.4977352010,0.2502038919,0.2502038919
0.95959596,-0.51515152,-0.9969344914,0,-0.4985935827,0.2501267416,0.2501267416
0.96969697,-0.51515152,-0.9983253014,0,-0.4992318576,0.2500693278,0.2500693278
0.97979798,-0.51515152,-0.9992766416,0,-0.4996682956,0.2500299974,0.2500299974
0.98989899,-0.51515152,-0.9998241397,0,-0.4999193773,0.2500073087,0.2500073087
1.00000000,-0.51515152,-1.0000000000,0,-0.5000000000,0.2500000000,0.2500000000
0.00000000,-0.45454545,1.0000000000,0,1.0000000000,1.0000000000,1.0000000000
0.01010101,-0.45454545,0.9999999022,0,0.9999861051,0.9999724060,0.9999724060
0.02020202,-0.45454545,0.9999991885,0,0.9999426782,0.9998869825,0.9998869825
0.03030303,-0.45454545,0.9999971584,0,0.9998669285,0.9997395565,0.9997395565
0.04040404,-0.45454545,0.9999930085,0,0.9997558099,0.9995256557,0.9995256557
0.05050505,-0.45454545,0.9999858194,0,0.9996059950,0.9992404848,0.9992404848
0.06060606,-0.45454545,0.9999745404,0,0.9994138477,0.9988789004,0.9988789004
0.07070707,-0.45454545,0.9999579733,0,0.9991753911,0.9984353823,0.9984353823
0.08080808,-0.45454545,0.9999347528,0,0.9988862731,0.9979040033,0.9979040033
0.09090909,-0.45454545,0.9999033251,0,0.9985417276,0.9972783960,0.9972783960
0.10101010,-0.45454545,0.9998619232,0,0.9981365308,0.9965517165,0.9965517165
0.11111111,-0.45454545,0.9998085386,0,0.9976649532,0.9957166049,0.9957166049
0.12121212,-0.45454545,0.9997408899,0,0.9971207055,0.9947651419,0.9947651419
0.13131313,-0.45454545,0.9996563859,0,0.9964968780,0.9936888017,0.9936888017
0.14141414,-0.45454545,0.9995520840,0,0.9957858734,0.9924784004,0.9924784004
0.15151515,-0.45454545,0.9994246428,0,0.9949793301,0.9911240398,0.9911240398
0.16161616,-0.45454545,0.9992702674,0,0.9940680376,0.9896150452,0.9896150452
0.17171717,-0.45454545,0.9990846464,0,0.9930418406,0.9879398981,0.9879398981
0.18181818,-0.45454545,0.9988628801,0,0.9918895307,0.9860861625,0.9860861625
0.19191919,-0.45454545,0.9985993974,0,0.9905987254,0.9840404034,0.9840404034
0.20202020,-0.45454545,0.9982878597,0,0.9891557303,0.9817880987,0.9817880987
0.21212121,-0.45454545,0.9979210500,0,0.9875453849,0.9793135424,0.9793135424
0.22222222,-0.45454545,0.9974907448,0,0.9857508870,0.9765997381,0.9765997381
0.23232323,-0.45454545,0.9969875643,0,0.9837535942,0.9736282838,0.9736282838
0.24242424,-0.45454545,0.9964007993,0,0.9815327995,0.9703792454,0.9703792454
0.25252525,-0.45454545,0.9957182084,0,0.9790654765,0.9668310195,0.9668310195
0.26262626,-0.45454545,0.9949257820,0,0.9763259897,0.9629601839,0.9629601839
0.27272727,-0.45454545,0.9940074647,0,0.9732857660,0.9587413359,0.9587413359
0.28282828,-0.45454545,0.9929448307,0,0.9699129217,0.9541469187,0.9541469187
0.29292929,-0.45454545,0.9917167010,0,0.9661718382,0.9491470344,0.9491470344
0.30303030,-0.45454545,0.9902986927,0,0.9620226804,0.9437092468,0.9437092468
0.31313131,-0.45454545,0.9886626861,0,0.9574208497,0.9377983728,0.9377983728
0.32323232,-0.45454545,0.9867761941,0,0.9523163650,0.9313762681,0.9313762681
0.33333333,-0.45454545,0.9846016136,0,0.9466531618,0.9244016099,0.9244016099
0.34343434,-0.45454545,0.9820953364,0,0.9403683029,0.9168296847,0.9168296847
0.35353535,-0.45454545,0.9792066908,0,0.9333910929,0.9086121916,0.9086121916
0.36363636,-0.45454545,0.9758766811,0,0.9256420920,0.8996970766,0.8996970766
0.37373737,-0.45454545,0.9720364846,0,0.9170320273,0.8900284210,0.8900284210
0.38383838,-0.45454545,0.9676056614,0,0.9074606078,0.8795464132,0.8795464132
0.39393939,-0.45454545,0.9624900235,0,0.8968152573,0.8681874490,0.8681874490
0.40404040,-0.45454545,0.9565791053,0,0.8849697995,0.8558844181,0.8558844181
0.41414141,-0.45454545,0.9497431748,0,0.8717831493,0.8425672571,0.8425672571
0.42424242,-0.45454545,0.9418297260,0,0.8570981041,0.8281638739,0.8281638739
0.43434343,-0.45454545,0.9326594053,0,0.8407403767,0.8126015786,0.8126015786
0.44444444,-0.45454545,0.9220213550,0,0.8225180853,0.7958091936,0.7958091936
0.45454545,-0.45454545,0.9096680144,0,0.8022220076,0.7777200493,0.7777200493
0.46464646,-0.45454545,0.8953095218,0,0.7796270290,0.7582761003,0.7582761003
0.47474747,-0.45454545,0.8786080329,0,0.7544953610,0.7374334079,0.7374334079
0.48484848,-0.45454545,0.8591725408,0,0.7265822581,0.7151691974,0.7151691974
0.49494949,-0.45454545,0.8365551839,0,0.6956451009,0.6914905867,0.6914905867
0.50505051,-0.45454545,0.8102505849,0,0.6614567633,0.6664448502,0.6664448502
0.51515152,-0.45454545,0.7797004759,0,0.6238240590,0.6401306790,0.6401306790
0.52525253,-0.45454545,0.7443066518,0,0.5826116172,0.6127093106,0.6127093106
0.53535354,-0.45454545,0.7034559410,0,0.5377706299,0.5844136564,0.5844136564
0.54545455,-0.45454545,0.6565609711,0,0.4893704441,0.5555528079,0.5555528079
0.55555556,-0.45454545,0.6031193689,0,0.4376290297,0.5265088722,0.5265088722
0.56565657,-0.45454545,0.5427909061,0,0.3829363488,0.4977233993,0.4977233993
0.57575758,-0.45454545,0.4754864905,0,0.3258633993,0.4696721434,0.4696721434
0.58585859,-0.45454545,0.4014553735,0,0.2671502565,0.4428295976,0.4428295976
0.59595960,-0.45454545,0.3213497931,0,0.2076695705,0.4176280689,0.4176280689
0.60606061,-0.45454545,0.2362435702,0,0.1483674965,0.3944187412,0.3944187412
0.61616162,-0.45454545,0.1475869931,0,0.0901903569,0.3734427582,0.3734427582
0.62626263,-0.45454545,0.0570956040,0,0.0340099191,0.3548181716,0.3548181716
0.63636364,-0.45454545,-0.0334094271,0,-0.0194391287,0.3385443205,0.3385443205
0.64646465,-0.45454545,-0.1221757732,0,-0.0695995230,0.3245206475,0.3245206475
0.65656566,-0.45454545,-0.2076719465,0,-0.1161058864,0.3125739707,0.3125739707
0.66666667,-0.45454545,-0.2886893127,0,-0.1587758818,0.3024876537,0.3024876537
0.67676768,-0.45454545,-0.3643841740,0,-0.1975847924,0.2940275446,0.2940275446
0.68686869,-0.45454545,-0.4342666708,0,-0.2326315404,0.2869618702,0.2869618702
0.69696970,-0.45454545,-0.4981531556,0,-0.2641031352,0.2810744323,0.2810744323
0.70707071,-0.45454545,-0.5561007009,0,-0.2922423652,0.2761718844,0.2761718844
0.71717172,-0.45454545,-0.6083389733,0,-0.3173212467,0.2720865179,0.2720865179
0.72727273,-0.45454545,-0.6552091788,0,-0.3396209328,0.2686760503,0.2686760503
0.73737374,-0.45454545,-0.6971146214,0,-0.3594176379,0.2658216734,0.2658216734
0.74747475,-0.45454545,-0.7344837364,0,-0.3769735714,0.2634252742,0.2634252742
0.75757576,-0.45454545,-0.7677443573,0,-0.3925317255,0.2614064266,0.2614064266
0.76767677,-0.45454545,-0.7973070987,0,-0.4063134407,0.2596995016,0.2596995016
0.77777778,-0.45454545,-0.8235556086,0,-0.4185178565,0.2582510680,0.2582510680
0.78787879,-0.45454545,-0.8468417021,0,-0.4293225630,0.2570176533,0.2570176533
0.79797980,-0.45454545,-0.8674837846,0,-0.4388849547,0.2559638627,0.2559638627
0.80808081,-0.45454545,-0.8857673683,0,-0.4473439429,0.2550608302,0.2550608302
0.81818182,-0.45454545,-0.9019468317,0,-0.4548217999,0.2542849578,0.2542849578
0.82828283,-0.45454545,-0.9162478370,0,-0.4614259917,0.2536168964,0.2536168964
0.83838384,-0.45454545,-0.9288700243,0,-0.4672509166,0.2530407279,0.2530407279
0.84848485,-0.45454545,-0.9399897405,0,-0.4723795047,0.2525433086,0.2525433086
0.85858586,-0.45454545,-0.9497626606,0,-0.4768846597,0.2521137439,0.2521137439
0.86868687,-0.45454545,-0.9583262218,0,-0.4808305415,0.2517429678,0.2517429678
0.87878788,-0.45454545,-0.9658018363,0,-0.4842736940,0.2514234049,0.2514234049
0.88888889,-0.45454545,-0.9722968705,0,-0.4872640322,0.2511486995,0.2511486995
0.89898990,-0.45454545,-0.9779063993,0,-0.4898456996,0.2509134970,0.2509134970
0.90909091,-0.45454545,-0.9827147472,0,-0.4920578130,0.2507132677,0.2507132677
0.91919192,-0.45454545,-0.9867968372,0,-0.4939351057,0.2505441637,0.2505441637
0.92929293,-0.45454545,-0.9902193659,0,-0.4955084847,0.2504029030,0.2504029030
0.93939394,-0.45454545,-0.9930418260,0,-0.4968055113,0.2502866746,0.2502866746
0.94949495,-0.45454545,-0.9953173942,0,-0.4978508168,0.2501930608,0.2501930608
0.95959596,-0.45454545,-0.9970937023,0,-0.4986664622,0.2501199742,0.2501199742
0.96969697,-0.45454545,-0.9984135061,0,-0.4992722492,0.2500656045,0.2500656045
0.97979798,-0.45454545,-0.9993152671,0,-0.4996859893,0.2500283760,0.2500283760
0.98989899,-0.45454545,-0.9998336576,0,-0.4999237385,0.2500069109,0.2500069109
1.00000000,-0.45454545,-1.0000000000,0,-0.5000000000,0.2500000000,0.2500000000
0.00000000,-0.39393939,1.0000000000,0,1.0000000000,1.0000000000,1.0000000000
0.01010101,-0.39393939,0.9999999116,0,0.9999868950,0.9999739670,0.9999739670
0.02020202,-0.39393939,0.9999992665,0,0.9999459355,0.9998933407,0.9998933407
0.03030303,-0.39393939,0.9999974302,0,0.9998744857,0.9997541254,0.9997541254
0.04040404,-0.39393939,0.9999936736,0,0.9997696671,0.9995520344,0.9995520344
0.05050505,-0.39393939,0.9999871602,0,0.9996283337,0.9992824666,0.9992824666
0.06060606,-0.39393939,0.9999769331,0,0.9994470455,0.9989404812,0.9989404812
0.07070707,-0.39393939,0.9999618981,0,0.9992220376,0.9985207701,0.9985207701
0.08080808,-0.39393939,0.9999408066,0,0.9989491871,0.9980176271,0.9980176271
0.09090909,-0.39393939,0.9999122347,0,0.9986239754,0.9974249151,0.9974249151
0.10101010,-0.39393939,0.9998745603,0,0.9982414462,0.9967360298,0.9967360298
0.11111111,-0.39393939,0.9998259362,0,0.9977961590,0.9959438603,0.9959438603
0.12121212,-0.39393939,0.9997642604,0,0.9972821364,0.9950407453,0.9950407453
0.13131313,-0.39393939,0.9996871410,0,0.9966928056,0.9940184265,0.9940184265
0.14141414,-0.39393939,0.9995918571,0,0.9960209320,0.9928679956,0.9928679956
0.15151515,-0.39393939,0.9994753131,0,0.9952585459,0.9915798382,0.9915798382
0.16161616,-0.39393939,0.9993339866,0,0.9943968585,0.9901435708,0.9901435708
0.17171717,-0.39393939,0.9991638687,0,0.9934261681,0.9885479721,0.9885479721
0.18181818,-0.39393939,0.9989603949,0,0.9923357544,0.9867809079,0.9867809079
0.19191919,-0.39393939,0.9987183652,0,0.9911137589,0.9848292483,0.9848292483
0.20202020,-0.39393939,0.9984318519,0,0.9897470492,0.9826787766,0.9826787766
0.21212121,-0.39393939,0.9980940927,0,0.9882210659,0.9803140895,0.9803140895
0.22222222,-0.39393939,0.9976973669,0,0.9865196489,0.9777184875,0.9777184875
0.23232323,-0.39393939,0.9972328504,0,0.9846248399,0.9748738542,0.9748738542
0.24242424,-0.39393939,0.9966904476,0,0.9825166582,0.9717605246,0.9717605246
0.25252525,-0.39393939,0.9960585943,0,0.9801728452,0.9683571400,0.9683571400
0.26262626,-0.39393939,0.9953240272,0,0.9775685736,0.9646404898,0.9646404898
0.27272727,-0.39393939,0.9944715127,0,0.9746761160,0.9605853392,0.9605853392
0.28282828,-0.39393939,0.9934835283,0,0.9714644664,0.9561642411,0.9561642411
0.29292929,-0.39393939,0.9923398859,0,0.9678989087,0.9513473331,0.9513473331
0.30303030,-0.39393939,0.9910172873,0,0.9639405233,0.9461021192,0.9461021192
0.31313131,-0.39393939,0.9894887963,0,0.9595456254,0.9403932372,0.9403932372
0.32323232,-0.39393939,0.9877232119,0,0.9546651235,0.9341822127,0.9341822127
0.33333333,-0.39393939,0.9856843216,0,0.9492437896,0.9274272057,0.9274272057
0.34343434,-0.39393939,0.9833300110,0,0.9432194307,0.9200827527,0.9200827527
0.35353535,-0.39393939,0.9806111984,0,0.9365219511,0.9120995164,0.9120995164
0.36363636,-0.39393939,0.9774705607,0,0.9290722986,0.9034240547,0.9034240547
0.37373737,-0.39393939,0.9738410055,0,0.9207812867,0.8939986316,0.8939986316
0.38383838,-0.39393939,0.9696438404,0,0.9115482954,0.8837610980,0.8837610980
0.39393939,-0.39393939,0.9647865808,0,0.9012598585,0.8726448865,0.8726448865
0.40404040,-0.39393939,0.9591603275,0,0.8897881633,0.8605791774,0.8605791774
0.41414141,-0.39393939,0.9526366431,0,0.8769895116,0.8474893195,0.8474893195
0.42424242,-0.39393939,0.9450638518,0,0.8627028270,0.8332976143,0.8332976143
0.43434343,-0.39393939,0.9362626953,0,0.8467483471,0.8179246106,0.8179246106
0.44444444,-0.39393939,0.9260213018,0,0.8289267143,0.8012910982,0.8012910982
0.45454545,-0.39393939,0.9140894791,0,0.8090187840,0.7833210364,0.7833210364
0.46464646,-0.39393939,0.9001724423,0,0.7867866054,0.7639456961,0.7639456961
0.47474747,-0.39393939,0.8839242595,0,0.7619762019,0.7431093205,0.7431093205
0.48484848,-0.39393939,0.8649415860,0,0.7343229736,0.7207765928,0.7207765928
0.49494949,-0.39393939,0.8427586903,0,0.7035607281,0.6969421012,0.6969421012
0.50505051,-0.39393939,0.8168454034,0,0.6694354596,0.6716417538,0.6716417538
0.51515152,-0.39393939,0.7866104543,0,0.6317249222,0.6449656616,0.6449656616
0.52525253,-0.39393939,0.7514136224,0,0.5902646121,0.6170713252,0.6170713252
0.53535354,-0.39393939,0.7105910168,0,0.5449797898,0.5881950541,0.5881950541
0.54545455,-0.39393939,0.6634981065,0,0.4959214854,0.5586585794,0.5586585794
0.55555556,-0.39393939,0.6095740640,0,0.4433020880,0.5288671509,0.5288671509
0.56565657,-0.39393939,0.5484275509,0,0.3875235873,0.4992956190,0.4992956190
0.57575758,-0.39393939,0.4799375385,0,0.3291897996,0.4704606448,0.4704606448
0.58585859,-0.39393939,0.4043536127,0,0.2690943487,0.4428804390,0.4428804390
0.59595960,-0.39393939,0.3223712324,0,0.2081798430,0.4170275957,0.4170275957
0.60606061,-0.39393939,0.2351537197,0,0.1474704499,0.3932840235,0.3932840235
0.61616162,-0.39393939,0.1442797013,0,0.0879878822,0.3719077772,0.3719077772
0.62626263,-0.39393939,0.0516135784,0,0.0306664076,0.3530188272,0.3530188272
0.63636364,-0.39393939,-0.0408787183,0,-0.0237168940,0.3366054041,0.3366054041
0.64646465,-0.39393939,-0.1313275959,0,-0.0745851643,0.3225469302,0.3225469302
0.65656566,-0.39393939,-0.2181270802,0,-0.1215745067,0.3106460670,0.3106460670
0.66666667,-0.39393939,-0.3000408714,0,-0.1645203813,0.3006620253,0.3006620253
0.67676768,-0.39393939,-0.3762385489,0,-0.2034262053,0.2923393077,0.2923393077
0.68686869,-0.39393939,-0.4462727919,0,-0.2384237124,0.2854289844,0.2854289844
0.69696970,-0.39393939,-0.5100187490,0,-0.2697329737,0.2797021452,0.2797021452
0.70707071,-0.39393939,-0.5675973936,0,-0.2976271710,0.2749567385,0.2749567385
0.71717172,-0.39393939,-0.6192995159,0,-0.3224044976,0.2710196015,0.2710196015
0.72727273,-0.39393939,-0.6655201019,0,-0.3443675473,0.2677454377,0.2677454377
0.73737374,-0.39393939,-0.7067069707,0,-0.3638093852,0.2650141400,0.2650141400
0.74747475,-0.39393939,-0.7433236598,0,-0.3810049910,0.2627274294,0.2627274294
0.75757576,-0.39393939,-0.7758245516,0,-0.3962067027,0.2608054116,0.2608054116
0.76767677,-0.39393939,-0.8046395626,0,-0.4096424512,0.2591833793,0.2591833793
0.77777778,-0.39393939,-0.8301657974,0,-0.4215158213,0.2578090076,0.2578090076
0.78787879,-0.39393939,-0.8527639856,0,-0.4320072230,0.2566399812,0.2566399812
0.79797980,-0.39393939,-0.8727580241,0,-0.4412756694,0.2556420338,0.2556420338
0.80808081,-0.39393939,-0.8904364061,0,-0.4494608227,0.2547873540,0.2547873540
0.81818182,-0.39393939,-0.9060546974,0,-0.4566850957,0.2540533021,0.2540533021
0.82828283,-0.39393939,-0.9198385040,0,-0.4630556780,0.2534213837,0.2534213837
0.83838384,-0.39393939,-0.9319865765,0,-0.4686664178,0.2528764327,0.2528764327
0.84848485,-0.39393939,-0.9426738408,0,-0.4735995256,0.2524059604,0.2524059604
0.85858586,-0.39393939,-0.9520542363,0,-0.4779270911,0.2519996388,0.2519996388
0.86868687,-0.39393939,-0.9602633044,0,-0.4817124176,0.2516488891,0.2516488891
0.87878788,-0.39393939,-0.9674205065,0,-0.4850111866,0.2513465527,0.2513465527
0.88888889,-0.39393939,-0.9736312754,0,-0.4878724675,0.2510866300,0.2510866300
0.89898990,-0.39393939,-0.9789888153,0,-0.4903395917,0.2508640689,0.2508640689
0.90909091,-0.39393939,-0.9835756710,0,-0.4924509051,0.2506745964,0.2506745964
0.91919192,-0.39393939,-0.9874650922,0,-0.4942404167,0.2505145820,0.2505145820
0.92929293,-0.39393939,-0.9907222157,0,-0.4957383570,0.2503809270,0.2503809270
0.93939394,-0.39393939,-0.9934050876,0,-0.4969716587,0.2502709748,0.2502709748
0.94949495,-0.39393939,-0.9955655487,0,-0.4979643700,0.2501824378,0.2501824378
0.95959596,-0.39393939,-0.9972499997,0,-0.4987380124,0.2501133370,0.2501133370
0.96969697,-0.39393939,-0.9985000630,0,-0.4993118880,0.2500619532,0.2500619532
0.97979798,-0.39393939,-0.9993531564,0,-0.4997033463,0.2500267862,0.2500267862
0.98989899,-0.39393939,-0.9998429905,0,-0.4999280151,0.2500065209,0.2500065209
1.00000000,-0.39393939,-1.0000000000,0,-0.5000000000,0.2500000000,0.2500000000
0.00000000,-0.33333333,1.0000000000,0,1.0000000000,1.0000000000,1.0000000000
0.01010101,-0.33333333,0.9999999206,0,0.9999876519,0.9999754628,0.9999754628
0.02020202,-0.33333333,0.9999993405,0,0.9999490566,0.9998994348,0.9998994348
0.03030303,-0.33333333,0.9999976878,0,0.9998817272,0.9997680917,0.9997680917
0.04040404,-0.33333333,0.9999943037,0,0.9997829461,0.9995773272,0.9995773272
0.05050505,-0.33333333,0.9999884311,0,0.9996497420,0.9993227288,0.9993227288
0.06060606,-0.33333333,0.9999792015,0,0.9994788633,0.9989995533,0.9989995533
0.07070707,-0.33333333,0.9999656202,0,0.9992667494,0.9986026989,0.9986026989
0.08080808,-0.33333333,0.9999465495,0,0.9990094983,0.9981266755,0.9981266755
0.09090909,-0.33333333,0.9999206896,0,0.9987028302,0.9975655713,0.9975655713
0.10101010,-0.33333333,0.9998865566,0,0.9983420474,0.9969130172,0.9969130172
0.11111111,-0.33333333,0.9998424576,0,0.9979219889,0.9961621468,0.9961621468
0.12121212,-0.33333333,0.9997864620,0,0.9974369795,0.9953055536,0.9953055536
0.13131313,-0.33333333,0.9997163692,0,0.9968807727,0.9943352432,0.9943352432
0.14141414,-0.33333333,0.9996296706,0,0.9962464872,0.9932425810,0.9932425810
0.15151515,-0.33333333,0.9995235065,0,0.9955265339,0.9920182349,0.9920182349
0.16161616,-0.33333333,0.9993946170,0,0.9947125351,0.9906521122,0.9906521122
0.17171717,-0.33333333,0.9992392845,0,0.9937952327,0.9891332903,0.9891332903
0.18181818,-0.33333333,0.9990532673,0,0.9927643841,0.9874499396,0.9874499396
0.19191919,-0.33333333,0.9988317240,0,0.9916086449,0.9855892399,0.9855892399
0.20202020,-0.33333333,0.9985691244,0,0.9903154354,0.9835372869,0.9835372869
0.21212121,-0.33333333,0.9982591469,0,0.9888707897,0.9812789901,0.9812789901
0.22222222,-0.33333333,0.9978945585,0,0.9872591832,0.9787979595,0.9787979595
0.23232323,-0.33333333,0.9974670758,0,0.9854633371,0.9760763814,0.9760763814
0.24242424,-0.33333333,0.9969672012,0,0.9834639948,0.9730948806,0.9730948806
0.25252525,-0.33333333,0.9963840319,0,0.9812396671,0.9698323693,0.9698323693
0.26262626,-0.33333333,0.9957050354,0,0.9787663408,0.9662658809,0.9662658809
0.27272727,-0.33333333,0.9949157848,0,0.9760171449,0.9623703869,0.9623703869
0.28282828,-0.33333333,0.9939996469,0,0.9729619690,0.9581185965,0.9581185965
0.29292929,-0.33333333,0.9929374126,0,0.9695670251,0.9534807385,0.9534807385
0.30303030,-0.33333333,0.9917068587,0,0.9657943458,0.9484243232,0.9484243232
0.31313131,-0.33333333,0.9902822270,0,0.9616012082,0.9429138857,0.9429138857
0.32323232,-0.33333333,0.9886336025,0,0.9569394741,0.9369107120,0.9369107120
0.33333333,-0.33333333,0.9867261708,0,0.9517548332,0.9303725485,0.9303725485
0.34343434,-0.33333333,0.9845193283,0,0.9459859395,0.9232533015,0.9232533015
0.35353535,-0.33333333,0.9819656138,0,0.9395634253,0.9155027326,0.9155027326
0.36363636,-0.33333333,0.9790094240,0,0.9324087828,0.9070661635,0.9070661635
0.37373737,-0.33333333,0.9755854662,0,0.9244331029,0.8978842091,0.8978842091
0.38383838,-0.33333333,0.9716168937,0,0.9155356650,0.8878925651,0.8878925651
0.39393939,-0.33333333,0.9670130585,0,0.9056023821,0.8770218929,0.8770218929
0.40404040,-0.33333333,0.9616668056,0,0.8945041168,0.8651978596,0.8651978596
0.41414141,-0.33333333,0.9554512243,0,0.8820949111,0.8523414140,0.8523414140
0.42424242,-0.33333333,0.9482157665,0,0.8682102038,0.8383694159,0.8383694159
0.43434343,-0.33333333,0.9397816419,0,0.8526651679,0.8231957696,0.8231957696
0.44444444,-0.33333333,0.9299364216,0,0.8352533795,0.8067332705,0.8067332705
0.45454545,-0.33333333,0.9184278255,0,0.8157461394,0.7888964254,0.7888964254
0.46464646,-0.33333333,0.9049567672,0,0.7938929280,0.7696055705,0.7696055705
0.47474747,-0.33333333,0.8891698994,0,0.7694236663,0.7487926558,0.7487926558
0.48484848,-0.33333333,0.8706522030,0,0.7420536970,0.7264090727,0.7264090727
0.49494949,-0.33333333,0.8489206254,0,0.7114926380,0.7024358212,0.7024358212
0.50505051,-0.33333333,0.8234204748,0,0.6774584489,0.6768960867,0.6768960867
0.51515152,-0.33333333,0.7935272296,0,0.6396980402,0.6498698255,0.6498698255
0.52525253,-0.33333333,0.7585575967,0,0.5980153616,0.6215091920,0.6215091920
0.53535354,-0.33333333,0.7177948005,0,0.5523068577,0.5920525489,0.5920525489
0.54545455,-0.33333333,0.6705336854,0,0.5026022669,0.5618335706,0.5618335706
0.55555556,-0.33333333,0.6161503022,0,0.4491059435,0.5312809863,0.5312809863
0.56565657,-0.33333333,0.5541969357,0,0.3922307203,0.5009045432,0.5009045432
0.57575758,-0.33333333,0.4845159805,0,0.3326139820,0.4712645714,0.4712645714
0.58585859,-0.33333333,0.4073550460,0,0.2711058541,0.4429264245,0.4429264245
0.59595960,-0.33333333,0.3234544461,0,0.2087236910,0.4164062523,0.4164062523
0.60606061,-0.33333333,0.2340732530,0,0.1465752712,0.3921189507,0.3921189507
0.61616162,-0.33333333,0.1409283120,0,0.0857627469,0.3703402071,0.3703402071
0.62626263,-0.33333333,0.0460438015,0,0.0272861909,0.3511910833,0.3511910833
0.63636364,-0.33333333,-0.0484608383,0,-0.0280339477,0.3346467975,0.3346467975
0.64646465,-0.33333333,-0.1405945586,0,-0.0796024069,0.3205644613,0.3205644613
0.65656566,-0.33333333,-0.2286778735,0,-0.1270594265,0.3087205159,0.3087205159
0.66666667,-0.33333333,-0.3114518200,0,-0.1702614952,0.2988485410,0.2988485410
0.67676768,-0.33333333,-0.3881062326,0,-0.2092432156,0.2906708876,0.2906708876
0.68686869,-0.33333333,-0.4582432911,0,-0.2441715441,0.2839212304,0.2839212304
0.69696970,-0.33333333,-0.5218025592,0,-0.2753012187,0.2783580966,0.2783580966
0.70707071,-0.33333333,-0.5789726506,0,-0.3029366640,0.2737710861,0.2737710861
0.71717172,-0.33333333,-0.6301073983,0,-0.3274025008,0.2699820105,0.2699820105
0.72727273,-0.33333333,-0.6756560486,0,-0.3490226038,0.2668429727,0.2668429727
0.73737374,-0.33333333,-0.7161104443,0,-0.3681064874,0.2642329217,0.2642329217
0.74747475,-0.33333333,-0.7519681821,0,-0.3849413875,0.2620536935,0.2620536935
0.75757576,-0.33333333,-0.7837089163,0,-0.3997884501,0.2602261347,0.2602261347
0.76767677,-0.33333333,-0.8117805651,0,-0.4128816887,0.2586866076,0.2586866076
0.77777778,-0.33333333,-0.8365924889,0,-0.4244286836,0.2573839911,0.2573839911
0.78787879,-0.33333333,-0.8585132895,0,-0.4346122837,0.2562771875,0.2562771875
0.79797980,-0.33333333,-0.8778714890,0,-0.4435928084,0.2553330919,0.2553330919
0.80808081,-0.33333333,-0.8949578654,0,-0.4515104223,0.2545249617,0.2545249617
0.81818182,-0.33333333,-0.9100286286,0,-0.4584874848,0.2538311168,0.2538311168
0.82828283,-0.33333333,-0.9233089137,0,-0.4646307616,0.2532339111,0.2532339111
0.83838384,-0.33333333,-0.9349962731,0,-0.4700334409,0.2527189189,0.2527189189
0.84848485,-0.33333333,-0.9452639880,0,-0.4747769338,0.2522742927,0.2522742927
0.85858586,-0.33333333,-0.9542641046,0,-0.4789324593,0.2518902563,0.2518902563
0.86868687,-0.33333333,-0.9621301611,0,-0.4825624257,0.2515587032,0.2515587032
0.87878788,-0.33333333,-0.9689795992,0,-0.4857216265,0.2512728781,0.2512728781
0.88888889,-0.33333333,-0.9749158768,0,-0.4884582714,0.2510271239,0.2510271239
0.89898990,-0.33333333,-0.9800303063,0,-0.4908148714,0.2508166796,0.2508166796
0.90909091,-0.33333333,-0.9844036465,0,-0.4928289993,0.2506375186,0.2506375186
0.91919192,-0.33333333,-0.9881074771,0,-0.4945339410,0.2504862182,0.2504862182
0.92929293,-0.33333333,-0.9912053840,0,-0.4959592544,0.2503598555,0.2503598555
0.93939394,-0.33333333,-0.9937539805,0,-0.4971312482,0.2502559215,0.2502559215
0.94949495,-0.33333333,-0.9958037872,0,-0.4980733938,0.2501722525,0.2501722525
0.95959596,-0.33333333,-0.9973999895,0,-0.4988066790,0.2501069738,0.2501069738
0.96969697,-0.33333333,-0.9985830929,0,-0.4993499132,0.2500584530,0.2500584530
0.97979798,-0.33333333,-0.9993894871,0,-0.4997199898,0.2500252623,0.2500252623
0.98989899,-0.33333333,-0.9998519359,0,-0.4999321142,0.2500061472,0.2500061472
1.00000000,-0.33333333,-1.0000000000,0,-0.5000000000,0.2500000000,0.2500000000
0.00000000,-0.27272727,1.0000000000,0,1.0000000000,1.0000000000,1.0000000000
0.01010101,-0.27272727,0.9999999289,0,0.9999883557,0.9999768538,0.9999768538
0.02020202,-0.27272727,0.9999994086,0,0.9999519587,0.9999051025,0.9999051025
0.03030303,-0.27272727,0.9999979251,0,0.9998884611,0.9997810837,0.9997810837
0.04040404,-0.27272727,0.9999948845,0,0.9997952958,0.9996008604,0.9996008604
0.05050505,-0.27272727,0.9999896029,0,0.9996696541,0.9993601981,0.9993601981
0.06060606,-0.27272727,0.9999812938,0,0.9995084610,0.9990545402,0.9990545402
0.07070707,-0.27272727,0.9999690544,0,0.9993083468,0.9986789804,0.9986789804
0.08080808,-0.27272727,0.9999518500,0,0.9990656164,0.9982282329,0.9982282329
0.09090909,-0.27272727,0.9999284957,0,0.9987762142,0.9976966001,0.9976966001
0.10101010,-0.27272727,0.9998976360,0,0.9984356851,0.9970779364,0.9970779364
0.11111111,-0.27272727,0.9998577215,0,0.9980391307,0.9963656090,0.9963656090
0.12121212,-0.27272727,0.9998069814,0,0.9975811602,0.9955524545,0.9955524545
0.13131313,-0.27272727,0.9997433928,0,0.9970558351,0.9946307315,0.9946307315
0.14141414,-0.27272727,0.9996646455,0,0.9964566068,0.9935920686,0.9935920686
0.15151515,-0.27272727,0.9995681004,0,0.9957762466,0.9924274062,0.9924274062
0.16161616,-0.27272727,0.9994507427,0,0.9950067662,0.9911269331,0.9911269331
0.17171717,-0.27272727,0.9993091275,0,0.9941393281,0.9896800168,0.9896800168
0.18181818,-0.27272727,0.9991393162,0,0.9931641442,0.9880751258,0.9880751258
0.19191919,-0.27272727,0.9989368041,0,0.9920703600,0.9862997439,0.9862997439
0.20202020,-0.27272727,0.9986964348,0,0.9908459241,0.9843402761,0.9843402761
0.21212121,-0.27272727,0.9984123017,0,0.9894774390,0.9821819436,0.9821819436
0.22222222,-0.27272727,0.9980776326,0,0.9879499910,0.9798086683,0.9798086683
0.23232323,-0.27272727,0.9976846550,0,0.9862469564,0.9772029445,0.9772029445
0.24242424,-0.27272727,0.9972244378,0,0.9843497798,0.9743456971,0.9743456971
0.25252525,-0.27272727,0.9966867063,0,0.9822377197,0.9712161247,0.9712161247
0.26262626,-0.27272727,0.9960596234,0,0.9798875579,0.9677915259,0.9677915259
0.27272727,-0.27272727,0.9953295318,0,0.9772732647,0.9640471077,0.9640471077
0.28282828,-0.27272727,0.9944806490,0,0.9743656148,0.9599557737,0.9599557737
0.29292929,-0.27272727,0.9934947053,0,0.9711317450,0.9554878916,0.9554878916
0.30303030,-0.27272727,0.9923505128,0,0.9675346448,0.9506110381,0.9506110381
0.31313131,-0.27272727,0.9910234516,0,0.9635325696,0.9452897206,0.9452897206
0.32323232,-0.27272727,0.9894848550,0,0.9590783646,0.9394850759,0.9394850759
0.33333333,-0.27272727,0.9877012724,0,0.9541186862,0.9331545467,0.9331545467
0.34343434,-0.27272727,0.9856335825,0,0.9485931056,0.9262515400,0.9262515400
0.35353535,-0.27272727,0.9832359249,0,0.9424330813,0.9187250718,0.9187250718
0.36363636,-0.27272727,0.9804544094,0,0.9355607819,0.9105194100,0.9105194100
0.37373737,-0.27272727,0.9772255544,0,0.9278877474,0.9015737315,0.9015737315
0.38383838,-0.27272727,0.9734743951,0,0.9193133771,0.8918218190,0.8918218190
0.39393939,-0.27272727,0.9691121904,0,0.9097232391,0.8811918361,0.8811918361
0.40404040,-0.27272727,0.9640336445,0,0.8989872123,0.8696062381,0.8696062381
0.41414141,-0.27272727,0.9581135474,0,0.8869574906,0.8569819003,0.8569819003
0.42424242,-0.27272727,0.9512027273,0,0.8734665151,0.8432305795,0.8432305795
0.43434343,-0.27272727,0.9431232047,0,0.8583249576,0.8282598715,0.8282598715
0.44444444,-0.27272727,0.9336624509,0,0.8413199567,0.8119748831,0.8119748831
0.45454545,-0.27272727,0.9225666906,0,0.8222139329,0.7942809072,0.7942809072
0.46464646,-0.27272727,0.9095332787,0,0.8007444757,0.7750874668,0.7750874668
0.47474747,-0.27272727,0.8942023499,0,0.7766260206,0.7543141611,0.7543141611
0.48484848,-0.27272727,0.8761482430,0,0.7495543120,0.7318987829,0.7318987829
0.49494949,-0.27272727,0.8548716942,0,0.7192149546,0.7078081248,0.7078081248
0.50505051,-0.27272727,0.8297945579,0,0.6852976180,0.6820516754,0.6820516754
0.51515152,-0.27272727,0.8002598979,0,0.6475175396,0.6546979258,0.6546979258
0.52525253,-0.27272727,0.7655416726,0,0.6056456280,0.6258921427,0.6258921427
0.53535354,-0.27272727,0.7248696993,0,0.5595473861,0.5958731968,0.5958731968
0.54545455,-0.27272727,0.6774765257,0,0.5092287331,0.5649854946,0.5649854946
0.55555556,-0.27272727,0.6226721475,0,0.4548835259,0.5336807495,0.5336807495
0.56565657,-0.27272727,0.5599485813,0,0.3969336876,0.5025041126,0.5025041126
0.57575758,-0.27272727,0.4891076807,0,0.3360497635,0.4720611091,0.4720611091
0.58585859,-0.27272727,0.4103924389,0,0.2731396529,0.4429664202,0.4429664202
0.59595960,-0.27272727,0.3245881497,0,0.2092981842,0.4157819204,0.4157819204
0.60606061,-0.27272727,0.2330531980,0,0.1457201194,0.3909569188,0.3909569188
0.61616162,-0.27272727,0.1376488642,0,0.0835909461,0.3687849733,0.3687849733
0.62626263,-0.27272727,0.0405657741,0,0.0239780212,0.3493873236,0.3493873236
0.63636364,-0.27272727,-0.0559186410,0,-0.0322551481,0.3327245643,0.3327245643
0.64646465,-0.27272727,-0.1496913233,0,-0.0844967137,0.3186297936,0.3186297936
0.65656566,-0.27272727,-0.2390026934,0,-0.1323936695,0.3068519226,0.3068519226
0.66666667,-0.27272727,-0.3225770856,0,-0.1758261746,0.2970982043,0.2970982043
0.67676768,-0.27272727,-0.3996311083,0,-0.2148621147,0.2890687315,0.2890687315
0.68686869,-0.27272727,-0.4698218795,0,-0.2497049605,0.2824801038,0.2824801038
0.69696970,-0.27272727,-0.5331568846,0,-0.2806446042,0.2770788334,0.2770788334
0.70707071,-0.27272727,-0.5898938536,0,-0.3080165560,0.2726467839,0.2726467839
0.71717172,-0.27272727,-0.6404494822,0,-0.3321712770,0.2690013097,0.2690013097
0.72727273,-0.27272727,-0.6853259886,0,-0.3534531073,0.2659923863,0.2659923863
0.73737374,-0.27272727,-0.7250573639,0,-0.3721871221,0.2634983797,0.2634983797
0.74747475,-0.27272727,-0.7601732035,0,-0.3886719557,0.2614214977,0.2614214977
0.75757576,-0.27272727,-0.7911764500,0,-0.4031767943,0.2596834974,0.2596834974
0.76767677,-0.27272727,-0.8185312614,0,-0.4159410817,0.2582219120,0.2582219120
0.77777778,-0.27272727,-0.8426577738,0,-0.4271758619,0.2569868763,0.2569868763
0.78787879,-0.27272727,-0.8639312696,0,-0.4370660034,0.2559385274,0.2559385274
0.79797980,-0.27272727,-0.8826839702,0,-0.4457728109,0.2550449169,0.2550449169
0.80808081,-0.27272727,-0.8992082413,0,-0.4534367126,0.2542803513,0.2542803513
0.81818182,-0.27272727,-0.9137604289,0,-0.4601798430,0.2536240830,0.2536240830
0.82828283,-0.27272727,-0.9265648401,0,-0.4661084250,0.2530592831,0.2530592831
0.83838384,-0.27272727,-0.9378175898,0,-0.4713149084,0.2525722345,0.2525722345
0.84848485,-0.27272727,-0.9476901636,0,-0.4758798579,0.2521517000,0.2521517000
0.85858586,-0.27272727,-0.9563326305,0,-0.4798735974,0.2517884259,0.2517884259
0.86868687,-0.27272727,-0.9638764894,0,-0.4833576327,0.2514747514,0.2514747514
0.87878788,-0.27272727,-0.9704371603,0,-0.4863858736,0.2512043001,0.2512043001
0.88888889,-0.27272727,-0.9761161482,0,-0.4890056819,0.2509717365,0.2509717365
0.89898990,-0.27272727,-0.9810029110,0,-0.4912587661,0.2507725718,0.2507725718
0.90909091,-0.27272727,-0.9851764679,0,-0.4931819467,0.2506030092,0.2506030092
0.91919192,-0.27272727,-0.9887067805,0,-0.4948078089,0.2504598203,0.2504598203
0.92929293,-0.27272727,-0.9916559383,0,-0.4961652608,0.2503402454,0.2503402454
0.93939394,-0.27272727,-0.9940791757,0,-0.4972800105,0.2502419131,0.2502419131
0.94949495,-0.27272727,-0.9960257456,0,-0.4981749747,0.2501627752,0.2501627752
0.95959596,-0.27272727,-0.9975396692,0,-0.4988706294,0.2501010535,0.2501010535
0.96969697,-0.27272727,-0.9986603824,0,-0.4993853111,0.2500551969,0.2500551969
0.97979798,-0.27272727,-0.9994232919,0,-0.4997354766,0.2500238450,0.2500238450
0.98989899,-0.27272727,-0.9998602559,0,-0.4999359267,0.2500057996,0.2500057996
1.00000000,-0.27272727,-1.0000000000,0,-0.5000000000,0.2500000000,0.2500000000
0.00000000,-0.21212121,1.0000000000,0,1.0000000000,1.0000000000,1.0000000000
0.01010101,-0.21212121,0.9999999362,0,0.9999889829,0.9999780935,0.9999780935
0.02020202,-0.21212121,0.9999994690,0,0.9999545454,0.9999101549,0.9999101549
0.03030303,-0.21212121,0.9999981355,0,0.9998944640,0.9997926675,0.9997926675
0.04040404,-0.21212121,0.9999953997,0,0.9998063063,0.9996218472,0.9996218472
0.05050505,-0.21212121,0.9999906425,0,0.9996874096,0.9993936205,0.9993936205
0.06060606,-0.21212121,0.9999831504,0,0.9995348572,0.9991035995,0.9991035995
0.07070707,-0.21212121,0.9999721026,0,0.9993454512,0.9987470549,0.9987470549
0.08080808,-0.21212121,0.9999565561,0,0.9991156824,0.9983188868,0.9983188868
0.09090909,-0.21212121,0.9999354285,0,0.9988416970,0.9978135921,0.9978135921
0.10101010,-0.21212121,0.9999074793,0,0.9985192585,0.9972252289,0.9972252289
0.11111111,-0.21212121,0.9998712870,0,0.9981437056,0.9965473777,0.9965473777
0.12121212,-0.21212121,0.9998252238,0,0.9977099043,0.9957730976,0.9957730976
0.13131313,-0.21212121,0.9997674265,0,0.9972121947,0.9948948797,0.9948948797
0.14141414,-0.21212121,0.9996957625,0,0.9966443298,0.9939045943,0.9939045943
0.15151515,-0.21212121,0.9996077907,0,0.9959994078,0.9927934333,0.9927934333
0.16161616,-0.21212121,0.9995007171,0,0.9952697945,0.9915518465,0.9915518465
0.17171717,-0.21212121,0.9993713419,0,0.9944470355,0.9901694712,0.9901694712
0.18181818,-0.21212121,0.9992160000,0,0.9935217571,0.9886350538,0.9886350538
0.19191919,-0.21212121,0.9990304905,0,0.9924835532,0.9869363641,0.9869363641
0.20202020,-0.21212121,0.9988099949,0,0.9913208566,0.9850600988,0.9850600988
0.21212121,-0.21212121,0.9985489825,0,0.9900207921,0.9829917756,0.9829917756
0.22222222,-0.21212121,0.9982410989,0,0.9885690090,0.9807156152,0.9807156152
0.23232323,-0.21212121,0.9978790355,0,0.9869494895,0.9782144105,0.9782144105
0.24242424,-0.21212121,0.9974543772,0,0.9851443284,0.9754693807,0.9754693807
0.25252525,-0.21212121,0.9969574219,0,0.9831334810,0.9724600102,0.9724600102
0.26262626,-0.21212121,0.9963769679,0,0.9808944726,0.9691638684,0.9691638684
0.27272727,-0.21212121,0.9957000631,0,0.9784020646,0.9655564109,0.9655564109
0.28282828,-0.21212121,0.9949117062,0,0.9756278689,0.9616107579,0.9616107579
0.29292929,-0.21212121,0.9939944927,0,0.9725399027,0.9572974500,0.9572974500
0.30303030,-0.21212121,0.9929281909,0,0.9691020741,0.9525841777,0.9525841777
0.31313131,-0.21212121,0.9916892365,0,0.9652735872,0.9474354844,0.9474354844
0.32323232,-0.21212121,0.9902501248,0,0.9610082529,0.9418124410,0.9418124410
0.33333333,-0.21212121,0.9885786800,0,0.9562536919,0.9356722935,0.9356722935
0.34343434,-0.21212121,0.9866371741,0,0.9509504128,0.9289680838,0.9289680838
0.35353535,-0.21212121,0.9843812605,0,0.9450307471,0.9216482492,0.9216482492
0.36363636,-0.21212121,0.9817586810,0,0.9384176228,0.9136562084,0.9136562084
0.37373737,-0.21212121,0.9787076950,0,0.9310231580,0.9049299485,0.9049299485
0.38383838,-0.21212121,0.9751551679,0,0.9227470567,0.8954016366,0.8954016366
0.39393939,-0.21212121,0.9710142413,0,0.9134747984,0.8849972913,0.8849972913
0.40404040,-0.21212121,0.9661814957,0,0.9030756200,0.8736365691,0.8736365691
0.41414141,-0.21212121,0.9605334965,0,0.8914003121,0.8612327465,0.8612327465
0.42424242,-0.21212121,0.9539226029,0,0.8782788846,0.8476930151,0.8476930151
0.43434343,-0.21212121,0.9461719093,0,0.8635182114,0.8329192548,0.8329192548
0.44444444,-0.21212121,0.9370691931,0,0.8468998483,0.8168095173,0.8168095173
0.45454545,-0.21212121,0.9263597735,0,0.8281783459,0.7992605292,0.7992605292
0.46464646,-0.21212121,0.9137382663,0,0.8070805601,0.7801716187,0.7801716187
0.47474747,-0.21212121,0.8988393844,0,0.7833067111,0.7594505617,0.7594505617
0.48484848,-0.21212121,0.8812282350,0,0.7565342645,0.7370219085,0.7370219085
0.49494949,-0.21212121,0.8603910834,0,0.7264260728,0.7128383315,0.7128383315
0.50505051,-0.21212121,0.8357283711,0,0.6926445669,0.6868953438,0.6868953438
0.51515152,-0.21212121,0.8065529831,0,0.6548739634,0.6592492501,0.6592492501
0.52525253,-0.21212121,0.7720983559,0,0.6128521892,0.6300372515,0.6300372515
0.53535354,-0.21212121,0.7315427967,0,0.5664131258,0.5994971756,0.5994971756
0.54545455,-0.21212121,0.6840577221,0,0.5155374342,0.5679824436,0.5679824436
0.55555556,-0.21212121,0.6288871303,0,0.4604064479,0.5359661722,0.5359661722
0.56565657,-0.21212121,0.5654615490,0,0.4014489393,0.5040277787,0.5040277787
0.57575758,-0.21212121,0.4935400243,0,0.3393666255,0.4728174579,0.4728174579
0.58585859,-0.21212121,0.4133583174,0,0.2751237987,0.4429992155,0.4429992155
0.59595960,-0.21212121,0.3257446375,0,0.2098920183,0.4151808344,0.4151808344
0.60606061,-0.21212121,0.2321557139,0,0.1449525693,0.3898459989,0.3898459989
0.61616162,-0.21212121,0.1345970529,0,0.0815735481,0.3673056454,0.3673056454
0.62626263,-0.21212121,0.0354250772,0,0.0208881927,0.3476803309,0.3476803309
0.63636364,-0.21212121,-0.0629272125,0,-0.0361990193,0.3309151291,0.3309151291
0.64646465,-0.21212121,-0.1582294462,0,-0.0890620354,0.3168185605,0.3168185605
0.65656566,-0.21212121,-0.2486682019,0,-0.1373567126,0.3051119858,0.3051119858
0.66666667,-0.21212121,-0.3329573864,0,-0.1809882506,0.2954768474,0.2954768474
0.67676768,-0.21212121,-0.4103451773,0,-0.2200582403,0.2875918696,0.2875918696
0.68686869,-0.21212121,-0.4805460915,0,-0.2548061945,0.2811576242,0.2811576242
0.69696970,-0.21212121,-0.5436355959,0,-0.2855560170,0.2759096309,0.2759096309
0.70707071,-0.21212121,-0.5999386910,0,-0.3126727696,0.2716228982,0.2716228982
0.71717172,-0.21212121,-0.6499319017,0,-0.3365310829,0.2681110150,0.2681110150
0.72727273,-0.21212121,-0.6941668773,0,-0.3574941408,0.2652223277,0.2652223277
0.73737374,-0.21212121,-0.7332162220,0,-0.3759011227,0.2628349510,0.2628349510
0.74747475,-0.21212121,-0.7676383184,0,-0.3920608252,0.2608516623,0.2608516623
0.75757576,-0.21212121,-0.7979566641,0,-0.4062494698,0.2591952283,0.2591952283
0.76767677,-0.21212121,-0.8246494453,0,-0.4187111448,0.2578043843,0.2578043843
0.77777778,-0.21212121,-0.8481458549,0,-0.4296597630,0.2566305066,0.2566305066
0.78787879,-0.21212121,-0.8688265694,0,-0.4392817776,0.2556349263,0.2556349263
0.79797980,-0.21212121,-0.8870265809,0,-0.4477391722,0.2547867949,0.2547867949
0.80808081,-0.21212121,-0.9030392015,0,-0.4551724331,0.2540614053,0.2540614053
0.81818182,-0.21212121,-0.9171204929,0,-0.4617033411,0.2534388791,0.2534388791
0.82828283,-0.21212121,-0.9294936815,0,-0.4674375048,0.2529031428,0.2529031428
0.83838384,-0.21212121,-0.9403533152,0,-0.4724666066,0.2524411309,0.2524411309
0.84848485,-0.21212121,-0.9498690432,0,-0.4768703649,0.2520421642,0.2520421642
0.85858586,-0.21212121,-0.9581889783,0,-0.4807182299,0.2516974651,0.2516974651
0.86868687,-0.21212121,-0.9654426427,0,-0.4840708395,0.2513997771,0.2513997771
0.87878788,-0.21212121,-0.9717435247,0,-0.4869812635,0.2511430670,0.2511430670
0.88888889,-0.21212121,-0.9771912815,0,-0.4894960641,0.2509222892,0.2509222892
0.89898990,-0.21212121,-0.9818736300,0,-0.4916561977,0.2507332001,0.2507332001
0.90909091,-0.21212121,-0.9858679659,0,-0.4934977835,0.2505722095,0.2505722095
0.91919192,-0.21212121,-0.9892427476,0,-0.4950527559,0.2504362632,0.2504362632
0.92929293,-0.21212121,-0.9920586795,0,-0.4963494214,0.2503227480,0.2503227480
0.93939394,-0.21212121,-0.9943697233,0,-0.4974129333,0.2502294157,0.2502294157
0.94949495,-0.21212121,-0.9962239642,0,-0.4982656970,0.2501543213,0.2501543213
0.95959596,-0.21212121,-0.9976643532,0,-0.4989277173,0.2500957735,0.2500957735
0.96969697,-0.21212121,-0.9987293439,0,-0.4994168962,0.2500522934,0.2500522934
0.97979798,-0.21212121,-0.9994534410,0,-0.4997492891,0.2500225814,0.2500225814
0.98989899,-0.21212121,-0.9998676730,0,-0.4999393255,0.2500054898,0.2500054898
1.00000000,-0.21212121,-1.0000000000,0,-0.5000000000,0.2500000000,0.2500000000
0.00000000,-0.15151515,1.0000000000,0,1.0000000000,1.0000000000,1.0000000000
0.01010101,-0.15151515,0.9999999423,0,0.9999895063,0.9999791281,0.9999791281
0.02020202,-0.15151515,0.9999995193,0,0.9999567045,0.9999143721,0.9999143721
0.03030303,-0.15151515,0.9999983110,0,0.9998994754,0.9998023381,0.9998023381
0.04040404,-0.15151515,0.9999958295,0,0.9998154998,0.9996393716,0.9996393716
0.05050505,-0.15151515,0.9999915101,0,0.9997022381,0.9994215348,0.9994215348
0.06060606,-0.15151515,0.9999847004,0,0.9995569069,0.9991445828,0.9991445828
0.07070707,-0.15151515,0.9999746482,0,0.9993764527,0.9988039366,0.9988039366
0.08080808,-0.15151515,0.9999604872,0,0.9991575235,0.9983946539,0.9983946539
0.09090909,-0.15151515,0.9999412215,0,0.9988964357,0.9979113974,0.9979113974
0.10101010,-0.15151515,0.9999157066,0,0.9985891378,0.9973483987,0.9973483987
0.11111111,-0.15151515,0.9998826290,0,0.9982311690,0.9966994202,0.9966994202
0.12121212,-0.15151515,0.9998404812,0,0.9978176132,0.9959577118,0.9959577118
0.13131313,-0.15151515,0.9997875344,0,0.9973430467,0.9951159637,0.9951159637
0.14141414,-0.15151515,0.9997218057,0,0.9968014789,0.9941662542,0.9941662542
0.15151515,-0.15151515,0.9996410215,0,0.9961862862,0.9930999921,0.9930999921
0.16161616,-0.15151515,0.9995425738,0,0.9954901362,0.9919078530,0.9919078530
0.17171717,-0.15151515,0.9994234709,0,0.9947049017,0.9905797081,0.9905797081
0.18181818,-0.15151515,0.9992802790,0,0.9938215637,0.9891045466,0.9891045466
0.19191919,-0.15151515,0.9991090549,0,0.9928301003,0.9874703880,0.9874703880
0.20202020,-0.15151515,0.9989052672,0,0.9917193602,0.9856641859,0.9856641859
0.21212121,-0.15151515,0.9986637049,0,0.9904769182,0.9836717204,0.9836717204
0.22222222,-0.15151515,0.9983783693,0,0.9890889099,0.9814774788,0.9814774788
0.23232323,-0.15151515,0.9980423480,0,0.9875398418,0.9790645222,0.9790645222
0.24242424,-0.15151515,0.9976476664,0,0.9858123737,0.9764143376,0.9764143376
0.25252525,-0.15151515,0.9971851127,0,0.9838870681,0.9735066722,0.9735066722
0.26262626,-0.15151515,0.9966440306,0,0.9817421014,0.9703193495,0.9703193495
0.27272727,-0.15151515,0.9960120738,0,0.9793529302,0.9668280639,0.9668280639
0.28282828,-0.15151515,0.9952749143,0,0.9766919061,0.9630061522,0.9630061522
0.29292929,-0.15151515,0.9944158947,0,0.9737278290,0.9588243388,0.9588243388
0.30303030,-0.15151515,0.9934156119,0,0.9704254295,0.9542504541,0.9542504541
0.31313131,-0.15151515,0.9922514185,0,0.9667447679,0.9492491211,0.9492491211
0.32323232,-0.15151515,0.9908968229,0,0.9626405361,0.9437814112,0.9437814112
0.33333333,-0.15151515,0.9893207657,0,0.9580612469,0.9378044673,0.9378044673
0.34343434,-0.15151515,0.9874867440,0,0.9529482913,0.9312710931,0.9312710931
0.35353535,-0.15151515,0.9853517498,0,0.9472348450,0.9241293148,0.9241293148
0.36363636,-0.15151515,0.9828649771,0,0.9408446018,0.9163219184,0.9163219184
0.37373737,-0.15151515,0.9799662469,0,0.9336903116,0.9077859771,0.9077859771
0.38383838,-0.15151515,0.9765840818,0,0.9256721011,0.8984523878,0.8984523878
0.39393939,-0.15151515,0.9726333508,0,0.9166755616,0.8882454519,0.8882454519
0.40404040,-0.15151515,0.9680123859,0,0.9065695956,0.8770825506,0.8770825506
0.41414141,-0.15151515,0.9625994541,0,0.8952040340,0.8648739951,0.8648739951
0.42424242,-0.15151515,0.9562484510,0,0.8824070690,0.8515231665,0.8515231665
0.43434343,-0.15151515,0.9487836660,0,0.8679825993,0.8369271159,0.8369271159
0.44444444,-0.15151515,0.9399934700,0,0.8517076724,0.8209778609,0.8209778609
0.45454545,-0.15151515,0.9296227955,0,0.8333303368,0.8035647094,0.8035647094
0.46464646,-0.15151515,0.9173643524,0,0.8125684119,0.7845780446,0.7845780446
0.47474747,-0.15151515,0.9028486792,0,0.7891099516,0.7639151211,0.7639151211
0.48484848,-0.15151515,0.8856334288,0,0.7626165328,0.7414885181,0.7414885181
0.49494949,-0.15151515,0.8651928219,0,0.7327309307,0.7172379064,0.7172379064
0.50505051,-0.15151515,0.8409090651,0,0.6990911707,0.6911456290,0.6911456290
0.51515152,-0.15151515,0.8120688451,0,0.6613532270,0.6632561042,0.6632561042
0.52525253,-0.15151515,0.7778698016,0,0.6192244621,0.6336980720,0.6336980720
0.53535354,-0.15151515,0.7374439754,0,0.5725088149,0.6027070781,0.6027070781
0.54545455,-0.15151515,0.6899069630,0,0.5211622374,0.5706434326,0.5706434326
0.55555556,-0.15151515,0.6344414546,0,0.4653526419,0.5379987459,0.5379987459
0.56565657,-0.15151515,0.5704197113,0,0.4055131590,0.5053832622,0.5053832622
0.57575758,-0.15151515,0.4975589038,0,0.3423726730,0.4734882242,0.4734882242
0.58585859,-0.15151515,0.4160856225,0,0.2769466368,0.4430235086,0.4430235086
0.59595960,-0.15151515,0.3268659970,0,0.2104772869,0.4146397990,0.4146397990
0.60606061,-0.15151515,0.2314472336,0,0.1443260103,0.3888527944,0.3888527944
0.61616162,-0.15151515,0.1319687606,0,0.0798372019,0.3659892587,0.3659892587
0.62626263,-0.15151515,0.0309407322,0,0.0182043147,0.3461684585,0.3461684585
0.63636364,-0.15151515,-0.0690610456,0,-0.0396316750,0.3293203410,0.3293203410
0.64646465,-0.15151515,-0.1657008358,0,-0.0930333316,0.3152301504,0.3152301504
0.65656566,-0.15151515,-0.2571108052,0,-0.1416663392,0.3035936515,0.3035936515
0.66666667,-0.15151515,-0.3420000626,0,-0.1854601533,0.2940687380,0.2940687380
0.67676768,-0.15151515,-0.4196497512,0,-0.2245479127,0.2863150024,0.2863150024
0.68686869,-0.15151515,-0.4898294406,0,-0.2592021514,0.2800189581,0.2800189581
0.69696970,-0.15151515,-0.5526775754,0,-0.2897774019,0.2749067105,0.2749067105
0.70707071,-0.15151515,-0.6085800126,0,-0.3166649335,0.2707475763,0.2707475763
0.71717172,-0.15151515,-0.6580663554,0,-0.3402605048,0.2673521674,0.2673521674
0.72727273,-0.15151515,-0.7017313465,0,-0.3609435431,0.2645676869,0.2645676869
0.73737374,-0.15151515,-0.7401806981,0,-0.3790652137,0.2622722559,0.2622722559
0.74747475,-0.15151515,-0.7739970667,0,-0.3949428175,0.2603693211,0.2603693211
0.75757576,-0.15151515,-0.8037209750,0,-0.4088583611,0.2587826537,0.2587826537
0.76767677,-0.15151515,-0.8298419851,0,-0.4210596662,0.2574521222,0.2574521222
0.77777778,-0.15151515,-0.8527964325,0,-0.4317628760,0.2563302411,0.2563302411
0.78787879,-0.15151515,-0.8729690628,0,-0.4411556018,0.2553794166,0.2553794166
0.79797980,-0.15151515,-0.8906967716,0,-0.4494002398,0.2545697777,0.2545697777
0.80808081,-0.15151515,-0.9062732916,0,-0.4566371867,0.2538774859,0.2538774859
0.81818182,-0.15151515,-0.9199541259,0,-0.4629878070,0.2532834217,0.2532834217
0.82828283,-0.15151515,-0.9319613249,0,-0.4685570928,0.2527721676,0.2527721676
0.83838384,-0.15151515,-0.9424878972,0,-0.4734359977,0.2523312207,0.2523312207
0.84848485,-0.15151515,-0.9517017668,0,-0.4777034591,0.2519503820,0.2519503820
0.85858586,-0.15151515,-0.9597492533,0,-0.4814281355,0.2516212812,0.2516212812
0.86868687,-0.15151515,-0.9667580969,0,-0.4846698879,0.2513370077,0.2513370077
0.87878788,-0.15151515,-0.9728400633,0,-0.4874810407,0.2510918200,0.2510918200
0.88888889,-0.15151515,-0.9780931763,0,-0.4899074516,0.2508809193,0.2508809193
0.89898990,-0.15151515,-0.9826036239,0,-0.4919894181,0.2507002695,0.2507002695
0.90909091,-0.15151515,-0.9864473834,0,-0.4937624470,0.2505464555,0.2505464555
0.91919192,-0.15151515,-0.9896916050,0,-0.4952579070,0.2504165703,0.2504165703
0.92929293,-0.15151515,-0.9923957918,0,-0.4965035830,0.2503081244,0.2503081244
0.93939394,-0.15151515,-0.9946128046,0,-0.4975241482,0.2502189733,0.2502189733
0.94949495,-0.15151515,-0.9963897210,0,-0.4983415665,0.2501472593,0.2501472593
0.95959596,-0.15151515,-0.9977685694,0,-0.4989754363,0.2500913638,0.2500913638
0.96969697,-0.15151515,-0.9987869586,0,-0.4994432854,0.2500498691,0.2500498691
0.97979798,-0.15151515,-0.9994786183,0,-0.4997608241,0.2500215266,0.2500215266
0.98989899,-0.15151515,-0.9998738642,0,-0.4999421627,0.2500052313,0.2500052313
1.00000000,-0.15151515,-1.0000000000,0,-0.5000000000,0.2500000000,0.2500000000
0.00000000,-0.09090909,1.0000000000,0,1.0000000000,1.0000000000,1.0000000000
0.01010101,-0.09090909,0.9999999468,0,0.9999898941,0.9999798947,0.9999798947
0.02020202,-0.09090909,0.9999995569,0,0.9999583047,0.9999174975,0.9999174975
0.03030303,-0.09090909,0.9999984418,0,0.9999031907,0.9998095065,0.9998095065
0.04040404,-0.09090909,0.9999961499,0,0.9998223175,0.9996523641,0.9996523641
0.05050505,-0.09090909,0.9999921570,0,0.9997132376,0.9994422347,0.9994422347
0.06060606,-0.09090909,0.9999858564,0,0.9995732674,0.9991749806,0.9991749806
0.07070707,-0.09090909,0.9999765470,0,0.9993994620,0.9988461358,0.9988461358
0.08080808,-0.09090909,0.9999634204,0,0.9991885871,0.9984508771,0.9984508771
0.09090909,-0.09090909,0.9999455450,0,0.9989370873,0.9979839918,0.9979839918
0.10101010,-0.09090909,0.9999218488,0,0.9986410500,0.9974398430,0.9974398430
0.11111111,-0.09090909,0.9998910988,0,0.9982961657,0.9968123308,0.9968123308
0.12121212,-0.09090909,0.9998518782,0,0.9978976824,0.9960948495,0.9960948495
0.13131313,-0.09090909,0.9998025590,0,0.9974403548,0.9952802407,0.9952802407
0.14141414,-0.09090909,0.9997412714,0,0.9969183862,0.9943607414,0.9943607414
0.15151515,-0.09090909,0.9996658674,0,0.9963253637,0.9933279258,0.9933279258
0.16161616,-0.09090909,0.9995738799,0,0.9956541834,0.9921726422,0.9921726422
0.17171717,-0.09090909,0.9994624736,0,0.9948969669,0.9908849419,0.9908849419
0.18181818,-0.09090909,0.9993283898,0,0.9940449649,0.9894540007,0.9894540007
0.19191919,-0.09090909,0.9991678801,0,0.9930884483,0.9878680315,0.9878680315
0.20202020,-0.09090909,0.9989766306,0,0.9920165835,0.9861141874,0.9861141874
0.21212121,-0.09090909,0.9987496726,0,0.9908172897,0.9841784536,0.9841784536
0.22222222,-0.09090909,0.9984812775,0,0.9894770752,0.9820455265,0.9820455265
0.23232323,-0.09090909,0.9981648340,0,0.9879808498,0.9796986797,0.9796986797
0.24242424,-0.09090909,0.9977927030,0,0.9863117092,0.9771196133,0.9771196133
0.25252525,-0.09090909,0.9973560466,0,0.9844506854,0.9742882869,0.9742882869
0.26262626,-0.09090909,0.9968446247,0,0.9823764599,0.9711827314,0.9711827314
0.27272727,-0.09090909,0.9962465549,0,0.9800650312,0.9677788404,0.9677788404
0.28282828,-0.09090909,0.9955480255,0,0.9774893297,0.9640501355,0.9640501355
0.29292929,-0.09090909,0.9947329530,0,0.9746187709,0.9599675054,0.9599675054
0.30303030,-0.09090909,0.9937825724,0,0.9714187359,0.9554989148,0.9554989148
0.31313131,-0.09090909,0.9926749447,0,0.9678499671,0.9506090808,0.9506090808
0.32323232,-0.09090909,0.9913843629,0,0.9638678648,0.9452591139,0.9452591139
0.33333333,-0.09090909,0.9898806352,0,0.9594216658,0.9394061228,0.9394061228
0.34343434,-0.09090909,0.9881282148,0,0.9544534884,0.9330027819,0.9330027819
0.35353535,-0.09090909,0.9860851427,0,0.9488972175,0.9259968631,0.9259968631
0.36363636,-0.09090909,0.9837017574,0,0.9426772099,0.9183307377,0.9183307377
0.37373737,-0.09090909,0.9809191181,0,0.9357067918,0.9099408571,0.9099408571
0.38383838,-0.09090909,0.9776670724,0,0.9278865246,0.9007572334,0.9007572334
0.39393939,-0.09090909,0.9738618843,0,0.9191022166,0.8907029487,0.8907029487
0.40404040,-0.09090909,0.9694033201,0,0.9092226678,0.8796937440,0.8796937440
0.41414141,-0.09090909,0.9641710689,0,0.8980971516,0.8676377637,0.8676377637
0.42424242,-0.09090909,0.9580203527,0,0.8855526677,0.8544355712,0.8544355712
0.43434343,-0.09090909,0.9507765637,0,0.8713910545,0.8399806052,0.8399806052
0.44444444,-0.09090909,0.9422287580,0,0.8553861335,0.8241603194,0.8241603194
0.45454545,-0.09090909,0.9321218494,0,0.8372811931,0.8068583470,0.8068583470
0.46464646,-0.09090909,0.9201474133,0,0.8167873162,0.7879581482,0.7879581482
0.47474747,-0.09090909,0.9059331539,0,0.7935833439,0.7673487340,0.7673487340
0.48484848,-0.09090909,0.8890313922,0,0.7673186501,0.7449331745,0.7449331745
0.49494949,-0.09090909,0.8689074654,0,0.7376203787,0.7206406502,0.7206406502
0.50505051,-0.09090909,0.8449298330,0,0.7041072936,0.6944426680,0.6944426680
0.51515152,-0.09090909,0.8163650739,0,0.6664127617,0.6663735918,0.6663735918
0.52525253,-0.09090909,0.7823829135,0,0.6242192956,0.6365546046,0.6365546046
0.53535354,-0.09090909,0.7420787704,0,0.5773060307,0.6052184710,0.6052184710
0.54545455,-0.09090909,0.6945233986,0,0.5256078784,0.5727300483,0.5727300483
0.55555556,-0.09090909,0.6388494743,0,0.4692804911,0.5395949998,0.5395949998
0.56565657,-0.09090909,0.5743808702,0,0.4087590414,0.5064479404,0.5064479404
0.57575758,-0.09090909,0.5007989817,0,0.3447931805,0.4740132274,0.4740132274
0.58585859,-0.09090909,0.4183209810,0,0.2784391003,0.4430381744,0.4430381744
0.59595960,-0.09090909,0.3278423107,0,0.2109961811,0.4142086708,0.4142086708
0.60606061,-0.09090909,0.2309831508,0,0.1438909457,0.3880666587,0.3880666587
0.61616162,-0.09090909,0.1299920351,0,0.0785297883,0.3649516807,0.3649516807
0.62626263,-0.09090909,0.0275043703,0,0.0161547284,0.3449815826,0.3449815826
0.63636364,-0.09090909,-0.0737885554,0,-0.0422643913,0.3280735528,0.3280735528
0.64646465,-0.09090909,-0.1714672734,0,-0.0960819114,0.3139935916,0.3139935916
0.65656566,-0.09090909,-0.2636226062,0,-0.1449724466,0.3024166080,0.3024166080
0.66666667,-0.09090909,-0.3489627507,0,-0.1888857658,0.2929815819,0.2929815819
0.67676768,-0.09090909,-0.4267979037,0,-0.2279807917,0.2853329717,0.2853329717
0.68686869,-0.09090909,-0.4969434612,0,-0.2625566141,0.2791463574,0.2791463574
0.69696970,-0.09090909,-0.5595889523,0,-0.2929920700,0.2741406692,0.2741406692
0.70707071,-0.09090909,-0.6151686921,0,-0.3196989742,0.2700810018,0.2700810018
0.71717172,-0.09090909,-0.6642538963,0,-0.3430894585,0.2667758596,0.2667758596
0.72727273,-0.09090909,-0.7074726145,0,-0.3635553954,0.2640717367,0.2640717367
0.73737374,-0.09090909,-0.7454557987,0,-0.3814570259,0.2618469033,0.2618469033
0.74747475,-0.09090909,-0.7788043513,0,-0.3971180080,0.2600054337,0.2600054337
0.75757576,-0.09090909,-0.8080713937,0,-0.4108246063,0.2584719565,0.2584719565
0.76767677,-0.09090909,-0.8337547477,0,-0.4228273357,0.2571872728,0.2571872728
0.77777778,-0.09090909,-0.8562957987,0,-0.4333438976,0.2561048152,0.2561048152
0.78787879,-0.09090909,-0.8760820418,0,-0.4425626614,0.2551878447,0.2551878447
0.79797980,-0.09090909,-0.8934515218,0,-0.4506462321,0.2544072612,0.2544072612
0.80808081,-0.09090909,-0.9086980423,0,-0.4577348499,0.2537399051,0.2537399051
0.81818182,-0.09090909,-0.9220764775,0,-0.4639494911,0.2531672470,0.2531672470
0.82828283,-0.09090909,-0.9338078187,0,-0.4693946201,0.2526743770,0.2526743770
0.83838384,-0.09090909,-0.9440837736,0,-0.4741605893,0.2522492255,0.2522492255
0.84848485,-0.09090909,-0.9530708506,0,-0.4783257054,0.2518819618,0.2518819618
0.85858586,-0.09090909,-0.9609139253,0,-0.4819579947,0.2515645280,0.2515645280
0.86868687,-0.09090909,-0.9677393198,0,-0.4851167046,0.2512902768,0.2512902768
0.87878788,-0.09090909,-0.9736574414,0,-0.4878535744,0.2510536893,0.2510536893
0.88888889,-0.09090909,-0.9787650349,0,-0.4902139121,0.2508501538,0.2508501538
0.89898990,-0.09090909,-0.9831470969,0,-0.4922375029,0.2506757919,0.2506757919
0.90909091,-0.09090909,-0.9868785046,0,-0.4939593798,0.2505273209,0.2505273209
0.91919192,-0.09090909,-0.9900253972,0,-0.4954104745,0.2504019450,0.2504019450
0.92929293,-0.09090909,-0.9926463520,0,-0.4966181702,0.2502972679,0.2502972679
0.93939394,-0.09090909,-0.9947933837,0,-0.4976067714,0.2502112237,0.2502112237
0.94949495,-0.09090909,-0.9965127969,0,-0.4983979031,0.2501420200,0.2501420200
0.95959596,-0.09090909,-0.9978459141,0,-0.4990108528,0.2500880933,0.2500880933
0.96969697,-0.09090909,-0.9988296981,0,-0.4994628621,0.2500480716,0.2500480716
0.97979798,-0.09090909,-0.9994972868,0,-0.4997693773,0.2500207448,0.2500207448
0.98989899,-0.09090909,-0.9998784529,0,-0.4999442655,0.2500050397,0.2500050397
1.00000000,-0.09090909,-1.0000000000,0,-0.5000000000,0.2500000000,0.2500000000
0.00000000,-0.03030303,1.0000000000,0,1.0000000000,1.0000000000,1.0000000000
0.01010101,-0.03030303,0.9999999493,0,0.9999901091,0.9999803195,0.9999803195
0.02020202,-0.03030303,0.9999995779,0,0.9999591920,0.9999192298,0.9999192298
0.03030303,-0.03030303,0.9999985152,0,0.9999052514,0.9998134807,0.9998134807
0.04040404,-0.03030303,0.9999963298,0,0.9998261002,0.9996595685,0.9996595685
0.05050505,-0.03030303,0.9999925202,0,0.9997193425,0.9994537150,0.9994537150
0.06060606,-0.03030303,0.9999865056,0,0.9995823508,0.9991918428,0.9991918428
0.07070707,-0.03030303,0.9999776137,0,0.9994122412,0.9988695495,0.9988695495
0.08080808,-0.03030303,0.9999650684,0,0.9992058460,0.9984820785,0.9984820785
0.09090909,-0.03030303,0.9999479747,0,0.9989596815,0.9980242876,0.9980242876
0.10101010,-0.03030303,0.9999253012,0,0.9986699139,0.9974906140,0.9974906140
0.11111111,-0.03030303,0.9998958608,0,0.9983323188,0.9968750354,0.9968750354
0.12121212,-0.03030303,0.9998582876,0,0.9979422370,0.9961710281,0.9961710281
0.13131313,-0.03030303,0.9998110107,0,0.9974945242,0.9953715195,0.9953715195
0.14141414,-0.03030303,0.9997522241,0,0.9969834936,0.9944688363,0.9944688363
0.15151515,-0.03030303,0.9996798512,0,0.9964028515,0.9934546473,0.9934546473
0.16161616,-0.03030303,0.9995915045,0,0.9957456243,0.9923198990,0.9923198990
0.17171717,-0.03030303,0.9994844378,0,0.9950040746,0.9910547457,0.9910547457
0.18181818,-0.03030303,0.9993554914,0,0.9941696069,0.9896484702,0.9896484702
0.19191919,-0.03030303,0.9992010278,0,0.9932326593,0.9880893966,0.9880893966
0.20202020,-0.03030303,0.9990168568,0,0.9921825795,0.9863647933,0.9863647933
0.21212121,-0.03030303,0.9987981476,0,0.9910074838,0.9844607640,0.9844607640
0.22222222,-0.03030303,0.9985393256,0,0.9896940945,0.9823621271,0.9823621271
0.23232323,-0.03030303,0.9982339513,0,0.9882275532,0.9800522803,0.9800522803
0.24242424,-0.03030303,0.9978745773,0,0.9865912064,0.9775130497,0.9775130497
0.25252525,-0.03030303,0.9974525794,0,0.9847663576,0.9747245205,0.9747245205
0.26262626,-0.03030303,0.9969579562,0,0.9827319809,0.9716648485,0.9716648485
0.27272727,-0.03030303,0.9963790912,0,0.9804643893,0.9683100480,0.9683100480
0.28282828,-0.03030303,0.9957024692,0,0.9779368508,0.9646337551,0.9646337551
0.29292929,-0.03030303,0.9949123374,0,0.9751191412,0.9606069632,0.9606069632
0.30303030,-0.03030303,0.9939902986,0,0.9719770241,0.9561977265,0.9561977265
0.31313131,-0.03030303,0.9929148229,0,0.9684716454,0.9513708310,0.9513708310
0.32323232,-0.03030303,0.9916606582,0,0.9645588264,0.9460874273,0.9460874273
0.33333333,-0.03030303,0.9901981163,0,0.9601882390,0.9403046258,0.9403046258
0.34343434,-0.03030303,0.9884922075,0,0.9553024417,0.9339750516,0.9339750516
0.35353535,-0.03030303,0.9865015860,0,0.9498357559,0.9270463599,0.9270463599
0.36363636,-0.03030303,0.9841772618,0,0.9437129544,0.9194607174,0.9194607174
0.37373737,-0.03030303,0.9814610247,0,0.9368477375,0.9111542580,0.9111542580
0.38383838,-0.03030303,0.9782835086,0,0.9291409683,0.9020565295,0.9020565295
0.39393939,-0.03030303,0.9745618114,0,0.9204786422,0.8920899634,0.8920899634
0.40404040,-0.03030303,0.9701965661,0,0.9107295745,0.8811694126,0.8811694126
0.41414141,-0.03030303,0.9650683330,0,0.8997428050,0.8692018345,0.8692018345
0.42424242,-0.03030303,0.9590331656,0,0.8873447474,0.8560862330,0.8560862330
0.43434343,-0.03030303,0.9519171770,0,0.8733361675,0.8417140273,0.8417140273
0.44444444,-0.03030303,0.9435099257,0,0.8574891538,0.8259700966,0.8259700966
0.45454545,-0.03030303,0.9335564479,0,0.8395443825,0.8087348429,0.8087348429
0.46464646,-0.03030303,0.9217478252,0,0.8192091803,0.7898877485,0.7898877485
0.47474747,-0.03030303,0.9077103155,0,0.7961571835,0.7693130404,0.7693130404
0.48484848,-0.03030303,0.8909933737,0,0.7700307908,0.7469082121,0.7469082121
0.49494949,-0.03030303,0.8710574274,0,0.7404481123,0.7225962177,0.7225962177
0.50505051,-0.03030303,0.8472631932,0,0.7070166597,0.6963420380,0.6963420380
0.51515152,-0.03030303,0.8188657555,0,0.6693564446,0.6681738566,0.6681738566
0.52525253,-0.03030303,0.7850186766,0,0.6271351207,0.6382080340,0.6382080340
0.53535354,-0.03030303,0.7447959162,0,0.5801167741,0.6066752434,0.6066752434
0.54545455,-0.03030303,0.6972416445,0,0.5282232753,0.5739425600,0.5739425600
0.55555556,-0.03030303,0.6414585230,0,0.4716022801,0.5405235650,0.5405235650
0.56565657,-0.03030303,0.5767409656,0,0.4106894160,0.5070670857,0.5070670857
0.57575758,-0.03030303,0.5027480794,0,0.3462460453,0.4743171230,0.4743171230
0.58585859,-0.03030303,0.4196903491,0,0.2793522220,0.4430434244,0.4430434244
0.59595960,-0.03030303,0.3284798594,0,0.2113412702,0.4139530951,0.4139530951
0.60606061,-0.03030303,0.2307799782,0,0.1436786396,0.3876039182,0.3876039182
0.61616162,-0.03030303,0.1289044770,0,0.0778078261,0.3643431092,0.3643431092
0.62626263,-0.03030303,0.0255638001,0,0.0149998213,0.3442875714,0.3442875714
0.63636364,-0.03030303,-0.0764818335,0,-0.0437584857,0.3273467162,0.3273467162
0.64646465,-0.03030303,-0.1747634972,0,-0.0978168212,0.3132749267,0.3132749267
0.65656566,-0.03030303,-0.2673482834,0,-0.1468554189,0.3017346272,0.3017346272
0.66666667,-0.03030303,-0.3529448938,0,-0.1908363528,0.2923535755,0.2923535755
0.67676768,-0.03030303,-0.4308816795,0,-0.2299339590,0.2847673385,0.2847673385
0.68686869,-0.03030303,-0.5010017774,0,-0.2644630529,0.2786451453,0.2786451453
0.69696970,-0.03030303,-0.5635251576,0,-0.2948167457,0.2737018152,0.2737018152
0.70707071,-0.03030303,-0.6189146740,0,-0.3214188259,0.2697000714,0.2697000714
0.71717172,-0.03030303,-0.6677657988,0,-0.3446908966,0.2664472755,0.2664472755
0.72727273,-0.03030303,-0.7107258123,0,-0.3650319751,0.2637895820,0.2637895820
0.73737374,-0.03030303,-0.7484401008,0,-0.3828074712,0.2616054053,0.2616054053
0.74747475,-0.03030303,-0.7815198972,0,-0.3983446309,0.2597992284,0.2597992284
0.75757576,-0.03030303,-0.8105253743,0,-0.4119320963,0.2582962095,0.2582962095
0.76767677,-0.03030303,-0.8359589096,0,-0.4238218626,0.2570377138,0.2570377138
0.77777778,-0.03030303,-0.8582646146,0,-0.4342324672,0.2559777218,0.2559777218
0.78787879,-0.03030303,-0.8778314112,0,-0.4433526634,0.2550800007,0.2550800007
0.79797980,-0.03030303,-0.8949978756,0,-0.4513451336,0.2543159036,0.2543159036
0.80808081,-0.03030303,-0.9100577464,0,-0.4583499930,0.2536626684,0.2536626684
0.81818182,-0.03030303,-0.9232654522,0,-0.4644879667,0.2531021095,0.2531021095
0.82828283,-0.03030303,-0.9348413086,0,-0.4698631938,0.2526196118,0.2526196118
0.83838384,-0.03030303,-0.9449762234,0,-0.4745656640,0.2522033569,0.2522033569
0.84848485,-0.03030303,-0.9538358516,0,-0.4786733080,0.2518437268,0.2518437268
0.85858586,-0.03030303,-0.9615642086,0,-0.4822537792,0.2515328433,0.2515328433
0.86868687,-0.03030303,-0.9682867786,0,-0.4853659643,0.2512642108,0.2512642108
0.87878788,-0.03030303,-0.9741131721,0,-0.4880612613,0.2510324380,0.2510324380
0.88888889,-0.03030303,-0.9791393864,0,-0.4903846580,0.2508330205,0.2508330205
0.89898990,-0.03030303,-0.9834497257,0,-0.4923756430,0.2506621698,0.2506621698
0.90909091,-0.03030303,-0.9871184292,0,-0.4940689749,0.2505166791,0.2505166791
0.91919192,-0.03030303,-0.9902110522,0,-0.4954953335,0.2503938158,0.2503938158
0.92929293,-0.03030303,-0.9927856383,0,-0.4966818708,0.2502912369,0.2502912369
0.93939394,-0.03030303,-0.9948937158,0,-0.4976526794,0.2502069207,0.2502069207
0.94949495,-0.03030303,-0.9965811457,0,-0.4984291902,0.2501391122,0.2501391122
0.95959596,-0.03030303,-0.9978888461,0,-0.4990305124,0.2500862789,0.2500862789
0.96969697,-0.03030303,-0.9988534108,0,-0.4994737240,0.2500470747,0.2500470747
0.97979798,-0.03030303,-0.9995076399,0,-0.4997741209,0.2500203113,0.2500203113
0.98989899,-0.03030303,-0.9998809966,0,-0.4999454312,0.2500049335,0.2500049335
1.00000000,-0.03030303,-1.0000000000,0,-0.5000000000,0.2500000000,0.2500000000
0.00000000,0.03030303,1.0000000000,0,1.0000000000,1.0000000000,1.0000000000
0.01010101,0.03030303,0.9999999493,0,0.9999901069,0.9999803152,0.9999803152
0.02020202,0.03030303,0.9999995776,0,0.9999591829,0.9999192121,0.9999192121
0.03030303,0.03030303,0.9999985143,0,0.9999052300,0.9998134398,0.9998134398
0.04040404,0.03030303,0.9999963274,0,0.9998260607,0.9996594944,0.9996594944
0.05050505,0.03030303,0.9999925155,0,0.9997192785,0.9994535966,0.9994535966
0.06060606,0.03030303,0.9999864970,0,0.9995822551,0.9991916686,0.9991916686
0.07070707,0.03030303,0.9999775996,0,0.9994121059,0.9988693071,0.9988693071
0.08080808,0.03030303,0.9999650466,0,0.9992056622,0.9984817548,0.9984817548
0.09090909,0.03030303,0.9999479425,0,0.9989594398,0.9980238687,0.9980238687
0.10101010,0.03030303,0.9999252555,0,0.9986696034,0.9974900851,0.9974900851
0.11111111,0.03030303,0.9998957976,0,0.9983319278,0.9968743807,0.9968743807
0.12121212,0.03030303,0.9998582023,0,0.9979417526,0.9961702309,0.9961702309
0.13131313,0.03030303,0.9998108981,0,0.9974939321,0.9953705619,0.9953705619
0.14141414,0.03030303,0.9997520779,0,0.9969827780,0.9944676995,0.9944676995
0.15151515,0.03030303,0.9996796643,0,0.9964019951,0.9934533111,0.9934533111
0.16161616,0.03030303,0.9995912685,0,0.9957446080,0.9923183422,0.9923183422
0.17171717,0.03030303,0.9994841431,0,0.9950028775,0.9910529455,0.9910529455
0.18181818,0.03030303,0.9993551271,0,0.9941682060,0.9896464025,0.9896464025
0.19191919,0.03030303,0.9992005814,0,0.9932310290,0.9880870359,0.9880870359
0.20202020,0.03030303,0.9990163140,0,0.9921806919,0.9863621123,0.9863621123
0.21212121,0.03030303,0.9987974921,0,0.9910053083,0.9844577339,0.9844577339
0.22222222,0.03030303,0.9985385389,0,0.9896915971,0.9823587173,0.9823587173
0.23232323,0.03030303,0.9982330125,0,0.9882246969,0.9800484584,0.9800484584
0.24242424,0.03030303,0.9978734627,0,0.9865879504,0.9775087813,0.9775087813
0.25252525,0.03030303,0.9974512621,0,0.9847626570,0.9747197694,0.9747197694
0.26262626,0.03030303,0.9969564057,0,0.9827277864,0.9716595762,0.9716595762
0.27272727,0.03030303,0.9963772732,0,0.9804596468,0.9683042141,0.9683042141
0.28282828,0.03030303,0.9957003450,0,0.9779315011,0.9646273171,0.9646273171
0.29292929,0.03030303,0.9949098630,0,0.9751131191,0.9605998762,0.9605998762
0.30303030,0.03030303,0.9939874247,0,0.9719702583,0.9561899438,0.9561899438
0.31313131,0.03030303,0.9929114939,0,0.9684640581,0.9513623038,0.9513623038
0.32323232,0.03030303,0.9916568112,0,0.9645503325,0.9460781050,0.9460781050
0.33333333,0.03030303,0.9901936807,0,0.9601787456,0.9402944565,0.9402944565
0.34343434,0.03030303,0.9884871037,0,0.9552918481,0.9339639821,0.9339639821
0.35353535,0.03030303,0.9864957244,0,0.9498239529,0.9270343368,0.9270343368
0.36363636,0.03030303,0.9841705420,0,0.9436998243,0.9194476878,0.9194476878
0.37373737,0.03030303,0.9814533341,0,0.9368331542,0.9111401706,0.9111401706
0.38383838,0.03030303,0.9782747208,0,0.9291247975,0.9020413365,0.9020413365
0.39393939,0.03030303,0.9745517859,0,0.9204607426,0.8920736225,0.8920736225
0.40404040,0.03030303,0.9701851462,0,0.9107097995,0.8811518902,0.8811518902
0.41414141,0.03030303,0.9650553455,0,0.8997210051,0.8691831093,0.8691831093
0.42424242,0.03030303,0.9590184206,0,0.8873207749,0.8560663011,0.8560663011
0.43434343,0.03030303,0.9519004680,0,0.8733098820,0.8416929087,0.8416929087
0.44444444,0.03030303,0.9434910317,0,0.8574604311,0.8259478428,0.8259478428
0.45454545,0.03030303,0.9335351374,0,0.8395131266,0.8087115473,0.8087115473
0.46464646,0.03030303,0.9217238634,0,0.8191753398,0.7898635574,0.7898635574
0.47474747,0.03030303,0.9076834768,0,0.7961207724,0.7692881664,0.7692881664
0.48484848,0.03030303,0.8909634604,0,0.7699919159,0.7468829482,0.7468829482
0.49494949,0.03030303,0.8710242988,0,0.7404070055,0.7225709498,0.7225709498
0.50505051,0.03030303,0.8472268067,0,0.7069737146,0.6963172540,0.6963172540
0.51515152,0.03030303,0.8188262232,0,0.6693122547,0.6681501467,0.6681501467
0.52525253,0.03030303,0.7849763390,0,0.6270905105,0.6381860769,0.6381860769
0.53535354,0.03030303,0.7447514288,0,0.5800728139,0.6066557717,0.6066557717
0.54545455,0.03030303,0.6971960676,0,0.5281812646,0.5739262997,0.5739262997
0.55555556,0.03030303,0.6414133926,0,0.4715636853,0.5405111518,0.5405111518
0.56565657,0.03030303,0.5766983091,0,0.4106557529,0.5070589659,0.5070589659
0.57575758,0.03030303,0.5027103318,0,0.3462187124,0.4743134628,0.4743134628
0.58585859,0.03030303,0.4196601356,0,0.2793323102,0.4430440548,0.4430440548
0.59595960,0.03030303,0.3284596459,0,0.2113293937,0.4139575172,0.4139575172
0.60606061,0.03030303,0.2307716521,0,0.1436748378,0.3876113741,0.3876113741
0.61616162,0.03030303,0.1289089783,0,0.0778115675,0.3643527029,0.3643527029
0.62626263,0.03030303,0.0255809304,0,0.0150101088,0.3442984010,0.3442984010
0.63636364,0.03030303,-0.0764533538,0,-0.0437429442,0.3273579846,0.3273579846
0.64646465,0.03030303,-0.1747257530,0,-0.0977974249,0.3132860069,0.3132860069
0.65656566,0.03030303,-0.2673037764,0,-0.1468335146,0.3017450814,0.3017450814
0.66666667,0.03030303,-0.3528961645,0,-0.1908131259,0.2923631390,0.2923631390
0.67676768,0.03030303,-0.4308310250,0,-0.2299103784,0.2847758863,0.2847758863
0.68686869,0.03030303,-0.5009510926,0,-0.2644398600,0.2786526522,0.2786526522
0.69696970,0.03030303,-0.5634758848,0,-0.2947944717,0.2737083215,0.2737083215
0.70707071,0.03030303,-0.6188678266,0,-0.3213978236,0.2697056548,0.2697056548
0.71717172,0.03030303,-0.6677220241,0,-0.3446713768,0.2664520314,0.2664520314
0.72727273,0.03030303,-0.7106854676,0,-0.3650140411,0.2637936105,0.2637936105
0.73737374,0.03030303,-0.7484033265,0,-0.3827911481,0.2616088034,0.2616088034
0.74747475,0.03030303,-0.7814866799,0,-0.3983298901,0.2598020855,0.2598020855
0.75757576,0.03030303,-0.8104955975,0,-0.4119188736,0.2582986058,0.2582986058
0.76767677,0.03030303,-0.8359323920,0,-0.4238100719,0.2570397195,0.2570397195
0.77777778,0.03030303,-0.8582411376,0,-0.4342220105,0.2559793975,0.2559793975
0.78787879,0.03030303,-0.8778107391,0,-0.4433434375,0.2550813984,0.2550813984
0.79797980,0.03030303,-0.8949797686,0,-0.4513370349,0.2543170673,0.2543170673
0.80808081,0.03030303,-0.9100419694,0,-0.4583429206,0.2536636354,0.2536636354
0.81818182,0.03030303,-0.9232517800,0,-0.4644818239,0.2531029112,0.2531029112
0.82828283,0.03030303,-0.9348295292,0,-0.4698578898,0.2526202747,0.2526202747
0.83838384,0.03030303,-0.9449661393,0,-0.4745611136,0.2522039031,0.2522039031
0.84848485,0.03030303,-0.9538272801,0,-0.4786694323,0.2518441749,0.2518441749
0.85858586,0.03030303,-0.9615569816,0,-0.4822505052,0.2515332090,0.2515332090
0.86868687,0.03030303,-0.9682807421,0,-0.4853632248,0.2512645074,0.2512645074
0.87878788,0.03030303,-0.9741081850,0,-0.4880589944,0.2510326765,0.2510326765
0.88888889,0.03030303,-0.9791353195,0,-0.4903828067,0.2508332103,0.2508332103
0.89898990,0.03030303,-0.9834464608,0,-0.4923741548,0.2506623189,0.2506623189
0.90909091,0.03030303,-0.9871158580,0,-0.4940678015,0.2505167943,0.2505167943
0.91919192,0.03030303,-0.9902090752,0,-0.4954944303,0.2503939029,0.2503939029
0.92929293,0.03030303,-0.9927841640,0,-0.4966811968,0.2502913010,0.2502913010
0.93939394,0.03030303,-0.9948926599,0,-0.4976521963,0.2502069660,0.2502069660
0.94949495,0.03030303,-0.9965804303,0,-0.4984288627,0.2501391426,0.2501391426
0.95959596,0.03030303,-0.9978883991,0,-0.4990303076,0.2500862977,0.2500862977
0.96969697,0.03030303,-0.9988531651,0,-0.4994736114,0.2500470850,0.2500470850
0.97979798,0.03030303,-0.9995075332,0,-0.4997740719,0.2500203158,0.2500203158
0.98989899,0.03030303,-0.9998809705,0,-0.4999454192,0.2500049346,0.2500049346
1.00000000,0.03030303,-1.0000000000,0,-0.5000000000,0.2500000000,0.2500000000
0.00000000,0.09090909,1.0000000000,0,1.0000000000,1.0000000000,1.0000000000
0.01010101,0.09090909,0.9999999459,0,0.9999898342,0.9999797767,0.9999797767
0.02020202,0.09090909,0.9999995493,0,0.9999580561,0.9999170153,0.9999170153
0.03030303,0.09090909,0.9999984154,0,0.9999026103,0.9998083986,0.9998083986
0.04040404,0.09090909,0.9999960852,0,0.9998212466,0.9996503521,0.9996503521
0.05050505,0.09090909,0.9999920261,0,0.9997115003,0.9994390226,0.9994390226
0.06060606,0.09090909,0.9999856221,0,0.9995706688,0.9991702538,0.9991702538
0.07070707,0.09090909,0.9999761616,0,0.9993957869,0.9988395598,0.9988395598
0.08080808,0.09090909,0.9999628240,0,0.9991835975,0.9984420961,0.9984420961
0.09090909,0.09090909,0.9999446645,0,0.9989305203,0.9979726278,0.9979726278
0.10101010,0.09090909,0.9999205959,0,0.9986326156,0.9974254941,0.9974254941
0.11111111,0.09090909,0.9998893682,0,0.9982855441,0.9967945697,0.9967945697
0.12121212,0.09090909,0.9998495454,0,0.9978845209,0.9960732222,0.9960732222
0.13131313,0.09090909,0.9997994781,0,0.9974242648,0.9952542646,0.9952542646
0.14141414,0.09090909,0.9997372723,0,0.9968989398,0.9943299036,0.9943299036
0.15151515,0.09090909,0.9996607531,0,0.9963020894,0.9932916814,0.9932916814
0.16161616,0.09090909,0.9995674229,0,0.9956265625,0.9921304122,0.9921304122
0.17171717,0.09090909,0.9994544126,0,0.9948644283,0.9908361112,0.9908361112
0.18181818,0.09090909,0.9993184250,0,0.9940068802,0.9893979161,0.9893979161
0.19191919,0.09090909,0.9991556691,0,0.9930441263,0.9878039994,0.9878039994
0.20202020,0.09090909,0.9989617830,0,0.9919652638,0.9860414717,0.9860414717
0.21212121,0.09090909,0.9987317439,0,0.9907581360,0.9840962733,0.9840962733
0.22222222,0.09090909,0.9984597628,0,0.9894091681,0.9819530535,0.9819530535
0.23232323,0.09090909,0.9981391606,0,0.9879031787,0.9795950364,0.9795950364
0.24242424,0.09090909,0.9977622221,0,0.9862231634,0.9770038709,0.9770038709
0.25252525,0.09090909,0.9973200235,0,0.9843500448,0.9741594629,0.9741594629
0.26262626,0.09090909,0.9968022289,0,0.9822623846,0.9710397885,0.9710397885
0.27272727,0.09090909,0.9961968480,0,0.9799360506,0.9676206847,0.9676206847
0.28282828,0.09090909,0.9954899479,0,0.9773438308,0.9638756164,0.9638756164
0.29292929,0.09090909,0.9946653089,0,0.9744549858,0.9597754158,0.9597754158
0.30303030,0.09090909,0.9937040134,0,0.9712347291,0.9552879927,0.9552879927
0.31313131,0.09090909,0.9925839506,0,0.9676436226,0.9503780123,0.9503780123
0.32323232,0.09090909,0.9912792213,0,0.9636368729,0.9450065389,0.9450065389
0.33333333,0.09090909,0.9897594182,0,0.9591635113,0.9391306436,0.9391306436
0.34343434,0.09090909,0.9879887534,0,0.9541654394,0.9327029755,0.9327029755
0.35353535,0.09090909,0.9859249989,0,0.9485763180,0.9256712995,0.9256712995
0.36363636,0.09090909,0.9835181944,0,0.9423202762,0.9179780043,0.9179780043
0.37373737,0.09090909,0.9807090684,0,0.9353104152,0.9095595932,0.9095595932
0.38383838,0.09090909,0.9774271054,0,0.9274470850,0.9003461757,0.9003461757
0.39393939,0.09090909,0.9735881747,0,0.9186159097,0.8902609929,0.8902609929
0.40404040,0.09090909,0.9690916194,0,0.9086855531,0.8792200253,0.8792200253
0.41414141,0.09090909,0.9638166848,0,0.8975052286,0.8671317621,0.8671317621
0.42424242,0.09090909,0.9576181425,0,0.8849019910,0.8538972477,0.8538972477
0.43434343,0.09090909,0.9503209510,0,0.8706779013,0.8394105739,0.8394105739
0.44444444,0.09090909,0.9417137882,0,0.8546072410,0.8235600627,0.8235600627
0.45454545,0.09090909,0.9315413048,0,0.8364340853,0.8062304781,0.8062304781
0.46464646,0.09090909,0.9194950174,0,0.8158707422,0.7873067196,0.7873067196
0.47474747,0.09090909,0.9052029084,0,0.7925978503,0.7666795847,0.7666795847
0.48484848,0.09090909,0.8882181015,0,0.7662673010,0.7442542910,0.7442542910
0.49494949,0.09090909,0.8680075182,0,0.7365096194,0.7199624949,0.7199624949
0.50505051,0.09090909,0.8439423183,0,0.7029479203,0.6937783958,0.6937783958
0.51515152,0.09090909,0.8152933001,0,0.6652208986,0.6657390352,0.6657390352
0.52525253,0.09090909,0.7812363545,0,0.6230171966,0.6359678758,0.6359678758
0.53535354,0.09090909,0.7408753513,0,0.5761224219,0.6046990177,0.6046990177
0.54545455,0.09090909,0.6932918323,0,0.5244774722,0.5722970536,0.5722970536
0.55555556,0.09090909,0.6376310566,0,0.4682422989,0.5392651601,0.5392651601
0.56565657,0.09090909,0.5732298014,0,0.4078532658,0.5062329006,0.5062329006
0.57575758,0.09090909,0.4997800861,0,0.3440568413,0.4739172325,0.4739172325
0.58585859,0.09090909,0.4175039496,0,0.2779010737,0.4430566637,0.4430566637
0.59595960,0.09090909,0.3272925459,0,0.2106728054,0.4143284242,0.4143284242
0.60606061,0.09090909,0.2307508448,0,0.1437834520,0.3882676548,0.3882676548
0.61616162,0.09090909,0.1301025346,0,0.0786243759,0.3652102072,0.3652102072
0.62626263,0.09090909,0.0279531149,0,0.0164252489,0.3452737012,0.3452737012
0.63636364,0.09090909,-0.0730347074,0,-0.0418520094,0.3283779909,0.3283779909
0.64646465,0.09090909,-0.1704630042,0,-0.0955647741,0.3142934995,0.3142934995
0.65656566,0.09090909,-0.2624340632,0,-0.1443864683,0.3027001095,0.3027001095
0.66666667,0.09090909,-0.3476576045,0,-0.1882627421,0.2932414061,0.2932414061
0.67676768,0.09090909,-0.4254377860,0,-0.2273468764,0.2855655824,0.2855655824
0.68686869,0.09090909,-0.4955795931,0,-0.2619319535,0.2793509382,0.2793509382
0.69696970,0.09090909,-0.5582606336,0,-0.2923912081,0.2743181929,0.2743181929
0.70707071,0.09090909,-0.6139037882,0,-0.3191316644,0.2702334887,0.2702334887
0.71717172,0.09090909,-0.6630704180,0,-0.3425616099,0.2669058398,0.2669058398
0.72727273,0.09090909,-0.7063806976,0,-0.3630699847,0.2641818926,0.2641818926
0.73737374,0.09090909,-0.7444596480,0,-0.3810148911,0.2619398494,0.2619398494
0.74747475,0.09090909,-0.7779039337,0,-0.3967184945,0.2600835948,0.2600835948
0.75757576,0.09090909,-0.8072638045,0,-0.4104660684,0.2585375104,0.2585375104
0.76767677,0.09090909,-0.8330352565,0,-0.4225075110,0.2572421335,0.2572421335
0.77777778,0.09090909,-0.8556586174,0,-0.4330601791,0.2561506400,0.2561506400
0.78787879,0.09090909,-0.8755208687,0,-0.4423122880,0.2552260534,0.2552260534
0.79797980,0.09090909,-0.8929599136,0,-0.4504264191,0.2544390613,0.2544390613
0.80808081,0.09090909,-0.9082696582,0,-0.4575428739,0.2537663183,0.2537663183
0.81818182,0.09090909,-0.9217052321,0,-0.4637827432,0.2531891346,0.2531891346
0.82828283,0.09090909,-0.9334879694,0,-0.4692506361,0.2526924636,0.2526924636
0.83838384,0.09090909,-0.9438099636,0,-0.4740370645,0.2522641201,0.2522641201
0.84848485,0.09090909,-0.9528381227,0,-0.4782204986,0.2518941759,0.2518941759
0.85858586,0.09090909,-0.9607177163,0,-0.4818691258,0.2515744914,0.2515744914
0.86868687,0.09090909,-0.9675754428,0,-0.4850423472,0.2512983510,0.2512983510
0.87878788,0.09090909,-0.9735220622,0,-0.4877920469,0.2510601791,0.2510601791
0.88888889,0.09090909,-0.9786546440,0,-0.4901636668,0.2508553166,0.2508553166
0.89898990,0.09090909,-0.9830584816,0,-0.4921971153,0.2506798458,0.2506798458
0.90909091,0.09090909,-0.9868087208,0,-0.4939275375,0.2505304518,0.2505304518
0.91919192,0.09090909,-0.9899717432,0,-0.4953859670,0.2504043117,0.2504043117
0.92929293,0.09090909,-0.9926063434,0,-0.4965998795,0.2502990073,0.2502990073
0.93939394,0.09090909,-0.9947647310,0,-0.4975936626,0.2502124543,0.2502124543
0.94949495,0.09090909,-0.9964933853,0,-0.4983890169,0.2501428454,0.2501428454
0.95959596,0.09090909,-0.9978337847,0,-0.4990052976,0.2500886050,0.2500886050
0.96969697,0.09090909,-0.9988230318,0,-0.4994598079,0.2500483512,0.2500483512
0.97979798,0.09090909,-0.9994943899,0,-0.4997680498,0.2500208658,0.2500208658
0.98989899,0.09090909,-0.9998777443,0,-0.4999439407,0.2500050692,0.2500050692
1.00000000,0.09090909,-1.0000000000,0,-0.5000000000,0.2500000000,0.2500000000
0.00000000,0.15151515,1.0000000000,0,1.0000000000,1.0000000000,1.0000000000
0.01010101,0.15151515,0.9999999379,0,0.9999892260,0.9999785762,0.9999785762
0.02020202,0.15151515,0.9999994834,0,0.9999555414,0.9999121180,0.9999121180
0.03030303,0.15151515,0.9999981855,0,0.9998967597,0.9997971584,0.9997971584
0.04040404,0.15151515,0.9999955216,0,0.9998104879,0.9996299652,0.9996299652
0.05050505,0.15151515,0.9999908875,0,0.9996941054,0.9994065184,0.9994065184
0.06060606,0.15151515,0.9999835864,0,0.9995447401,0.9991224856,0.9991224856
0.07070707,0.15151515,0.9999728154,0,0.9993592413,0.9987731950,0.9987731950
0.08080808,0.15151515,0.9999576518,0,0.9991341505,0.9983536058,0.9983536058
0.09090909,0.15151515,0.9999370356,0,0.9988656671,0.9978582761,0.9978582761
0.10101010,0.15151515,0.9999097505,0,0.9985496113,0.9972813265,0.9972813265
0.11111111,0.15151515,0.9998744020,0,0.9981813818,0.9966164013,0.9966164013
0.12121212,0.15151515,0.9998293920,0,0.9977559081,0.9958566255,0.9958566255
0.13131313,0.15151515,0.9997728896,0,0.9972675971,0.9949945563,0.9949945563
0.14141414,0.15151515,0.9997027976,0,0.9967102726,0.9940221313,0.9940221313
0.15151515,0.15151515,0.9996167140,0,0.9960771070,0.9929306099,0.9929306099
0.16161616,0.15151515,0.9995118870,0,0.9953605438,0.9917105096,0.9917105096
0.17171717,0.15151515,0.9993851631,0,0.9945522104,0.9903515341,0.9903515341
0.18181818,0.15151515,0.9992329276,0,0.9936428180,0.9888424954,0.9888424954
0.19191919,0.15151515,0.9990510342,0,0.9926220488,0.9871712262,0.9871712262
0.20202020,0.15151515,0.9988347238,0,0.9914784266,0.9853244828,0.9853244828
0.21212121,0.15151515,0.9985785299,0,0.9901991701,0.9832878382,0.9832878382
0.22222222,0.15151515,0.9982761673,0,0.9887700240,0.9810455620,0.9810455620
0.23232323,0.15151515,0.9979204022,0,0.9871750669,0.9785804882,0.9785804882
0.24242424,0.15151515,0.9975028995,0,0.9853964897,0.9758738670,0.9758738670
0.25252525,0.15151515,0.9970140425,0,0.9834143421,0.9729052010,0.9729052010
0.26262626,0.15151515,0.9964427207,0,0.9812062403,0.9696520623,0.9696520623
0.27272727,0.15151515,0.9957760781,0,0.9787470303,0.9660898893,0.9660898893
0.28282828,0.15151515,0.9949992144,0,0.9760083991,0.9621917620,0.9621917620
0.29292929,0.15151515,0.9940948302,0,0.9729584259,0.9579281514,0.9579281514
0.30303030,0.15151515,0.9930428019,0,0.9695610629,0.9532666437,0.9532666437
0.31313131,0.15151515,0.9918196746,0,0.9657755332,0.9481716360,0.9481716360
0.32323232,0.15151515,0.9903980520,0,0.9615556349,0.9426040027,0.9426040027
0.33333333,0.15151515,0.9887458626,0,0.9568489342,0.9365207334,0.9365207334
0.34343434,0.15151515,0.9868254741,0,0.9515958314,0.9298745424,0.9298745424
0.35353535,0.15151515,0.9845926206,0,0.9457284816,0.9226134553,0.9226134553
0.36363636,0.15151515,0.9819951020,0,0.9391695504,0.9146803807,0.9146803807
0.37373737,0.15151515,0.9789712019,0,0.9318307856,0.9060126803,0.9060126803
0.38383838,0.15151515,0.9754477611,0,0.9236113871,0.8965417629,0.8965417629
0.39393939,0.15151515,0.9713378293,0,0.9143961646,0.8861927356,0.8861927356
0.40404040,0.15151515,0.9665378012,0,0.9040534827,0.8748841715,0.8748841715
0.41414141,0.15151515,0.9609239291,0,0.8924330137,0.8625280721,0.8625280721
0.42424242,0.15151515,0.9543480884,0,0.8793633543,0.8490301461,0.8490301461
0.43434343,0.15151515,0.9466326615,0,0.8646496165,0.8342905740,0.8342905740
0.44444444,0.15151515,0.9375644136,0,0.8480711904,0.8182054928,0.8182054928
0.45454545,0.15151515,0.9268872602,0,0.8293800052,0.8006695205,0.8006695205
0.46464646,0.15151515,0.9142939111,0,0.8082998014,0.7815797329,0.7815797329
0.47474747,0.15151515,0.8994165390,0,0.7845271808,0.7608416012,0.7608416012
0.48484848,0.15151515,0.8818169325,0,0.7577355289,0.7383774661,0.7383774661
0.49494949,0.15151515,0.8609771154,0,0.7275832814,0.7141381036,0.7141381036
0.50505051,0.15151515,0.8362922540,0,0.6937283640,0.6881177406,0.6881177406
0.51515152,0.15151515,0.8070689002,0,0.6558508121,0.6603723736,0.6603723736
0.52525253,0.15151515,0.7725332500,0,0.6136853021,0.6310402815,0.6310402815
0.53535354,0.15151515,0.7318559048,0,0.5670641922,0.6003621249,0.6003621249
0.54545455,0.15151515,0.6842009765,0,0.5159692544,0.5686961235,0.5686961235
0.55555556,0.15151515,0.6288069373,0,0.4605864054,0.5365220580,0.5365220580
0.56565657,0.15151515,0.5651024120,0,0.4013529571,0.5044273340,0.5044273340
0.57575758,0.15151515,0.4928501644,0,0.3389829233,0.4730704593,0.4730704593
0.58585859,0.15151515,0.4122968094,0,0.2744555485,0.4431227854,0.4431227854
0.59595960,0.15151515,0.3242887423,0,0.2089580492,0.4151972472,0.4151972472
0.60606061,0.15151515,0.2303064390,0,0.1437857053,0.3897797414,0.3897797414
0.61616162,0.15151515,0.1323810332,0,0.0802168406,0.3671804700,0.3671804700
0.62626263,0.15151515,0.0328918798,0,0.0193899514,0.3475169959,0.3475169959
0.63636364,0.15151515,-0.0657116781,0,-0.0377902254,0.3307301959,0.3307301959
0.64646465,0.15151515,-0.1611914395,0,-0.0907014096,0.3166242146,0.3166242146
0.65656566,0.15151515,-0.2517342847,0,-0.1390057864,0.3049165675,0.3049165675
0.66666667,0.15151515,-0.3360605348,0,-0.1826159581,0.2952857059,0.2952857059
0.67676768,0.15151515,-0.4134282884,0,-0.2216408431,0.2874082353,0.2874082353
0.68686869,0.15151515,-0.4835631826,0,-0.2563264990,0.2809833313,0.2809833313
0.69696970,0.15151515,-0.5465514067,0,-0.2870022784,0.2757456411,0.2757456411
0.70707071,0.15151515,-0.6027274225,0,-0.3140375554,0.2714696441,0.2714696441
0.71717172,0.15151515,-0.6525756452,0,-0.3378102499,0.2679686096,0.2679686096
0.72727273,0.15151515,-0.6966540664,0,-0.3586859871,0.2650906852,0.2650906852
0.73737374,0.15151515,-0.7355402686,0,-0.3770057222,0.2627138542,0.2627138542
0.74747475,0.15151515,-0.7697964816,0,-0.3930795230,0.2607408020,0.2607408020
0.75757576,0.15151515,-0.7999491464,0,-0.4071845091,0.2590942269,0.2590942269
0.76767677,0.15151515,-0.8264786818,0,-0.4195653948,0.2577128123,0.2577128123
0.77777778,0.15151515,-0.8498159624,0,-0.4304365218,0.2565478964,0.2565478964
0.78787879,0.15151515,-0.8703429186,0,-0.4399846298,0.2555607833,0.2555607833
0.79797980,0.15151515,-0.8883954653,0,-0.4483718865,0.2547206074,0.2547206074
0.80808081,0.15151515,-0.9042675805,0,-0.4557388874,0.2540026535,0.2540026535
0.81818182,0.15151515,-0.9182157916,0,-0.4622074683,0.2533870421,0.2533870421
0.82828283,0.15151515,-0.9304636352,0,-0.4678832528,0.2528577051,0.2528577051
0.83838384,0.15151515,-0.9412058480,0,-0.4728579090,0.2524015869,0.2524015869
0.84848485,0.15151515,-0.9506121734,0,-0.4772111192,0.2520080220,0.2520080220
0.85858586,0.15151515,-0.9588307452,0,-0.4810122816,0.2516682492,0.2516682492
0.86868687,0.15151515,-0.9659910501,0,-0.4843219702,0.2513750299,0.2513750299
0.87878788,0.15151515,-0.9722064972,0,-0.4871931825,0.2511223499,0.2511223499
0.88888889,0.15151515,-0.9775766313,0,-0.4896724020,0.2509051831,0.2509051831
0.89898990,0.15151515,-0.9821890327,0,-0.4918005024,0.2507193050,0.2507193050
0.90909091,0.15151515,-0.9861209416,0,-0.4936135172,0.2505611447,0.2505611447
0.91919192,0.15151515,-0.9894406485,0,-0.4951432936,0.2504276660,0.2504276660
0.92929293,0.15151515,-0.9922086802,0,-0.4964180502,0.2503162734,0.2503162734
0.93939394,0.15151515,-0.9944788155,0,-0.4974628520,0.2502247352,0.2502247352
0.94949495,0.15151515,-0.9962989532,0,-0.4983000168,0.2501511223,0.2501511223
0.95959596,0.15151515,-0.9977118562,0,-0.4989494627,0.2500937578,0.2500937578
0.96969697,0.15151515,-0.9987557906,0,-0.4994290058,0.2500511768,0.2500511768
0.97979798,0.15151515,-0.9994650744,0,-0.4997546174,0.2500220926,0.2500220926
0.98989899,0.15151515,-0.9998705514,0,-0.4999406443,0.2500053694,0.2500053694
1.00000000,0.15151515,-1.0000000000,0,-0.5000000000,0.2500000000,0.2500000000
0.00000000,0.21212121,1.0000000000,0,1.0000000000,1.0000000000,1.0000000000
0.01010101,0.21212121,0.9999999237,0,0.9999882020,0.9999765566,0.9999765566
0.02020202,0.21212121,0.9999993663,0,0.9999513040,0.9999038777,0.9999038777
0.03030303,0.21212121,0.9999977769,0,0.9998868927,0.9997782433,0.9997782433
0.04040404,0.21212121,0.9999945202,0,0.9997923277,0.9995956536,0.9995956536
0.05050505,0.21212121,0.9999888645,0,0.9996647186,0.9993518061,0.9993518061
0.06060606,0.21212121,0.9999799690,0,0.9995008988,0.9990420700,0.9990420700
0.07070707,0.21212121,0.9999668691,0,0.9992973963,0.9986614583,0.9986614583
0.08080808,0.21212121,0.9999484598,0,0.9990504016,0.9982045975,0.9982045975
0.09090909,0.21212121,0.9999234767,0,0.9987557313,0.9976656944,0.9976656944
0.10101010,0.21212121,0.9998904739,0,0.9984087878,0.9970384989,0.9970384989
0.11111111,0.21212121,0.9998477997,0,0.9980045132,0.9963162647,0.9963162647
0.12121212,0.21212121,0.9997935673,0,0.9975373390,0.9954917044,0.9954917044
0.13131313,0.21212121,0.9997256231,0,0.9970011281,0.9945569415,0.9945569415
0.14141414,0.21212121,0.9996415083,0,0.9963891103,0.9935034570,0.9935034570
0.15151515,0.21212121,0.9995384165,0,0.9956938097,0.9923220302,0.9923220302
0.16161616,0.21212121,0.9994131433,0,0.9949069619,0.9910026746,0.9910026746
0.17171717,0.21212121,0.9992620297,0,0.9940194215,0.9895345657,0.9895345657
0.18181818,0.21212121,0.9990808950,0,0.9930210566,0.9879059629,0.9879059629
0.19191919,0.21212121,0.9988649607,0,0.9919006295,0.9861041222,0.9861041222
0.20202020,0.21212121,0.9986087610,0,0.9906456610,0.9841151998,0.9841151998
0.21212121,0.21212121,0.9983060392,0,0.9892422768,0.9819241465,0.9819241465
0.22222222,0.21212121,0.9979496272,0,0.9876750313,0.9795145897,0.9795145897
0.23232323,0.21212121,0.9975313043,0,0.9859267085,0.9768687042,0.9768687042
0.24242424,0.21212121,0.9970416322,0,0.9839780929,0.9739670688,0.9739670688
0.25252525,0.21212121,0.9964697616,0,0.9818077086,0.9707885080,0.9707885080
0.26262626,0.21212121,0.9958032048,0,0.9793915211,0.9673099176,0.9673099176
0.27272727,0.21212121,0.9950275673,0,0.9767025942,0.9635060730,0.9635060730
0.28282828,0.21212121,0.9941262309,0,0.9737106977,0.9593494182,0.9593494182
0.29292929,0.21212121,0.9930799789,0,0.9703818575,0.9548098351,0.9548098351
0.30303030,0.21212121,0.9918665500,0,0.9666778377,0.9498543925,0.9498543925
0.31313131,0.21212121,0.9904601081,0,0.9625555473,0.9444470739,0.9444470739
0.32323232,0.21212121,0.9888306093,0,0.9579663593,0.9385484862,0.9385484862
0.33333333,0.21212121,0.9869430447,0,0.9528553298,0.9321155508,0.9321155508
0.34343434,0.21212121,0.9847565329,0,0.9471603050,0.9251011828,0.9251011828
0.35353535,0.21212121,0.9822232291,0,0.9408109031,0.9174539654,0.9174539654
0.36363636,0.21212121,0.9792870138,0,0.9337273582,0.9091178329,0.9091178329
0.37373737,0.21212121,0.9758819115,0,0.9258192174,0.9000317832,0.9000317832
0.38383838,0.21212121,0.9719301856,0,0.9169838852,0.8901296477,0.8901296477
0.39393939,0.21212121,0.9673400410,0,0.9071050202,0.8793399639,0.8793399639
0.40404040,0.21212121,0.9620028592,0,0.8960508034,0.8675860122,0.8675860122
0.41414141,0.21212121,0.9557898804,0,0.8836721231,0.8547861039,0.8547861039
0.42424242,0.21212121,0.9485482396,0,0.8698007595,0.8408542438,0.8408542438
0.43434343,0.21212121,0.9400962732,0,0.8542477091,0.8257013288,0.8257013288
0.44444444,0.21212121,0.9302180270,0,0.8368018742,0.8092371003,0.8092371003
0.45454545,0.21212121,0.9186569520,0,0.8172294618,0.7913731259,0.7913731259
0.46464646,0.21212121,0.9051088757,0,0.7952745942,0.7720271438,0.7720271438
0.47474747,0.21212121,0.8892145201,0,0.7706618377,0.7511291490,0.7511291490
0.48484848,0.21212121,0.8705521472,0,0.7431015971,0.7286295954,0.7286295954
0.49494949,0.21212121,0.8486313991,0,0.7122995583,0.7045099922,0.7045099922
0.50505051,0.21212121,0.8228901163,0,0.6779715295,0.6787959167,0.6787959167
0.51515152,0.21212121,0.7926968877,0,0.6398649860,0.6515719586,0.6515719586
0.52525253,0.21212121,0.7573632478,0,0.5977881585,0.6229972975,0.6229972975
0.53535354,0.21212121,0.7161705345,0,0.5516463658,0.5933195045,0.5933195045
0.54545455,0.21212121,0.6684168914,0,0.5014832799,0.5628829355,0.5628829355
0.55555556,0.21212121,0.6134887591,0,0.4475219563,0.5321272209,0.5321272209
0.56565657,0.21212121,0.5509572032,0,0.3901973549,0.5015715692,0.5015715692
0.57575758,0.21212121,0.4806916515,0,0.3301699603,0.4717826397,0.4717826397
0.58585859,0.21212121,0.4029726569,0,0.2683107411,0.4433277945,0.4433277945
0.59595960,0.21212121,0.3185746656,0,0.2056523904,0.4167206790,0.4167206790
0.60606061,0.21212121,0.2287858609,0,0.1433102188,0.3923701456,0.3923701456
0.61616162,0.21212121,0.1353414331,0,0.0823854924,0.3705441329,0.3705441329
0.62626263,0.21212121,0.0402700743,0,0.0238702126,0.3513562733,0.3513562733
0.63636364,0.21212121,-0.0543172609,0,-0.0314278845,0.3347761984,0.3347761984
0.64646465,0.21212121,-0.1464468285,0,-0.0829279550,0.3206579187,0.3206579187
0.65656566,0.21212121,-0.2344597034,0,-0.1302838937,0.3087770661,0.3087770661
0.66666667,0.21212121,-0.3171159498,0,-0.1733635520,0.2988680026,0.2988680026
0.67676768,0.21212121,-0.3936201456,0,-0.2122100461,0.2906546289,0.2906546289
0.68686869,0.21212121,-0.4635842978,0,-0.2469961574,0.2838722624,0.2838722624
0.69696970,0.21212121,-0.5269536798,0,-0.2779803006,0.2782807448,0.2782807448
0.70707071,0.21212121,-0.5839198747,0,-0.3054690679,0.2736704866,0.2736704866
0.71717172,0.21212121,-0.6348382700,0,-0.3297883076,0.2698635996,0.2698635996
0.72727273,0.21212121,-0.6801592230,0,-0.3512626101,0.2667120670,0.2667120670
0.73737374,0.21212121,-0.7203758078,0,-0.3702019755,0.2640944196,0.2640944196
0.74747475,0.21212121,-0.7559872071,0,-0.3868940579,0.2619118972,0.2619118972
0.75757576,0.21212121,-0.7874750348,0,-0.4016004318,0.2600846693,0.2600846693
0.76767677,0.21212121,-0.8152894497,0,-0.4145555742,0.2585484114,0.2585484114
0.77777778,0.21212121,-0.8398421993,0,-0.4259675603,0.2572513530,0.2572513530
0.78787879,0.21212121,-0.8615042895,0,-0.4360197481,0.2561518112,0.2561518112
0.79797980,0.21212121,-0.8806065555,0,-0.4448729601,0.2552161723,0.2552161723
0.80808081,0.21212121,-0.8974419205,0,-0.4526678398,0.2544172637,0.2544172637
0.81818182,0.21212121,-0.9122685241,0,-0.4595271879,0.2537330509,0.2537330509
0.82828283,0.21212121,-0.9253131906,0,-0.4655581634,0.2531456016,0.2531456016
0.83838384,0.21212121,-0.9367749161,0,-0.4708542950,0.2526402639,0.2526402639
0.84848485,0.21212121,-0.9468281861,0,-0.4754972799,0.2522050149,0.2522050149
0.85858586,0.21212121,-0.9556260281,0,-0.4795585694,0.2518299457,0.2518299457
0.86868687,0.21212121,-0.9633027577,0,-0.4831007527,0.2515068519,0.2515068519
0.87878788,0.21212121,-0.9699764125,0,-0.4861787572,0.2512289085,0.2512289085
0.88888889,0.21212121,-0.9757508876,0,-0.4888408831,0.2509904111,0.2509904111
0.89898990,0.21212121,-0.9807177954,0,-0.4911296943,0.2507865692,0.2507865692
0.90909091,0.21212121,-0.9849580770,0,-0.4930827827,0.2506133400,0.2506133400
0.91919192,0.21212121,-0.9885433960,0,-0.4947334246,0.2504672959,0.2504672959
0.92929293,0.21212121,-0.9915373392,0,-0.4961111433,0.2503455160,0.2503455160
0.93939394,0.21212121,-0.9939964524,0,-0.4972421924,0.2502454999,0.2502454999
0.94949495,0.21212121,-0.9959711324,0,-0.4981499707,0.2501650968,0.2501650968
0.95959596,0.21212121,-0.9975063953,0,-0.4988553791,0.2501024474,0.2501024474
0.96969697,0.21212121,-0.9986425405,0,-0.4993771284,0.2500559373,0.2500559373
0.97979798,0.21212121,-0.9994157225,0,-0.4997320044,0.2500241578,0.2500241578
0.98989899,0.21212121,-0.9998584471,0,-0.4999350972,0.2500058745,0.2500058745
1.00000000,0.21212121,-1.0000000000,0,-0.5000000000,0.2500000000,0.2500000000
0.00000000,0.27272727,1.0000000000,0,1.0000000000,1.0000000000,1.0000000000
0.01010101,0.27272727,0.9999999010,0,0.9999866620,0.9999735221,0.9999735221
0.02020202,0.27272727,0.9999991784,0,0.9999449244,0.9998914949,0.9998914949
0.03030303,0.27272727,0.9999971214,0,0.9998720219,0.9997498159,0.9997498159
0.04040404,0.27272727,0.9999929135,0,0.9997649298,0.9995440814,0.9995440814
0.05050505,0.27272727,0.9999856182,0,0.9996203377,0.9992695619,0.9992695619
0.06060606,0.27272727,0.9999741640,0,0.9994346203,0.9989211758,0.9989211758
0.07070707,0.27272727,0.9999573263,0,0.9992038045,0.9984934598,0.9984934598
0.08080808,0.27272727,0.9999337079,0,0.9989235335,0.9979805378,0.9979805378
0.09090909,0.27272727,0.9999017159,0,0.9985890261,0.9973760859,0.9973760859
0.10101010,0.27272727,0.9998595359,0,0.9981950313,0.9966732945,0.9966732945
0.11111111,0.27272727,0.9998051028,0,0.9977357777,0.9958648269,0.9958648269
0.12121212,0.27272727,0.9997360672,0,0.9972049174,0.9949427741,0.9949427741
0.13131313,0.27272727,0.9996497566,0,0.9965954617,0.9938986052,0.9938986052
0.14141414,0.27272727,0.9995431323,0,0.9958997104,0.9927231124,0.9927231124
0.15151515,0.27272727,0.9994127383,0,0.9951091720,0.9914063521,0.9914063521
0.16161616,0.27272727,0.9992546446,0,0.9942144732,0.9899375793,0.9899375793
0.17171717,0.27272727,0.9990643801,0,0.9932052581,0.9883051755,0.9883051755
0.18181818,0.27272727,0.9988368568,0,0.9920700741,0.9864965708,0.9864965708
0.19191919,0.27272727,0.9985662821,0,0.9907962431,0.9844981569,0.9844981569
0.20202020,0.27272727,0.9982460567,0,0.9893697161,0.9822951934,0.9822951934
0.21212121,0.27272727,0.9978686580,0,0.9877749092,0.9798717036,0.9798717036
0.22222222,0.27272727,0.9974255029,0,0.9859945173,0.9772103616,0.9772103616
0.23232323,0.27272727,0.9969067907,0,0.9840093036,0.9742923681,0.9742923681
0.24242424,0.27272727,0.9963013183,0,0.9817978612,0.9710973153,0.9710973153
0.25252525,0.27272727,0.9955962659,0,0.9793363422,0.9676030396,0.9676030396
0.26262626,0.27272727,0.9947769463,0,0.9765981506,0.9637854619,0.9637854619
0.27272727,0.27272727,0.9938265110,0,0.9735535942,0.9596184152,0.9596184152
0.28282828,0.27272727,0.9927256060,0,0.9701694887,0.9550734586,0.9550734586
0.29292929,0.27272727,0.9914519665,0,0.9664087100,0.9501196803,0.9501196803
0.30303030,0.27272727,0.9899799401,0,0.9622296858,0.9447234883,0.9447234883
0.31313131,0.27272727,0.9882799240,0,0.9575858217,0.9388483945,0.9388483945
0.32323232,0.27272727,0.9863176994,0,0.9524248525,0.9324547927,0.9324547927
0.33333333,0.27272727,0.9840536441,0,0.9466881141,0.9254997399,0.9254997399
0.34343434,0.27272727,0.9814417990,0,0.9403097273,0.9179367491,0.9179367491
0.35353535,0.27272727,0.9784287608,0,0.9332156925,0.9097156073,0.9097156073
0.36363636,0.27272727,0.9749523685,0,0.9253228907,0.9007822390,0.9007822390
0.37373737,0.27272727,0.9709401458,0,0.9165379996,0.8910786417,0.8910786417
0.38383838,0.27272727,0.9663074553,0,0.9067563342,0.8805429324,0.8805429324
0.39393939,0.27272727,0.9609553194,0,0.8958606429,0.8691095552,0.8691095552
0.40404040,0.27272727,0.9547678562,0,0.8837199030,0.8567097188,0.8567097188
0.41414141,0.27272727,0.9476092828,0,0.8701881923,0.8432721532,0.8432721532
0.42424242,0.27272727,0.9393204474,0,0.8551037540,0.8287243001,0.8287243001
0.43434343,0.27272727,0.9297148710,0,0.8382884249,0.8129940807,0.8129940807
0.44444444,0.27272727,0.9185743234,0,0.8195476720,0.7960124105,0.7960124105
0.45454545,0.27272727,0.9056440293,0,0.7986715766,0.7777166579,0.7777166579
0.46464646,0.27272727,0.8906277243,0,0.7754372139,0.7580552476,0.7580552476
0.47474747,0.27272727,0.8731829636,0,0.7496129989,0.7369935898,0.7369935898
0.48484848,0.27272727,0.8529173708,0,0.7209656787,0.7145214364,0.7145214364
0.49494949,0.27272727,0.8293868969,0,0.6892707132,0.6906616027,0.6906616027
0.50505051,0.27272727,0.8020976665,0,0.6543267334,0.6654797164,0.6654797164
0.51515152,0.27272727,0.7705135675,0,0.6159745098,0.6390942358,0.6390942358
0.52525253,0.27272727,0.7340722911,0,0.5741202996,0.6116854403,0.6116854403
0.53535354,0.27272727,0.6922128136,0,0.5287624762,0.5835015135,0.5835015135
0.54545455,0.27272727,0.6444169432,0,0.4800189931,0.5548593928,0.5548593928
0.55555556,0.27272727,0.5902660293,0,0.4281516640,0.5261380287,0.5261380287
0.56565657,0.27272727,0.5295107764,0,0.3735819137,0.4977623895,0.4977623895
0.57575758,0.27272727,0.4621472662,0,0.3168922383,0.4701781334,0.4701781334
0.58585859,0.27272727,0.3884866018,0,0.2588088255,0.4438191864,0.4438191864
0.59595960,0.27272727,0.3092011057,0,0.2001639220,0.4190728518,0.4190728518
0.60606061,0.27272727,0.2253296098,0,0.1418411101,0.3962485752,0.3962485752
0.61616162,0.27272727,0.1382303984,0,0.0847112427,0.3755562427,0.3755562427
0.62626263,0.27272727,0.0494825447,0,0.0295696089,0.3570977458,0.3570977458
0.63636364,0.27272727,-0.0392491114,0,-0.0229153054,0.3408722466,0.3408722466
0.64646465,0.27272727,-0.1263593404,0,-0.0722342768,0.3267924078,0.3267924078
0.65656566,0.27272727,-0.2104301240,0,-0.1180486639,0.3147069469,0.3147069469
0.66666667,0.27272727,-0.2903194437,0,-0.1601828508,0.3044246332,0.3044246332
0.67676768,0.27272727,-0.3652026998,0,-0.1986030952,0.2957359128,0.2957359128
0.68686869,0.27272727,-0.4345704753,0,-0.2333890220,0.2884299895,0.2884299895
0.69696970,0.27272727,-0.4981943000,0,-0.2647033079,0.2823067280,0.2823067280
0.70707071,0.27272727,-0.5560745682,0,-0.2927635237,0.2771838131,0.2771838131
0.71717172,0.27272727,-0.6083830741,0,-0.3178183733,0.2729001378,0.2729001378
0.72727273,0.27272727,-0.6554089152,0,-0.3401291383,0.2693165165,0.2693165165
0.73737374,0.27272727,-0.6975125960,0,-0.3599561723,0.2663147008,0.2663147008
0.74747475,0.27272727,-0.7350900517,0,-0.3775497640,0.2637954593,0.2637954593
0.75757576,0.27272727,-0.7685463013,0,-0.3931444902,0.2616762537,0.2616762537
0.76767677,0.27272727,-0.7982773948,0,-0.4069561880,0.2598888519,0.2598888519
0.77777778,0.27272727,-0.8246589536,0,-0.4191807866,0.2583770762,0.2583770762
0.78787879,0.27272727,-0.8480396456,0,-0.4299943880,0.2570947826,0.2570947826
0.79797980,0.27272727,-0.8687381644,0,-0.4395541336,0.2560041087,0.2560041087
0.80808081,0.27272727,-0.8870425774,0,-0.4479995232,0.2550739874,0.2550739874
0.81818182,0.27272727,-0.9032111868,0,-0.4554539528,0.2542789067,0.2542789067
0.82828283,0.27272727,-0.9174742883,0,-0.4620263197,0.2535978854,0.2535978854
0.83838384,0.27272727,-0.9300364026,0,-0.4678125950,0.2530136345,0.2530136345
0.84848485,0.27272727,-0.9410786927,0,-0.4728973089,0.2525118735,0.2525118735
0.85858586,0.27272727,-0.9507613892,0,-0.4773549156,0.2520807749,0.2520807749
0.86868687,0.27272727,-0.9592261103,0,-0.4812510279,0.2517105141,0.2517105141
0.87878788,0.27272727,-0.9665980188,0,-0.4846435178,0.2513929044,0.2513929044
0.88888889,0.27272727,-0.9729877852,0,-0.4875834905,0.2511211015,0.2511211015
0.89898990,0.27272727,-0.9784933506,0,-0.4901161394,0.2508893639,0.2508893639
0.90909091,0.27272727,-0.9832014930,0,-0.4922814944,0.2506928582,0.2506928582
0.91919192,0.27272727,-0.9871892088,0,-0.4941150733,0.2505275010,0.2505275010
0.92929293,0.27272727,-0.9905249258,0,-0.4956484487,0.2503898299,0.2503898299
0.93939394,0.27272727,-0.9932695639,0,-0.4969097402,0.2502768980,0.2502768980
0.94949495,0.27272727,-0.9954774600,0,-0.4979240417,0.2501861883,0.2501861883
0.95959596,0.27272727,-0.9971971735,0,-0.4987137919,0.2501155423,0.2501155423
0.96969697,0.27272727,-0.9984721881,0,-0.4992990962,0.2500631025,0.2500631025
0.97979798,0.27272727,-0.9993415214,0,-0.4996980056,0.2500272636,0.2500272636
0.98989899,0.27272727,-0.9998402556,0,-0.4999267602,0.2500066335,0.2500066335
1.00000000,0.27272727,-1.0000000000,0,-0.5000000000,0.2500000000,0.2500000000
0.00000000,0.33333333,1.0000000000,0,1.0000000000,1.0000000000,1.0000000000
0.01010101,0.33333333,0.9999998663,0,0.9999844795,0.9999692266,0.9999692266
0.02020202,0.33333333,0.9999988914,0,0.9999358719,0.9998739650,0.9998739650
0.03030303,0.33333333,0.9999961201,0,0.9998508946,0.9997095690,0.9997095690
0.04040404,0.33333333,0.9999904591,0,0.9997259568,0.9994710604,0.9994710604
0.05050505,0.33333333,0.9999806593,0,0.9995571294,0.9991531032,0.9991531032
0.06060606,0.33333333,0.9999652964,0,0.9993401101,0.9987499751,0.9987499751
0.07070707,0.33333333,0.9999427487,0,0.9990701863,0.9982555368,0.9982555368
0.08080808,0.33333333,0.9999111722,0,0.9987421920,0.9976631987,0.9976631987
0.09090909,0.33333333,0.9998684725,0,0.9983504618,0.9969658842,0.9969658842
0.10101010,0.33333333,0.9998122722,0,0.9978887781,0.9961559907,0.9961559907
0.11111111,0.33333333,0.9997398751,0,0.9973503132,0.9952253457,0.9952253457
0.12121212,0.33333333,0.9996482245,0,0.9967275644,0.9941651606,0.9941651606
0.13131313,0.33333333,0.9995338564,0,0.9960122820,0.9929659796,0.9929659796
0.14141414,0.33333333,0.9993928461,0,0.9951953881,0.9916176239,0.9916176239
0.15151515,0.33333333,0.9992207471,0,0.9942668866,0.9901091314,0.9901091314
0.16161616,0.33333333,0.9990125213,0,0.9932157624,0.9884286914,0.9884286914
0.17171717,0.33333333,0.9987624598,0,0.9920298683,0.9865635728,0.9865635728
0.18181818,0.33333333,0.9984640913,0,0.9906957984,0.9845000469,0.9845000469
0.19191919,0.33333333,0.9981100780,0,0.9891987469,0.9822233034,0.9822233034
0.20202020,0.33333333,0.9976920954,0,0.9875223490,0.9797173598,0.9797173598
0.21212121,0.33333333,0.9972006941,0,0.9856485028,0.9769649632,0.9769649632
0.22222222,0.33333333,0.9966251412,0,0.9835571704,0.9739474850,0.9739474850
0.23232323,0.33333333,0.9959532369,0,0.9812261535,0.9706448080,0.9706448080
0.24242424,0.33333333,0.9951711023,0,0.9786308432,0.9670352059,0.9670352059
0.25252525,0.33333333,0.9942629350,0,0.9757439394,0.9630952158,0.9630952158
0.26262626,0.33333333,0.9932107244,0,0.9725351366,0.9587995048,0.9587995048
0.27272727,0.33333333,0.9919939234,0,0.9689707735,0.9541207308,0.9541207308
0.28282828,0.33333333,0.9905890651,0,0.9650134428,0.9490294012,0.9490294012
0.29292929,0.33333333,0.9889693186,0,0.9606215563,0.9434937314,0.9434937314
0.30303030,0.33333333,0.9871039719,0,0.9557488656,0.9374795084,0.9374795084
0.31313131,0.33333333,0.9849578294,0,0.9503439333,0.9309499648,0.9309499648
0.32323232,0.33333333,0.9824905108,0,0.9443495548,0.9238656731,0.9238656731
0.33333333,0.33333333,0.9796556351,0,0.9377021337,0.9161844714,0.9161844714
0.34343434,0.33333333,0.9763998717,0,0.9303310118,0.9078614364,0.9078614364
0.35353535,0.33333333,0.9726618379,0,0.9221577665,0.8988489243,0.8988489243
0.36363636,0.33333333,0.9683708234,0,0.9130954882,0.8890967075,0.8890967075
0.37373737,0.33333333,0.9634453184,0,0.9030480647,0.8785522412,0.8785522412
0.38383838,0.33333333,0.9577913259,0,0.8919095099,0.8671611046,0.8671611046
0.39393939,0.33333333,0.9513004407,0,0.8795633899,0.8548676701,0.8548676701
0.40404040,0.33333333,0.9438476885,0,0.8658824266,0.8416160673,0.8416160673
0.41414141,0.33333333,0.9352891309,0,0.8507283811,0.8273515184,0.8273515184
0.42424242,0.33333333,0.9254592686,0,0.8339523592,0.8120221289,0.8120221289
0.43434343,0.33333333,0.9141683143,0,0.8153957196,0.7955812259,0.7955812259
0.44444444,0.33333333,0.9011994642,0,0.7948918103,0.7779903235,0.7779903235
0.45454545,0.33333333,0.8863063826,0,0.7722688045,0.7592227800,0.7592227800
0.46464646,0.33333333,0.8692112265,0,0.7473539372,0.7392681569,0.7392681569
0.47474747,0.33333333,0.8496036884,0,0.7199794588,0.7181372161,0.7181372161
0.48484848,0.33333333,0.8271417186,0,0.6899905797,0.6958673677,0.6958673677
0.49494949,0.33333333,0.8014547865,0,0.6572555799,0.6725282157,0.6725282157
0.50505051,0.33333333,0.7721507336,0,0.6216780458,0.6482266543,0.6482266543
0.51515152,0.33333333,0.7388273836,0,0.5832108703,0.6231107633,0.6231107633
0.52525253,0.33333333,0.7010900301,0,0.5418712048,0.5973715889,0.5973715889
0.53535354,0.33333333,0.6585755940,0,0.4977550155,0.5712418608,0.5712418608
0.54545455,0.33333333,0.6109835085,0,0.4510493806,0.5449908433,0.5449908433
0.55555556,0.33333333,0.5581121891,0,0.4020403023,0.5189149305,0.5189149305
0.56565657,0.33333333,0.4998983202,0,0.3511138038,0.4933242370,0.4933242370
0.57575758,0.33333333,0.4364544065,0,0.2987485702,0.4685262261,0.4685262261
0.58585859,0.33333333,0.3680985719,0,0.2454994346,0.4448081411,0.4448081411
0.59595960,0.33333333,0.2953700603,0,0.1919724615,0.4224204392,0.4224204392
0.60606061,0.33333333,0.2190248518,0,0.1387939238,0.4015633951,0.4015633951
0.61616162,0.33333333,0.1400084392,0,0.0865766850,0.3823785108,0.3823785108
0.62626263,0.33333333,0.0594067299,0,0.0358880324,0.3649454919,0.3649454919
0.63636364,0.33333333,-0.0216197027,0,-0.0127773099,0.3492845865,0.3492845865
0.64646465,0.33333333,-0.1019094014,0,-0.0590163045,0.3353632898,0.3353632898
0.65656566,0.33333333,-0.1803717262,0,-0.1025276363,0.3231059584,0.3231059584
0.66666667,0.33333333,-0.2560471643,0,-0.1431129080,0.3124047813,0.3124047813
0.67676768,0.33333333,-0.3281497040,0,-0.1806704018,0.3031307451,0.3031307451
0.68686869,0.33333333,-0.3960885299,0,-0.2151834838,0.2951435771,0.2951435771
0.69696970,0.33333333,-0.4594700184,0,-0.2467059006,0.2883000503,0.2883000503
0.70707071,0.33333333,-0.5180837828,0,-0.2753460027,0.2824603910,0.2824603910
0.71717172,0.33333333,-0.5718779188,0,-0.3012514834,0.2774928083,0.2774928083
0.72727273,0.33333333,-0.6209287061,0,-0.3245956993,0.2732763488,0.2732763488
0.73737374,0.33333333,-0.6654092115,0,-0.3455661483,0.2697023728,0.2697023728
0.74747475,0.33333333,-0.7055599848,0,-0.3643552892,0.2666749808,0.2666749808
0.75757576,0.33333333,-0.7416637399,0,-0.3811536140,0.2641106965,0.2641106965
0.76767677,0.33333333,-0.7740248231,0,-0.3961447174,0.2619376701,0.2619376701
0.77777778,0.33333333,-0.8029534868,0,-0.4095020355,0.2600946104,0.2600946104
0.78787879,0.33333333,-0.8287545088,0,-0.4213869101,0.2585295992,0.2585295992
0.79797980,0.33333333,-0.8517194684,0,-0.4319476581,0.2571988952,0.2571988952
0.80808081,0.33333333,-0.8721219304,0,-0.4413193721,0.2560657942,0.2560657942
0.81818182,0.33333333,-0.8902148331,0,-0.4496242258,0.2550995857,0.2550995857
0.82828283,0.33333333,-0.9062294760,0,-0.4569721082,0.2542746227,0.2542746227
0.83838384,0.33333333,-0.9203756141,0,-0.4634614532,0.2535695100,0.2535695100
0.84848485,0.33333333,-0.9328422785,0,-0.4691801681,0.2529664062,0.2529664062
0.85858586,0.33333333,-0.9437990383,0,-0.4742065936,0.2524504306,0.2524504306
0.86868687,0.33333333,-0.9533975005,0,-0.4786104489,0.2520091640,0.2520091640
0.87878788,0.33333333,-0.9617729039,0,-0.4824537331,0.2516322306,0.2516322306
0.88888889,0.33333333,-0.9690457132,0,-0.4857915659,0.2513109499,0.2513109499
0.89898990,0.33333333,-0.9753231523,0,-0.4886729596,0.2510380480,0.2510380480
0.90909091,0.33333333,-0.9807006420,0,-0.4911415186,0.2508074186,0.2508074186
0.91919192,0.33333333,-0.9852631214,0,-0.4932360676,0.2506139252,0.2506139252
0.92929293,0.33333333,-0.9890862486,0,-0.4949912128,0.2504532380,0.2504532380
0.93939394,0.33333333,-0.9922374795,0,-0.4964378392,0.2503216993,0.2503216993
0.94949495,0.33333333,-0.9947770305,0,-0.4976035512,0.2502162117,0.2502162117
0.95959596,0.33333333,-0.9967587323,0,-0.4985130597,0.2501341463,0.2501341463
0.96969697,0.33333333,-0.9982307849,0,-0.4991885239,0.2500732664,0.2500732664
0.97979798,0.33333333,-0.9992364227,0,-0.4996498504,0.2500316642,0.2500316642
0.98989899,0.33333333,-0.9998144992,0,-0.4999149564,0.2500077083,0.2500077083
1.00000000,0.33333333,-1.0000000000,0,-0.5000000000,0.2500000000,0.2500000000
0.00000000,0.39393939,1.0000000000,0,1.0000000000,1.0000000000,1.0000000000
0.01010101,0.39393939,0.9999998147,0,0.9999814941,0.9999633591,0.9999633591
0.02020202,0.39393939,0.9999984644,0,0.9999234708,0.9998500183,0.9998500183
0.03030303,0.39393939,0.9999946303,0,0.9998219094,0.9996545861,0.9996545861
0.04040404,0.39393939,0.9999868072,0,0.9996724108,0.9993712977,0.9993712977
0.05050505,0.39393939,0.9999732806,0,0.9994701607,0.9989939865,0.9989939865
0.06060606,0.39393939,0.9999521012,0,0.9992098885,0.9985160543,0.9985160543
0.07070707,0.39393939,0.9999210565,0,0.9988858213,0.9979304379,0.9979304379
0.08080808,0.39393939,0.9998776378,0,0.9984916334,0.9972295734,0.9972295734
0.09090909,0.39393939,0.9998190041,0,0.9980203909,0.9964053584,0.9964053584
0.10101010,0.39393939,0.9997419407,0,0.9974644887,0.9954491097,0.9954491097
0.11111111,0.39393939,0.9996428124,0,0.9968155826,0.9943515190,0.9943515190
0.12121212,0.39393939,0.9995175112,0,0.9960645128,0.9931026043,0.9931026043
0.13131313,0.39393939,0.9993613963,0,0.9952012189,0.9916916575,0.9916916575
0.14141414,0.39393939,0.9991692266,0,0.9942146462,0.9901071888,0.9901071888
0.15151515,0.39393939,0.9989350839,0,0.9930926418,0.9883368659,0.9883368659
0.16161616,0.39393939,0.9986522859,0,0.9918218380,0.9863674494,0.9863674494
0.17171717,0.39393939,0.9983132869,0,0.9903875248,0.9841847238,0.9841847238
0.18181818,0.39393939,0.9979095651,0,0.9887735065,0.9817734237,0.9817734237
0.19191919,0.39393939,0.9974314944,0,0.9869619441,0.9791171555,0.9791171555
0.20202020,0.39393939,0.9968681975,0,0.9849331802,0.9761983153,0.9761983153
0.21212121,0.39393939,0.9962073791,0,0.9826655446,0.9729980021,0.9729980021
0.22222222,0.39393939,0.9954351344,0,0.9801351405,0.9694959285,0.9694959285
0.23232323,0.39393939,0.9945357313,0,0.9773156081,0.9656703290,0.9656703290
0.24242424,0.39393939,0.9934913601,0,0.9741778645,0.9614978670,0.9614978670
0.25252525,0.39393939,0.9922818481,0,0.9706898186,0.9569535440,0.9569535440
0.26262626,0.39393939,0.9908843320,0,0.9668160604,0.9520106123,0.9520106123
0.27272727,0.39393939,0.9892728838,0,0.9625175229,0.9466404962,0.9466404962
0.28282828,0.39393939,0.9874180825,0,0.9577511187,0.9408127265,0.9408127265
0.29292929,0.39393939,0.9852865243,0,0.9524693510,0.9344948950,0.9344948950
0.30303030,0.39393939,0.9828402640,0,0.9466199040,0.9276526380,0.9276526380
0.31313131,0.39393939,0.9800361788,0,0.9401452181,0.9202496611,0.9202496611
0.32323232,0.39393939,0.9768252460,0,0.9329820579,0.9122478177,0.9122478177
0.33333333,0.39393939,0.9731517260,0,0.9250610889,0.9036072619,0.9036072619
0.34343434,0.39393939,0.9689522439,0,0.9163064800,0.8942866963,0.8942866963
0.35353535,0.39393939,0.9641547653,0,0.9066355613,0.8842437422,0.8842437422
0.36363636,0.39393939,0.9586774634,0,0.8959585722,0.8734354646,0.8734354646
0.37373737,0.39393939,0.9524274852,0,0.8841785486,0.8618190875,0.8618190875
0.38383838,0.39393939,0.9452996306,0,0.8711914123,0.8493529414,0.8493529414
0.39393939,0.39393939,0.9371749740,0,0.8568863402,0.8359976831,0.8359976831
0.40404040,0.39393939,0.9279194778,0,0.8411465081,0.8217178302,0.8217178302
0.41414141,0.39393939,0.9173826750,0,0.8238503210,0.8064836408,0.8064836408
0.42424242,0.39393939,0.9053965323,0,0.8048732549,0.7902733548,0.7902733548
0.43434343,0.39393939,0.8917746511,0,0.7840904395,0.7730757856,0.7730757856
0.44444444,0.39393939,0.8763120147,0,0.7613801047,0.7548932050,0.7548932050
0.45454545,0.39393939,0.8587855492,0,0.7366279844,0.7357444104,0.7357444104
0.46464646,0.39393939,0.8389558178,0,0.7097327151,0.7156677858,0.7156677858
0.47474747,0.39393939,0.8165702102,0,0.6806121706,0.6947240880,0.6947240880
0.48484848,0.39393939,0.7913679953,0,0.6492105466,0.6729986113,0.6729986113
0.49494949,0.39393939,0.7630875540,0,0.6155058386,0.6506023286,0.6506023286
0.50505051,0.39393939,0.7314759849,0,0.5795171767,0.6276716031,0.6276716031
0.51515152,0.39393939,0.6963010415,0,0.5413113164,0.6043661377,0.6043661377
0.52525253,0.39393939,0.6573650419,0,0.5010074767,0.5808649938,0.5808649938
0.53535354,0.39393939,0.6145200016,0,0.4587797294,0.5573607678,0.5573607678
0.54545455,0.39393939,0.5676828657,0,0.4148563001,0.5340523215,0.5340523215
0.55555556,0.39393939,0.5168494519,0,0.3695154617,0.5111367540,0.5111367540
0.56565657,0.39393939,0.4621056719,0,0.3230781304,0.4888014932,0.4888014932
0.57575758,0.39393939,0.4036348341,0,0.2758977394,0.4672173973,0.4672173973
0.58585859,0.39393939,0.3417203096,0,0.2283483339,0.4465335677,0.4465335677
0.59595960,0.39393939,0.2767434293,0,0.1808120125,0.4268742164,0.4268742164
0.60606061,0.39393939,0.2091769662,0,0.1336667851,0.4083375186,0.4083375186
0.61616162,0.39393939,0.1395747750,0,0.0872756533,0.3909960263,0.3909960263
0.62626263,0.39393939,0.0685580609,0,0.0419773589,0.3748980412,0.3748980412
0.63636364,0.39393939,-0.0032015220,0,-0.0019210982,0.3600693633,0.3600693633
0.64646465,0.39393939,-0.0750019385,0,-0.0441502864,0.3465150267,0.3465150267
0.65656566,0.39393939,-0.1461338670,0,-0.0844826785,0.3342208930,0.3342208930
0.66666667,0.39393939,-0.2159061276,0,-0.1227355980,0.3231552007,0.3231552007
0.67676768,0.39393939,-0.2836719377,0,-0.1587727545,0.3132702893,0.3132702893
0.68686869,0.39393939,-0.3488537321,0,-0.1925042727,0.3045046994,0.3045046994
0.69696970,0.39393939,-0.4109639652,0,-0.2238851344,0.2967857400,0.2967857400
0.70707071,0.39393939,-0.4696196149,0,-0.2529120566,0.2900324627,0.2900324627
0.71717172,0.39393939,-0.5245489974,0,-0.2796189859,0.2841588524,0.2841588524
0.72727273,0.39393939,-0.5755907025,0,-0.3040715432,0.2790769810,0.2790769810
0.73737374,0.39393939,-0.6226856092,0,-0.3263608541,0.2746998766,0.2746998766
0.74747475,0.39393939,-0.6658637596,0,-0.3465972234,0.2709439147,0.2709439147
0.75757576,0.39393939,-0.7052282126,0,-0.3649040718,0.2677306320,0.2677306320
0.76767677,0.39393939,-0.7409379107,0,-0.3814124548,0.2649879397,0.2649879397
0.77777778,0.39393939,-0.7731912018,0,-0.3962563698,0.2626507868,0.2626507868
0.78787879,0.39393939,-0.8022111372,0,-0.4095689441,0.2606613636,0.2606613636
0.79797980,0.39393939,-0.8282331529,0,-0.4214795037,0.2589689516,0.2589689516
0.80808081,0.39393939,-0.8514953202,0,-0.4321114568,0.2575295277,0.2575295277
0.81818182,0.39393939,-0.8722310517,0,-0.4415808848,0.2563052154,0.2563052154
0.82828283,0.39393939,-0.8906639761,0,-0.4499957191,0.2552636590,0.2552636590
0.83838384,0.39393939,-0.9070046138,0,-0.4574553785,0.2543773764,0.2543773764
0.84848485,0.39393939,-0.9214484736,0,-0.4640507544,0.2536231290,0.2536231290
0.85858586,0.39393939,-0.9341752229,0,-0.4698644454,0.2529813337,0.2529813337
0.86868687,0.39393939,-0.9453486318,0,-0.4749711597,0.2524355293,0.2524355293
0.87878788,0.39393939,-0.9551170468,0,-0.4794382226,0.2519719034,0.2519719034
0.88888889,0.39393939,-0.9636142065,0,-0.4833261395,0.2515788796,0.2515788796
0.89898990,0.39393939,-0.9709602565,0,-0.4866891791,0.2512467620,0.2512467620
0.90909091,0.39393939,-0.9772628602,0,-0.4895759522,0.2509674316,0.2509674316
0.91919192,0.39393939,-0.9826183350,0,-0.4920299687,0.2507340897,0.2507340897
0.92929293,0.39393939,-0.9871127640,0,-0.4940901626,0.2505410418,0.2505410418
0.93939394,0.39393939,-0.9908230544,0,-0.4957913783,0.2503835162,0.2503835162
0.94949495,0.39393939,-0.9938179237,0,-0.4971648163,0.2502575123,0.2502575123
0.95959596,0.39393939,-0.9961588056,0,-0.4982384385,0.2501596744,0.2501596744
0.96969697,0.39393939,-0.9979006724,0,-0.4990373316,0.2500871861,0.2500871861
0.97979798,0.39393939,-0.9990927759,0,-0.4995840347,0.2500376824,0.2500376824
0.98989899,0.39393939,-0.9997793098,0,-0.4998988296,0.2500091768,0.2500091768
1.00000000,0.39393939,-1.0000000000,0,-0.5000000000,0.2500000000,0.2500000000
0.00000000,0.45454545,1.0000000000,0,1.0000000000,1.0000000000,1.0000000000
0.01010101,0.45454545,0.9999997389,0,0.9999775011,0.9999555248,0.9999555248
0.02020202,0.45454545,0.9999978383,0,0.9999068556,0.9998180426,0.9998180426
0.03030303,0.45454545,0.9999924458,0,0.9997830078,0.9995811648,0.9995811648
0.04040404,0.45454545,0.9999814520,0,0.9996004239,0.9992380748,0.9992380748
0.05050505,0.45454545,0.9999624600,0,0.9993530459,0.9987814975,0.9987814975
0.06060606,0.45454545,0.9999327505,0,0.9990342403,0.9982036661,0.9982036661
0.07070707,0.45454545,0.9998892441,0,0.9986367417,0.9974962868,0.9974962868
0.08080808,0.45454545,0.9998284574,0,0.9981525906,0.9966505009,0.9966505009
0.09090909,0.45454545,0.9997464547,0,0.9975730649,0.9956568441,0.9956568441
0.10101010,0.45454545,0.9996387936,0,0.9968886043,0.9945052029,0.9945052029
0.11111111,0.45454545,0.9995004631,0,0.9960887268,0.9931847688,0.9931847688
0.12121212,0.45454545,0.9993258146,0,0.9951619375,0.9916839888,0.9916839888
0.13131313,0.45454545,0.9991084840,0,0.9940956267,0.9899905128,0.9899905128
0.14141414,0.45454545,0.9988413036,0,0.9928759592,0.9880911392,0.9880911392
0.15151515,0.45454545,0.9985162026,0,0.9914877520,0.9859717561,0.9859717561
0.16161616,0.45454545,0.9981240956,0,0.9899143391,0.9836172815,0.9836172815
0.17171717,0.45454545,0.9976547550,0,0.9881374250,0.9810116000,0.9810116000
0.18181818,0.45454545,0.9970966690,0,0.9861369226,0.9781374988,0.9781374988
0.19191919,0.45454545,0.9964368788,0,0.9838907771,0.9749766027,0.9749766027
0.20202020,0.45454545,0.9956607961,0,0.9813747742,0.9715093093,0.9715093093
0.21212121,0.45454545,0.9947519963,0,0.9785623322,0.9677147265,0.9677147265
0.22222222,0.45454545,0.9936919848,0,0.9754242769,0.9635706146,0.9635706146
0.23232323,0.45454545,0.9924599327,0,0.9719286013,0.9590533348,0.9590533348
0.24242424,0.45454545,0.9910323795,0,0.9680402097,0.9541378091,0.9541378091
0.25252525,0.45454545,0.9893828975,0,0.9637206474,0.9487974955,0.9487974955
0.26262626,0.45454545,0.9874817148,0,0.9589278209,0.9430043854,0.9430043854
0.27272727,0.45454545,0.9852952932,0,0.9536157118,0.9367290298,0.9367290298
0.28282828,0.45454545,0.9827858562,0,0.9477340920,0.9299406054,0.9299406054
0.29292929,0.45454545,0.9799108657,0,0.9412282493,0.9226070308,0.9226070308
0.30303030,0.45454545,0.9766224440,0,0.9340387381,0.9146951482,0.9146951482
0.31313131,0.45454545,0.9728667417,0,0.9261011716,0.9061709875,0.9061709875
0.32323232,0.45454545,0.9685832541,0,0.9173460804,0.8970001318,0.8970001318
0.33333333,0.45454545,0.9637040935,0,0.9076988672,0.8871482075,0.8871482075
0.34343434,0.45454545,0.9581532287,0,0.8970798954,0.8765815242,0.8765815242
0.35353535,0.45454545,0.9518457143,0,0.8854047590,0.8652678877,0.8652678877
0.36363636,0.45454545,0.9446869412,0,0.8725847883,0.8531776135,0.8531776135
0.37373737,0.45454545,0.9365719535,0,0.8585278568,0.8402847584,0.8402847584
0.38383838,0.45454545,0.9273848963,0,0.8431395583,0.8265685842,0.8265685842
0.39393939,0.45454545,0.9169986791,0,0.8263248290,0.8120152483,0.8120152483
0.40404040,0.45454545,0.9052749638,0,0.8079900818,0.7966196963,0.7966196963
0.41414141,0.45454545,0.8920646105,0,0.7880459083,0.7803876999,0.7803876999
0.42424242,0.45454545,0.8772087379,0,0.7664103723,0.7633379412,0.7633379412
0.43434343,0.45454545,0.8605405680,0,0.7430128723,0.7455039997,0.7455039997
0.44444444,0.45454545,0.8418882231,0,0.7177984837,0.7269360461,0.7269360461
0.45454545,0.45454545,0.8210786141,0,0.6907326003,0.7077020055,0.7077020055
0.46464646,0.45454545,0.7979424919,0,0.6618055968,0.6878879247,0.6878879247
0.47474747,0.45454545,0.7723206195,0,0.6310371273,0.6675972884,0.6675972884
0.48484848,0.45454545,0.7440708576,0,0.5984795931,0.6469490842,0.6469490842
0.49494949,0.45454545,0.7130757540,0,0.5642202741,0.6260745292,0.6260745292
0.50505051,0.45454545,0.6792500082,0,0.5283816522,0.6051125392,0.6051125392
0.51515152,0.45454545,0.6425470071,0,0.4911195834,0.5842042256,0.5842042256
0.52525253,0.45454545,0.6029635485,0,0.4526192004,0.5634869077,0.5634869077
0.53535354,0.45454545,0.5605419571,0,0.4130887258,0.5430882833,0.5430882833
0.54545455,0.45454545,0.5153690879,0,0.3727517000,0.5231214572,0.5231214572
0.55555556,0.45454545,0.4675721931,0,0.3318384126,0.5036814582,0.5036814582
0.56565657,0.45454545,0.4173122258,0,0.2905774954,0.4848436766,0.4848436766
0.57575758,0.45454545,0.3647757300,0,0.2491886477,0.4666643619,0.4666643619
0.58585859,0.45454545,0.3101668732,0,0.2078772989,0.4491829949,0.4491829949
0.59595960,0.45454545,0.2537012715,0,0.1668316979,0.4324260534,0.4324260534
0.60606061,0.45454545,0.1956029911,0,0.1262225194,0.4164114909,0.4164114909
0.61616162,0.45454545,0.1361054865,0,0.0862046601,0.4011531648,0.4011531648
0.62626263,0.45454545,0.0754563814,0,0.0469205536,0.3866645045,0.3866645045
0.63636364,0.45454545,0.0139250562,0,0.0085041045,0.3729608689,0.3729608689
0.64646465,0.45454545,-0.0481888257,0,-0.0289157165,0.3600602920,0.3600602920
0.65656566,0.45454545,-0.1105482507,0,-0.0652124683,0.3479825986,0.3479825986
0.66666667,0.45454545,-0.1727757225,0,-0.1002616131,0.3367471587,0.3367471587
0.67676768,0.45454545,-0.2344560565,0,-0.1339418904,0.3263697784,0.3263697784
0.68686869,0.45454545,-0.2951460771,0,-0.1661385002,0.3168593602,0.3168593602
0.69696970,0.45454545,-0.3543908221,0,-0.1967475504,0.3082149749,0.3082149749
0.70707071,0.45454545,-0.4117444385,0,-0.2256809802,0.3004238693,0.3004238693
0.71717172,0.45454545,-0.4667928857,0,-0.2528711110,0.2934607186,0.2934607186
0.72727273,0.45454545,-0.5191751366,0,-0.2782740845,0.2872881771,0.2872881771
0.73737374,0.45454545,-0.5685999213,0,-0.3018716995,0.2818585471,0.2818585471
0.74747475,0.45454545,-0.6148560343,0,-0.3236714692,0.2771162281,0.2771162281
0.75757576,0.45454545,-0.6578155238,0,-0.3437050163,0.2730005393,0.2730005393
0.76767677,0.45454545,-0.6974303123,0,-0.3620251448,0.2694485393,0.2694485393
0.77777778,0.45454545,-0.7337236833,0,-0.3787020442,0.2663975484,0.2663975484
0.78787879,0.45454545,-0.7667784893,0,-0.3938190993,0.2637871934,0.2637871934
0.79797980,0.45454545,-0.7967239181,0,-0.4074687149,0.2615609036,0.2615609036
0.80808081,0.45454545,-0.8237223463,0,-0.4197484684,0.2596668709,0.2596668709
0.81818182,0.45454545,-0.8479573579,0,-0.4307577831,0.2580585427,0.2580585427
0.82828283,0.45454545,-0.8696235480,0,-0.4405952182,0.2566947440,0.2566947440
0.83838384,0.45454545,-0.8889183526,0,-0.4493563838,0.2555395269,0.2555395269
0.84848485,0.45454545,-0.9060358683,0,-0.4571324410,0.2545618412,0.2545618412
0.85858586,0.45454545,-0.9211624604,0,-0.4640091083,0.2537351002,0.2537351002
0.86868687,0.45454545,-0.9344738732,0,-0.4700660873,0.2530366991,0.2530366991
0.87878788,0.45454545,-0.9461335415,0,-0.4753768188,0.2524475279,0.2524475279
0.88888889,0.45454545,-0.9562918137,0,-0.4800084862,0.2519515038,0.2519515038
0.89898990,0.45454545,-0.9650858407,0,-0.4840221959,0.2515351411,0.2515351411
0.90909091,0.45454545,-0.9726399245,0,-0.4874732780,0.2511871641,0.2511871641
0.91919192,0.45454545,-0.9790661683,0,-0.4904116608,0.2508981671,0.2508981671
0.92929293,0.45454545,-0.9844653042,0,-0.4928822852,0.2506603197,0.2506603197
0.93939394,0.45454545,-0.9889276131,0,-0.4949255328,0.2504671139,0.2504671139
0.94949495,0.45454545,-0.9925338716,0,-0.4965776507,0.2503131501,0.2503131501
0.95959596,0.45454545,-0.9953562864,0,-0.4978711607,0.2501939556,0.2501939556
0.96969697,0.45454545,-0.9974593861,0,-0.4988352453,0.2501058323,0.2501058323
0.97979798,0.45454545,-0.9989008575,0,-0.4994961062,0.2500457298,0.2500457298
0.98989899,0.45454545,-0.9997323145,0,-0.4998772924,0.2500111383,0.2500111383
1.00000000,0.45454545,-1.0000000000,0,-0.5000000000,0.2500000000,0.2500000000
0.00000000,0.51515152,1.0000000000,0,1.0000000000,1.0000000000,1.0000000000
0.01010101,0.51515152,0.9999996288,0,0.9999722388,0.9999452207,0.9999452207
0.02020202,0.51515152,0.9999969278,0,0.9998849142,0.9997759847,0.9997759847
0.03030303,0.51515152,0.9999892687,0,0.9997315336,0.9994845908,0.9994845908
0.04040404,0.51515152,0.9999736633,0,0.9995049858,0.9990628400,0.9990628400
0.05050505,0.51515152,0.9999467213,0,0.9991974815,0.9985020020,0.9985020020
0.06060606,0.51515152,0.9999046033,0,0.9988004887,0.9977927794,0.9977927794
0.07070707,0.51515152,0.9998429685,0,0.9983046614,0.9969252697,0.9969252697
0.08080808,0.51515152,0.9997569154,0,0.9976997613,0.9958889254,0.9958889254
0.09090909,0.51515152,0.9996409163,0,0.9969745726,0.9946725117,0.9946725117
0.10101010,0.51515152,0.9994887433,0,0.9961168082,0.9932640619,0.9932640619
0.11111111,0.51515152,0.9992933855,0,0.9951130071,0.9916508316,0.9916508316
0.12121212,0.51515152,0.9990469562,0,0.9939484227,0.9898192501,0.9898192501
0.13131313,0.51515152,0.9987405891,0,0.9926069009,0.9877548716,0.9877548716
0.14141414,0.51515152,0.9983643210,0,0.9910707475,0.9854423247,0.9854423247
0.15151515,0.51515152,0.9979069613,0,0.9893205839,0.9828652621,0.9828652621
0.16161616,0.51515152,0.9973559449,0,0.9873351920,0.9800063115,0.9800063115
0.17171717,0.51515152,0.9966971678,0,0.9850913464,0.9768470283,0.9768470283
0.18181818,0.51515152,0.9959148024,0,0.9825636350,0.9733678525,0.9733678525
0.19191919,0.51515152,0.9949910912,0,0.9797242680,0.9695480719,0.9695480719
0.20202020,0.51515152,0.9939061164,0,0.9765428767,0.9653657944,0.9653657944
0.21212121,0.51515152,0.9926375421,0,0.9729863026,0.9607979331,0.9607979331
0.22222222,0.51515152,0.9911603288,0,0.9690183817,0.9558202092,0.9558202092
0.23232323,0.51515152,0.9894464159,0,0.9645997247,0.9504071785,0.9504071785
0.24242424,0.51515152,0.9874643718,0,0.9596875024,0.9445322877,0.9445322877
0.25252525,0.51515152,0.9851790094,0,0.9542352403,0.9381679715,0.9381679715
0.26262626,0.51515152,0.9825509679,0,0.9481926358,0.9312857987,0.9312857987
0.27272727,0.51515152,0.9795362613,0,0.9415054096,0.9238566813,0.9238566813
0.28282828,0.51515152,0.9760857971,0,0.9341152100,0.9158511613,0.9158511613
0.29292929,0.51515152,0.9721448722,0,0.9259595912,0.9072397904,0.9072397904
0.30303030,0.51515152,0.9676526569,0,0.9169720949,0.8979936223,0.8979936223
0.31313131,0.51515152,0.9625416823,0,0.9070824675,0.8880848362,0.8880848362
0.32323232,0.51515152,0.9567373570,0,0.8962170532,0.8774875091,0.8774875091
0.33333333,0.51515152,0.9501575446,0,0.8842994093,0.8661785556,0.8661785556
0.34343434,0.51515152,0.9427122484,0,0.8712511941,0.8541388444,0.8541388444
0.35353535,0.51515152,0.9343034613,0,0.8569933807,0.8413544953,0.8413544953
0.36363636,0.51515152,0.9248252561,0,0.8414478484,0.8278183436,0.8278183436
0.37373737,0.51515152,0.9141642061,0,0.8245393954,0.8135315419,0.8135315419
0.38383838,0.51515152,0.9022002417,0,0.8061981998,0.7985052389,0.7985052389
0.39393939,0.51515152,0.8888080592,0,0.7863627257,0.7827622465,0.7827622465
0.40404040,0.51515152,0.8738591975,0,0.7649830328,0.7663385662,0.7663385662
0.41414141,0.51515152,0.8572248876,0,0.7420243858,0.7492846119,0.7492846119
0.42424242,0.51515152,0.8387797385,0,0.7174709955,0.7316659351,0.7316659351
0.43434343,0.51515152,0.8184062621,0,0.6913296439,0.7135632449,0.7135632449
0.44444444,0.51515152,0.7960001351,0,0.6636328733,0.6950715276,0.6950715276
0.45454545,0.51515152,0.7714759659,0,0.6344413630,0.6762981154,0.6762981154
0.46464646,0.51515152,0.7447731750,0,0.6038450993,0.6573596459,0.6573596459
0.47474747,0.51515152,0.7158614431,0,0.5719629782,0.6383779747,0.6383779747
0.48484848,0.51515152,0.6847450509,0,0.5389405791,0.6194752581,0.6194752581
0.49494949,0.51515152,0.6514653907,0,0.5049460169,0.6007685706,0.6007685706
0.50505051,0.51515152,0.6161009901,0,0.4701639958,0.5823645412,0.5823645412
0.51515152,0.51515152,0.5787645983,0,0.4347884261,0.5643545525,0.5643545525
0.52525253,0.51515152,0.5395972170,0,0.3990141796,0.5468110174,0.5468110174
0.53535354,0.51515152,0.4987593908,0,0.3630287104,0.5297851420,0.5297851420
0.54545455,0.51515152,0.4564205007,0,0.3270043159,0.5133064047,0.5133064047
0.55555556,0.51515152,0.4127471713,0,0.2910917612,0.4973837772,0.4973837772
0.56565657,0.51515152,0.3678921006,0,0.2554158337,0.4820085117,0.4820085117
0.57575758,0.51515152,0.3219846399,0,0.2200731840,0.4671581663,0.4671581663
0.58585859,0.51515152,0.2751242833,0,0.1851325689,0.4528014474,0.4528014474
0.59595960,0.51515152,0.2273779250,0,0.1506373889,0.4389034156,0.4389034156
0.60606061,0.51515152,0.1787813772,0,0.1166102297,0.4254306198,0.4254306198
0.61616162,0.51515152,0.1293452575,0,0.0830589710,0.4123557674,0.4123557674
0.62626263,0.51515152,0.0790649912,0,0.0499839341,0.3996615937,0.3996615937
0.63636364,0.51515152,0.0279343151,0,0.0173854624,0.3873436453,0.3873436453
0.64646465,0.51515152,-0.0240386942,0,-0.0147287131,0.3754117484,0.3754117484
0.65656566,0.51515152,-0.0768144369,0,-0.0463369998,0.3638899993,0.3638899993
0.66666667,0.51515152,-0.1303052250,0,-0.0773990236,0.3528152131,0.3528152131
0.67676768,0.51515152,-0.1843614450,0,-0.1078528481,0.3422339021,0.3422339021
0.68686869,0.51515152,-0.2387627037,0,-0.1376147584,0.3321980265,0.3321980265
0.69696970,0.51515152,-0.2932159983,0,-0.1665817727,0.3227599459,0.3227599459
0.70707071,0.51515152,-0.3473622643,0,-0.1946367055,0.3139671536,0.3139671536
0.71717172,0.51515152,-0.4007914772,0,-0.2216552432,0.3058574493,0.3058574493
0.72727273,0.51515152,-0.4530650166,0,-0.2475141762,0.2984551635,0.2984551635
0.73737374,0.51515152,-0.5037425792,0,-0.2720997521,0.2917688807,0.2917688807
0.74747475,0.51515152,-0.5524099855,0,-0.2953151200,0.2857908536,0.2857908536
0.75757576,0.51515152,-0.5987040669,0,-0.3170860296,0.2804980198,0.2804980198
0.76767677,0.51515152,-0.6423315114,0,-0.3373642826,0.2758542923,0.2758542923
0.77777778,0.51515152,-0.6830798547,0,-0.3561288142,0.2718136562,0.2718136562
0.78787879,0.51515152,-0.7208203313,0,-0.3733846340,0.2683235722,0.2683235722
0.79797980,0.51515152,-0.7555036151,0,-0.3891600915,0.2653282545,0.2653282545
0.80808081,0.51515152,-0.7871503206,0,-0.4035030484,0.2627715162,0.2627715162
0.81818182,0.51515152,-0.8158384184,0,-0.4164765331,0.2605990125,0.2605990125
0.82828283,0.51515152,-0.8416895560,0,-0.4281543635,0.2587598390,0.2587598390
0.83838384,0.51515152,-0.8648558308,0,-0.4386170970,0.2572075288,0.2572075288
0.84848485,0.51515152,-0.8855080310,0,-0.4479485244,0.2559005457,0.2559005457
0.85858586,0.51515152,-0.9038258665,0,-0.4562328118,0.2548023915,0.2548023915
0.86868687,0.51515152,-0.9199903291,0,-0.4635522981,0.2538814399,0.2538814399
0.87878788,0.51515152,-0.9341780635,0,-0.4699859009,0.2531105979,0.2531105979
0.88888889,0.51515152,-0.9465574879,0,-0.4756080488,0.2524668727,0.2524668727
0.89898990,0.51515152,-0.9572863493,0,-0.4804880438,0.2519309004,0.2519309004
0.90909091,0.51515152,-0.9665103912,0,-0.4846897619,0.2514864771,0.2514864771
0.91919192,0.51515152,-0.9743628520,0,-0.4882716058,0.2511201162,0.2511201162
0.92929293,0.51515152,-0.9809645489,0,-0.4912866386,0.2508206450,0.2508206450
0.93939394,0.51515152,-0.9864243577,0,-0.4937828382,0.2505788477,0.2505788477
0.94949495,0.51515152,-0.9908399397,0,-0.4958034287,0.2503871535,0.2503871535
0.95959596,0.51515152,-0.9942986074,0,-0.4973872523,0.2502393703,0.2502393703
0.96969697,0.51515152,-0.9968782510,0,-0.4985691584,0.2501304571,0.2501304571
0.97979798,0.51515152,-0.9986482721,0,-0.4993803904,0.2500563336,0.2500563336
0.98989899,0.51515152,-0.9996704904,0,-0.4998489599,0.2500137194,0.2500137194
1.00000000,0.51515152,-1.0000000000,0,-0.5000000000,0.2500000000,0.2500000000
0.00000000,0.57575758,1.0000000000,0,1.0000000000,1.0000000000,1.0000000000
0.01010101,0.57575758,0.9999994694,0,0.9999653714,0.9999318050,0.9999318050
0.02020202,0.57575758,0.9999956099,0,0.9998562136,0.9997212258,0.9997212258
0.03030303,0.57575758,0.9999846695,0,0.9996640493,0.9993588527,0.9993588527
0.04040404,0.57575758,0.9999623870,0,0.9993795848,0.9988346913,0.9988346913
0.05050505,0.57575758,0.9999239335,0,0.9989926333,0.9981381254,0.9981381254
0.06060606,0.57575758,0.9998638466,0,0.9984920318,0.9972578793,0.9972578793
0.07070707,0.57575758,0.9997759582,0,0.9978655495,0.9961819777,0.9961819777
0.08080808,0.57575758,0.9996533129,0,0.9970997884,0.9948977049,0.9948977049
0.09090909,0.57575758,0.9994880774,0,0.9961800759,0.9933915626,0.9933915626
0.10101010,0.57575758,0.9992714393,0,0.9950903479,0.9916492273,0.9916492273
0.11111111,0.57575758,0.9989934942,0,0.9938130218,0.9896555077,0.9896555077
0.12121212,0.57575758,0.9986431193,0,0.9923288609,0.9873943027,0.9873943027
0.13131313,0.57575758,0.9982078331,0,0.9906168276,0.9848485619,0.9848485619
0.14141414,0.57575758,0.9976736388,0,0.9886539277,0.9820002487,0.9820002487
0.15151515,0.57575758,0.9970248496,0,0.9864150440,0.9788303097,0.9788303097
0.16161616,0.57575758,0.9962438953,0,0.9838727625,0.9753186505,0.9753186505
0.17171717,0.57575758,0.9953111072,0,0.9809971899,0.9714441235,0.9714441235
0.18181818,0.57575758,0.9942044799,0,0.9777557671,0.9671845289,0.9671845289
0.19191919,0.57575758,0.9928994101,0,0.9741130799,0.9625166358,0.9625166358
0.20202020,0.57575758,0.9913684079,0,0.9700306734,0.9574162282,0.9574162282
0.21212121,0.57575758,0.9895807838,0,0.9654668737,0.9518581828,0.9518581828
0.22222222,0.57575758,0.9875023078,0,0.9603766282,0.9458165880,0.9458165880
0.23232323,0.57575758,0.9850948451,0,0.9547113734,0.9392649141,0.9392649141
0.24242424,0.57575758,0.9823159692,0,0.9484189442,0.9321762460,0.9321762460
0.25252525,0.57575758,0.9791185587,0,0.9414435442,0.9245235928,0.9245235928
0.26262626,0.57575758,0.9754503870,0,0.9337257969,0.9162802899,0.9162802899
0.27272727,0.57575758,0.9712537163,0,0.9252029071,0.9074205081,0.9074205081
0.28282828,0.57575758,0.9664649170,0,0.9158089620,0.8979198887,0.8979198887
0.29292929,0.57575758,0.9610141353,0,0.9054754119,0.8877563182,0.8877563182
0.30303030,0.57575758,0.9548250469,0,0.8941317700,0.8769108568,0.8769108568
0.31313131,0.57575758,0.9478147394,0,0.8817065784,0.8653688257,0.8653688257
0.32323232,0.57575758,0.9398937815,0,0.8681286836,0.8531210526,0.8531210526
0.33333333,0.57575758,0.9309665497,0,0.8533288639,0.8401652569,0.8401652569
0.34343434,0.57575758,0.9209318941,0,0.8372418407,0.8265075400,0.8265075400
0.35353535,0.57575758,0.9096842367,0,0.8198086852,0.8121639189,0.8121639189
0.36363636,0.57575758,0.8971151992,0,0.8009796058,0.7971618152,0.7971618152
0.37373737,0.57575758,0.8831158549,0,0.7807170600,0.7815413764,0.7815413764
0.38383838,0.57575758,0.8675796761,0,0.7589990833,0.7653564796,0.7653564796
0.39393939,0.57575758,0.8504062142,0,0.7358226657,0.7486752436,0.7486752436
0.40404040,0.57575758,0.8315054803,0,0.7112069452,0.7315798686,0.7315798686
0.41414141,0.57575758,0.8108029055,0,0.6851959252,0.7141656383,0.7141656383
0.42424242,0.57575758,0.7882446440,0,0.6578603884,0.6965389668,0.6965389668
0.43434343,0.57575758,0.7638028489,0,0.6292986692,0.6788144502,0.6788144502
0.44444444,0.57575758,0.7374804301,0,0.5996359882,0.6611109937,0.6611109937
0.45454545,0.57575758,0.7093147062,0,0.5690221460,0.6435472074,0.6435472074
0.46464646,0.57575758,0.6793793407,0,0.5376275142,0.6262363903,0.6262363903
0.47474747,0.57575758,0.6477840181,0,0.5056374452,0.6092815099,0.6092815099
0.48484848,0.57575758,0.6146714895,0,0.4732454083,0.5927706315,0.5927706315
0.49494949,0.57575758,0.5802118931,0,0.4406453294,0.5767732220,0.5767732220
0.50505051,0.57575758,0.5445945846,0,0.4080237188,0.5613376635,0.5613376635
0.51515152,0.57575758,0.5080180444,0,0.3755522047,0.5464901707,0.5464901707
0.52525253,0.57575758,0.4706786936,0,0.3433810395,0.5322351383,0.5322351383
0.53535354,0.57575758,0.4327595870,0,0.3116340198,0.5185567936,0.5185567936
0.54545455,0.57575758,0.3944199485,0,0.2804050975,0.5054219101,0.5054219101
0.55555556,0.57575758,0.3557863672,0,0.2497567776,0.4927832742,0.4927832742
0.56565657,0.57575758,0.3169462421,0,0.2197202457,0.4805835910,0.4805835910
0.57575758,0.57575758,0.2779438013,0,0.1902970500,0.4687595472,0.4687595472
0.58585859,0.57575758,0.2387787818,0,0.1614621025,0.4572458187,0.4572458187
0.59595960,0.57575758,0.1994076962,0,0.1331677497,0.4459788772,0.4459788772
0.60606061,0.57575758,0.1597475312,0,0.1053486844,0.4349005154,0.4349005154
0.61616162,0.57575758,0.1196817212,0,0.0779275111,0.4239610501,0.4239610501
0.62626263,0.57575758,0.0790682983,0,0.0508208174,0.4131221757,0.4131221757
0.63636364,0.57575758,0.0377501799,0,0.0239456216,0.4023594249,0.4023594249
0.64646465,0.57575758,-0.0044324135,0,-0.0027739407,0.3916641512,0.3916641512
0.65656566,0.57575758,-0.0476274800,0,-0.0293998881,0.3810448943,0.3810448943
0.66666667,0.57575758,-0.0919549586,0,-0.0559739080,0.3705279326,0.3705279326
0.67676768,0.57575758,-0.1374892751,0,-0.0825115279,0.3601567959,0.3601567959
0.68686869,0.57575758,-0.1842418477,0,-0.1089974718,0.3499905259,0.3499905259
0.69696970,0.57575758,-0.2321452896,0,-0.1353828166,0.3401005534,0.3401005534
0.70707071,0.57575758,-0.2810415816,0,-0.1615845452,0.3305662253,0.3305662253
0.71717172,0.57575758,-0.3306767403,0,-0.1874879480,0.3214692346,0.3214692346
0.72727273,0.57575758,-0.3807042226,0,-0.2129520218,0.3128874527,0.3128874527
0.73737374,0.57575758,-0.4306983449,0,-0.2378175933,0.3048888580,0.3048888580
0.74747475,0.57575758,-0.4801773887,0,-0.2619174354,0.2975263320,0.2975263320
0.75757576,0.57575758,-0.5286341583,0,-0.2850872610,0.2908340015,0.2908340015
0.76767677,0.57575758,-0.5755700865,0,-0.3071762945,0.2848255632,0.2848255632
0.77777778,0.57575758,-0.6205281244,0,-0.3280561902,0.2794946726,0.2794946726
0.78787879,0.57575758,-0.6631199234,0,-0.3476273853,0.2748171369,0.2748171369
0.79797980,0.57575758,-0.7030441347,0,-0.3658224401,0.2707543892,0.2707543892
0.80808081,0.57575758,-0.7400945637,0,-0.3826064208,0.2672576096,0.2672576096
0.81818182,0.57575758,-0.7741588162,0,-0.3979747782,0.2642718901,0.2642718901
0.82828283,0.57575758,-0.8052094602,0,-0.4119494244,0.2617399791,0.2617399791
0.83838384,0.57575758,-0.8332903826,0,-0.4245737752,0.2596053223,0.2596053223
0.84848485,0.57575758,-0.8585009897,0,-0.4359074550,0.2578142942,0.2578142942
0.85858586,0.57575758,-0.8809804139,0,-0.4460212072,0.2563176491,0.2563176491
0.86868687,0.57575758,-0.9008932048,0,-0.4549923685,0.2550713040,0.2550713040
0.87878788,0.57575758,-0.9184173137,0,-0.4629010972,0.2540366025,0.2540366025
0.88888889,0.57575758,-0.9337346405,0,-0.4698274087,0.2531802101,0.2531802101
0.89898990,0.57575758,-0.9470240482,0,-0.4758489801,0.2524737733,0.2524737733
0.90909091,0.57575758,-0.9584565384,0,-0.4810396334,0.2518934478,0.2518934478
0.91919192,0.57575758,-0.9681921989,0,-0.4854683792,0.2514193718,0.2514193718
0.92929293,0.57575758,-0.9763785246,0,-0.4891989040,0.2510351372,0.2510351372
0.93939394,0.57575758,-0.9831497534,0,-0.4922893919,0.2507272895,0.2507272895
0.94949495,0.57575758,-0.9886269160,0,-0.4947925856,0.2504848744,0.2504848744
0.95959596,0.57575758,-0.9929183617,0,-0.4967560126,0.2502990381,0.2502990381
0.96969697,0.57575758,-0.9961205805,0,-0.4982223153,0.2501626825,0.2501626825
0.97979798,0.57575758,-0.9983191877,0,-0.4992296422,0.2500701712,0.2500701712
0.98989899,0.57575758,-0.9995899802,0,-0.4998120647,0.2500170819,0.2500170819
1.00000000,0.57575758,-1.0000000000,0,-0.5000000000,0.2500000000,0.2500000000
0.00000000,0.63636364,1.0000000000,0,1.0000000000,1.0000000000,1.0000000000
0.01010101,0.63636364,0.9999992394,0,0.9999564680,0.9999144589,0.9999144589
0.02020202,0.63636364,0.9999937071,0,0.9998189048,0.9996504237,0.9996504237
0.03030303,0.63636364,0.9999780285,0,0.9995760965,0.9991962800,0.9991962800
0.04040404,0.63636364,0.9999461029,0,0.9992157365,0.9985397221,0.9985397221
0.05050505,0.63636364,0.9998910218,0,0.9987243254,0.9976677142,0.9976677142
0.06060606,0.63636364,0.9998049775,0,0.9980870620,0.9965664513,0.9965664513
0.07070707,0.63636364,0.9996791606,0,0.9972877266,0.9952213197,0.9952213197
0.08080808,0.63636364,0.9995036477,0,0.9963085541,0.9936168581,0.9936168581
0.09090909,0.63636364,0.9992672749,0,0.9951300980,0.9917367204,0.9917367204
0.10101010,0.63636364,0.9989574978,0,0.9937310860,0.9895636402,0.9895636402
0.11111111,0.63636364,0.9985602368,0,0.9920882649,0.9870794004,0.9870794004
0.12121212,0.63636364,0.9980597041,0,0.9901762385,0.9842648078,0.9842648078
0.13131313,0.63636364,0.9974382135,0,0.9879672970,0.9810996771,0.9810996771
0.14141414,0.63636364,0.9966759699,0,0.9854312409,0.9775628259,0.9775628259
0.15151515,0.63636364,0.9957508374,0,0.9825352019,0.9736320856,0.9736320856
0.16161616,0.63636364,0.9946380857,0,0.9792434635,0.9692843328,0.9692843328
0.17171717,0.63636364,0.9933101125,0,0.9755172882,0.9644955473,0.9644955473
0.18181818,0.63636364,0.9917361436,0,0.9713147552,0.9592409040,0.9592409040
0.19191919,0.63636364,0.9898819100,0,0.9665906203,0.9534949071,0.9534949071
0.20202020,0.63636364,0.9877093052,0,0.9612962081,0.9472315782,0.9472315782
0.21212121,0.63636364,0.9851760265,0,0.9553793515,0.9404247088,0.9404247088
0.22222222,0.63636364,0.9822352056,0,0.9487843973,0.9330481923,0.9330481923
0.23232323,0.63636364,0.9788350413,0,0.9414523002,0.9250764503,0.9250764503
0.24242424,0.63636364,0.9749184459,0,0.9333208344,0.9164849683,0.9164849683
0.25252525,0.63636364,0.9704227276,0,0.9243249525,0.9072509586,0.9072509586
0.26262626,0.63636364,0.9652793357,0,0.9143973319,0.8973541635,0.8973541635
0.27272727,0.63636364,0.9594137047,0,0.9034691480,0.8867778111,0.8867778111
0.28282828,0.63636364,0.9527452442,0,0.8914711179,0.8755097271,0.8755097271
0.29292929,0.63636364,0.9451875324,0,0.8783348585,0.8635435986,0.8635435986
0.30303030,0.63636364,0.9366487824,0,0.8639945934,0.8508803687,0.8508803687
0.31313131,0.63636364,0.9270326629,0,0.8483892369,0.8375297216,0.8375297216
0.32323232,0.63636364,0.9162395606,0,0.8314648584,0.8235115949,0.8235115949
0.33333333,0.63636364,0.9041683756,0,0.8131775022,0.8088576243,0.8088576243
0.34343434,0.63636364,0.8907189311,0,0.7934962971,0.7936123969,0.7936123969
0.35353535,0.63636364,0.8757950581,0,0.7724067368,0.7778343632,0.7778343632
0.36363636,0.63636364,0.8593083696,0,0.7499139568,0.7615962364,0.7615962364
0.37373737,0.63636364,0.8411826773,0,0.7260457701,0.7449847078,0.7449847078
0.38383838,0.63636364,0.8213589095,0,0.7008551791,0.7280993262,0.7280993262
0.39393939,0.63636364,0.7998002820,0,0.6744220448,0.7110504397,0.7110504397
0.40404040,0.63636364,0.7764973530,0,0.6468536061,0.6939561804,0.6939561804
0.41414141,0.63636364,0.7514724854,0,0.6182835847,0.6769385780,0.6769385780
0.42424242,0.63636364,0.7247831688,0,0.5888697131,0.6601190067,0.6601190067
0.43434343,0.63636364,0.6965236479,0,0.5587896634,0.6436132793,0.6436132793
0.44444444,0.63636364,0.6668243825,0,0.5282355255,0.6275267854,0.6275267854
0.45454545,0.63636364,0.6358490458,0,0.4974071530,0.6119500929,0.6119500929
0.46464646,0.63636364,0.6037890196,0,0.4665048405,0.5969554028,0.5969554028
0.47474747,0.63636364,0.5708556523,0,0.4357218759,0.5825941485,0.5825941485
0.48484848,0.63636364,0.5372708253,0,0.4052375292,0.5688958961,0.5688958961
0.49494949,0.63636364,0.5032565960,0,0.3752109685,0.5558685458,0.5558685458
0.50505051,0.63636364,0.4690247773,0,0.3457764710,0.5434996932,0.5434996932
0.51515152,0.63636364,0.4347672823,0,0.3170401326,0.5317589065,0.5317589065
0.52525253,0.63636364,0.4006479032,0,0.2890781146,0.5206006173,0.5206006173
0.53535354,0.63636364,0.3667959627,0,0.2619363194,0.5099673220,0.5099673220
0.54545455,0.63636364,0.3333020136,0,0.2356312827,0.4997928282,0.4997928282
0.55555556,0.63636364,0.3002155281,0,0.2101520156,0.4900053436,0.4900053436
0.56565657,0.63636364,0.2675443442,0,0.1854625193,0.4805302815,0.4805302815
0.57575758,0.63636364,0.2352555409,0,0.1615047248,0.4712927319,0.4712927319
0.58585859,0.63636364,0.2032773933,0,0.1382016615,0.4622196057,0.4622196057
0.59595960,0.63636364,0.1715021085,0,0.1154607305,0.4532415065,0.4532415065
0.60606061,0.63636364,0.1397891351,0,0.0931770260,0.4442944148,0.4442944148
0.61616162,0.63636364,0.1079689688,0,0.0712367176,0.4353212756,0.4353212756
0.62626263,0.63636364,0.0758475136,0,0.0495205612,0.4262735810,0.4262735810
0.63636364,0.63636364,0.0432112058,0,0.0279076493,0.4171130158,0.4171130158
0.64646465,0.63636364,0.0098332352,0,0.0062795289,0.4078131959,0.4078131959
0.65656566,0.63636364,-0.0245186966,0,-0.0154751921,0.3983614794,0.3983614794
0.66666667,0.63636364,-0.0600725994,0,-0.0374556754,0.3887607540,0.3887607540
0.67676768,0.63636364,-0.0970399681,0,-0.0597431370,0.3790310215,0.3790310215
0.68686869,0.63636364,-0.1356008724,0,-0.0823947444,0.3692105094,0.3692105094
0.69696970,0.63636364,-0.1758865293,0,-0.1054374774,0.3593559624,0.3593559624
0.70707071,0.63636364,-0.2179601520,0,-0.1288625200,0.3495417336,0.3495417336
0.71717172,0.63636364,-0.2617977081,0,-0.1526209550,0.3398573390,0.3398573390
0.72727273,0.63636364,-0.3072711401,0,-0.1766216549,0.3304032845,0.3304032845
0.73737374,0.63636364,-0.3541373373,0,-0.2007322287,0.3212852426,0.3212852426
0.74747475,0.63636364,-0.4020363517,0,-0.2247836246,0.3126069960,0.3126069960
0.75757576,0.63636364,-0.4505016360,0,-0.2485785048,0.3044629126,0.3044629126
0.76767677,0.63636364,-0.4989833203,0,-0.2719028536,0.2969309541,0.2969309541
0.77777778,0.63636364,-0.5468829572,0,-0.2945396250,0.2900672384,0.2900672384
0.78787879,0.63636364,-0.5935954627,0,-0.3162827636,0.2839029494,0.2839029494
0.79797980,0.63636364,-0.6385520848,0,-0.3369498087,0.2784439423,0.2784439423
0.80808081,0.63636364,-0.6812578815,0,-0.3563915684,0.2736728799,0.2736728799
0.81818182,0.63636364,-0.7213185649,0,-0.3744979413,0.2695532977,0.2695532977
0.82828283,0.63636364,-0.7584541222,0,-0.3911996892,0.2660347507,0.2660347507
0.83838384,0.63636364,-0.7924994624,0,-0.4064666194,0.2630581844,0.2630581844
0.84848485,0.63636364,-0.8233945650,0,-0.4203030729,0.2605608357,0.2605608357
0.85858586,0.63636364,-0.8511677602,0,-0.4327417854,0.2584802316,0.2584802316
0.86868687,0.63636364,-0.8759158559,0,-0.4438371263,0.2567571101,0.2567571101
0.87878788,0.63636364,-0.8977841635,0,-0.4536585154,0.2553372952,0.2553372952
0.88888889,0.63636364,-0.9169484927,0,-0.4622845482,0.2541726828,0.2541726828
0.89898990,0.63636364,-0.9336002096,0,-0.4697981135,0.2532215459,0.2532215459
0.90909091,0.63636364,-0.9479346879,0,-0.4762825838,0.2524483697,0.2524483697
0.91919192,0.63636364,-0.9601429714,0,-0.4818190268,0.2518233969,0.2518233969
0.92929293,0.63636364,-0.9704061984,0,-0.4864843071,0.2513220232,0.2513220232
0.93939394,0.63636364,-0.9788922375,0,-0.4903499180,0.2509241402,0.2509241402
0.94949495,0.63636364,-0.9857539959,0,-0.4934813792,0.2506134916,0.2506134916
0.95959596,0.63636364,-0.9911289280,0,-0.4959380545,0.2503770764,0.2503770764
0.96969697,0.63636364,-0.9951393637,0,-0.4977732654,0.2502046198,0.2502046198
0.97979798,0.63636364,-0.9978933597,0,-0.4990346010,0.2500881145,0.2500881145
0.98989899,0.63636364,-0.9994858581,0,-0.4997643502,0.2500214326,0.2500214326
1.00000000,0.63636364,-1.0000000000,0,-0.5000000000,0.2500000000,0.2500000000
0.00000000,0.69696970,1.0000000000,0,1.0000000000,1.0000000000,1.0000000000
0.01010101,0.69696970,0.9999989078,0,0.9999449747,0.9998921366,0.9998921366
0.02020202,0.69696970,0.9999909639,0,0.9997705975,0.9995593117,0.9995593117
0.03030303,0.69696970,0.9999684525,0,0.9994618818,0.9989870833,0.9989870833
0.04040404,0.69696970,0.9999226184,0,0.9990023621,0.9981601921,0.9981601921
0.05050505,0.69696970,0.9998435513,0,0.9983739626,0.9970625232,0.9970625232
0.06060606,0.69696970,0.9997200567,0,0.9975568562,0.9956770695,0.9956770695
0.07070707,0.69696970,0.9995395128,0,0.9965293136,0.9939858976,0.9939858976
0.08080808,0.69696970,0.9992877119,0,0.9952675441,0.9919701180,0.9919701180
0.09090909,0.69696970,0.9989486850,0,0.9937455267,0.9896098615,0.9896098615
0.10101010,0.69696970,0.9985045078,0,0.9919348347,0.9868842645,0.9868842645
0.11111111,0.69696970,0.9979350872,0,0.9898044538,0.9837714665,0.9837714665
0.12121212,0.69696970,0.9972179264,0,0.9873205980,0.9802486238,0.9802486238
0.13131313,0.69696970,0.9963278678,0,0.9844465263,0.9762919443,0.9762919443
0.14141414,0.69696970,0.9952368142,0,0.9811423654,0.9718767503,0.9718767503
0.15151515,0.69696970,0.9939134259,0,0.9773649461,0.9669775763,0.9669775763
0.16161616,0.69696970,0.9923227972,0,0.9730676628,0.9615683120,0.9615683120
0.17171717,0.69696970,0.9904261140,0,0.9682003681,0.9556224009,0.9556224009
0.18181818,0.69696970,0.9881802964,0,0.9627093185,0.9491131069,0.9491131069
0.19191919,0.69696970,0.9855376343,0,0.9565371916,0.9420138653,0.9420138653
0.20202020,0.69696970,0.9824454273,0,0.9496231981,0.9342987321,0.9342987321
0.21212121,0.69696970,0.9788456427,0,0.9419033181,0.9259429510,0.9259429510
0.22222222,0.69696970,0.9746746163,0,0.9333106980,0.9169236537,0.9169236537
0.23232323,0.69696970,0.9698628228,0,0.9237762444,0.9072207097,0.9072207097
0.24242424,0.69696970,0.9643347555,0,0.9132294624,0.8968177379,0.8968177379
0.25252525,0.69696970,0.9580089648,0,0.9015995796,0.8857032838,0.8857032838
0.26262626,0.69696970,0.9507983149,0,0.8888170037,0.8738721565,0.8738721565
0.27272727,0.69696970,0.9426105338,0,0.8748151490,0.8613269033,0.8613269033
0.28282828,0.69696970,0.9333491375,0,0.8595326565,0.8480793766,0.8480793766
0.29292929,0.69696970,0.9229148212,0,0.8429160094,0.8341523239,0.8341523239
0.30303030,0.69696970,0.9112074080,0,0.8249225121,0.8195808979,0.8195808979
0.31313131,0.69696970,0.8981284351,0,0.8055235543,0.8044139531,0.8044139531
0.32323232,0.69696970,0.8835844328,0,0.7847080305,0.7887149677,0.7887149677
0.33333333,0.69696970,0.8674909015,0,0.7624857203,0.7725624087,0.7725624087
0.34343434,0.69696970,0.8497769245,0,0.7388903750,0.7560493620,0.7560493620
0.35353535,0.69696970,0.8303902557,0,0.7139822095,0.7392822729,0.7392822729
0.36363636,0.69696970,0.8093026106,0,0.6878494708,0.7223787006,0.7223787006
0.37373737,0.69696970,0.7865147682,0,0.6606087701,0.7054640814,0.7054640814
0.38383838,0.69696970,0.7620609890,0,0.6324039270,0.6886676080,0.6886676080
0.39393939,0.69696970,0.7360121955,0,0.6034031858,0.6721174586,0.6721174586
0.40404040,0.69696970,0.7084773682,0,0.5737948180,0.6559357179,0.6559357179
0.41414141,0.69696970,0.6796027166,0,0.5437813054,0.6402334097,0.6402334097
0.42424242,0.69696970,0.6495683757,0,0.5135724666,0.6251060741,0.6251060741
0.43434343,0.69696970,0.6185826518,0,0.4833780257,0.6106302780,0.6106302780
0.44444444,0.69696970,0.5868741427,0,0.4534001907,0.5968613357,0.5968613357
0.45454545,0.69696970,0.5546823316,0,0.4238268016,0.5838323677,0.5838323677
0.46464646,0.69696970,0.5222474502,0,0.3948255205,0.5715546688,0.5715546688
0.47474747,0.69696970,0.4898004702,0,0.3665393967,0.5600192119,0.5600192119
0.48484848,0.69696970,0.4575540234,0,0.3390839660,0.5491990167,0.5491990167
0.49494949,0.69696970,0.4256948693,0,0.3125458758,0.5390520642,0.5390520642
0.50505051,0.69696970,0.3943782836,0,0.2869828859,0.5295244429,0.5295244429
0.51515152,0.69696970,0.3637244790,0,0.2624249942,0.5205534527,0.5205534527
0.52525253,0.69696970,0.3338169388,0,0.2388763935,0.5120704639,0.5120704639
0.53535354,0.69696970,0.3047023695,0,0.2163179527,0.5040033987,0.5040033987
0.54545455,0.69696970,0.2763918891,0,0.1947099504,0.4962787774,0.4962787774
0.55555556,0.69696970,0.2488630343,0,0.1739948336,0.4888233264,0.4888233264
0.56565657,0.69696970,0.2220622008,0,0.1540998380,0.4815651886,0.4815651886
0.57575758,0.69696970,0.1959071931,0,0.1349393624,0.4744348064,0.4744348064
0.58585859,0.69696970,0.1702896432,0,0.1164170500,0.4673655628,0.4673655628
0.59595960,0.69696970,0.1450771462,0,0.0984275758,0.4602942711,0.4602942711
0.60606061,0.69696970,0.1201150500,0,0.0808581837,0.4531616091,0.4531616091
0.61616162,0.69696970,0.0952279219,0,0.0635900510,0.4459125886,0.4459125886
0.62626263,0.69696970,0.0702207988,0,0.0464995931,0.4384971488,0.4384971488
0.63636364,0.69696970,0.0448804166,0,0.0294598472,0.4308709544,0.4308709544
0.64646465,0.69696970,0.0189767075,0,0.0123421050,0.4229964727,0.4229964727
0.65656566,0.69696970,-0.0077350389,0,-0.0049820159,0.4148443824,0.4148443824
0.66666667,0.69696970,-0.0355108388,0,-0.0226378559,0.4063953417,0.4063953417
0.67676768,0.69696970,-0.0646128791,0,-0.0407441508,0.3976420955,0.3976420955
0.68686869,0.69696970,-0.0953018675,0,-0.0594084531,0.3885918311,0.3885918311
0.69696970,0.69696970,-0.1278261352,0,-0.0787214526,0.3792685945,0.3792685945
0.70707071,0.69696970,-0.1624068813,0,-0.0987502567,0.3697154615,0.3697154615
0.71717172,0.69696970,-0.1992193025,0,-0.1195309219,0.3599960270,0.3599960270
0.72727273,0.69696970,-0.2383700346,0,-0.1410608282,0.3501946765,0.3501946765
0.73737374,0.69696970,-0.2798723938,0,-0.1632918292,0.3404150742,0.3404150742
0.74747475,0.69696970,-0.3236222717,0,-0.1861254107,0.3307764134,0.3307764134
0.75757576,0.69696970,-0.3693789355,0,-0.2094112294,0.3214072596,0.3214072596
0.76767677,0.69696970,-0.4167558852,0,-0.2329502421,0.3124372810,0.3124372810
0.77777778,0.69696970,-0.4652266669,0,-0.2565030980,0.3039877119,0.3039877119
0.78787879,0.69696970,-0.5141486112,0,-0.2798035625,0.2961618711,0.2961618711
0.79797980,0.69696970,-0.5628039006,0,-0.3025756798,0.2890372643,0.2890372643
0.80808081,0.69696970,-0.6104530503,0,-0.3245524616,0.2826606015,0.2826606015
0.81818182,0.69696970,-0.6563923279,0,-0.3454934458,0.2770464779,0.2770464779
0.82828283,0.69696970,-0.7000053508,0,-0.3651986862,0.2721796765,0.2721796765
0.83838384,0.69696970,-0.7408006736,0,-0.3835175367,0.2680203175,0.2680203175
0.84848485,0.69696970,-0.7784309788,0,-0.4003517108,0.2645106456,0.2645106456
0.85858586,0.69696970,-0.8126939472,0,-0.4156531703,0.2615821736,0.2615821736
0.86868687,0.69696970,-0.8435184525,0,-0.4294181305,0.2591621527,0.2591621527
0.87878788,0.69696970,-0.8709415184,0,-0.4416787701,0.2571787383,0.2571787383
0.88888889,0.69696970,-0.8950815054,0,-0.4524941390,0.2555646311,0.2555646311
0.89898990,0.69696970,-0.9161118564,0,-0.4619414222,0.2542592763,0.2542592763
0.90909091,0.69696970,-0.9342381453,0,-0.4701083016,0.2532098812,0.2532098812
0.91919192,0.69696970,-0.9496797047,0,-0.4770867693,0.2523715713,0.2523715713
0.92929293,0.69696970,-0.9626560158,0,-0.4829684554,0.2517069888,0.2517069888
0.93939394,0.69696970,-0.9733773954,0,-0.4878413474,0.2511855779,0.2511855779
0.94949495,0.69696970,-0.9820392090,0,-0.4917876833,0.2507827381,0.2507827381
0.95959596,0.69696970,-0.9888187861,0,-0.4948827738,0.2504789627,0.2504789627
0.96969697,0.69696970,-0.9938742841,0,-0.4971945195,0.2502590309,0.2502590309
0.97979798,0.69696970,-0.9973448827,0,-0.4987834233,0.2501112898,0.2501112898
0.98989899,0.69696970,-0.9993518310,0,-0.4997029340,0.2500270367,0.2500270367
1.00000000,0.69696970,-1.0000000000,0,-0.5000000000,0.2500000000,0.2500000000
0.00000000,0.75757576,1.0000000000,0,1.0000000000,1.0000000000,1.0000000000
0.01010101,0.75757576,0.9999984301,0,0.9999301795,0.9998635032,0.9998635032
0.02020202,0.75757576,0.9999870120,0,0.9997081989,0.9994424443,0.9994424443
0.03030303,0.75757576,0.9999546542,0,0.9993138642,0.9987187725,0.9987187725
0.04040404,0.75757576,0.9998887727,0,0.9987249636,0.9976734776,0.9976734776
0.05050505,0.75757576,0.9997751258,0,0.9979170953,0.9962865571,0.9962865571
0.06060606,0.75757576,0.9995976319,0,0.9968634865,0.9945369895,0.9945369895
0.07070707,0.75757576,0.9993381680,0,0.9955348026,0.9924027163,0.9924027163
0.08080808,0.75757576,0.9989763472,0,0.9938989512,0.9898606351,0.9898606351
0.09090909,0.75757576,0.9984892745,0,0.9919208803,0.9868866099,0.9868866099
0.10101010,0.75757576,0.9978512792,0,0.9895623778,0.9834555014,0.9834555014
0.11111111,0.75757576,0.9970336234,0,0.9867818753,0.9795412266,0.9795412266
0.12121212,0.75757576,0.9960041860,0,0.9835342656,0.9751168535,0.9751168535
0.13131313,0.75757576,0.9947271244,0,0.9797707413,0.9701547427,0.9701547427
0.14141414,0.75757576,0.9931625145,0,0.9754386713,0.9646267467,0.9646267467
0.15151515,0.75757576,0.9912659757,0,0.9704815280,0.9585044814,0.9585044814
0.16161616,0.75757576,0.9889882855,0,0.9648388897,0.9517596866,0.9517596866
0.17171717,0.75757576,0.9862749989,0,0.9584465426,0.9443646926,0.9443646926
0.18181818,0.75757576,0.9830660844,0,0.9512367157,0.9362930141,0.9362930141
0.19191919,0.75757576,0.9792956037,0,0.9431384869,0.9275200905,0.9275200905
0.20202020,0.75757576,0.9748914641,0,0.9340784029,0.9180241916,0.9180241916
0.21212121,0.75757576,0.9697752850,0,0.9239813642,0.9077875042,0.9077875042
0.22222222,0.75757576,0.9638624324,0,0.9127718239,0.8967974072,0.8967974072
0.23232323,0.75757576,0.9570622867,0,0.9003753537,0.8850479298,0.8850479298
0.24242424,0.75757576,0.9492788237,0,0.8867206186,0.8725413722,0.8725413722
0.25252525,0.75757576,0.9404115991,0,0.8717417901,0.8592900395,0.8592900395
0.26262626,0.75757576,0.9303572385,0,0.8553814008,0.8453180135,0.8453180135
0.27272727,0.75757576,0.9190115300,0,0.8375936059,0.8306628473,0.8306628473
0.28282828,0.75757576,0.9062722113,0,0.8183477647,0.8153770320,0.8153770320
0.29292929,0.75757576,0.8920425080,0,0.7976321940,0.7995290521,0.7995290521
0.30303030,0.75757576,0.8762354302,0,0.7754578716,0.7832038220,0.7832038220
0.31313131,0.75757576,0.8587787536,0,0.7518618040,0.7665022995,0.7665022995
0.32323232,0.75757576,0.8396205040,0,0.7269097131,0.7495401004,0.7495401004
0.33333333,0.75757576,0.8187346394,0,0.7006976759,0.7324450086,0.7324450086
0.34343434,0.75757576,0.7961264927,0,0.6733523699,0.7153533801,0.7153533801
0.35353535,0.75757576,0.7718374258,0,0.6450296557,0.6984055751,0.6984055751
0.36363636,0.75757576,0.7459480920,0,0.6159113622,0.6817406919,0.6817406919
0.37373737,0.75757576,0.7185797225,0,0.5862003214,0.6654910037,0.6654910037
0.38383838,0.75757576,0.6898929824,0,0.5561139039,0.6497765772,0.6497765772
0.39393939,0.75757576,0.6600841707,0,0.5258764933,0.6347005581,0.6347005581
0.40404040,0.75757576,0.6293788445,0,0.4957114779,0.6203455457,0.6203455457
0.41414141,0.75757576,0.5980232801,0,0.4658333970,0.6067713423,0.6067713423
0.42424242,0.75757576,0.5662744708,0,0.4364408491,0.5940141883,0.5940141883
0.43434343,0.75757576,0.5343895470,0,0.4077106532,0.5820874152,0.5820874152
0.44444444,0.75757576,0.5026155513,0,0.3797935839,0.5709832963,0.5709832963
0.45454545,0.75757576,0.4711803955,0,0.3528118046,0.5606757729,0.5606757729
0.46464646,0.75757576,0.4402856143,0,0.3268579395,0.5511236979,0.5511236979
0.47474747,0.75757576,0.4101012509,0,0.3019955789,0.5422742499,0.5422742499
0.48484848,0.75757576,0.3807629282,0,0.2782609208,0.5340662329,0.5340662329
0.49494949,0.75757576,0.3523709238,0,0.2556652119,0.5264330492,0.5264330492
0.50505051,0.75757576,0.3249909012,0,0.2341976573,0.5193052206,0.5193052206
0.51515152,0.75757576,0.2986558679,0,0.2138285084,0.5126124018,0.5126124018
0.52525253,0.75757576,0.2733689156,0,0.1945120959,0.5062848910,0.5062848910
0.53535354,0.75757576,0.2491063387,0,0.1761896362,0.5002546801,0.5002546801
0.54545455,0.75757576,0.2258207915,0,0.1587917006,0.4944561113,0.4944561113
0.55555556,0.75757576,0.2034442313,0,0.1422402885,0.4888262164,0.4888262164
0.56565657,0.75757576,0.1818904646,0,0.1264504833,0.4833048159,0.4833048159
0.57575758,0.75757576,0.1610571920,0,0.1113317032,0.4778344526,0.4778344526
0.58585859,0.75757576,0.1408274935,0,0.0967885781,0.4723602243,0.4723602243
0.59595960,0.75757576,0.1210707460,0,0.0827215000,0.4668295778,0.4668295778
0.60606061,0.75757576,0.1016429939,0,0.0690269028,0.4611921186,0.4611921186
0.61616162,0.75757576,0.0823868216,0,0.0555973407,0.4553994901,0.4553994901
0.62626263,0.75757576,0.0631308035,0,0.0423214412,0.4494053756,0.4494053756
0.63636364,0.75757576,0.0436886359,0,0.0290838264,0.4431656794,0.4431656794
0.64646465,0.75757576,0.0238581000,0,0.0157651132,0.4366389503,0.4366389503
0.65656566,0.75757576,0.0034200625,0,0.0022421297,0.4297871159,0.4297871159
0.66666667,0.75757576,-0.0178621957,0,-0.0116114796,0.4225765996,0.4225765996
0.67676768,0.75757576,-0.0402429121,0,-0.0259240546,0.4149798915,0.4149798915
0.68686869,0.75757576,-0.0639924830,0,-0.0408238755,0.4069776309,0.4069776309
0.69696970,0.75757576,-0.0893940712,0,-0.0564360015,0.3985612204,0.3985612204
0.70707071,0.75757576,-0.1167372593,0,-0.0728777092,0.3897359251,0.3897359251
0.71717172,0.75757576,-0.1463076748,0,-0.0902523060,0.3805243017,0.3805243017
0.72727273,0.75757576,-0.1783714958,0,-0.1086412211,0.3709696394,0.3709696394
0.73737374,0.75757576,-0.2131539979,0,-0.1280945404,0.3611389025,0.3611389025
0.74747475,0.75757576,-0.2508119980,0,-0.1486205443,0.3511244560,0.3511244560
0.75757576,0.75757576,-0.2914013731,0,-0.1701753376,0.3410437180,0.3410437180
0.76767677,0.75757576,-0.3348428058,0,-0.1926542189,0.3310359068,0.3310359068
0.77777778,0.75757576,-0.3808912862,0,-0.2158868636,0.3212553431,0.3212553431
0.78787879,0.75757576,-0.4291169453,0,-0.2396384313,0.3118613876,0.3118613876
0.79797980,0.75757576,-0.4789053527,0,-0.2636181304,0.3030059587,0.3030059587
0.80808081,0.75757576,-0.5294832888,0,-0.2874955037,0.2948204457,0.2948204457
0.81818182,0.75757576,-0.5799708133,0,-0.3109229694,0.2874043494,0.2874043494
0.82828283,0.75757576,-0.6294533379,0,-0.3335614789,0.2808178432,0.2808178432
0.83838384,0.75757576,-0.6770610447,0,-0.3551051863,0.2750795951,0.2750795951
0.84848485,0.75757576,-0.7220403171,0,-0.3753011827,0.2701699046,0.2701699046
0.85858586,0.75757576,-0.7638042587,0,-0.3939616065,0.2660379842,0.2660379842
0.86868687,0.75757576,-0.8019557688,0,-0.4109673003,0.2626114776,0.2626114776
0.87878788,0.75757576,-0.8362840842,0,-0.4262639666,0.2598062418,0.2598062418
0.88888889,0.75757576,-0.8667412882,0,-0.4398529513,0.2575348758,0.2575348758
0.89898990,0.75757576,-0.8934076190,0,-0.4517791710,0.2557131751,0.2557131751
0.90909091,0.75757576,-0.9164537818,0,-0.4621184299,0.2542643325,0.2542643325
0.91919192,0.75757576,-0.9361061563,0,-0.4709657471,0.2531211541,0.2531211541
0.92929293,0.75757576,-0.9526181219,0,-0.4784256108,0.2522267605,0.2522267605
0.93939394,0.75757576,-0.9662485195,0,-0.4846044884,0.2515342805,0.2515342805
0.94949495,0.75757576,-0.9772468502,0,-0.4896055155,0.2510059662,0.2510059662
0.95959596,0.75757576,-0.9858440976,0,-0.4935250654,0.2506120496,0.2506120496
0.96969697,0.75757576,-0.9922478639,0,-0.4964508194,0.2503295498,0.2503295498
0.97979798,0.75757576,-0.9966405907,0,-0.4984609561,0.2501411548,0.2501411548
0.98989899,0.75757576,-0.9991798592,0,-0.4996241339,0.2500342336,0.2500342336
1.00000000,0.75757576,-1.0000000000,0,-0.5000000000,0.2500000000,0.2500000000
0.00000000,0.81818182,1.0000000000,0,1.0000000000,1.0000000000,1.0000000000
0.01010101,0.81818182,0.9999977425,0,0.9999111663,0.9998268548,0.9998268548
0.02020202,0.81818182,0.9999813208,0,0.9996277012,0.9992928727,0.9992928727
0.03030303,0.81818182,0.9999347784,0,0.9991222099,0.9983754174,0.9983754174
0.04040404,0.81818182,0.9998400089,0,0.9983645277,0.9970507431,0.9970507431
0.05050505,0.81818182,0.9996765218,0,0.9973214982,0.9952939785,0.9952939785
0.06060606,0.81818182,0.9994211844,0,0.9959567451,0.9930791248,0.9930791248
0.07070707,0.81818182,0.9990479383,0,0.9942304401,0.9903790743,0.9903790743
0.08080808,0.81818182,0.9985274889,0,0.9920990736,0.9871656563,0.9871656563
0.09090909,0.81818182,0.9978269674,0,0.9895152340,0.9834097172,0.9834097172
0.10101010,0.81818182,0.9969095669,0,0.9864274068,0.9790812482,0.9790812482
0.11111111,0.81818182,0.9957341518,0,0.9827798069,0.9741495702,0.9741495702
0.12121212,0.81818182,0.9942548472,0,0.9785122601,0.9685835948,0.9685835948
0.13131313,0.81818182,0.9924206135,0,0.9735601592,0.9623521775,0.9623521775
0.14141414,0.81818182,0.9901748169,0,0.9678545208,0.9554245853,0.9554245853
0.15151515,0.81818182,0.9874548134,0,0.9613221797,0.9477711021,0.9477711021
0.16161616,0.81818182,0.9841915687,0,0.9538861643,0.9393637975,0.9393637975
0.17171717,0.81818182,0.9803093468,0,0.9454663023,0.9301774831,0.9301774831
0.18181818,0.81818182,0.9757255114,0,0.9359801150,0.9201908784,0.9201908784
0.19191919,0.81818182,0.9703504975,0,0.9253440625,0.9093880010,0.9093880010
0.20202020,0.81818182,0.9640880254,0,0.9134752019,0.8977597839,0.8977597839
0.21212121,0.81818182,0.9568356465,0,0.9002933164,0.8853059014,0.8853059014
0.22222222,0.81818182,0.9484857259,0,0.8857235566,0.8720367580,0.8720367580
0.23232323,0.81818182,0.9389269760,0,0.8696996096,0.8579755596,0.8579755596
0.24242424,0.81818182,0.9280466629,0,0.8521673648,0.8431603383,0.8431603383
0.25252525,0.81818182,0.9157335935,0,0.8330889876,0.8276457597,0.8276457597
0.26262626,0.81818182,0.9018819618,0,0.8124472350,0.8115044922,0.8115044922
0.27272727,0.81818182,0.8863960738,0,0.7902497595,0.7948278889,0.7948278889
0.28282828,0.81818182,0.8691958792,0,0.7665330622,0.7777257275,0.7777257275
0.29292929,0.81818182,0.8502231120,0,0.7413656843,0.7603247835,0.7603247835
0.30303030,0.81818182,0.8294476925,0,0.7148501930,0.7427660945,0.7427660945
0.31313131,0.81818182,0.8068738877,0,0.6871235424,0.7252009021,0.7252009021
0.32323232,0.81818182,0.7825455898,0,0.6583554802,0.7077854223,0.7077854223
0.33333333,0.81818182,0.7565500065,0,0.6287448451,0.6906747772,0.6906747772
0.34343434,0.81818182,0.7290190810,0,0.5985138206,0.6740165739,0.6740165739
0.35353535,0.81818182,0.7001281231,0,0.5679004649,0.6579447146,0.6579447146
0.36363636,0.81818182,0.6700914070,0,0.5371500651,0.6425740280,0.6425740280
0.37373737,0.81818182,0.6391548669,0,0.5065060250,0.6279962220,0.6279962220
0.38383838,0.81818182,0.6075864128,0,0.4762010530,0.6142774831,0.6142774831
0.39393939,0.81818182,0.5756647202,0,0.4464493613,0.6014578301,0.6014578301
0.40404040,0.81818182,0.5436675454,0,0.4174404276,0.5895521082,0.5895521082
0.41414141,0.81818182,0.5118606403,0,0.3893346523,0.5785523307,0.5785523307
0.42424242,0.81818182,0.4804881902,0,0.3622610011,0.5684309683,0.5684309683
0.43434343,0.81818182,0.4497654202,0,0.3363165104,0.5591447511,0.5591447511
0.44444444,0.81818182,0.4198736815,0,0.3115673735,0.5506385848,0.5506385848
0.45454545,0.81818182,0.3909580047,0,0.2880512304,0.5428492601,0.5428492601
0.46464646,0.81818182,0.3631268504,0,0.2657802621,0.5357087315,0.5357087315
0.47474747,0.81818182,0.3364536233,0,0.2447447104,0.5291468431,0.5291468431
0.48484848,0.81818182,0.3109794454,0,0.2249165068,0.5230934601,0.5230934601
0.49494949,0.81818182,0.2867166936,0,0.2062527633,0.5174800265,0.5174800265
0.50505051,0.81818182,0.2636528670,0,0.1886989578,0.5122406108,0.5122406108
0.51515152,0.81818182,0.2417544370,0,0.1721917116,0.5073125180,0.5073125180
0.52525253,0.81818182,0.2209704309,0,0.1566611098,0.5026365575,0.5026365575
0.53535354,0.81818182,0.2012355824,0,0.1420325595,0.4981570457,0.4981570457
0.54545455,0.81818182,0.1824729572,0,0.1282282038,0.4938216170,0.4938216170
0.55555556,0.81818182,0.1645960156,0,0.1151679280,0.4895809048,0.4895809048
0.56565657,0.81818182,0.1475101081,0,0.1027700012,0.4853881396,0.4853881396
0.57575758,0.81818182,0.1311134246,0,0.0909513994,0.4811987041,0.4811987041
0.58585859,0.81818182,0.1152974285,0,0.0796278529,0.4769696753,0.4769696753
0.59595960,0.81818182,0.0999468092,0,0.0687136587,0.4726593783,0.4726593783
0.60606061,0.81818182,0.0849389873,0,0.0581212965,0.4682269735,0.4682269735
0.61616162,0.81818182,0.0701432010,0,0.0477608810,0.4636320993,0.4636320993
0.62626263,0.81818182,0.0554192031,0,0.0375394887,0.4588345925,0.4588345925
0.63636364,0.81818182,0.0406155989,0,0.0273603966,0.4537943179,0.4537943179
0.64646465,0.81818182,0.0255678617,0,0.0171222825,0.4484711424,0.4484711424
0.65656566,0.81818182,0.0100960875,0,0.0067184520,0.4428251050,0.4428251050
0.66666667,0.81818182,-0.0059974153,0,-0.0039638189,0.4368168450,0.4368168450
0.67676768,0.81818182,-0.0229305405,0,-0.0150436993,0.4304083692,0.4304083692
0.68686869,0.81818182,-0.0409435453,0,-0.0266468021,0.4235642563,0.4235642563
0.69696970,0.81818182,-0.0603005522,0,-0.0389045315,0.4162534070,0.4162534070
0.70707071,0.81818182,-0.0812897841,0,-0.0519524691,0.4084514530,0.4084514530
0.71717172,0.81818182,-0.1042216540,0,-0.0659274182,0.4001439133,0.4001439133
0.72727273,0.81818182,-0.1294235083,0,-0.0809626677,0.3913301266,0.3913301266
0.73737374,0.81818182,-0.1572294870,0,-0.0971810343,0.3820278631,0.3820278631
0.74747475,0.81818182,-0.1879637300,0,-0.1146853446,0.3722783139,0.3722783139
0.75757576,0.81818182,-0.2219152174,0,-0.1335462959,0.3621508637,0.3621508637
0.76767677,0.81818182,-0.2593031997,0,-0.1537881555,0.3517466943,0.3517466943
0.77777778,0.81818182,-0.3002338220,0,-0.1753735495,0.3411999464,0.3411999464
0.78787879,0.81818182,-0.3446514373,0,-0.1981895697,0.3306750300,0.3306750300
0.79797980,0.81818182,-0.3922920838,0,-0.2220383434,0.3203589547,0.3203589547
0.80808081,0.81818182,-0.4426506101,0,-0.2466356110,0.3104484046,0.3104484046
0.81818182,0.81818182,-0.4949749263,0,-0.2716202497,0.3011326797,0.3011326797
0.82828283,0.81818182,-0.5482983155,0,-0.2965757632,0.2925751861,0.2925751861
0.83838384,0.81818182,-0.6015123800,0,-0.3210618190,0.2848972017,0.2848972017
0.84848485,0.81818182,-0.6534708117,0,-0.3446508950,0.2781675295,0.2781675295
0.85858586,0.81818182,-0.7031029428,0,-0.3669632937,0.2724001980,0.2724001980
0.86868687,0.81818182,-0.7495118429,0,-0.3876940965,0.2675601169,0.2675601169
0.87878788,0.81818182,-0.7920371282,0,-0.4066279729,0.2635745186,0.2635745186
0.88888889,0.81818182,-0.8302747631,0,-0.4236410992,0.2603469521,0.2603469521
0.89898990,0.81818182,-0.8640588095,0,-0.4386924070,0.2577707471,0.2577707471
0.90909091,0.81818182,-0.8934180619,0,-0.4518080419,0.2557398801,0.2557398801
0.91919192,0.81818182,-0.9185222141,0,-0.4630631194,0.2541564045,0.2541564045
0.92929293,0.81818182,-0.9396292831,0,-0.4725640279,0.2529345947,0.2529345947
0.93939394,0.81818182,-0.9570413006,0,-0.4804333003,0.2520024971,0.2520024971
0.94949495,0.81818182,-0.9710709602,0,-0.4867979144,0.2513017334,0.2513017334
0.95959596,0.81818182,-0.9820189809,0,-0.4917810554,0.2507863098,0.2507863098
0.96969697,0.81818182,-0.9901604554,0,-0.4954969015,0.2504209915,0.2504209915
0.97979798,0.81818182,-0.9957380002,0,-0.4980478061,0.2501796035,0.2501796035
0.98989899,0.81818182,-0.9989596714,0,-0.4995232471,0.2500434585,0.2500434585
1.00000000,0.81818182,-1.0000000000,0,-0.5000000000,0.2500000000,0.2500000000
0.00000000,0.87878788,1.0000000000,0,1.0000000000,1.0000000000,1.0000000000
0.01010101,0.87878788,0.9999967526,0,0.9998867557,0.9997800176,0.9997800176
0.02020202,0.87878788,0.9999731261,0,0.9995239044,0.9991017343,0.9991017343
0.03030303,0.87878788,0.9999061515,0,0.9988740711,0.9979367109,0.9979367109
0.04040404,0.87878788,0.9997697575,0,0.9978960634,0.9962552610,0.9962552610
0.05050505,0.87878788,0.9995344382,0,0.9965445933,0.9940264726,0.9940264726
0.06060606,0.87878788,0.9991668882,0,0.9947700023,0.9912182606,0.9912182606
0.07070707,0.87878788,0.9986296061,0,0.9925179976,0.9877974638,0.9877974638
0.08080808,0.87878788,0.9978804649,0,0.9897294157,0.9837299974,0.9837299974
0.09090909,0.87878788,0.9968722531,0,0.9863400261,0.9789810800,0.9789810800
0.10101010,0.87878788,0.9955521919,0,0.9822804036,0.9735155531,0.9735155531
0.11111111,0.87878788,0.9938614359,0,0.9774758949,0.9672983208,0.9672983208
0.12121212,0.87878788,0.9917345746,0,0.9718467204,0.9602949355,0.9602949355
0.13131313,0.87878788,0.9890991553,0,0.9653082595,0.9524723617,0.9524723617
0.14141414,0.87878788,0.9858752598,0,0.9577715757,0.9437999535,0.9437999535
0.15151515,0.87878788,0.9819751811,0,0.9491442512,0.9342506756,0.9342506756
0.16161616,0.87878788,0.9773032592,0,0.9393316088,0.9238025979,0.9238025979
0.17171717,0.87878788,0.9717559568,0,0.9282384009,0.9124406792,0.9124406792
0.18181818,0.87878788,0.9652222738,0,0.9157710487,0.9001588353,0.9001588353
0.19191919,0.87878788,0.9575846236,0,0.9018404983,0.8869622584,0.8869622584
0.20202020,0.87878788,0.9487203087,0,0.8863657335,0.8728699078,0.8728699078
0.21212121,0.87878788,0.9385037492,0,0.8692779410,0.8579170406,0.8579170406
0.22222222,0.87878788,0.9268096086,0,0.8505252465,0.8421575834,0.8421575834
0.23232323,0.87878788,0.9135169362,0,0.8300778528,0.8256660861,0.8256660861
0.24242424,0.87878788,0.8985143851,0,0.8079332933,0.8085389400,0.8085389400
0.25252525,0.87878788,0.8817064559,0,0.7841213976,0.7908945252,0.7908945252
0.26262626,0.87878788,0.8630205735,0,0.7587084609,0.7728719694,0.7728719694
0.27272727,0.87878788,0.8424146124,0,0.7318000483,0.7546282942,0.7546282942
0.28282828,0.87878788,0.8198842823,0,0.7035418747,0.7363338769,0.7363338769
0.29292929,0.87878788,0.7954696033,0,0.6741183101,0.7181663778,0.7181663778
0.30303030,0.87878788,0.7692595901,0,0.6437482671,0.7003035175,0.7003035175
0.31313131,0.87878788,0.7413942835,0,0.6126785275,0.6829153172,0.6829153172
0.32323232,0.87878788,0.7120634489,0,0.5811748928,0.6661565483,0.6661565483
0.33333333,0.87878788,0.6815016164,0,0.5495118575,0.6501601635,0.6501601635
0.34343434,0.87878788,0.6499796093,0,0.5179617179,0.6350323652,0.6350323652
0.35353535,0.87878788,0.6177932142,0,0.4867840991,0.6208497341,0.6208497341
0.36363636,0.87878788,0.5852500668,0,0.4562168039,0.6076585479,0.6076585479
0.37373737,0.87878788,0.5526560725,0,0.4264686619,0.5954761261,0.5954761261
0.38383838,0.87878788,0.5203026852,0,0.3977147597,0.5842938059,0.5842938059
0.39393939,0.87878788,0.4884561548,0,0.3700941177,0.5740810246,0.5740810246
0.40404040,0.87878788,0.4573494798,0,0.3437096059,0.5647899508,0.5647899508
0.41414141,0.87878788,0.4271773728,0,0.3186297011,0.5563601706,0.5563601706
0.42424242,0.87878788,0.3980941442,0,0.2948915916,0.5487230453,0.5487230453
0.43434343,0.87878788,0.3702141122,0,0.2725051226,0.5418054908,0.5418054908
0.44444444,0.87878788,0.3436139688,0,0.2514571281,0.5355330532,0.5355330532
0.45454545,0.87878788,0.3183364798,0,0.2317157786,0.5298322591,0.5298322591
0.46464646,0.87878788,0.2943949319,0,0.2132346787,0.5246322862,0.5246322862
0.47474747,0.87878788,0.2717778352,0,0.1959565395,0.5198660452,0.5198660452
0.48484848,0.87878788,0.2504535082,0,0.1798163362,0.5154707782,0.5154707782
0.49494949,0.87878788,0.2303742907,0,0.1647439207,0.5113882824,0.5113882824
0.50505051,0.87878788,0.2114802345,0,0.1506661029,0.5075648554,0.5075648554
0.51515152,0.87878788,0.1937022005,0,0.1375082419,0.5039510449,0.5039510449
0.52525253,0.87878788,0.1769643515,0,0.1251954025,0.5005012701,0.5005012701
0.53535354,0.87878788,0.1611860651,0,0.1136531350,0.4971733638,0.4971733638
0.54545455,0.87878788,0.1462833127,0,0.1028079363,0.4939280725,0.4939280725
0.55555556,0.87878788,0.1321695584,0,0.0925874446,0.4907285407,0.4907285407
0.56565657,0.87878788,0.1187562315,0,0.0829204105,0.4875397960,0.4875397960
0.57575758,0.87878788,0.1059528194,0,0.0737364825,0.4843282456,0.4843282456
0.58585859,0.87878788,0.0936666205,0,0.0649658331,0.4810611908,0.4810611908
0.59595960,0.87878788,0.0818021836,0,0.0565386469,0.4777063645,0.4777063645
0.60606061,0.87878788,0.0702604514,0,0.0483844859,0.4742314931,0.4742314931
0.61616162,0.87878788,0.0589376128,0,0.0404315412,0.4706038887,0.4706038887
0.62626263,0.87878788,0.0477236604,0,0.0326057770,0.4667900765,0.4667900765
0.63636364,0.87878788,0.0365006407,0,0.0248299741,0.4627554684,0.4627554684
0.64646465,0.87878788,0.0251405784,0,0.0170226799,0.4584640985,0.4584640985
0.65656566,0.87878788,0.0135030584,0,0.0090970782,0.4538784479,0.4538784479
0.66666667,0.87878788,0.0014324512,0,0.0009598058,0.4489593941,0.4489593941
0.67676768,0.87878788,-0.0112452081,0,-0.0074902401,0.4436663421,0.4436663421
0.68686869,0.87878788,-0.0247256441,0,-0.0163630272,0.4379576112,0.4379576112
0.69696970,0.87878788,-0.0392299518,0,-0.0257783228,0.4317911813,0.4317911813
0.70707071,0.87878788,-0.0550081671,0,-0.0358662501,0.4251259312,0.4251259312
0.71717172,0.87878788,-0.0723423877,0,-0.0467671874,0.4179235322,0.4179235322
0.72727273,0.87878788,-0.0915487631,0,-0.0586306174,0.4101511861,0.4101511861
0.73737374,0.87878788,-0.1129772839,0,-0.0716123955,0.4017853932,0.4017853932
0.74747475,0.87878788,-0.1370077846,0,-0.0858697743,0.3928168917,0.3928168917
0.75757576,0.87878788,-0.1640399608,0,-0.1015534252,0.3832567723,0.3832567723
0.76767677,0.87878788,-0.1944746102,0,-0.1187957366,0.3731435079,0.3731435079
0.77777778,0.87878788,-0.2286830297,0,-0.1376949501,0.3625502020,0.3625502020
0.78787879,0.87878788,-0.2669620521,0,-0.1582953883,0.3515907662,0.3515907662
0.79797980,0.87878788,-0.3094743378,0,-0.1805652402,0.3404230947,0.3404230947
0.80808081,0.87878788,-0.3561779843,0,-0.2043750660,0.3292468866,0.3292468866
0.81818182,0.87878788,-0.4067563567,0,-0.2294819734,0.3182940017,0.3182940017
0.82828283,0.87878788,-0.4605666603,0,-0.2555254926,0.3078105314,0.3078105314
0.83838384,0.87878788,-0.5166302157,0,-0.2820404379,0.2980321769,0.2980321769
0.84848485,0.87878788,-0.5736833205,0,-0.3084887668,0.2891573675,0.2891573675
0.85858586,0.87878788,-0.6302920348,0,-0.3343070663,0.2813244480,0.2813244480
0.86868687,0.87878788,-0.6850112171,0,-0.3589608208,0.2745988619,0.2745988619
0.87878788,0.87878788,-0.7365490302,0,-0.3819937427,0.2689733016,0.2689733016
0.88888889,0.87878788,-0.7838947555,0,-0.4030618857,0.2643796035,0.2643796035
0.89898990,0.87878788,-0.8263827053,0,-0.4219473431,0.2607078295,0.2607078295
0.90909091,0.87878788,-0.8636891944,0,-0.4385525128,0.2578269050,0.2578269050
0.91919192,0.87878788,-0.8957796142,0,-0.4528804551,0.2556023293,0.2556023293
0.92929293,0.87878788,-0.9228308588,0,-0.4650084968,0.2539086871,0.2539086871
0.93939394,0.87878788,-0.9451514863,0,-0.4750613331,0.2526367483,0.2526367483
0.94949495,0.87878788,-0.9631136879,0,-0.4831877112,0.2516961952,0.2516961952
0.95959596,0.87878788,-0.9771027266,0,-0.4895425378,0.2510154305,0.2510154305
0.96969697,0.87878788,-0.9874837069,0,-0.4942745974,0.2505397875,0.2505397875
0.97979798,0.87878788,-0.9945826580,0,-0.4975191423,0.2502291066,0.2502291066
0.98989899,0.87878788,-0.9986781464,0,-0.4993942674,0.2500552703,0.2500552703
1.00000000,0.87878788,-1.0000000000,0,-0.5000000000,0.2500000000,0.2500000000
0.00000000,0.93939394,1.0000000000,0,1.0000000000,1.0000000000,1.0000000000
0.01010101,0.93939394,0.9999953279,0,0.9998554282,0.9997202189,0.9997202189
0.02020202,0.93939394,0.9999613270,0,0.9993900507,0.9988577295,0.9988577295
0.03030303,0.93939394,0.9998649202,0,0.9985526266,0.9973767807,0.9973767807
0.04040404,0.93939394,0.9996685471,0,0.9972866427,0.9952402891,0.9952402891
0.05050505,0.93939394,0.9993296931,0,0.9955299819,0.9924099374,0.9924099374
0.06060606,0.93939394,0.9988003786,0,0.9932146196,0.9888463400,0.9888463400
0.07070707,0.93939394,0.9980266091,0,0.9902663717,0.9845092964,0.9845092964
0.08080808,0.93939394,0.9969477934,0,0.9866047216,0.9793581599,0.9793581599
0.09090909,0.93939394,0.9954961414,0,0.9821427671,0.9733523536,0.9733523536
0.10101010,0.93939394,0.9935960584,0,0.9767873377,0.9664520737,0.9664520737
0.11111111,0.93939394,0.9911635671,0,0.9704393464,0.9586192225,0.9586192225
0.12121212,0.93939394,0.9881057980,0,0.9629944559,0.9498186184,0.9498186184
0.13131313,0.93939394,0.9843206093,0,0.9543441530,0.9400195320,0.9400195320
0.14141414,0.93939394,0.9796964193,0,0.9443773381,0.9291975850,0.9291975850
0.15151515,0.93939394,0.9741123599,0,0.9329825441,0.9173370381,0.9173370381
0.16161616,0.93939394,0.9674388904,0,0.9200508946,0.9044334588,0.9044334588
0.17171717,0.93939394,0.9595390393,0,0.9054798912,0.8904967159,0.8904967159
0.18181818,0.93939394,0.9502704672,0,0.8891780736,0.8755541784,0.8755541784
0.19191919,0.93939394,0.9394885539,0,0.8710705204,0.8596539157,0.8596539157
0.20202020,0.93939394,0.9270506984,0,0.8511050438,0.8428675958,0.8428675958
0.21212121,0.93939394,0.9128219657,0,0.8292587862,0.8252926911,0.8252926911
0.22222222,0.93939394,0.8966821076,0,0.8055447570,0.8070535325,0.8070535325
0.23232323,0.93939394,0.8785338071,0,0.7800176803,0.7883007445,0.7883007445
0.24242424,0.93939394,0.8583117648,0,0.7527784026,0.7692086693,0.7692086693
0.25252525,0.93939394,0.8359919620,0,0.7239760693,0.7499705651,0.7499705651
0.26262626,0.93939394,0.8116001638,0,0.6938073780,0.7307916486,0.7307916486
0.27272727,0.93939394,0.7852185255,0,0.6625124621,0.7118803894,0.7118803894
0.28282828,0.93939394,0.7569891259,0,0.6303673519,0.6934388064,0.6934388064
0.29292929,0.93939394,0.7271134377,0,0.5976734290,0.6756527606,0.6756527606
0.30303030,0.93939394,0.6958471773,0,0.5647447499,0.6586833184,0.6586833184
0.31313131,0.93939394,0.6634906072,0,0.5318944499,0.6426601325,0.6426601325
0.32323232,0.93939394,0.6303750621,0,0.4994215729,0.6276774814,0.6276774814
0.33333333,0.93939394,0.5968470747,0,0.4675995689,0.6137931891,0.6137931891
0.34343434,0.93939394,0.5632518298,0,0.4366673969,0.6010302240,0.6010302240
0.35353535,0.93939394,0.5299177013,0,0.4068237399,0.5893804447,0.5893804447
0.36363636,0.93939394,0.4971433256,0,0.3782243969,0.5788097683,0.5788097683
0.37373737,0.93939394,0.4651881513,0,0.3509825358,0.5692640078,0.5692640078
0.38383838,0.93939394,0.4342668135,0,0.3251712405,0.5606747157,0.5606747157
0.39393939,0.93939394,0.4045471461,0,0.3008276720,0.5529645401,0.5529645401
0.40404040,0.93939394,0.3761512627,0,0.2779581678,0.5460517867,0.5460517867
0.41414141,0.93939394,0.3491589349,0,0.2565436934,0.5398540522,0.5398540522
0.42424242,0.93939394,0.3236124526,0,0.2365451924,0.5342909301,0.5342909301
0.43434343,0.93939394,0.2995222332,0,0.2179085223,0.5292858712,0.5292858712
0.44444444,0.93939394,0.2768725880,0,0.2005687912,0.5247673349,0.5247673349
0.45454545,0.93939394,0.2556272201,0,0.1844540155,0.5206693749,0.5206693749
0.46464646,0.93939394,0.2357341838,0,0.1694880914,0.5169318010,0.5169318010
0.47474747,0.93939394,0.2171301638,0,0.1555931242,0.5135000407,0.5135000407
0.48484848,0.93939394,0.1997440287,0,0.1426911841,0.5103247995,0.5103247995
0.49494949,0.93939394,0.1834996776,0,0.1307055719,0.5073615981,0.5073615981
0.50505051,0.93939394,0.1683182363,0,0.1195616746,0.5045702435,0.5045702435
0.51515152,0.93939394,0.1541196816,0,0.1091874885,0.5019142737,0.5019142737
0.52525253,0.93939394,0.1408239735,0,0.0995138767,0.4993604030,0.4993604030
0.53535354,0.93939394,0.1283517731,0,0.0904746161,0.4968779821,0.4968779821
0.54545455,0.93939394,0.1166248166,0,0.0820062791,0.4944384839,0.4944384839
0.55555556,0.93939394,0.1055660008,0,0.0740479855,0.4920150160,0.4920150160
0.56565657,0.93939394,0.0950992270,0,0.0665410495,0.4895818611,0.4895818611
0.57575758,0.93939394,0.0851490359,0,0.0594285398,0.4871140410,0.4871140410
0.58585859,0.93939394,0.0756400548,0,0.0526547640,0.4845869030,0.4845869030
0.59595960,0.93939394,0.0664962674,0,0.0461646820,0.4819757204,0.4819757204
0.60606061,0.93939394,0.0576401071,0,0.0399032477,0.4792553076,0.4792553076
0.61616162,0.93939394,0.0489913634,0,0.0338146766,0.4763996410,0.4763996410
0.62626263,0.93939394,0.0404658820,0,0.0278416293,0.4733814888,0.4733814888
0.63636364,0.93939394,0.0319740296,0,0.0219243019,0.4701720449,0.4701720449
0.64646465,0.93939394,0.0234188855,0,0.0159994112,0.4667405739,0.4667405739
0.65656566,0.93939394,0.0146941124,0,0.0099990608,0.4630540732,0.4630540732
0.66666667,0.93939394,0.0056814516,0,0.0038494800,0.4590769693,0.4590769693
0.67676768,0.93939394,-0.0037522153,0,-0.0025303703,0.4547708730,0.4547708730
0.68686869,0.93939394,-0.0137582979,0,-0.0092303152,0.4500944360,0.4500944360
0.69696970,0.93939394,-0.0245104621,0,-0.0163505795,0.4450033707,0.4450033707
0.70707071,0.93939394,-0.0362091419,0,-0.0240034311,0.4394507250,0.4394507250
0.71717172,0.93939394,-0.0490865336,0,-0.0323147333,0.4333875414,0.4333875414
0.72727273,0.93939394,-0.0634118844,0,-0.0414251977,0.4267640827,0.4267640827
0.73737374,0.93939394,-0.0794966619,0,-0.0514910046,0.4195318568,0.4195318568
0.74747475,0.93939394,-0.0976988279,0,-0.0626832770,0.4116467391,0.4116467391
0.75757576,0.93939394,-0.1184248801,0,-0.0751856725,0.4030735216,0.4030735216
0.76767677,0.93939394,-0.1421275117,0,-0.0891890852,0.3937922040,0.3937922040
0.77777778,0.93939394,-0.1692956675,0,-0.1048822116,0.3838061991,0.3838061991
0.78787879,0.93939394,-0.2004325803,0,-0.1224366291,0.3731522751,0.3731522751
0.79797980,0.93939394,-0.2360164576,0,-0.1419853102,0.3619113920,0.3619113920
0.80808081,0.93939394,-0.2764387926,0,-0.1635944541,0.3502185767,0.3502185767
0.81818182,0.93939394,-0.3219182778,0,-0.1872304944,0.3382687644,0.3382687644
0.82828283,0.93939394,-0.3723957754,0,-0.2127271834,0.3263145875,0.3263145875
0.83838384,0.93939394,-0.4274283336,0,-0.2397611274,0.3146523135,0.3146523135
0.84848485,0.93939394,-0.4861148260,0,-0.2678463734,0.3035944355,0.3035944355
0.85858586,0.93939394,-0.5470938021,0,-0.2963572284,0.2934319905,0.2934319905
0.86868687,0.93939394,-0.6086438691,0,-0.3245818334,0.2843949725,0.2843949725
0.87878788,0.93939394,-0.6688833797,0,-0.3517984090,0.2766221372,0.2766221372
0.88888889,0.93939394,-0.7260219645,0,-0.3773564261,0.2701493835,0.2701493835
0.89898990,0.93939394,-0.7785889428,0,-0.4007420196,0.2649191186,0.2649191186
0.90909091,0.93939394,-0.8255734818,0,-0.4216129621,0.2608053162,0.2608053162
0.91919192,0.93939394,-0.8664521930,0,-0.4397999639,0.2576446734,0.2576446734
0.92929293,0.93939394,-0.9011239599,0,-0.4552815927,0.2552649045,0.2552649045
0.93939394,0.93939394,-0.9297951827,0,-0.4681452160,0.2535050387,0.2535050387
0.94949495,0.93939394,-0.9528572638,0,-0.4785457066,0.2522267537,0.2522267537
0.95959596,0.93939394,-0.9707829820,0,-0.4866697311,0.2513184442,0.2513184442
0.96969697,0.93939394,-0.9840520032,0,-0.4927090624,0.2506946126,0.2506946126
0.97979798,0.93939394,-0.9931047095,0,-0.4968431532,0.2502929033,0.2502929033
0.98989899,0.93939394,-0.9983185214,0,-0.4992295242,0.2500703868,0.2500703868
1.00000000,0.93939394,-1.0000000000,0,-0.5000000000,0.2500000000,0.2500000000
0.00000000,1.00000000,1.0000000000,0,1.0000000000,1.0000000000,1.0000000000
0.01010101,1.00000000,0.9999932773,0,0.9998152242,0.9996439232,0.9996439232
0.02020202,1.00000000,0.9999443376,0,0.9992173426,0.9985464575,0.9985464575
0.03030303,1.00000000,0.9998055309,0,0.9981358033,0.9966626843,0.9966626843
0.04040404,1.00000000,0.9995227205,0,0.9964927705,0.9939463956,0.9939463956
0.05050505,1.00000000,0.9990346219,0,0.9942027680,0.9903503461,0.9903503461
0.06060606,1.00000000,0.9982720927,0,0.9911724115,0.9858266400,0.9858266400
0.07070707,1.00000000,0.9971573891,0,0.9873002778,0.9803272950,0.9803272950
0.08080808,1.00000000,0.9956034071,0,0.9824769777,0.9738050366,0.9738050366
0.09090909,1.00000000,0.9935129447,0,0.9765855161,0.9662143824,0.9662143824
0.10101010,1.00000000,0.9907780377,0,0.9695020472,0.9575130874,0.9575130874
0.11111111,1.00000000,0.9872794463,0,0.9610971550,0.9476640196,0.9476640196
0.12121212,1.00000000,0.9828864030,0,0.9512378121,0.9366375318,0.9366375318
0.13131313,1.00000000,0.9774567687,0,0.9397901801,0.9244143719,0.9244143719
0.14141414,1.00000000,0.9708377894,0,0.9266234166,0.9109891335,0.9109891335
0.15151515,1.00000000,0.9628676901,0,0.9116146216,0.8963741773,0.8963741773
0.16161616,1.00000000,0.9533783786,0,0.8946549911,0.8806038529,0.8806038529
0.17171717,1.00000000,0.9421995466,0,0.8756571240,0.8637387200,0.8637387200
0.18181818,1.00000000,0.9291644332,0,0.8545632522,0.8458693177,0.8458693177
0.19191919,1.00000000,0.9141174192,0,0.8313539312,0.8271188907,0.8271188907
0.20202020,1.00000000,0.8969234468,0,0.8060564674,0.8076443875,0.8076443875
0.21212121,1.00000000,0.8774789739,0,0.7787521118,0.7876350557,0.7876350557
0.22222222,1.00000000,0.8557238001,0,0.7495808919,0.7673081162,0.7673081162
0.23232323,1.00000000,0.8316526789,0,0.7187429651,0.7469013292,0.7469013292
0.24242424,1.00000000,0.8053252595,0,0.6864956154,0.7266627417,0.7266627417
0.25252525,1.00000000,0.7768726976,0,0.6531455037,0.7068384490,0.7068384490
0.26262626,1.00000000,0.7464993773,0,0.6190364560,0.6876596668,0.6876596668
0.27272727,1.00000000,0.7144786685,0,0.5845337986,0.6693306637,0.6693306637
0.28282828,1.00000000,0.6811424692,0,0.5500068495,0.6520190389,0.6520190389
0.29292929,1.00000000,0.6468653025,0,0.5158114817,0.6358494462,0.6358494462
0.30303030,1.00000000,0.6120446895,0,0.4822746179,0.6209012628,0.6209012628
0.31313131,1.00000000,0.5770801424,0,0.4496821047,0.6072100479,0.6072100479
0.32323232,1.00000000,0.5423532525,0,0.4182707920,0.5947720882,0.5947720882
0.33333333,1.00000000,0.5082109754,0,0.3882249585,0.5835510095,0.5835510095
0.34343434,1.00000000,0.4749534831,0,0.3596766514,0.5734853640,0.5734853640
0.35353535,1.00000000,0.4428270910,0,0.3327091209,0.5644962347,0.5644962347
0.36363636,1.00000000,0.4120219898,0,0.3073623709,0.5564941520,0.5564941520
0.37373737,1.00000000,0.3826739650,0,0.2836398700,0.5493849055,0.5493849055
0.38383838,1.00000000,0.3548690167,0,0.2615156128,0.5430740829,0.5430740829
0.39393939,1.00000000,0.3286497588,0,0.2409409280,0.5374703631,0.5374703631
0.40404040,1.00000000,0.3040226189,0,0.2218506408,0.5324877034,0.5324877034
0.41414141,1.00000000,0.2809650788,0,0.2041683780,0.5280466204,0.5280466204
0.42424242,1.00000000,0.2594324350,0,0.1878109456,0.5240747730,0.5240747730
0.43434343,1.00000000,0.2393637763,0,0.1726918061,0.5205070398,0.5205070398
0.44444444,1.00000000,0.2206870406,0,0.1587237371,0.5172852544,0.5172852544
0.45454545,1.00000000,0.2033231356,0,0.1458207851,0.5143577255,0.5143577255
0.46464646,1.00000000,0.1871891815,0,0.1338996335,0.5116786376,0.5116786376
0.47474747,1.00000000,0.1722009754,0,0.1228804974,0.5092074005,0.5092074005
0.48484848,1.00000000,0.1582747931,0,0.1126876503,0.5069079912,0.5069079912
0.49494949,1.00000000,0.1453286423,0,0.1032496664,0.5047483192,0.5047483192
0.50505051,1.00000000,0.1332830748,0,0.0944994510,0.5026996284,0.5026996284
0.51515152,1.00000000,0.1220616475,0,0.0863741151,0.5007359444,0.5007359444
0.52525253,1.00000000,0.1115911092,0,0.0788147369,0.4988335690,0.4988335690
0.53535354,1.00000000,0.1018013749,0,0.0717660429,0.4969706181,0.4969706181
0.54545455,1.00000000,0.0926253319,0,0.0651760305,0.4951266002,0.4951266002
0.55555556,1.00000000,0.0839985141,0,0.0589955495,0.4932820287,0.4932820287
0.56565657,1.00000000,0.0758586681,0,0.0531778494,0.4914180612,0.4914180612
0.57575758,1.00000000,0.0681452222,0,0.0476780988,0.4895161610,0.4895161610
0.58585859,1.00000000,0.0607986685,0,0.0424528753,0.4875577709,0.4875577709
0.59595960,1.00000000,0.0537598519,0,0.0374596239,0.4855239963,0.4855239963
0.60606061,1.00000000,0.0469691603,0,0.0326560764,0.4833952883,0.4833952883
0.61616162,1.00000000,0.0403655987,0,0.0279996208,0.4811511235,0.4811511235
0.62626263,1.00000000,0.0338857232,0,0.0234466108,0.4787696726,0.4787696726
0.63636364,1.00000000,0.0274624059,0,0.0189515963,0.4762274550,0.4762274550
0.64646465,1.00000000,0.0210233873,0,0.0144664581,0.4734989756,0.4734989756
0.65656566,1.00000000,0.0144895677,0,0.0099394246,0.4705563417,0.4705563417
0.66666667,1.00000000,0.0077729736,0,0.0053139453,0.4673688619,0.4673688619
0.67676768,1.00000000,0.0007743245,0,0.0005273955,0.4639026342,0.4639026342
0.68686869,1.00000000,-0.0066198902,0,-0.0044904142,0.4601201359,0.4601201359
0.69696970,1.00000000,-0.0145409269,0,-0.0098189470,0.4559798428,0.4559798428
0.70707071,1.00000000,-0.0231420061,0,-0.0155488782,0.4514359214,0.4514359214
0.71717172,1.00000000,-0.0326033436,0,-0.0217842568,0.4464380641,0.4464380641
0.72727273,1.00000000,-0.0431380785,0,-0.0286448399,0.4409315802,0.4409315802
0.73737374,1.00000000,-0.0549991173,0,-0.0362684842,0.4348579069,0.4348579069
0.74747475,1.00000000,-0.0684867632,0,-0.0448133644,0.4281557857,0.4281557857
0.75757576,1.00000000,-0.0839567279,0,-0.0544596073,0.4207634453,0.4207634453
0.76767677,1.00000000,-0.1018276177,0,-0.0654096617,0.4126222459,0.4126222459
0.77777778,1.00000000,-0.1225861563,0,-0.0778863419,0.4036823464,0.4036823464
0.78787879,1.00000000,-0.1467870923,0,-0.0921269978,0.3939109939,0.3939109939
0.79797980,1.00000000,-0.1750428638,0,-0.1083717353,0.3833038975,0.3833038975
0.80808081,1.00000000,-0.2079957613,0,-0.1268432532,0.3718996542,0.3718996542
0.81818182,1.00000000,-0.2462632216,0,-0.1477160846,0.3597961088,0.3597961088
0.82828283,1.00000000,-0.2903467345,0,-0.1710745301,0.3471657075,0.3471657075
0.83838384,1.00000000,-0.3404998984,0,-0.1968621153,0.3342645506,0.3342645506
0.84848485,1.00000000,-0.3965654715,0,-0.2248312753,0.3214279598,0.3214279598
0.85858586,1.00000000,-0.4578163257,0,-0.2545087839,0.3090459101,0.3090459101
0.86868687,1.00000000,-0.5228632968,0,-0.2851962772,0.2975167288,0.2975167288
0.87878788,1.00000000,-0.5897025128,0,-0.3160205688,0.2871869783,0.2871869783
0.88888889,1.00000000,-0.6559403632,0,-0.3460326605,0.2782950437,0.2782950437
0.89898990,1.00000000,-0.7191553818,0,-0.3743328592,0.2709383199,0.2709383199
0.90909091,1.00000000,-0.7772783546,0,-0.4001852029,0.2650750823,0.2650750823
0.91919192,1.00000000,-0.8288570214,0,-0.4230881547,0.2605568476,0.2605568476
0.92929293,1.00000000,-0.8731348749,0,-0.4427882724,0.2571754740,0.2571754740
0.93939394,1.00000000,-0.9099641435,0,-0.4592460597,0.2547078432,0.2547078432
0.94949495,1.00000000,-0.9396286260,0,-0.4725758966,0.2529476538,0.2529476538
0.95959596,1.00000000,-0.9626537184,0,-0.4829818899,0.2517221936,0.2517221936
0.96969697,1.00000000,-0.9796512143,0,-0.4907038599,0.2508972990,0.2508972990
0.97979798,1.00000000,-0.9912144407,0,-0.4959790522,0.2503752683,0.2503752683
0.98989899,1.00000000,-0.9978593787,0,-0.4990192213,0.2500897320,0.2500897320
1.00000000,1.00000000,-1.0000000000,0,-0.5000000000,0.2500000000,0.2500000000
0.00000000,1.06060606,1.0000000000,0,1.0000000000,1.0000000000,1.0000000000
0.01010101,1.06060606,0.9999903257,0,0.9997636139,0.9995466235,0.9995466235
0.02020202,1.06060606,0.9999198730,0,0.9989943048,0.9981495722,0.9981495722
0.03030303,1.06060606,0.9997199773,0,0.9975945649,0.9957525044,0.9957525044
0.04040404,1.06060606,0.9993125838,0,0.9954568422,0.9922980992,0.9922980992
0.05050505,1.06060606,0.9986093254,0,0.9924632479,0.9877286062,0.9877286062
0.06060606,1.06060606,0.9975105600,0,0.9884854859,0.9819866638,0.9819866638
0.07070707,1.06060606,0.9959044030,0,0.9833851108,0.9750164704,0.9750164704
0.08080808,1.06060606,0.9936658148,0,0.9770142546,0.9667654076,0.9667654076
0.09090909,1.06060606,0.9906558383,0,0.9692170010,0.9571862257,0.9571862257
0.10101010,1.06060606,0.9867211221,0,0.9598316210,0.9462398997,0.9462398997
0.11111111,1.06060606,0.9816939250,0,0.9486939175,0.9338992471,0.9338992471
0.12121212,1.06060606,0.9753928615,0,0.9356419319,0.9201533430,0.9201533430
0.13131313,1.06060606,0.9676247208,0,0.9205222406,0.9050126747,0.9050126747
0.14141414,1.06060606,0.9581877545,0,0.9031979771,0.8885148277,0.8885148277
0.15151515,1.06060606,0.9468768627,0,0.8835585440,0.8707302902,0.8707302902
0.16161616,1.06060606,0.9334910786,0,0.8615307051,0.8517677199,0.8517677199
0.17171717,1.06060606,0.9178436194,0,0.8370903789,0.8317777800,0.8317777800
0.18181818,1.06060606,0.8997744935,0,0.8102740302,0.8109544922,0.8109544922
0.19191919,1.06060606,0.8791652060,0,0.7811881623,0.7895330660,0.7895330660
0.20202020,1.06060606,0.8559545036,0,0.7500151769,0.7677834397,0.7677834397
0.21212121,1.06060606,0.8301534461,0,0.7170139368,0.7459993419,0.7459993419
0.22222222,1.06060606,0.8018575446,0,0.6825138465,0.7244834909,0.7244834909
0.23232323,1.06060606,0.7712535053,0,0.6469021471,0.7035304243,0.7035304243
0.24242424,1.06060606,0.7386184683,0,0.6106052677,0.6834091172,0.6834091172
0.25252525,1.06060606,0.7043106061,0,0.5740661935,0.6643477793,0.6643477793
0.26262626,1.06060606,0.6687514099,0,0.5377205816,0.6465228789,0.6465228789
0.27272727,1.06060606,0.6324015745,0,0.5019745509,0.6300536249,0.6300536249
0.28282828,1.06060606,0.5957336247,0,0.4671866308,0.6150020818,0.6150020818
0.29292929,1.06060606,0.5592049387,0,0.4336554514,0.6013781211,0.6013781211
0.30303030,1.06060606,0.5232344846,0,0.4016136613,0.5891477677,0.5891477677
0.31313131,1.06060606,0.4881855723,0,0.3712275836,0.5782432827,0.5782432827
0.32323232,1.06060606,0.4543556052,0,0.3426014439,0.5685734781,0.5685734781
0.33333333,1.06060606,0.4219725738,0,0.3157847040,0.5600331434,0.5600331434
0.34343434,1.06060606,0.3911971466,0,0.2907810576,0.5525109212,0.5525109212
0.35353535,1.06060606,0.3621287747,0,0.2675578781,0.5458953762,0.5458953762
0.36363636,1.06060606,0.3348141809,0,0.2460552362,0.5400793035,0.5400793035
0.37373737,1.06060606,0.3092568279,0,0.2261939408,0.5349625008,0.5349625008
0.38383838,1.06060606,0.2854263072,0,0.2078823318,0.5304533077,0.5304533077
0.39393939,1.06060606,0.2632669607,0,0.1910217651,0.5264692233,0.5264692233
0.40404040,1.06060606,0.2427053558,0,0.1755108607,0.5229368806,0.5229368806
0.41414141,1.06060606,0.2236564807,0,0.1612486609,0.5197916034,0.5197916034
0.42424242,1.06060606,0.2060286791,0,0.1481368725,0.5169767198,0.5169767198
0.43434343,1.06060606,0.1897274435,0,0.1360813731,0.5144427556,0.5144427556
0.44444444,1.06060606,0.1746582243,0,0.1249931417,0.5121465928,0.5121465928
0.45454545,1.06060606,0.1607284273,0,0.1147887552,0.5100506466,0.5100506466
0.46464646,1.06060606,0.1478487622,0,0.1053905646,0.5081220915,0.5081220915
0.47474747,1.06060606,0.1359340840,0,0.0967266438,0.5063321542,0.5063321542
0.48484848,1.06060606,0.1249038505,0,0.0887305804,0.5046554770,0.5046554770
0.49494949,1.06060606,0.1146822919,0,0.0813411634,0.5030695514,0.5030695514
0.50505051,1.06060606,0.1051983707,0,0.0745020044,0.5015542178,0.5015542178
0.51515152,1.06060606,0.0963855910,0,0.0681611220,0.5000912230,0.5000912230
0.52525253,1.06060606,0.0881817000,0,0.0622705069,0.4986638292,0.4986638292
0.53535354,1.06060606,0.0805283152,0,0.0567856802,0.4972564649,0.4972564649
0.54545455,1.06060606,0.0733704964,0,0.0516652515,0.4958544113,0.4958544113
0.55555556,1.06060606,0.0666562775,0,0.0468704798,0.4944435149,0.4944435149
0.56565657,1.06060606,0.0603361658,0,0.0423648368,0.4930099218,0.4930099218
0.57575758,1.06060606,0.0543626073,0,0.0381135703,0.4915398239,0.4915398239
0.58585859,1.06060606,0.0486894193,0,0.0340832617,0.4900192126,0.4900192126
0.59595960,1.06060606,0.0432711777,0,0.0302413724,0.4884336343,0.4884336343
0.60606061,1.06060606,0.0380625519,0,0.0265557691,0.4867679391,0.4867679391
0.61616162,1.06060606,0.0330175673,0,0.0229942176,0.4850060196,0.4850060196
0.62626263,1.06060606,0.0280887758,0,0.0195238316,0.4831305320,0.4831305320
0.63636364,1.06060606,0.0232263058,0,0.0161104628,0.4811225941,0.4811225941
0.64646465,1.06060606,0.0183767564,0,0.0127180093,0.4789614532,0.4789614532
0.65656566,1.06060606,0.0134818926,0,0.0093076248,0.4766241191,0.4766241191
0.66666667,1.06060606,0.0084770838,0,0.0058367966,0.4740849560,0.4740849560
0.67676768,1.06060606,0.0032894175,0,0.0022582641,0.4713152288,0.4713152288
0.68686869,1.06060606,-0.0021646010,0,-0.0014812619,0.4682826026,0.4682826026
0.69696970,1.06060606,-0.0079818706,0,-0.0054426209,0.4649505977,0.4649505977
0.70707071,1.06060606,-0.0142761727,0,-0.0096960125,0.4612780112,0.4612780112
0.71717172,1.06060606,-0.0211824663,0,-0.0143231434,0.4572183290,0.4572183290
0.72727273,1.06060606,-0.0288621878,0,-0.0194197526,0.4527191742,0.4527191742
0.73737374,1.06060606,-0.0375097618,0,-0.0250985402,0.4477218733,0.4477218733
0.74747475,1.06060606,-0.0473605241,0,-0.0314924792,0.4421612756,0.4421612756
0.75757576,1.06060606,-0.0587002041,0,-0.0387584092,0.4359660437,0.4359660437
0.76767677,1.06060606,-0.0718759467,0,-0.0470806520,0.4290597545,0.4290597545
0.77777778,1.06060606,-0.0873084974,0,-0.0566741318,0.4213633163,0.4213633163
0.78787879,1.06060606,-0.1055044506,0,-0.0677860488,0.4127994213,0.4127994213
0.79797980,1.06060606,-0.1270661505,0,-0.0806945073,0.4032999819,0.4032999819
0.80808081,1.06060606,-0.1526946004,0,-0.0957015953,0.3928176516,0.3928176516
0.81818182,1.06060606,-0.1831772953,0,-0.1131173429,0.3813424090,0.3813424090
0.82828283,1.06060606,-0.2193483034,0,-0.1332301065,0.3689233903,0.3689233903
0.83838384,1.06060606,-0.2620034321,0,-0.1562591155,0.3556941830,0.3556941830
0.84848485,1.06060606,-0.3117527621,0,-0.1822877376,0.3418962127,0.3418962127
0.85858586,1.06060606,-0.3688038609,0,-0.2111833321,0.3278901409,0.3278901409
0.86868687,1.06060606,-0.4327011472,0,-0.2425218784,0.3141418183,0.3141418183
0.87878788,1.06060606,-0.5021011432,0,-0.2755488540,0.3011721420,0.3011721420
0.88888889,1.06060606,-0.5747133990,0,-0.3092114920,0.2894733636,0.2894733636
0.89898990,1.06060606,-0.6475240309,0,-0.3422793345,0.2794149099,0.2794149099
0.90909091,1.06060606,-0.7172995437,0,-0.3735302816,0.2711755449,0.2711755449
0.91919192,1.06060606,-0.7811965085,0,-0.4019410250,0.2647305636,0.2647305636
0.92929293,1.06060606,-0.8372221540,0,-0.4268147185,0.2598946570,0.2598946570
0.93939394,1.06060606,-0.8843850625,0,-0.4478119957,0.2563944669,0.2563944669
0.94949495,1.06060606,-0.9225571477,0,-0.4648979191,0.2539385577,0.2539385577
0.95959596,1.06060606,-0.9521867167,0,-0.4782452855,0.2522650919,0.2522650919
0.96969697,1.06060606,-0.9740038832,0,-0.4881345509,0.2511641908,0.2511641908
0.97979798,1.06060606,-0.9887964671,0,-0.4948744911,0.2504818858,0.2504818858
0.98989899,1.06060606,-0.9972733444,0,-0.4987508449,0.2501144980,0.2501144980
1.00000000,1.06060606,-1.0000000000,0,-0.5000000000,0.2500000000,0.2500000000
0.00000000,1.12121212,1.0000000000,0,1.0000000000,1.0000000000,1.0000000000
0.01010101,1.12121212,0.9999860771,0,0.9996973272,0.9994225754,0.9994225754
0.02020202,1.12121212,0.9998846404,0,0.9987059372,0.9976437113,0.9976437113
0.03030303,1.12121212,0.9995967171,0,0.9968906172,0.9945929456,0.9945929456
0.04040404,1.12121212,0.9990097351,0,0.9941023680,0.9901996670,0.9901996670
0.05050505,1.12121212,0.9979962637,0,0.9901783949,0.9843942344,0.9843942344
0.06060606,1.12121212,0.9964127563,0,0.9849426097,0.9771096313,0.9771096313
0.07070707,1.12121212,0.9940983933,0,0.9782068701,0.9682838169,0.9682838169
0.08080808,1.12121212,0.9908741861,0,0.9697732549,0.9578629527,0.9578629527
0.09090909,1.12121212,0.9865425774,0,0.9594377295,0.9458056828,0.9458056828
0.10101010,1.12121212,0.9808878773,0,0.9469956055,0.9320885929,0.9320885929
0.11111111,1.12121212,0.9736779888,0,0.9322491931,0.9167128679,0.9167128679
0.12121212,1.12121212,0.9646679929,0,0.9150179530,0.8997119567,0.8997119567
0.13131313,1.12121212,0.9536062497,0,0.8951512341,0.8811597521,0.8811597521
0.14141414,1.12121212,0.9402436708,0,0.8725432847,0.8611783905,0.8611783905
0.15151515,1.12121212,0.9243466604,0,0.8471496467,0.8399443539,0.8399443539
0.16161616,1.12121212,0.9057138321,0,0.8190033321,0.8176912241,0.8176912241
0.17171717,1.12121212,0.8841959114,0,0.7882284857,0.7947073812,0.7947073812
0.18181818,1.12121212,0.8597172767,0,0.7550487918,0.7713273399,0.7713273399
0.19191919,1.12121212,0.8322965027,0,0.7197879708,0.7479163533,0.7479163533
0.20202020,1.12121212,0.8020623827,0,0.6828605306,0.7248493038,0.7248493038
0.21212121,1.12121212,0.7692616438,0,0.6447524931,0.7024863712,0.7024863712
0.22222222,1.12121212,0.7342552912,0,0.6059937693,0.6811490387,0.6811490387
0.23232323,1.12121212,0.6975023237,0,0.5671256659,0.6611001973,0.6611001973
0.24242424,1.12121212,0.6595320796,0,0.5286680544,0.6425312986,0.6425312986
0.25252525,1.12121212,0.6209089465,0,0.4910906712,0.6255579297,0.6255579297
0.26262626,1.12121212,0.5821947646,0,0.4547919018,0.6102233957,0.6102233957
0.27272727,1.12121212,0.5439144320,0,0.4200866588,0.5965084690,0.5965084690
0.28282828,1.12121212,0.5065290303,0,0.3872031796,0.5843447525,0.5843447525
0.29292929,1.12121212,0.4704187672,0,0.3562872143,0.5736291283,0.5736291283
0.30303030,1.12121212,0.4358759034,0,0.3274113719,0.5642373070,0.5642373070
0.31313131,1.12121212,0.4031061993,0,0.3005873079,0.5560352483,0.5560352483
0.32323232,1.12121212,0.3722365380,0,0.2757787795,0.5488879413,0.5488879413
0.33333333,1.12121212,0.3433262149,0,0.2529141321,0.5426655638,0.5426655638
0.34343434,1.12121212,0.3163797154,0,0.2318973455,0.5372473631,0.5372473631
0.35353535,1.12121212,0.2913593605,0,0.2126172316,0.5325237328,0.5325237328
0.36363636,1.12121212,0.2681967950,0,0.1949547153,0.5283969717,0.5283969717
0.37373737,1.12121212,0.2468027925,0,0.1787883364,0.5247811513,0.5247811513
0.38383838,1.12121212,0.2270752200,0,0.1639982187,0.5216014318,0.5216014318
0.39393939,1.12121212,0.2089052383,0,0.1504687855,0.5187930760,0.5187930760
0.40404040,1.12121212,0.1921819420,0,0.1380904932,0.5163003348,0.5163003348
0.41414141,1.12121212,0.1767956920,0,0.1267608243,0.5140753177,0.5140753177
0.42424242,1.12121212,0.1626403996,0,0.1163847377,0.5120769162,0.5120769162
0.43434343,1.12121212,0.1496149968,0,0.1068747389,0.5102698146,0.5102698146
0.44444444,1.12121212,0.1376242923,0,0.0981506895,0.5086236058,0.5086236058
0.45454545,1.12121212,0.1265793791,0,0.0901394515,0.5071120144,0.5071120144
0.46464646,1.12121212,0.1163977201,0,0.0827744299,0.5057122207,0.5057122207
0.47474747,1.12121212,0.1070030127,0,0.0759950642,0.5044042778,0.5044042778
0.48484848,1.12121212,0.0983249050,0,0.0697462992,0.5031706102,0.5031706102
0.49494949,1.12121212,0.0902986176,0,0.0639780574,0.5019955832,0.5019955832
0.50505051,1.12121212,0.0828645096,0,0.0586447263,0.5008651316,0.5008651316
0.51515152,1.12121212,0.0759676155,0,0.0537046683,0.4997664379,0.4997664379
0.52525253,1.12121212,0.0695571692,0,0.0491197565,0.4986876507,0.4986876507
0.53535354,1.12121212,0.0635861258,0,0.0448549366,0.4976176361,0.4976176361
0.54545455,1.12121212,0.0580106880,0,0.0408778129,0.4965457533,0.4965457533
0.55555556,1.12121212,0.0527898354,0,0.0371582566,0.4954616491,0.4954616491
0.56565657,1.12121212,0.0478848580,0,0.0336680294,0.4943550647,0.4943550647
0.57575758,1.12121212,0.0432588877,0,0.0303804200,0.4932156503,0.4932156503
0.58585859,1.12121212,0.0388764210,0,0.0272698843,0.4920327807,0.4920327807
0.59595960,1.12121212,0.0347028248,0,0.0243116848,0.4907953680,0.4907953680
0.60606061,1.12121212,0.0307038137,0,0.0214815183,0.4894916668,0.4894916668
0.61616162,1.12121212,0.0268448829,0,0.0187551245,0.4881090648,0.4881090648
0.62626263,1.12121212,0.0230906809,0,0.0161078620,0.4866338548,0.4866338548
0.63636364,1.12121212,0.0194042985,0,0.0135142404,0.4850509813,0.4850509813
0.64646465,1.12121212,0.0157464461,0,0.0109473904,0.4833437553,0.4833437553
0.65656566,1.12121212,0.0120744844,0,0.0083784527,0.4814935286,0.4814935286
0.66666667,1.12121212,0.0083412637,0,0.0057758618,0.4794793219,0.4794793219
0.67676768,1.12121212,0.0044937144,0,0.0031044945,0.4772773949,0.4772773949
0.68686869,1.12121212,0.0004711148,0,0.0003246459,0.4748607505,0.4748607505
0.69696970,1.12121212,-0.0037970562,0,-0.0026092119,0.4721985644,0.4721985644
0.70707071,1.12121212,-0.0083938058,0,-0.0057499440,0.4692555307,0.4692555307
0.71717172,1.12121212,-0.0134180059,0,-0.0091596062,0.4659911221,0.4659911221
0.72727273,1.12121212,-0.0189886638,0,-0.0129117156,0.4623587658,0.4623587658
0.73737374,1.12121212,-0.0252503330,0,-0.0170940271,0.4583049586,0.4583049586
0.74747475,1.12121212,-0.0323799716,0,-0.0218119036,0.4537683635,0.4537683635
0.75757576,1.12121212,-0.0405956093,0,-0.0271923617,0.4486789849,0.4486789849
0.76767677,1.12121212,-0.0501672193,0,-0.0333888226,0.4429575914,0.4429575914
0.77777778,1.12121212,-0.0614301606,0,-0.0405864977,0.4365156845,0.4365156845
0.78787879,1.12121212,-0.0748013758,0,-0.0490081185,0.4292565073,0.4292565073
0.79797980,1.12121212,-0.0907980301,0,-0.0589193084,0.4210778795,0.4210778795
0.80808081,1.12121212,-0.1100571548,0,-0.0706321787,0.4118780448,0.4118780448
0.81818182,1.12121212,-0.1333526099,0,-0.0845045494,0.4015661908,0.4015661908
0.82828283,1.12121212,-0.1616015599,0,-0.1009304513,0.3900796850,0.3900796850
0.83838384,1.12121212,-0.1958458709,0,-0.1203153624,0.3774099349,0.3774099349
0.84848485,1.12121212,-0.2371843828,0,-0.1430277397,0.3636372554,0.3636372554
0.85858586,1.12121212,-0.2866228844,0,-0.1693189196,0.3489709319,0.3489709319
0.86868687,1.12121212,-0.3448099162,0,-0.1992102989,0.3337828973,0.3337828973
0.87878788,1.12121212,-0.4116584472,0,-0.2323642653,0.3186138252,0.3186138252
0.88888889,1.12121212,-0.4859368954,0,-0.2679828686,0.3041265349,0.3041265349
0.89898990,1.12121212,-0.5650312162,0,-0.3048005486,0.2909957223,0.2909957223
0.90909091,1.12121212,-0.6451303132,0,-0.3412243069,0.2797596158,0.2797596158
0.91919192,1.12121212,-0.7219275996,0,-0.3756082323,0.2706966703,0.2706966703
0.92929293,1.12121212,-0.7915881316,0,-0.4065630167,0.2637893102,0.2637893102
0.93939394,1.12121212,-0.8515062702,0,-0.4331700352,0.2587861993,0.2587861993
0.94949495,1.12121212,-0.9005298689,0,-0.4550283227,0.2553175187,0.2553175187
0.95959596,1.12121212,-0.9386956629,0,-0.4721582204,0.2530028934,0.2530028934
0.96969697,1.12121212,-0.9667497600,0,-0.4848403579,0.2515181792,0.2515181792
0.97979798,1.12121212,-0.9857021262,0,-0.4934621982,0.2506203842,0.2506203842
0.98989899,1.12121212,-0.9965254160,0,-0.4984084055,0.2501462268,0.2501462268
1.00000000,1.12121212,-1.0000000000,0,-0.5000000000,0.2500000000,0.2500000000
0.00000000,1.18181818,1.0000000000,0,1.0000000000,1.0000000000,1.0000000000
0.01010101,1.18181818,0.9999799613,0,0.9996121307,0.9992644593,0.9992644593
0.02020202,1.18181818,0.9998338948,0,0.9983325855,0.9969991372,0.9969991372
0.03030303,1.18181818,0.9994191066,0,0.9959733197,0.9931163079,0.9931163079
0.04040404,1.18181818,0.9985732127,0,0.9923275244,0.9875298957,0.9875298957
0.05050505,1.18181818,0.9971124738,0,0.9871703993,0.9801576870,0.9801576870
0.06060606,1.18181818,0.9948302760,0,0.9802610497,0.9709246009,0.9709246009
0.07070707,1.18181818,0.9914960137,0,0.9713459911,0.9597673225,0.9597673225
0.08080808,1.18181818,0.9868547734,0,0.9601648609,0.9466405939,0.9466405939
0.09090909,1.18181818,0.9806283994,0,0.9464590107,0.9315253706,0.9315253706
0.10101010,1.18181818,0.9725187244,0,0.9299836201,0.9144388211,0.9144388211
0.11111111,1.18181818,0.9622139474,0,0.9105237618,0.8954457354,0.8954457354
0.12121212,1.18181818,0.9493992450,0,0.8879143412,0.8746702941,0.8746702941
0.13131313,1.18181818,0.9337726000,0,0.8620629864,0.8523063908,0.8523063908
0.14141414,1.18181818,0.9150663602,0,0.8329737935,0.8286239776,0.8286239776
0.15151515,1.18181818,0.8930740571,0,0.8007685391,0.8039685436,0.8039685436
0.16161616,1.18181818,0.8676804898,0,0.7657009787,0.7787512198,0.7787512198
0.17171717,1.18181818,0.8388912184,0,0.7281597067,0.7534284059,0.7534284059
0.18181818,1.18181818,0.8068559712,0,0.6886562531,0.7284721548,0.7284721548
0.19191919,1.18181818,0.7718798516,0,0.6477976997,0.7043352005,0.7043352005
0.20202020,1.18181818,0.7344174016,0,0.6062465460,0.6814164870,0.6814164870
0.21212121,1.18181818,0.6950477057,0,0.5646737122,0.6600333985,0.6600333985
0.22222222,1.18181818,0.6544330892,0,0.5237122309,0.6404053237,0.6404053237
0.23232323,1.18181818,0.6132680377,0,0.4839187207,0.6226502767,0.6226502767
0.24242424,1.18181818,0.5722271709,0,0.4457474120,0.6067932063,0.6067932063
0.25252525,1.18181818,0.5319206581,0,0.4095382996,0.5927824413,0.5927824413
0.26262626,1.18181818,0.4928627718,0,0.3755180804,0.5805099581,0.5805099581
0.27272727,1.18181818,0.4554556009,0,0.3438106574,0.5698316603,0.5698316603
0.28282828,1.18181818,0.4199866564,0,0.3144533704,0.5605850648,0.5605850648
0.29292929,1.18181818,0.3866370350,0,0.2874154556,0.5526031209,0.5526031209
0.30303030,1.18181818,0.3554961244,0,0.2626161183,0.5457239511,0.5457239511
0.31313131,1.18181818,0.3265791904,0,0.2399405942,0.5397969717,0.5397969717
0.32323232,1.18181818,0.2998450912,0,0.2192534368,0.5346861473,0.5346861473
0.33333333,1.18181818,0.2752123729,0,0.2004088821,0.5302711767,0.5302711767
0.34343434,1.18181818,0.2525728764,0,0.1832585167,0.5264473135,0.5264473135
0.35353535,1.18181818,0.2318026115,0,0.1676566563,0.5231243692,0.5231243692
0.36363636,1.18181818,0.2127700411,0,0.1534638925,0.5202252943,0.5202252943
0.37373737,1.18181818,0.1953421167,0,0.1405492439,0.5176846036,0.5176846036
0.38383838,1.18181818,0.1793884760,0,0.1287912825,0.5154468089,0.5154468089
0.39393939,1.18181818,0.1647842028,0,0.1180785409,0.5134649527,0.5134649527
0.40404040,1.18181818,0.1514115036,0,0.1083094322,0.5116992887,0.5116992887
0.41414141,1.18181818,0.1391605961,0,0.0993918573,0.5101161245,0.5101161245
0.42424242,1.18181818,0.1279300390,0,0.0912426261,0.5086868234,0.5086868234
0.43434343,1.18181818,0.1176266830,0,0.0837867796,0.5073869541,0.5073869541
0.44444444,1.18181818,0.1081653722,0,0.0769568743,0.5061955719,0.5061955719
0.45454545,1.18181818,0.0994684936,0,0.0706922670,0.5050946136,0.5050946136
0.46464646,1.18181818,0.0914654396,0,0.0649384260,0.5040683890,0.5040683890
0.47474747,1.18181818,0.0840920323,0,0.0596462807,0.5031031536,0.5031031536
0.48484848,1.18181818,0.0772899381,0,0.0547716196,0.5021867484,0.5021867484
0.49494949,1.18181818,0.0710060938,0,0.0502745356,0.5013082954,0.5013082954
0.50505051,1.18181818,0.0651921557,0,0.0461189204,0.5004579365,0.5004579365
0.51515152,1.18181818,0.0598039762,0,0.0422720043,0.4996266101,0.4996266101
0.52525253,1.18181818,0.0548011116,0,0.0387039366,0.4988058551,0.4988058551
0.53535354,1.18181818,0.0501463596,0,0.0353874029,0.4979876364,0.4979876364
0.54545455,1.18181818,0.0458053233,0,0.0322972743,0.4971641883,0.4971641883
0.55555556,1.18181818,0.0417459977,0,0.0294102811,0.4963278676,0.4963278676
0.56565657,1.18181818,0.0379383745,0,0.0267047087,0.4954710151,0.4954710151
0.57575758,1.18181818,0.0343540564,0,0.0241601070,0.4945858190,0.4945858190
0.58585859,1.18181818,0.0309658768,0,0.0217570088,0.4936641776,0.4936641776
0.59595960,1.18181818,0.0277475132,0,0.0194766505,0.4926975569,0.4926975569
0.60606061,1.18181818,0.0246730871,0,0.0173006877,0.4916768390,0.4916768390
0.61616162,1.18181818,0.0217167371,0,0.0152108987,0.4905921573,0.4905921573
0.62626263,1.18181818,0.0188521522,0,0.0131888653,0.4894327123,0.4894327123
0.63636364,1.18181818,0.0160520475,0,0.0112156216,0.4881865650,0.4881865650
0.64646465,1.18181818,0.0132875616,0,0.0092712565,0.4868403986,0.4868403986
0.65656566,1.18181818,0.0105275487,0,0.0073344552,0.4853792439,0.4853792439
0.66666667,1.18181818,0.0077377316,0,0.0053819590,0.4837861573,0.4837861573
0.67676768,1.18181818,0.0048796711,0,0.0033879182,0.4820418432,0.4820418432
0.68686869,1.18181818,0.0019094952,0,0.0013231082,0.4801242073,0.4801242073
0.69696970,1.18181818,-0.0012236860,0,-0.0008460333,0.4780078277,0.4780078277
0.70707071,1.18181818,-0.0045797783,0,-0.0031585975,0.4756633280,0.4756633280
0.71717172,1.18181818,-0.0082302447,0,-0.0056606893,0.4730566355,0.4730566355
0.72727273,1.18181818,-0.0122613583,0,-0.0084072881,0.4701481062,0.4701481062
0.73737374,1.18181818,-0.0167783971,0,-0.0114645880,0.4668915030,0.4668915030
0.74747475,1.18181818,-0.0219110762,0,-0.0149129434,0.4632328197,0.4632328197
0.75757576,1.18181818,-0.0278206104,0,-0.0188505722,0.4591089601,0.4591089601
0.76767677,1.18181818,-0.0347089077,0,-0.0233981888,0.4544463178,0.4544463178
0.77777778,1.18181818,-0.0428305208,0,-0.0287047379,0.4491593663,0.4491593663
0.78787879,1.18181818,-0.0525080922,0,-0.0349543608,0.4431494877,0.4431494877
0.79797980,1.18181818,-0.0641520585,0,-0.0423745821,0.4363044712,0.4363044712
0.80808081,1.18181818,-0.0782851769,0,-0.0512453747,0.4284994523,0.4284994523
0.81818182,1.18181818,-0.0955716719,0,-0.0619080658,0.4196006039,0.4196006039
0.82828283,1.18181818,-0.1168488417,0,-0.0747717255,0.4094736722,0.4094736722
0.83838384,1.18181818,-0.1431546424,0,-0.0903123644,0.3980004396,0.3980004396
0.84848485,1.18181818,-0.1757362680,0,-0.1090566422,0.3851070287,0.3851070287
0.85858586,1.18181818,-0.2160100573,0,-0.1315371057,0.3708075936,0.3708075936
0.86868687,1.18181818,-0.2654225192,0,-0.1582023129,0.3552631181,0.3552631181
0.87878788,1.18181818,-0.3251458401,0,-0.1892685469,0.3388445398,0.3388445398
0.88888889,1.18181818,-0.3955610055,0,-0.2245208839,0.3221710719,0.3221710719
0.89898990,1.18181818,-0.4755937687,0,-0.2631186546,0.3060771918,0.3060771918
0.90909091,1.18181818,-0.5621956380,0,-0.3035183054,0.2914706532,0.2914706532
0.91919192,1.18181818,-0.6504510272,0,-0.3436349947,0.2791036791,0.2791036791
0.92929293,1.18181818,-0.7345955874,0,-0.3812568543,0.2693634650,0.2693634650
0.93939394,1.18181818,-0.8095617806,0,-0.4145444519,0.2622057555,0.2622057555
0.94949495,1.18181818,-0.8721579188,0,-0.4423655038,0.2572599902,0.2572599902
0.95959596,1.18181818,-0.9212934765,0,-0.4643333119,0.2540175315,0.2540175315
0.96969697,1.18181818,-0.9574204244,0,-0.4806134143,0.2519917952,0.2519917952
0.97979798,1.18181818,-0.9817394859,0,-0.4916555964,0.2508011112,0.2508011112
0.98989899,1.18181818,-0.9955708075,0,-0.4979714620,0.2501869209,0.2501869209
1.00000000,1.18181818,-1.0000000000,0,-0.5000000000,0.2500000000,0.2500000000
0.00000000,1.24242424,1.0000000000,0,1.0000000000,1.0000000000,1.0000000000
0.01010101,1.24242424,0.9999711569,0,0.9995025352,0.9990629494,0.9990629494
0.02020202,1.24242424,0.9997607964,0,0.9978484331,0.9961780172,0.9961780172
0.03030303,1.24242424,0.9991631445,0,0.9947755243,0.9912366933,0.9912366933
0.04040404,1.24242424,0.9979439453,0,0.9899964557,0.9841356957,0.9841356957
0.05050505,1.24242424,0.9958383933,0,0.9832013247,0.9747812753,0.9747812753
0.06060606,1.24242424,0.9925496120,0,0.9740627294,0.9630956131,0.9630956131
0.07070707,1.24242424,0.9877483267,0,0.9622442415,0.9490258373,0.9490258373
0.08080808,1.24242424,0.9810747017,0,0.9474134515,0.9325560398,0.9325560398
0.09090909,1.24242424,0.9721436925,0,0.9292606833,0.9137222489,0.9137222489
0.10101010,1.24242424,0.9605556053,0,0.9075240251,0.8926295109,0.8926295109
0.11111111,1.24242424,0.9459136965,0,0.8820202790,0.8694690209,0.8694690209
0.12121212,1.24242424,0.9278502936,0,0.8526796772,0.8445317963,0.8445317963
0.13131313,1.24242424,0.9060617564,0,0.8195799046,0.8182141825,0.8182141825
0.14141414,1.24242424,0.8803503746,0,0.7829727038,0.7910102969,0.7910102969
0.15151515,1.24242424,0.8506681549,0,0.7432951896,0.7634881382,0.7634881382
0.16161616,1.24242424,0.8171541982,0,0.7011591411,0.7362497632,0.7362497632
0.17171717,1.24242424,0.7801555097,0,0.6573155444,0.7098808253,0.7098808253
0.18181818,1.24242424,0.7402223155,0,0.6125977744,0.6848989209,0.6848989209
0.19191919,1.24242424,0.6980740000,0,0.5678528341,0.6617114804,0.6617114804
0.20202020,1.24242424,0.6545394494,0,0.5238734472,0.6405914230,0.6405914230
0.21212121,1.24242424,0.6104828758,0,0.4813430099,0.6216735155,0.6216735155
0.22222222,1.24242424,0.5667298842,0,0.4408010123,0.6049687457,0.6049687457
0.23232323,1.24242424,0.5240071688,0,0.4026306541,0.5903903037,0.5903903037
0.24242424,1.24242424,0.4829038981,0,0.3670653729,0.5777838684,0.5777838684
0.25252525,1.24242424,0.4438563021,0,0.3342082541,0.5669562694,0.5669562694
0.26262626,1.24242424,0.4071517806,0,0.3040578801,0.5576989794,0.5576989794
0.27272727,1.24242424,0.3729462436,0,0.2765353456,0.5498051754,0.5498051754
0.28282828,1.24242424,0.3412881937,0,0.2515089525,0.5430806975,0.5430806975
0.29292929,1.24242424,0.3121443479,0,0.2288148052,0.5373500484,0.5373500484
0.30303030,1.24242424,0.2854233886,0,0.2082728024,0.5324587960,0.5324587960
0.31313131,1.24242424,0.2609960824,0,0.1896983045,0.5282736167,0.5282736167
0.32323232,1.24242424,0.2387112121,0,0.1729101423,0.5246809551,0.5246809551
0.33333333,1.24242424,0.2184075099,0,0.1577357408,0.5215849897,0.5215849897
0.34343434,1.24242424,0.1999221488,0,0.1440140910,0.5189053556,0.5189053556
0.35353535,1.24242424,0.1830964693,0,0.1315971906,0.5165748955,0.5165748955
0.36363636,1.24242424,0.1677795951,0,0.1203504429,0.5145375822,0.5145375822
0.37373737,1.24242424,0.1538305041,0,0.1101523816,0.5127466788,0.5127466788
0.38383838,1.24242424,0.1411190082,0,0.1008939873,0.5111631520,0.5111631520
0.39393939,1.24242424,0.1295259936,0,0.0924777796,0.5097543290,0.5097543290
0.40404040,1.24242424,0.1189431790,0,0.0848168099,0.5084927732,0.5084927732
0.41414141,1.24242424,0.1092725774,0,0.0778336343,0.5073553513,0.5073553513
0.42424242,1.24242424,0.1004257927,0,0.0714593178,0.5063224629,0.5063224629
0.43434343,1.24242424,0.0923232370,0,0.0656324980,0.5053774054,0.5053774054
0.44444444,1.24242424,0.0848933289,0,0.0602985220,0.5045058512,0.5045058512
0.45454545,1.24242424,0.0780717070,0,0.0554086634,0.5036954158,0.5036954158
0.46464646,1.24242424,0.0718004834,0,0.0509194176,0.5029353015,0.5029353015
0.47474747,1.24242424,0.0660275454,0,0.0467918725,0.5022160008,0.5022160008
0.48484848,1.24242424,0.0607059139,0,0.0429911486,0.5015290485,0.5015290485
0.49494949,1.24242424,0.0557931559,0,0.0394859013,0.5008668129,0.5008668129
0.50505051,1.24242424,0.0512508509,0,0.0362478801,0.5002223173,0.5002223173
0.51515152,1.24242424,0.0470441066,0,0.0332515349,0.4995890872,0.4995890872
0.52525253,1.24242424,0.0431411189,0,0.0304736666,0.4989610144,0.4989610144
0.53535354,1.24242424,0.0395127703,0,0.0278931120,0.4983322367,0.4983322367
0.54545455,1.24242424,0.0361322623,0,0.0254904603,0.4976970271,0.4976970271
0.55555556,1.24242424,0.0329747741,0,0.0232477931,0.4970496896,0.4970496896
0.56565657,1.24242424,0.0300171430,0,0.0211484451,0.4963844589,0.4963844589
0.57575758,1.24242424,0.0272375593,0,0.0191767777,0.4956953992,0.4956953992
0.58585859,1.24242424,0.0246152699,0,0.0173179629,0.4949763023,0.4949763023
0.59595960,1.24242424,0.0221302822,0,0.0155577706,0.4942205779,0.4942205779
0.60606061,1.24242424,0.0197630625,0,0.0138823541,0.4934211371,0.4934211371
0.61616162,1.24242424,0.0174942177,0,0.0122780281,0.4925702621,0.4925702621
0.62626263,1.24242424,0.0153041517,0,0.0107310313,0.4916594600,0.4916594600
0.63636364,1.24242424,0.0131726817,0,0.0092272665,0.4906792959,0.4906792959
0.64646465,1.24242424,0.0110786012,0,0.0077520068,0.4896191986,0.4896191986
0.65656566,1.24242424,0.0089991677,0,0.0062895571,0.4884672339,0.4884672339
0.66666667,1.24242424,0.0069094915,0,0.0048228540,0.4872098362,0.4872098362
0.67676768,1.24242424,0.0047817921,0,0.0033329862,0.4858314891,0.4858314891
0.68686869,1.24242424,0.0025844802,0,0.0017986095,0.4843143430,0.4843143430
0.69696970,1.24242424,0.0002810094,0,0.0001952232,0.4826377553,0.4826377553
0.70707071,1.24242424,-0.0021715781,0,-0.0015057318,0.4807777343,0.4807777343
0.71717172,1.24242424,-0.0048245108,0,-0.0033380116,0.4787062668,0.4787062668
0.72727273,1.24242424,-0.0077396886,0,-0.0053420141,0.4763905020,0.4763905020
0.73737374,1.24242424,-0.0109928065,0,-0.0075666272,0.4737917629,0.4737917629
0.74747475,1.24242424,-0.0146774539,0,-0.0100716037,0.4708643514,0.4708643514
0.75757576,1.24242424,-0.0189105266,0,-0.0129306264,0.4675541141,0.4675541141
0.76767677,1.24242424,-0.0238394195,0,-0.0162352702,0.4637967397,0.4637967397
0.77777778,1.24242424,-0.0296516280,0,-0.0201001250,0.4595157820,0.4595157820
0.78787879,1.24242424,-0.0365876027,0,-0.0246693914,0.4546204444,0.4546204444
0.79797980,1.24242424,-0.0449579601,0,-0.0301252977,0.4490032643,0.4490032643
0.80808081,1.24242424,-0.0551664162,0,-0.0366986482,0.4425380223,0.4425380223
0.81818182,1.24242424,-0.0677399718,0,-0.0446816141,0.4350785613,0.4350785613
0.82828283,1.24242424,-0.0833676252,0,-0.0544423045,0.4264598392,0.4264598392
0.83838384,1.24242424,-0.1029475210,0,-0.0664393351,0.4165036092,0.4165036092
0.84848485,1.24242424,-0.1276384234,0,-0.0812318818,0.4050327741,0.4050327741
0.85858586,1.24242424,-0.1589017784,0,-0.0994756326,0.3919005776,0.3919005776
0.86868687,1.24242424,-0.1985005751,0,-0.1218868523,0.3770423939,0.3770423939
0.87878788,1.24242424,-0.2483859764,0,-0.1491465900,0.3605558215,0.3605558215
0.88888889,1.24242424,-0.3103577127,0,-0.1817123839,0.3428024893,0.3428024893
0.89898990,1.24242424,-0.3853729459,0,-0.2195255935,0.3244948989,0.3244948989
0.90909091,1.24242424,-0.4725154253,0,-0.2616770995,0.3066898855,0.3066898855
0.91919192,1.24242424,-0.5680422518,0,-0.3062175990,0.2906022771,0.2906022771
0.92929293,1.24242424,-0.6653935217,0,-0.3503589836,0.2772486110,0.2772486110
0.93939394,1.24242424,-0.7568004689,0,-0.3911320226,0.2671061962,0.2671061962
0.94949495,1.24242424,-0.8357866878,0,-0.4261896131,0.2600248312,0.2600248312
0.95959596,1.24242424,-0.8988477200,0,-0.4542788043,0.2554304719,0.2554304719
0.96969697,1.24242424,-0.9454068348,0,-0.4751851636,0.2526319472,0.2526319472
0.97979798,1.24242424,-0.9766601906,0,-0.4893430866,0.2510382751,0.2510382751
0.98989899,1.24242424,-0.9943521645,0,-0.4974138665,0.2502391920,0.2502391920
1.00000000,1.24242424,-1.0000000000,0,-0.5000000000,0.2500000000,0.2500000000
0.00000000,1.30303030,1.0000000000,0,1.0000000000,1.0000000000,1.0000000000
0.01010101,1.30303030,0.9999584807,0,0.9993614105,0.9988061667,0.9988061667
0.02020202,1.30303030,0.9996554851,0,0.9972194795,0.9951322481,0.9951322481
0.03030303,1.30303030,0.9987942160,0,0.9932079580,0.9888452777,0.9888452777
0.04040404,1.30303030,0.9970367645,0,0.9869275680,0.9798243214,0.9798243214
0.05050505,1.30303030,0.9940018680,0,0.9779527734,0.9679688112,0.9679688112
0.06060606,1.30303030,0.9892642677,0,0.9658436762,0.9532109794,0.9532109794
0.07070707,1.30303030,0.9823572450,0,0.9501650430,0.9355331737,0.9355331737
0.08080808,1.30303030,0.9727806251,0,0.9305144370,0.9149901249,0.9149901249
0.09090909,1.30303030,0.9600171938,0,0.9065606307,0.8917347427,0.8917347427
0.10101010,1.30303030,0.9435607002,0,0.8780914251,0.8660436551,0.8660436551
0.11111111,1.30303030,0.9229577982,0,0.8450664798,0.8383358989,0.8383358989
0.12121212,1.30303030,0.8978636832,0,0.8076662365,0.8091760967,0.8091760967
0.13131313,1.30303030,0.8681064396,0,0.7663240856,0.7792539201,0.7792539201
0.14141414,1.30303030,0.8337489242,0,0.7217281521,0.7493362089,0.7493362089
0.15151515,1.30303030,0.7951317940,0,0.6747837657,0.7201965095,0.7201965095
0.16161616,1.30303030,0.7528806668,0,0.6265378277,0.6925359197,0.6925359197
0.17171717,1.30303030,0.7078671695,0,0.5780783682,0.6669140943,0.6669140943
0.18181818,1.30303030,0.6611268300,0,0.5304308752,0.6437066957,0.6437066957
0.19191919,1.30303030,0.6137508929,0,0.4844732098,0.6230964247,0.6230964247
0.20202020,1.30303030,0.5667770847,0,0.4408833200,0.6050938944,0.6050938944
0.21212121,1.30303030,0.5211023514,0,0.4001228823,0.5895772424,0.5895772424
0.22222222,1.30303030,0.4774307068,0,0.3624506409,0.5763377254,0.5763377254
0.23232323,1.30303030,0.4362573555,0,0.3279545354,0.5651214056,0.5651214056
0.24242424,1.30303030,0.3978814529,0,0.2965916361,0.5556616309,0.5556616309
0.25252525,1.30303030,0.3624362868,0,0.2682275990,0.5477010573,0.5477010573
0.26262626,1.30303030,0.3299264126,0,0.2426707937,0.5410044677,0.5410044677
0.27272727,1.30303030,0.3002642121,0,0.2196991720,0.5353646544,0.5353646544
0.28282828,1.30303030,0.2733016198,0,0.1990798642,0.5306036834,0.5306036834
0.29292929,1.30303030,0.2488553642,0,0.1805824961,0.5265714281,0.5265714281
0.30303030,1.30303030,0.2267257293,0,0.1639875597,0.5231427263,0.5231427263
0.31313131,1.30303030,0.2067096853,0,0.1490911474,0.5202140315,0.5202140315
0.32323232,1.30303030,0.1886095325,0,0.1357071565,0.5177000703,0.5177000703
0.33333333,1.30303030,0.1722381805,0,0.1236678256,0.5155307697,0.5155307697
0.34343434,1.30303030,0.1574220271,0,0.1128232331,0.5136485668,0.5136485668
0.35353535,1.30303030,0.1440021948,0,0.1030401991,0.5120061237,0.5120061237
0.36363636,1.30303030,0.1318346941,0,0.0942008868,0.5105644251,0.5105644251
0.37373737,1.30303030,0.1207899211,0,0.0862012949,0.5092912145,0.5092912145
0.38383838,1.30303030,0.1107517709,0,0.0789497571,0.5081597206,0.5081597206
0.39393939,1.30303030,0.1016165587,0,0.0723655189,0.5071476231,0.5071476231
0.40404040,1.30303030,0.0932918695,0,0.0663774253,0.5062362177,0.5062362177
0.41414141,1.30303030,0.0856954160,0,0.0609227354,0.5054097395,0.5054097395
0.42424242,1.30303030,0.0787539483,0,0.0559460652,0.5046548164,0.5046548164
0.43434343,1.30303030,0.0724022409,0,0.0513984536,0.5039600257,0.5039600257
0.44444444,1.30303030,0.0665821679,0,0.0472365422,0.5033155330,0.5033155330
0.45454545,1.30303030,0.0612418689,0,0.0434218583,0.5027127973,0.5027127973
0.46464646,1.30303030,0.0563350018,0,0.0399201894,0.5021443284,0.5021443284
0.47474747,1.30303030,0.0518200788,0,0.0367010375,0.5016034861,0.5016034861
0.48484848,1.30303030,0.0476598761,0,0.0337371438,0.5010843127,0.5010843127
0.49494949,1.30303030,0.0438209116,0,0.0310040736,0.5005813910,0.5005813910
0.50505051,1.30303030,0.0402729813,0,0.0284798531,0.5000897236,0.5000897236
0.51515152,1.30303030,0.0369887470,0,0.0261446508,0.4996046276,0.4996046276
0.52525253,1.30303030,0.0339433697,0,0.0239804956,0.4991216413,0.4991216413
0.53535354,1.30303030,0.0311141798,0,0.0219710273,0.4986364399,0.4986364399
0.54545455,1.30303030,0.0284803792,0,0.0201012724,0.4981447570,0.4981447570
0.55555556,1.30303030,0.0260227696,0,0.0183574421,0.4976423103,0.4976423103
0.56565657,1.30303030,0.0237235006,0,0.0167267458,0.4971247271,0.4971247271
0.57575758,1.30303030,0.0215658325,0,0.0151972185,0.4965874707,0.4965874707
0.58585859,1.30303030,0.0195339091,0,0.0137575557,0.4960257623,0.4960257623
0.59595960,1.30303030,0.0176125333,0,0.0123969528,0.4954344978,0.4954344978
0.60606061,1.30303030,0.0157869409,0,0.0111049449,0.4948081572,0.4948081572
0.61616162,1.30303030,0.0140425652,0,0.0098712412,0.4941407022,0.4941407022
0.62626263,1.30303030,0.0123647845,0,0.0086855501,0.4934254609,0.4934254609
0.63636364,1.30303030,0.0107386438,0,0.0075373881,0.4926549941,0.4926549941
0.64646465,1.30303030,0.0091485378,0,0.0064158646,0.4918209387,0.4918209387
0.65656566,1.30303030,0.0075778433,0,0.0053094343,0.4909138240,0.4909138240
0.66666667,1.30303030,0.0060084809,0,0.0042056055,0.4899228517,0.4899228517
0.67676768,1.30303030,0.0044203822,0,0.0030905889,0.4888356332,0.4888356332
0.68686869,1.30303030,0.0027908335,0,0.0019488690,0.4876378713,0.4876378713
0.69696970,1.30303030,0.0010936530,0,0.0007626714,0.4863129742,0.4863129742
0.70707071,1.30303030,-0.0007018530,0,-0.0004887043,0.4848415842,0.4848415842
0.71717172,1.30303030,-0.0026322294,0,-0.0018297327,0.4832009989,0.4832009989
0.72727273,1.30303030,-0.0047416082,0,-0.0032897483,0.4813644590,0.4813644590
0.73737374,1.30303030,-0.0070839820,0,-0.0049043480,0.4793002676,0.4793002676
0.74747475,1.30303030,-0.0097262082,0,-0.0067172175,0.4769706994,0.4769706994
0.75757576,1.30303030,-0.0127520139,0,-0.0087825245,0.4743306483,0.4743306483
0.76767677,1.30303030,-0.0162673812,0,-0.0111680750,0.4713259532,0.4713259532
0.77777778,1.30303030,-0.0204078474,0,-0.0139594947,0.4678913347,0.4678913347
0.78787879,1.30303030,-0.0253484736,0,-0.0172657882,0.4639478771,0.4639478771
0.79797980,1.30303030,-0.0313175451,0,-0.0212267357,0.4594000128,0.4594000128
0.80808081,1.30303030,-0.0386154812,0,-0.0260227098,0.4541320316,0.4541320316
0.81818182,1.30303030,-0.0476409732,0,-0.0318875913,0.4480042992,0.4480042992
0.82828283,1.30303030,-0.0589269662,0,-0.0391254517,0.4408497136,0.4408497136
0.83838384,1.30303030,-0.0731895345,0,-0.0481313224,0.4324716244,0.4324716244
0.84848485,1.30303030,-0.0913922625,0,-0.0594152183,0.4226457793,0.4226457793
0.85858586,1.30303030,-0.1148256176,0,-0.0736256299,0.4111312298,0.4111312298
0.86868687,1.30303030,-0.1451907405,0,-0.0915621779,0.3976988989,0.3976988989
0.87878788,1.30303030,-0.1846514551,0,-0.1141545012,0.3821911380,0.3821911380
0.88888889,1.30303030,-0.2357635892,0,-0.1423643874,0.3646273645,0.3646273645
0.89898990,1.30303030,-0.3011001845,0,-0.1769481804,0.3453585076,0.3453585076
0.90909091,1.30303030,-0.3823165190,0,-0.2180299103,0.3252265752,0.3252265752
0.91919192,1.30303030,-0.4785557143,0,-0.2645509315,0.3056001601,0.3056001601
0.92929293,1.30303030,-0.5848244752,0,-0.3139099158,0.2881104357,0.2881104357
0.93939394,1.30303030,-0.6919923210,0,-0.3622752102,0.2740783203,0.2740783203
0.94949495,1.30303030,-0.7896143320,0,-0.4056996331,0.2639849603,0.2639849603
0.95959596,1.30303030,-0.8699487521,0,-0.4413840941,0.2574222124,0.2574222124
0.96969697,1.30303030,-0.9299195079,0,-0.4682098019,0.2535071925,0.2535071925
0.97979798,1.30303030,-0.9701421483,0,-0.4863805988,0.2513516496,0.2513516496
0.98989899,1.30303030,-0.9927959555,0,-0.4967021427,0.2503064660,0.2503064660
1.00000000,1.30303030,-1.0000000000,0,-0.5000000000,0.2500000000,0.2500000000
0.00000000,1.36363636,1.0000000000,0,1.0000000000,1.0000000000,1.0000000000
0.01010101,1.36363636,0.9999402286,0,0.9991794760,0.9984789827,0.9984789827
0.02020202,1.36363636,0.9995037440,0,0.9964008233,0.9938007151,0.9938007151
0.03030303,1.36363636,0.9982624008,0,0.9911516418,0.9858044667,0.9858044667
0.04040404,1.36363636,0.9957289354,0,0.9828778661,0.9743541850,0.9743541850
0.05050505,1.36363636,0.9913554097,0,0.9709994066,0.9593546113,0.9593546113
0.06060606,1.36363636,0.9845358990,0,0.9549365333,0.9407752955,0.9407752955
0.07070707,1.36363636,0.9746171989,0,0.9341507075,0.9186831526,0.9186831526
0.08080808,1.36363636,0.9609226725,0,0.9082023887,0.8932816213,0.8932816213
0.09090909,1.36363636,0.9427949310,0,0.8768246231,0.8649499876,0.8649499876
0.10101010,1.36363636,0.9196614827,0,0.8400043495,0.8342708594,0.8342708594
0.11111111,1.36363636,0.8911221551,0,0.7980544065,0.8020298227,0.8020298227
0.12121212,1.36363636,0.8570473375,0,0.7516521306,0.7691732384,0.7691732384
0.13131313,1.36363636,0.8176641335,0,0.7018212231,0.7367210829,0.7367210829
0.14141414,1.36363636,0.7735997236,0,0.6498465903,0.7056495637,0.7056495637
0.15151515,1.36363636,0.7258556887,0,0.5971344203,0.6767739625,0.6767739625
0.16161616,1.36363636,0.6757069391,0,0.5450509842,0.6506650786,0.6506650786
0.17171717,1.36363636,0.6245466729,0,0.4947811157,0.6276195064,0.6276195064
0.18181818,1.36363636,0.5737190220,0,0.4472369627,0.6076827104,0.6076827104
0.19191919,1.36363636,0.5243820240,0,0.4030267347,0.5907070047,0.5907070047
0.20202020,1.36363636,0.4774266786,0,0.3624738726,0.5764213366,0.5764213366
0.21212121,1.36363636,0.4334550299,0,0.3256671690,0.5644946939,0.5644946939
0.22222222,1.36363636,0.3928034544,0,0.2925222583,0.5545838754,0.5545838754
0.23232323,1.36363636,0.3555912606,0,0.2628404103,0.5463640495,0.5463640495
0.24242424,1.36363636,0.3217770511,0,0.2363572159,0.5395449061,0.5395449061
0.25252525,1.36363636,0.2912112998,0,0.2127789600,0.5338766392,0.5338766392
0.26262626,1.36363636,0.2636795393,0,0.1918075524,0.5291496880,0.5291496880
0.27272727,1.36363636,0.2389347775,0,0.1731562144,0.5251911890,0.5251911890
0.28282828,1.36363636,0.2167201026,0,0.1565583498,0.5218600775,0.5218600775
0.29292929,1.36363636,0.1967833786,0,0.1417717337,0.5190419683,0.5190419683
0.30303030,1.36363636,0.1788860517,0,0.1285796805,0.5166444009,0.5166444009
0.31313131,1.36363636,0.1628078312,0,0.1167903873,0.5145926935,0.5145926935
0.32323232,1.36363636,0.1483486232,0,0.1062352720,0.5128264636,0.5128264636
0.33333333,1.36363636,0.1353287291,0,0.0967668337,0.5112967765,0.5112967765
0.34343434,1.36363636,0.1235880113,0,0.0882563650,0.5099638429,0.5099638429
0.35353535,1.36363636,0.1129845017,0,0.0805917095,0.5087951779,0.5087951779
0.36363636,1.36363636,0.1033927557,0,0.0736751659,0.5077641358,0.5077641358
0.37373737,1.36363636,0.0947021417,0,0.0674215899,0.5068487483,0.5068487483
0.38383838,1.36363636,0.0868151783,0,0.0617567081,0.5060308017,0.5060308017
0.39393939,1.36363636,0.0796459804,0,0.0566156383,0.5052951053,0.5052951053
0.40404040,1.36363636,0.0731188419,0,0.0519416052,0.5046289086,0.5046289086
0.41414141,1.36363636,0.0671669661,0,0.0476848297,0.5040214359,0.5040214359
0.42424242,1.36363636,0.0617313399,0,0.0438015727,0.5034635136,0.5034635136
0.43434343,1.36363636,0.0567597433,0,0.0402533148,0.5029472695,0.5029472695
0.44444444,1.36363636,0.0522058831,0,0.0370060506,0.5024658897,0.5024658897
0.45454545,1.36363636,0.0480286365,0,0.0340296844,0.5020134202,0.5020134202
0.46464646,1.36363636,0.0441913927,0,0.0312975100,0.5015846035,0.5015846035
0.47474747,1.36363636,0.0406614790,0,0.0287857639,0.5011747437,0.5011747437
0.48484848,1.36363636,0.0374096611,0,0.0264732393,0.5007795933,0.5007795933
0.49494949,1.36363636,0.0344097073,0,0.0243409526,0.5003952572,0.5003952572
0.50505051,1.36363636,0.0316380064,0,0.0223718540,0.5000181097,0.5000181097
0.51515152,1.36363636,0.0290732328,0,0.0205505750,0.4996447223,0.4996447223
0.52525253,1.36363636,0.0266960505,0,0.0188632071,0.4992717985,0.4992717985
0.53535354,1.36363636,0.0244888502,0,0.0172971063,0.4988961145,0.4988961145
0.54545455,1.36363636,0.0224355142,0,0.0158407197,0.4985144629,0.4985144629
0.55555556,1.36363636,0.0205212028,0,0.0144834282,0.4981235985,0.4981235985
0.56565657,1.36363636,0.0187321593,0,0.0132154047,0.4977201838,0.4977201838
0.57575758,1.36363636,0.0170555272,0,0.0120274815,0.4973007334,0.4973007334
0.58585859,1.36363636,0.0154791770,0,0.0109110253,0.4968615551,0.4968615551
0.59595960,1.36363636,0.0139915375,0,0.0098578170,0.4963986858,0.4963986858
0.60606061,1.36363636,0.0125814264,0,0.0088599314,0.4959078209,0.4959078209
0.61616162,1.36363636,0.0112378763,0,0.0079096149,0.4953842348,0.4953842348
0.62626263,1.36363636,0.0099499504,0,0.0069991567,0.4948226891,0.4948226891
0.63636364,1.36363636,0.0087065394,0,0.0061207488,0.4942173266,0.4942173266
0.64646465,1.36363636,0.0074961340,0,0.0052663292,0.4935615468,0.4935615468
0.65656566,1.36363636,0.0063065605,0,0.0044274024,0.4928478571,0.4928478571
0.66666667,1.36363636,0.0051246675,0,0.0035948280,0.4920676965,0.4920676965
0.67676768,1.36363636,0.0039359472,0,0.0027585662,0.4912112213,0.4912112213
0.68686869,1.36363636,0.0027240680,0,0.0019073671,0.4902670457,0.4902670457
0.69696970,1.36363636,0.0014702888,0,0.0010283847,0.4892219252,0.4892219252
0.70707071,1.36363636,0.0001527169,0,0.0001066901,0.4880603663,0.4880603663
0.71717172,1.36363636,-0.0012546469,0,-0.0008753481,0.4867641448,0.4867641448
0.72727273,1.36363636,-0.0027831492,0,-0.0019388619,0.4853117060,0.4853117060
0.73737374,1.36363636,-0.0044711142,0,-0.0031095222,0.4836774157,0.4836774157
0.74747475,1.36363636,-0.0063660068,0,-0.0044189012,0.4818306184,0.4818306184
0.75757576,1.36363636,-0.0085273343,0,-0.0059062760,0.4797344494,0.4797344494
0.76767677,1.36363636,-0.0110305750,0,-0.0076210364,0.4773443306,0.4773443306
0.77777778,1.36363636,-0.0139725531,0,-0.0096259236,0.4746060614,0.4746060614
0.78787879,1.36363636,-0.0174788647,0,-0.0120014191,0.4714533951,0.4714533951
0.79797980,1.36363636,-0.0217142386,0,-0.0148517292,0.4678049726,0.4678049726
0.80808081,1.36363636,-0.0268971265,0,-0.0183129827,0.4635604746,0.4635604746
0.81818182,1.36363636,-0.0333204164,0,-0.0225644886,0.4585958805,0.4585958805
0.82828283,1.36363636,-0.0413810218,0,-0.0278441648,0.4527578295,0.4527578295
0.83838384,1.36363636,-0.0516222515,0,-0.0344694951,0.4458573801,0.4458573801
0.84848485,1.36363636,-0.0647942112,0,-0.0428653831,0.4376641807,0.4376641807
0.85858586,1.36363636,-0.0819384453,0,-0.0535994959,0.4279036306,0.4279036306
0.86868687,1.36363636,-0.1045015785,0,-0.0674227794,0.4162628011,0.4162628011
0.87878788,1.36363636,-0.1344731867,0,-0.0853048567,0.4024168176,0.4024168176
0.88888889,1.36363636,-0.1745114274,0,-0.1084356008,0.3860966547,0.3860966547
0.89898990,1.36363636,-0.2279376230,0,-0.1381287356,0.3672282162,0.3672282162
0.90909091,1.36363636,-0.2983142776,0,-0.1755150939,0.3461631725,0.3461631725
0.91919192,1.36363636,-0.3881220759,0,-0.2209060380,0.3239503713,0.3239503713
0.92929293,1.36363636,-0.4962303278,0,-0.2728941584,0.3024279126,0.3024279126
0.93939394,1.36363636,-0.6152554094,0,-0.3277608613,0.2837940612,0.2837940612
0.94949495,1.36363636,-0.7320208944,0,-0.3801234349,0.2696511862,0.2696511862
0.95959596,1.36363636,-0.8329250313,0,-0.4249213963,0.2602587696,0.2602587696
0.96969697,1.36363636,-0.9099437498,0,-0.4592456559,0.2547188125,0.2547188125
0.97979798,1.36363636,-0.9617668562,0,-0.4825819420,0.2517691538,0.2517691538
0.98989899,1.36363636,-0.9908077788,0,-0.4957933882,0.2503932669,0.2503932669
1.00000000,1.36363636,-1.0000000000,0,-0.5000000000,0.2500000000,0.2500000000
0.00000000,1.42424242,1.0000000000,0,1.0000000000,1.0000000000,1.0000000000
0.01010101,1.42424242,0.9999139450,0,0.9989446262,0.9980621352,0.9980621352
0.02020202,1.42424242,0.9992850724,0,0.9953330029,0.9921058474,0.9921058474
0.03030303,1.42424242,0.9974957150,0,0.9884476732,0.9819407635,0.9819407635
0.04040404,1.42424242,0.9938437509,0,0.9775222147,0.9674244270,0.9674244270
0.05050505,1.42424242,0.9875441982,0,0.9617755089,0.9484934669,0.9484934669
0.06060606,1.42424242,0.9777415511,0,0.9404681772,0.9252094631,0.9252094631
0.07070707,1.42424242,0.9635415747,0,0.9129869909,0.8978179049,0.8978179049
0.08080808,1.42424242,0.9440730116,0,0.8789570763,0.8668105106,0.8668105106
0.09090909,1.42424242,0.9185873925,0,0.8383688684,0.8329699325,0.8329699325
0.10101010,1.42424242,0.8865950910,0,0.7916888484,0.7973672802,0.7973672802
0.11111111,1.42424242,0.8480162277,0,0.7399090718,0.7612869375,0.7612869375
0.12121212,1.42424242,0.8033017356,0,0.6844946216,0.7260769828,0.7260769828
0.13131313,1.42424242,0.7534685043,0,0.6272190414,0.6929601534,0.6929601534
0.14141414,1.42424242,0.7000104466,0,0.5699247727,0.6628664324,0.6628664324
0.15151515,1.42424242,0.6446949565,0,0.5142799294,0.6363420253,0.6363420253
0.16161616,1.42424242,0.5893053484,0,0.4616006943,0.6135530811,0.6135530811
0.17171717,1.42424242,0.5354099336,0,0.4127736607,0.5943620952,0.5943620952
0.18181818,1.42424242,0.4842162702,0,0.3682703538,0.5784352643,0.5784352643
0.19191919,1.42424242,0.4365252576,0,0.3282205555,0.5653440136,0.5653440136
0.20202020,1.42424242,0.3927635370,0,0.2925076099,0.5546410555,0.5546410555
0.21212121,1.42424242,0.3530585161,0,0.2608591849,0.5459072760,0.5459072760
0.22222222,1.42424242,0.3173245793,0,0.2329202844,0.5387747047,0.5387747047
0.23232323,1.42424242,0.2853409164,0,0.2083053983,0.5329334087,0.5329334087
0.24242424,1.42424242,0.2568126537,0,0.1866321767,0.5281292310,0.5281292310
0.25252525,1.42424242,0.2314143222,0,0.1675409717,0.5241572440,0.5241572440
0.26262626,1.42424242,0.2088182762,0,0.1507045809,0.5208538690,0.5208538690
0.27272727,1.42424242,0.1887117243,0,0.1358317071,0.5180892155,0.5180892155
0.28282828,1.42424242,0.1708058171,0,0.1226666838,0.5157603297,0.5157603297
0.29292929,1.42424242,0.1548395360,0,0.1109871774,0.5137855557,0.5137855557
0.30303030,1.42424242,0.1405803785,0,0.1006009508,0.5120999747,0.5120999747
0.31313131,1.42424242,0.1278232023,0,0.0913423375,0.5106517855,0.5106517855
0.32323232,1.42424242,0.1163881153,0,0.0830687889,0.5093994667,0.5093994667
0.33333333,1.42424242,0.1061179604,0,0.0756576827,0.5083095645,0.5083095645
0.34343434,1.42424242,0.0968757253,0,0.0690034696,0.5073549742,0.5073549742
0.35353535,1.42424242,0.0885420580,0,0.0630151782,0.5065136041,0.5065136041
0.36363636,1.42424242,0.0810129810,0,0.0576142619,0.5057673370,0.5057673370
0.37373737,1.42424242,0.0741978429,0,0.0527327582,0.5051012199,0.5051012199
0.38383838,1.42424242,0.0680175114,0,0.0483117246,0.5045028290,0.5045028290
0.39393939,1.42424242,0.0624027989,0,0.0442999122,0.5039617713,0.5039617713
0.40404040,1.42424242,0.0572930989,0,0.0406526448,0.5034692901,0.5034692901
0.41414141,1.42424242,0.0526352120,0,0.0373308706,0.5030179519,0.5030179519
0.42424242,1.42424242,0.0483823371,0,0.0343003608,0.5026013959,0.5026013959
0.43434343,1.42424242,0.0444932057,0,0.0315310303,0.5022141331,0.5022141331
0.44444444,1.42424242,0.0409313393,0,0.0289963623,0.5018513824,0.5018513824
0.45454545,1.42424242,0.0376644127,0,0.0266729186,0.5015089383,0.5015089383
0.46464646,1.42424242,0.0346637067,0,0.0245399229,0.5011830606,0.5011830606
0.47474747,1.42424242,0.0319036366,0,0.0225789045,0.5008703834,0.5008703834
0.48484848,1.42424242,0.0293613460,0,0.0207733928,0.5005678378,0.5005678378
0.49494949,1.42424242,0.0270163550,0,0.0191086545,0.5002725866,0.5002725866
0.50505051,1.42424242,0.0248502545,0,0.0175714666,0.4999819670,0.4999819670
0.51515152,1.42424242,0.0228464398,0,0.0161499193,0.4996934401,0.4996934401
0.52525253,1.42424242,0.0209898768,0,0.0148332438,0.4994045450,0.4994045450
0.53535354,1.42424242,0.0192668951,0,0.0136116606,0.4991128561,0.4991128561
0.54545455,1.42424242,0.0176650047,0,0.0124762457,0.4988159431,0.4988159431
0.55555556,1.42424242,0.0161727301,0,0.0114188102,0.4985113302,0.4985113302
0.56565657,1.42424242,0.0147794596,0,0.0104317908,0.4981964560,0.4981964560
0.57575758,1.42424242,0.0134753059,0,0.0095081498,0.4978686317,0.4978686317
0.58585859,1.42424242,0.0122509742,0,0.0086412800,0.4975249955,0.4975249955
0.59595960,1.42424242,0.0110976351,0,0.0078249146,0.4971624636,0.4971624636
0.60606061,1.42424242,0.0100067983,0,0.0070530373,0.4967776756,0.4967776756
0.61616162,1.42424242,0.0089701841,0,0.0063197919,0.4963669312,0.4963669312
0.62626263,1.42424242,0.0079795881,0,0.0056193873,0.4959261191,0.4959261191
0.63636364,1.42424242,0.0070267340,0,0.0049459954,0.4954506324,0.4954506324
0.64646465,1.42424242,0.0061031095,0,0.0042936374,0.4949352696,0.4949352696
0.65656566,1.42424242,0.0051997765,0,0.0036560535,0.4943741164,0.4943741164
0.66666667,1.42424242,0.0043071485,0,0.0030265509,0.4937604039,0.4937604039
0.67676768,1.42424242,0.0034147208,0,0.0023978206,0.4930863369,0.4930863369
0.68686869,1.42424242,0.0025107389,0,0.0017617139,0.4923428843,0.4923428843
0.69696970,1.42424242,0.0015817849,0,0.0011089649,0.4915195231,0.4915195231
0.70707071,1.42424242,0.0006122509,0,0.0004288396,0.4906039206,0.4906039206
0.71717172,1.42424242,-0.0004163368,0,-0.0002913113,0.4895815408,0.4895815408
0.72727273,1.42424242,-0.0015261973,0,-0.0010666309,0.4884351512,0.4884351512
0.73737374,1.42424242,-0.0027444540,0,-0.0019155114,0.4871442021,0.4871442021
0.74747475,1.42424242,-0.0041046752,0,-0.0028605907,0.4856840399,0.4856840399
0.75757576,1.42424242,-0.0056489482,0,-0.0039300805,0.4840249048,0.4840249048
0.76767677,1.42424242,-0.0074307003,0,-0.0051595534,0.4821306434,0.4821306434
0.77777778,1.42424242,-0.0095185794,0,-0.0065943702,0.4799570489,0.4799570489
0.78787879,1.42424242,-0.0120018543,0,-0.0082930096,0.4774497081,0.4774497081
0.79797980,1.42424242,-0.0149980184,0,-0.0103316775,0.4745411989,0.4745411989
0.80808081,1.42424242,-0.0186636245,0,-0.0128107455,0.4711474362,0.4711474362
0.81818182,1.42424242,-0.0232099108,0,-0.0158638156,0.4671629165,0.4671629165
0.82828283,1.42424242,-0.0289255962,0,-0.0196705663,0.4624545805,0.4624545805
0.83838384,1.42424242,-0.0362104846,0,-0.0244750210,0.4568540421,0.4568540421
0.84848485,1.42424242,-0.0456253903,0,-0.0306114800,0.4501481511,0.4501481511
0.85858586,1.42424242,-0.0579665195,0,-0.0385409154,0.4420685328,0.4420685328
0.86868687,1.42424242,-0.0743754924,0,-0.0489005440,0.4322825184,0.4322825184
0.87878788,1.42424242,-0.0964976723,0,-0.0625668200,0.4203920454,0.4203920454
0.88888889,1.42424242,-0.1266939878,0,-0.0807226686,0.4059560417,0.4059560417
0.89898990,1.42424242,-0.1682726585,0,-0.1048931929,0.3885684174,0.3885684174
0.90909091,1.42424242,-0.2255815886,0,-0.1368531052,0.3680459225,0.3680459225
0.91919192,1.42424242,-0.3034972130,0,-0.1782071873,0.3447791676,0.3447791676
0.92929293,1.42424242,-0.4053979467,0,-0.2293929247,0.3201820256,0.3201820256
0.93939394,1.42424242,-0.5289724293,0,-0.2881971125,0.2968336806,0.2968336806
0.94949495,1.42424242,-0.6622100814,0,-0.3489412799,0.2776598746,0.2776598746
0.95959596,1.42424242,-0.7859729149,0,-0.4040867035,0.2643223944,0.2643223944
0.96969697,1.42424242,-0.8841991456,0,-0.4477377889,0.2564172975,0.2564172975
0.97979798,1.42424242,-0.9509901073,0,-0.4777064717,0.2523307924,0.2523307924
0.98989899,1.42424242,-0.9882662374,0,-0.4946325522,0.2505056187,0.2505056187
1.00000000,1.42424242,-1.0000000000,0,-0.5000000000,0.2500000000,0.2500000000
0.00000000,1.48484848,1.0000000000,0,1.0000000000,1.0000000000,1.0000000000
0.01010101,1.48484848,0.9998760917,0,0.9986410346,0.9975311054,0.9975311054
0.02020202,1.48484848,0.9989699048,0,0.9939370606,0.9899493141,0.9899493141
0.03030303,1.48484848,0.9963903958,0,0.9848835122,0.9770362307,0.9770362307
0.04040404,1.48484848,0.9911272151,0,0.9704263776,0.9586639198,0.9586639198
0.05050505,1.48484848,0.9820618844,0,0.9495350469,0.9348550679,0.9348550679
0.06060606,1.48484848,0.9680053412,0,0.9213197554,0.9058687126,0.9058687126
0.07070707,1.48484848,0.9477808251,0,0.8851987468,0.8722997432,0.8722997432
0.08080808,1.48484848,0.9203695776,0,0.8410981204,0.8351583263,0.8351583263
0.09090909,1.48484848,0.8851199557,0,0.7896316599,0.7958749598,0.7958749598
0.10101010,1.48484848,0.8419828246,0,0.7321770617,0.7561810201,0.7561810201
0.11111111,1.48484848,0.7916893413,0,0.6707727509,0.7178624349,0.7178624349
0.12121212,1.48484848,0.7357685019,0,0.6078262949,0.6824590295,0.6824590295
0.13131313,1.48484848,0.6763494736,0,0.5457210186,0.6510270735,0.6510270735
0.14141414,1.48484848,0.6157971208,0,0.4864610782,0.6240521563,0.6240521563
0.15151515,1.48484848,0.5563157026,0,0.4314644088,0.6015161840,0.6015161840
0.16161616,1.48484848,0.4996577895,0,0.3815285431,0.5830539526,0.5830539526
0.17171717,1.48484848,0.4470015023,0,0.3369222745,0.5681218364,0.5681218364
0.18181818,1.48484848,0.3989755003,0,0.2975323805,0.5561296089,0.5561296089
0.19191919,1.48484848,0.3557688717,0,0.2630096196,0.5465216532,0.5465216532
0.20202020,1.48484848,0.3172652072,0,0.2328855165,0.5388154796,0.5388154796
0.21212121,1.48484848,0.2831630181,0,0.2066531761,0.5326121920,0.5326121920
0.22222222,1.48484848,0.2530674072,0,0.1838168220,0.5275918470,0.5275918470
0.23232323,1.48484848,0.2265522296,0,0.1639183963,0.5235024415,0.5235024415
0.24242424,1.48484848,0.2031982478,0,0.1465491145,0.5201474574,0.5201474574
0.25252525,1.48484848,0.1826141034,0,0.1313520181,0.5173743200,0.5173743200
0.26262626,1.48484848,0.1644460246,0,0.1180196295,0.5150646399,0.5150646399
0.27272727,1.48484848,0.1483806689,0,0.1062892858,0.5131263636,0.5131263636
0.28282828,1.48484848,0.1341440876,0,0.0959376568,0.5114876380,0.5114876380
0.29292929,1.48484848,0.1214987150,0,0.0867752713,0.5100920919,0.5100920919
0.30303030,1.48484848,0.1102395297,0,0.0786414561,0.5088952396,0.5088952396
0.31313131,1.48484848,0.1001900453,0,0.0713998543,0.5078617496,0.5078617496
0.32323232,1.48484848,0.0911984788,0,0.0649345576,0.5069633726,0.5069633726
0.33333333,1.48484848,0.0831342646,0,0.0591468227,0.5061773653,0.5061773653
0.34343434,1.48484848,0.0758849723,0,0.0539523096,0.5054852895,0.5054852895
0.35353535,1.48484848,0.0693536329,0,0.0492787743,0.5048720910,0.5048720910
0.36363636,1.48484848,0.0634564439,0,0.0450641462,0.5043253917,0.5043253917
0.37373737,1.48484848,0.0581208161,0,0.0412549291,0.5038349406,0.5038349406
0.38383838,1.48484848,0.0532837176,0,0.0378048704,0.5033921869,0.5033921869
0.39393939,1.48484848,0.0488902733,0,0.0346738540,0.5029899450,0.5029899450
0.40404040,1.48484848,0.0448925812,0,0.0318269762,0.5026221304,0.5026221304
0.41414141,1.48484848,0.0412487129,0,0.0292337736,0.5022835505,0.5022835505
0.42424242,1.48484848,0.0379218682,0,0.0268675764,0.5019697364,0.5019697364
0.43434343,1.48484848,0.0348796587,0,0.0247049648,0.5016768078,0.5016768078
0.44444444,1.48484848,0.0320935002,0,0.0227253113,0.5014013637,0.5014013637
0.45454545,1.48484848,0.0295380959,0,0.0209103932,0.5011403920,0.5011403920
0.46464646,1.48484848,0.0271909956,0,0.0192440647,0.5008911954,0.5008911954
0.47474747,1.48484848,0.0250322187,0,0.0177119767,0.5006513287,0.5006513287
0.48484848,1.48484848,0.0230439309,0,0.0163013384,0.5004185463,0.5004185463
0.49494949,1.48484848,0.0212101653,0,0.0150007124,0.5001907566,0.5001907566
0.50505051,1.48484848,0.0195165815,0,0.0137998377,0.4999659818,0.4999659818
0.51515152,1.48484848,0.0179502563,0,0.0126894769,0.4997423226,0.4997423226
0.52525253,1.48484848,0.0164995007,0,0.0116612832,0.4995179250,0.4995179250
0.53535354,1.48484848,0.0151536988,0,0.0107076828,0.4992909499,0.4992909499
0.54545455,1.48484848,0.0139031649,0,0.0098217722,0.4990595429,0.4990595429
0.55555556,1.48484848,0.0127390161,0,0.0089972254,0.4988218048,0.4988218048
0.56565657,1.48484848,0.0116530558,0,0.0082282107,0.4985757612,0.4985757612
0.57575758,1.48484848,0.0106376673,0,0.0075093141,0.4983193302,0.4983193302
0.58585859,1.48484848,0.0096857137,0,0.0068354675,0.4980502883,0.4980502883
0.59595960,1.48484848,0.0087904421,0,0.0062018811,0.4977662319,0.4977662319
0.60606061,1.48484848,0.0079453893,0,0.0056039757,0.4974645345,0.4974645345
0.61616162,1.48484848,0.0071442865,0,0.0050373163,0.4971422981,0.4971422981
0.62626263,1.48484848,0.0063809603,0,0.0044975419,0.4967962963,0.4967962963
0.63636364,1.48484848,0.0056492254,0,0.0039802908,0.4964229081,0.4964229081
0.64646465,1.48484848,0.0049427662,0,0.0034811185,0.4960180389,0.4960180389
0.65656566,1.48484848,0.0042550013,0,0.0029954032,0.4955770276,0.4955770276
0.66666667,1.48484848,0.0035789241,0,0.0025182367,0.4950945325,0.4950945325
0.67676768,1.48484848,0.0029069114,0,0.0020442934,0.4945643952,0.4945643952
0.68686869,1.48484848,0.0022304897,0,0.0015676701,0.4939794727,0.4939794727
0.69696970,1.48484848,0.0015400417,0,0.0010816877,0.4933314313,0.4933314313
0.70707071,1.48484848,0.0008244358,0,0.0005786403,0.4926104919,0.4926104919
0.71717172,1.48484848,0.0000705488,0,0.0000494751,0.4918051113,0.4918051113
0.72727273,1.48484848,-0.0007373543,0,-0.0005166227,0.4909015829,0.4909015829
0.73737374,1.48484848,-0.0016184391,0,-0.0011327728,0.4898835309,0.4898835309
0.74747475,1.48484848,-0.0025963915,0,-0.0018151196,0.4887312667,0.4887312667
0.75757576,1.48484848,-0.0037008876,0,-0.0025837947,0.4874209619,0.4874209619
0.76767677,1.48484848,-0.0049695993,0,-0.0034642192,0.4859235796,0.4859235796
0.77777778,1.48484848,-0.0064509617,0,-0.0044888844,0.4842034811,0.4842034811
0.78787879,1.48484848,-0.0082080426,0,-0.0056998139,0.4822165963,0.4822165963
0.79797980,1.48484848,-0.0103240206,0,-0.0071520058,0.4799080032,0.4799080032
0.80808081,1.48484848,-0.0129100496,0,-0.0089183002,0.4772087044,0.4772087044
0.81818182,1.48484848,-0.0161167077,0,-0.0110963422,0.4740313104,0.4740313104
0.82828283,1.48484848,-0.0201509121,0,-0.0138186522,0.4702642421,0.4702642421
0.83838384,1.48484848,-0.0253012807,0,-0.0172673400,0.4657639530,0.4657639530
0.84848485,1.48484848,-0.0319767099,0,-0.0216957816,0.4603445914,0.4603445914
0.85858586,1.48484848,-0.0407658148,0,-0.0274606889,0.4537645897,0.4537645897
0.86868687,1.48484848,-0.0525293508,0,-0.0350694000,0.4457102317,0.4457102317
0.87878788,1.48484848,-0.0685440741,0,-0.0452483401,0.4357781754,0.4357781754
0.88888889,1.48484848,-0.0907230728,0,-0.0590372557,0.4234643169,0.4234643169
0.89898990,1.48484848,-0.1219349713,0,-0.0779029762,0.4081798279,0.4081798279
0.90909091,1.48484848,-0.1663964755,0,-0.1038271805,0.3893443485,0.3893443485
0.91919192,1.48484848,-0.2299104152,0,-0.1392152192,0.3666537569,0.3666537569
0.92929293,1.48484848,-0.3191389352,0,-0.1862626508,0.3406371223,0.3406371223
0.93939394,1.48484848,-0.4381405772,0,-0.2452779938,0.3133936689,0.3133936689
0.94949495,1.48484848,-0.5811248213,0,-0.3122292628,0.2886744560,0.2886744560
0.95959596,1.48484848,-0.7275053866,0,-0.3781167258,0.2701340629,0.2701340629
0.96969697,1.48484848,-0.8511271002,0,-0.4330101496,0.2588256508,0.2588256508
0.97979798,1.48484848,-0.9371052639,0,-0.4714437750,0.2530947034,0.2530947034
0.98989899,1.48484848,-0.9850149143,0,-0.4931488937,0.2506516188,0.2506516188
1.00000000,1.48484848,-1.0000000000,0,-0.5000000000,0.2500000000,0.2500000000
0.00000000,1.54545455,1.0000000000,0,1.0000000000,1.0000000000,1.0000000000
0.01010101,1.54545455,0.9998215694,0,0.9982479589,0.9968546945,0.9968546945
0.02020202,1.54545455,0.9985156022,0,0.9921078787,0.9872066827,0.9872066827
0.03030303,1.54545455,0.9947969768,0,0.9801747219,0.9708185873,0.9708185873
0.04040404,1.54545455,0.9872152708,0,0.9610130751,0.9476214087,0.9476214087
0.05050505,1.54545455,0.9741915235,0,0.9333089361,0.9178298022,0.9178298022
0.06060606,1.54545455,0.9541179453,0,0.8961071703,0.8820958448,0.8820958448
0.07070707,1.54545455,0.9255573892,0,0.8491223666,0.8416545134,0.8416545134
0.08080808,1.54545455,0.8875566755,0,0.7930435957,0.7983658192,0.7983658192
0.09090909,1.54545455,0.8400195152,0,0.7296815089,0.7545498382,0.7545498382
0.10101010,1.54545455,0.7839885449,0,0.6618071945,0.7125962521,0.7125962521
0.11111111,1.54545455,0.7216445552,0,0.5926648613,0.6744840429,0.6744840429
0.12121212,1.54545455,0.6559356609,0,0.5253365371,0.6414351112,0.6414351112
0.13131313,1.54545455,0.5899638160,0,0.4622261620,0.6138443936,0.6138443936
0.14141414,1.54545455,0.5263993158,0,0.4048325099,0.5914528515,0.5914528515
0.15151515,1.54545455,0.4671397140,0,0.3538009614,0.5736201996,0.5736201996
0.16161616,1.54545455,0.4132549772,0,0.3091325357,0.5595684850,0.5595684850
0.17171717,1.54545455,0.3651257472,0,0.2704250836,0.5485409166,0.5485409166
0.18181818,1.54545455,0.3226524154,0,0.2370736471,0.5398793553,0.5398793553
0.19191919,1.54545455,0.2854511141,0,0.2084080522,0.5330470015,0.5330470015
0.20202020,1.54545455,0.2530016446,0,0.1837743411,0.5276221994,0.5276221994
0.21212121,1.54545455,0.2247443198,0,0.1625758764,0.5232807506,0.5232807506
0.22222222,1.54545455,0.2001361839,0,0.1442891805,0.5197760982,0.5197760982
0.23232323,1.54545455,0.1786794303,0,0.1284656010,0.5169214903,0.5169214903
0.24242424,1.54545455,0.1599326340,0,0.1147259336,0.5145754010,0.5145754010
0.25252525,1.54545455,0.1435122430,0,0.1027521804,0.5126302006,0.5126302006
0.26262626,1.54545455,0.1290890740,0,0.0922786986,0.5110035897,0.5110035897
0.27272727,1.54545455,0.1163826244,0,0.0830838442,0.5096322157,0.5096322157
0.28282828,1.54545455,0.1051547659,0,0.0749825705,0.5084669472,0.5084669472
0.29292929,1.54545455,0.0952036325,0,0.0678201025,0.5074693827,0.5074693827
0.30303030,1.54545455,0.0863580712,0,0.0614666435,0.5066092660,0.5066092660
0.31313131,1.54545455,0.0784727891,0,0.0558129991,0.5058625657,0.5058625657
0.32323232,1.54545455,0.0714242018,0,0.0507669863,0.5052100419,0.5052100419
0.33333333,1.54545455,0.0651069295,0,0.0462504967,0.5046361686,0.5046361686
0.34343434,1.54545455,0.0594308627,0,0.0421970977,0.5041283190,0.5041283190
0.35353535,1.54545455,0.0543187183,0,0.0385500730,0.5036761454,0.5036761454
0.36363636,1.54545455,0.0497040063,0,0.0352608188,0.5032711035,0.5032711035
0.37373737,1.54545455,0.0455293407,0,0.0322875288,0.5029060844,0.5029060844
0.38383838,1.54545455,0.0417450350,0,0.0295941129,0.5025751288,0.5025751288
0.39393939,1.54545455,0.0383079328,0,0.0271493053,0.5022732028,0.5022732028
0.40404040,1.54545455,0.0351804315,0,0.0249259259,0.5019960205,0.5019960205
0.41414141,1.54545455,0.0323296671,0,0.0229002674,0.5017399036,0.5017399036
0.42424242,1.54545455,0.0297268294,0,0.0210515841,0.5015016676,0.5015016676
0.43434343,1.54545455,0.0273465864,0,0.0193616638,0.5012785310,0.5012785310
0.44444444,1.54545455,0.0251665992,0,0.0178144691,0.5010680406,0.5010680406
0.45454545,1.54545455,0.0231671108,0,0.0163958344,0.5008680097,0.5008680097
0.46464646,1.54545455,0.0213305971,0,0.0150932096,0.5006764676,0.5006764676
0.47474747,1.54545455,0.0196414694,0,0.0138954424,0.5004916158,0.5004916158
0.48484848,1.54545455,0.0180858202,0,0.0127925929,0.5003117920,0.5003117920
0.49494949,1.54545455,0.0166512041,0,0.0117757739,0.5001354372,0.5001354372
0.50505051,1.54545455,0.0153264497,0,0.0108370146,0.4999610682,0.4999610682
0.51515152,1.54545455,0.0141014957,0,0.0099691416,0.4997872514,0.4997872514
0.52525253,1.54545455,0.0129672487,0,0.0091656765,0.4996125794,0.4996125794
0.53535354,1.54545455,0.0119154582,0,0.0084207450,0.4994356482,0.4994356482
0.54545455,1.54545455,0.0109386056,0,0.0077289980,0.4992550351,0.4992550351
0.55555556,1.54545455,0.0100298059,0,0.0070855399,0.4990692765,0.4990692765
0.56565657,1.54545455,0.0091827184,0,0.0064858655,0.4988768448,0.4988768448
0.57575758,1.54545455,0.0083914650,0,0.0059258012,0.4986761238,0.4986761238
0.58585859,1.54545455,0.0076505546,0,0.0054014508,0.4984653822,0.4984653822
0.59595960,1.54545455,0.0069548102,0,0.0049091440,0.4982427437,0.4982427437
0.60606061,1.54545455,0.0062992987,0,0.0044453868,0.4980061542,0.4980061542
0.61616162,1.54545455,0.0056792602,0,0.0040068110,0.4977533430,0.4977533430
0.62626263,1.54545455,0.0050900348,0,0.0035901231,0.4974817784,0.4974817784
0.63636364,1.54545455,0.0045269850,0,0.0031920497,0.4971886155,0.4971886155
0.64646465,1.54545455,0.0039854094,0,0.0028092773,0.4968706339,0.4968706339
0.65656566,1.54545455,0.0034604461,0,0.0024383850,0.4965241637,0.4965241637
0.66666667,1.54545455,0.0029469588,0,0.0020757659,0.4961449959,0.4961449959
0.67676768,1.54545455,0.0024394013,0,0.0017175330,0.4957282733,0.4957282733
0.68686869,1.54545455,0.0019316513,0,0.0013594055,0.4952683574,0.4952683574
0.69696970,1.54545455,0.0014168047,0,0.0009965675,0.4947586639,0.4947586639
0.70707071,1.54545455,0.0008869139,0,0.0006234894,0.4941914594,0.4941914594
0.71717172,1.54545455,0.0003326521,0,0.0002337003,0.4935576056,0.4935576056
0.72727273,1.54545455,-0.0002571226,0,-0.0001805078,0.4928462394,0.4928462394
0.73737374,1.54545455,-0.0008959435,0,-0.0006284674,0.4920443650,0.4920443650
0.74747475,1.54545455,-0.0016005025,0,-0.0011216501,0.4911363337,0.4911363337
0.75757576,1.54545455,-0.0023916864,0,-0.0016743567,0.4901031729,0.4901031729
0.76767677,1.54545455,-0.0032959926,0,-0.0023046549,0.4889217138,0.4889217138
0.77777778,1.54545455,-0.0043474886,0,-0.0030356662,0.4875634473,0.4875634473
0.78787879,1.54545455,-0.0055905569,0,-0.0038973560,0.4859930102,0.4859930102
0.79797980,1.54545455,-0.0070837979,0,-0.0049290518,0.4841661621,0.4841661621
0.80808081,1.54545455,-0.0089056567,0,-0.0061830343,0.4820270573,0.4820270573
0.81818182,1.54545455,-0.0111626638,0,-0.0077297278,0.4795045306,0.4795045306
0.82828283,1.54545455,-0.0140017055,0,-0.0096653053,0.4765069968,0.4765069968
0.83838384,1.54545455,-0.0176286119,0,-0.0121229927,0.4729153971,0.4729153971
0.84848485,1.54545455,-0.0223368333,0,-0.0152901032,0.4685734010,0.4685734010
0.85858586,1.54545455,-0.0285524989,0,-0.0194340360,0.4632738203,0.4632738203
0.86868687,1.54545455,-0.0369064911,0,-0.0249423453,0.4567400132,0.4567400132
0.87878788,1.54545455,-0.0483514930,0,-0.0323847228,0.4486013647,0.4486013647
0.88888889,1.54545455,-0.0643537095,0,-0.0426079848,0.4383639362,0.4383639362
0.89898990,1.54545455,-0.0872047125,0,-0.0568762275,0.4253844958,0.4253844958
0.90909091,1.54545455,-0.1205066042,0,-0.0770561316,0.4088770253,0.4088770253
0.91919192,1.54545455,-0.1698216500,0,-0.1057858350,0.3880332351,0.3880332351
0.92929293,1.54545455,-0.2431186123,0,-0.1463641817,0.3624375633,0.3624375633
0.93939394,1.54545455,-0.3494430704,0,-0.2016519196,0.3330058444,0.3330058444
0.94949495,1.54545455,-0.4922325725,0,-0.2710223494,0.3031583354,0.3031583354
0.95959596,1.54545455,-0.6568179095,0,-0.3465216086,0.2783368264,0.2783368264
0.96969697,1.54545455,-0.8089570554,0,-0.4142847000,0.2622689363,0.2622689363
0.97979798,1.54545455,-0.9192000114,0,-0.4633957162,0.2541464147,0.2541464147
0.98989899,1.54545455,-0.9808518255,0,-0.4912513645,0.2508422744,0.2508422744
1.00000000,1.54545455,-1.0000000000,0,-0.5000000000,0.2500000000,0.2500000000
0.00000000,1.60606061,1.0000000000,0,1.0000000000,1.0000000000,1.0000000000
0.01010101,1.60606061,0.9997430277,0,0.9977381428,0.9959932212,0.9959932212
0.02020202,1.60606061,0.9978606749,0,0.9897051908,0.9837208599,0.9837208599
0.03030303,1.60606061,0.9925004308,0,0.9739410002,0.9629503376,0.9629503376
0.04040404,1.60606061,0.9815886129,0,0.9485216613,0.9337604675,0.9337604675
0.05050505,1.60606061,0.9629313765,0,0.9118703714,0.8967585650,0.8967585650
0.06060606,1.60606061,0.9344607006,0,0.8632188372,0.8533353458,0.8533353458
0.07070707,1.60606061,0.8946795000,0,0.8031265047,0.8058105419,0.8058105419
0.08080808,1.60606061,0.8432519400,0,0.7338026720,0.7572580167,0.7572580167
0.09090909,1.60606061,0.7814897308,0,0.6589214006,0.7109199059,0.7109199059
0.10101010,1.60606061,0.7123682799,0,0.5828505645,0.6694301935,0.6694301935
0.11111111,1.60606061,0.6399001547,0,0.5096251262,0.6342744738,0.6342744738
0.12121212,1.60606061,0.5681325645,0,0.4421749780,0.6057437749,0.6057437749
0.13131313,1.60606061,0.5002883022,0,0.3820827196,0.5832759856,0.5832759856
0.14141414,1.60606061,0.4383863726,0,0.3297815347,0.5658985464,0.5658985464
0.15151515,1.60606061,0.3833156656,0,0.2849370547,0.5525667197,0.5525667197
0.16161616,1.60606061,0.3351384702,0,0.2468098563,0.5423459891,0.5423459891
0.17171717,1.60606061,0.2934214115,0,0.2145141217,0.5344759539,0.5344759539
0.18181818,1.60606061,0.2574941032,0,0.1871699653,0.5283695049,0.5283695049
0.19191919,1.60606061,0.2266165132,0,0.1639779993,0.5235860420,0.5235860420
0.20202020,1.60606061,0.2000723953,0,0.1442464302,0.5197994373,0.5197994373
0.21212121,1.60606061,0.1772134846,0,0.1273928798,0.5167693890,0.5167693890
0.22222222,1.60606061,0.1574747508,0,0.1129346078,0.5143186069,0.5143186069
0.23232323,1.60606061,0.1403743529,0,0.1004746667,0.5123156395,0.5123156395
0.24242424,1.60606061,0.1255064833,0,0.0896877372,0.5106623175,0.5106623175
0.25252525,1.60606061,0.1125316253,0,0.0803072781,0.5092847001,0.5092847001
0.26262626,1.60606061,0.1011665354,0,0.0721145393,0.5081265787,0.5081265787
0.27272727,1.60606061,0.0911750107,0,0.0649294640,0.5071448155,0.5071448155
0.28282828,1.60606061,0.0823598346,0,0.0586032898,0.5063059858,0.5063059858
0.29292929,1.60606061,0.0745559655,0,0.0530125916,0.5055839449,0.5055839449
0.30303030,1.60606061,0.0676248755,0,0.0480545074,0.5049580528,0.5049580528
0.31313131,1.60606061,0.0614498945,0,0.0436429190,0.5044118684,0.5044118684
0.32323232,1.60606061,0.0559324013,0,0.0397053942,0.5039321812,0.5039321812
0.33333333,1.60606061,0.0509887149,0,0.0361807344,0.5035082866,0.5035082866
0.34343434,1.60606061,0.0465475588,0,0.0330170021,0.5031314399,0.5031314399
0.35353535,1.60606061,0.0425479897,0,0.0301699283,0.5027944402,0.5027944402
0.36363636,1.60606061,0.0389377028,0,0.0276016220,0.5024913116,0.5024913116
0.37373737,1.60606061,0.0356716416,0,0.0252795201,0.5022170563,0.5022170563
0.38383838,1.60606061,0.0327108534,0,0.0231755291,0.5019674628,0.5019674628
0.39393939,1.60606061,0.0300215446,0,0.0212653210,0.5017389540,0.5017389540
0.40404040,1.60606061,0.0275742980,0,0.0195277524,0.5015284678,0.5015284678
0.41414141,1.60606061,0.0253434212,0,0.0179443836,0.5013333614,0.5013333614
0.42424242,1.60606061,0.0233064038,0,0.0164990794,0.5011513342,0.5011513342
0.43434343,1.60606061,0.0214434615,0,0.0151776748,0.5009803649,0.5009803649
0.44444444,1.60606061,0.0197371535,0,0.0139676959,0.5008186605,0.5008186605
0.45454545,1.60606061,0.0181720591,0,0.0128581234,0.5006646139,0.5006646139
0.46464646,1.60606061,0.0167345038,0,0.0118391945,0.5005167678,0.5005167678
0.47474747,1.60606061,0.0154123262,0,0.0109022332,0.5003737849,0.5003737849
0.48484848,1.60606061,0.0141946791,0,0.0100395065,0.5002344215,0.5002344215
0.49494949,1.60606061,0.0130718585,0,0.0092441010,0.5000975050,0.5000975050
0.50505051,1.60606061,0.0120351570,0,0.0085098170,0.4999619136,0.4999619136
0.51515152,1.60606061,0.0110767363,0,0.0078310768,0.4998265571,0.4998265571
0.52525253,1.60606061,0.0101895163,0,0.0072028448,0.4996903601,0.4996903601
0.53535354,1.60606061,0.0093670782,0,0.0066205581,0.4995522451,0.4995522451
0.54545455,1.60606061,0.0086035789,0,0.0060800653,0.4994111154,0.4994111154
0.55555556,1.60606061,0.0078936748,0,0.0055775716,0.4992658391,0.4992658391
0.56565657,1.60606061,0.0072324534,0,0.0051095900,0.4991152306,0.4991152306
0.57575758,1.60606061,0.0066153705,0,0.0046728967,0.4989580325,0.4989580325
0.58585859,1.60606061,0.0060381926,0,0.0042644899,0.4987928944,0.4987928944
0.59595960,1.60606061,0.0054969419,0,0.0038815508,0.4986183504,0.4986183504
0.60606061,1.60606061,0.0049878436,0,0.0035214062,0.4984327925,0.4984327925
0.61616162,1.60606061,0.0045072730,0,0.0031814913,0.4982344412,0.4982344412
0.62626263,1.60606061,0.0040517020,0,0.0028593114,0.4980213100,0.4980213100
0.63636364,1.60606061,0.0036176418,0,0.0025524025,0.4977911644,0.4977911644
0.64646465,1.60606061,0.0032015812,0,0.0022582872,0.4975414731,0.4975414731
0.65656566,1.60606061,0.0027999162,0,0.0019744261,0.4972693490,0.4972693490
0.66666667,1.60606061,0.0024088694,0,0.0016981615,0.4969714788,0.4969714788
0.67676768,1.60606061,0.0020243934,0,0.0014266503,0.4966440364,0.4966440364
0.68686869,1.60606061,0.0016420538,0,0.0011567830,0.4962825773,0.4962825773
0.69696970,1.60606061,0.0012568836,0,0.0008850834,0.4958819084,0.4958819084
0.70707071,1.60606061,0.0008631996,0,0.0006075821,0.4954359254,0.4954359254
0.71717172,1.60606061,0.0004543666,0,0.0003196550,0.4949374105,0.4949374105
0.72727273,1.60606061,0.0000224909,0,0.0000158138,0.4943777757,0.4943777757
0.73737374,1.60606061,-0.0004419833,0,-0.0003105689,0.4937467375,0.4937467375
0.74747475,1.60606061,-0.0009508129,0,-0.0006676249,0.4930319000,0.4930319000
0.75757576,1.60606061,-0.0015186837,0,-0.0010654821,0.4922182153,0.4922182153
0.76767677,1.60606061,-0.0021642060,0,-0.0015169328,0.4912872800,0.4912872800
0.77777778,1.60606061,-0.0029112935,0,-0.0020383554,0.4902164091,0.4902164091
0.78787879,1.60606061,-0.0037911002,0,-0.0026509996,0.4889774035,0.4889774035
0.79797980,1.60606061,-0.0048447792,0,-0.0033828040,0.4875348934,0.4875348934
0.80808081,1.60606061,-0.0061274725,0,-0.0042710025,0.4858440864,0.4858440864
0.81818182,1.60606061,-0.0077141765,0,-0.0053659164,0.4838476700,0.4838476700
0.82828283,1.60606061,-0.0097085186,0,-0.0067365612,0.4814715026,0.4814715026
0.83838384,1.60606061,-0.0122561384,0,-0.0084790739,0.4786185461,0.4786185461
0.84848485,1.60606061,-0.0155655122,0,-0.0107295982,0.4751602309,0.4751602309
0.85858586,1.60606061,-0.0199410664,0,-0.0136843388,0.4709240541,0.4709240541
0.86868687,1.60606061,-0.0258370447,0,-0.0176313115,0.4656756855,0.4656756855
0.87878788,1.60606061,-0.0339471668,0,-0.0230013854,0.4590932649,0.4590932649
0.88888889,1.60606061,-0.0453570963,0,-0.0304511807,0.4507313686,0.4507313686
0.89898990,1.60606061,-0.0618078718,0,-0.0409974943,0.4399740363,0.4399740363
0.90909091,1.60606061,-0.0861515217,0,-0.0562290318,0.4259859789,0.4259859789
0.91919192,1.60606061,-0.1231096955,0,-0.0786077914,0.4077055973,0.4077055973
0.92929293,1.60606061,-0.1803549962,0,-0.1117653601,0.3840237537,0.3840237537
0.93939394,1.60606061,-0.2691991161,0,-0.1602815855,0.3545030699,0.3545030699
0.94949495,1.60606061,-0.4014128351,0,-0.2274500613,0.3210625176,0.3210625176
0.95959596,1.60606061,-0.5750138470,0,-0.3094349501,0.2895890415,0.2895890415
0.96969697,1.60606061,-0.7559399856,0,-0.3907581498,0.2672030759,0.2672030759
0.97979798,1.60606061,-0.8961121780,0,-0.4530578637,0.2556127938,0.2556127938
0.98989899,1.60606061,-0.9755155320,0,-0.4888225843,0.2510927357,0.2510927357
1.00000000,1.60606061,-1.0000000000,0,-0.5000000000,0.2500000000,0.2500000000
0.00000000,1.66666667,1.0000000000,0,1.0000000000,1.0000000000,1.0000000000
0.01010101,1.66666667,0.9996298698,0,0.9970756738,0.9948962453,0.9948962453
0.02020202,1.66666667,0.9969164712,0,0.9865414914,0.9792941665,0.9792941665
0.03030303,1.66666667,0.9891920948,0,0.9656754865,0.9530180807,0.9530180807
0.04040404,1.66666667,0.9735124918,0,0.9319654863,0.9164665144,0.9164665144
0.05050505,1.66666667,0.9469130332,0,0.8837328363,0.8710073019,0.8710073019
0.06060606,1.66666667,0.9069804969,0,0.8209733853,0.8193364193,0.8193364193
0.07070707,1.66666667,0.8527522652,0,0.7460571551,0.7654175861,0.7654175861
0.08080808,1.66666667,0.7855942458,0,0.6636729219,0.7136932837,0.7136932837
0.09090909,1.66666667,0.7093709364,0,0.5797037428,0.6678292346,0.6678292346
0.10101010,1.66666667,0.6294873609,0,0.4995573835,0.6297914137,0.6297914137
0.11111111,1.66666667,0.5512682420,0,0.4269372258,0.5997939761,0.5997939761
0.12121212,1.66666667,0.4786620072,0,0.3635630464,0.5769013463,0.5769013463
0.13131313,1.66666667,0.4138221286,0,0.3096016569,0.5597307054,0.5597307054
0.14141414,1.66666667,0.3573922829,0,0.2643061454,0.5469204730,0.5469204730
0.15151515,1.66666667,0.3090459706,0,0.2265403756,0.5373349153,0.5373349153
0.16161616,1.66666667,0.2679689185,0,0.1951032842,0.5301030623,0.5301030623
0.17171717,1.66666667,0.2331821031,0,0.1688897616,0.5245854196,0.5245854196
0.18181818,1.66666667,0.2037204296,0,0.1469503672,0.5203219948,0.5203219948
0.19191919,1.66666667,0.1787145058,0,0.1284986105,0.5169841803,0.5169841803
0.20202020,1.66666667,0.1574172949,0,0.1128954114,0.5143369092,0.5143369092
0.21212121,1.66666667,0.1392032633,0,0.0996262664,0.5122109716,0.5122109716
0.22222222,1.66666667,0.1235558063,0,0.0882783063,0.5104834491,0.5104834491
0.23232323,1.66666667,0.1100511071,0,0.0785200647,0.5090640940,0.5090640940
0.24242424,1.66666667,0.0983422423,0,0.0700846936,0.5078858875,0.5078858875
0.25252525,1.66666667,0.0881450719,0,0.0627564735,0.5068984809,0.5068984809
0.26262626,1.66666667,0.0792263384,0,0.0563601500,0.5060636122,0.5060636122
0.27272727,1.66666667,0.0713939017,0,0.0507525723,0.5053518778,0.5053518778
0.28282828,1.66666667,0.0644888467,0,0.0458161572,0.5047404362,0.5047404362
0.29292929,1.66666667,0.0583791546,0,0.0414537777,0.5042113599,0.5042113599
0.30303030,1.66666667,0.0529546424,0,0.0375847580,0.5037504383,0.5037504383
0.31313131,1.66666667,0.0481229217,0,0.0341417224,0.5033463007,0.5033463007
0.32323232,1.66666667,0.0438061643,0,0.0310681077,0.5029897666,0.5029897666
0.33333333,1.66666667,0.0399385087,0,0.0283161875,0.5026733596,0.5026733596
0.34343434,1.66666667,0.0364639723,0,0.0258454964,0.5023909408,0.5023909408
0.35353535,1.66666667,0.0333347654,0,0.0236215668,0.5021374284,0.5021374284
0.36363636,1.66666667,0.0305099225,0,0.0216149092,0.5019085832,0.5019085832
0.37373737,1.66666667,0.0279541882,0,0.0198001873,0.5017008412,0.5017008412
0.38383838,1.66666667,0.0256371045,0,0.0181555447,0.5015111832,0.5015111832
0.39393939,1.66666667,0.0235322614,0,0.0166620547,0.5013370314,0.5013370314
0.40404040,1.66666667,0.0216166778,0,0.0153032669,0.5011761677,0.5011761677
0.41414141,1.66666667,0.0198702881,0,0.0140648332,0.5010266676,0.5010266676
0.42424242,1.66666667,0.0182755152,0,0.0129341962,0.5008868471,0.5008868471
0.43434343,1.66666667,0.0168169128,0,0.0119003303,0.5007552193,0.5007552193
0.44444444,1.66666667,0.0154808655,0,0.0109535242,0.5006304580,0.5006304580
0.45454545,1.66666667,0.0142553360,0,0.0100851980,0.5005113687,0.5005113687
0.46464646,1.66666667,0.0131296507,0,0.0092877488,0.5003968624,0.5003968624
0.47474747,1.66666667,0.0120943182,0,0.0085544194,0.5002859349,0.5002859349
0.48484848,1.66666667,0.0111408737,0,0.0078791867,0.5001776478,0.5001776478
0.49494949,1.66666667,0.0102617462,0,0.0072566663,0.5000711119,0.5000711119
0.50505051,1.66666667,0.0094501437,0,0.0066820299,0.4999654725,0.4999654725
0.51515152,1.66666667,0.0086999545,0,0.0061509349,0.4998598957,0.4998598957
0.52525253,1.66666667,0.0080056610,0,0.0056594619,0.4997535554,0.4997535554
0.53535354,1.66666667,0.0073622645,0,0.0052040620,0.4996456206,0.4996456206
0.54545455,1.66666667,0.0067652186,0,0.0047815082,0.4995352433,0.4995352433
0.55555556,1.66666667,0.0062103708,0,0.0043888544,0.4994215450,0.4994215450
0.56565657,1.66666667,0.0056939094,0,0.0040233971,0.4993036037,0.4993036037
0.57575758,1.66666667,0.0052123155,0,0.0036826418,0.4991804392,0.4991804392
0.58585859,1.66666667,0.0047623190,0,0.0033642708,0.4990509970,0.4990509970
0.59595960,1.66666667,0.0043408571,0,0.0030661147,0.4989141307,0.4989141307
0.60606061,1.66666667,0.0039450342,0,0.0027861232,0.4987685809,0.4987685809
0.61616162,1.66666667,0.0035720827,0,0.0025223380,0.4986129527,0.4986129527
0.62626263,1.66666667,0.0032193233,0,0.0022728643,0.4984456873,0.4984456873
0.63636364,1.66666667,0.0028841230,0,0.0020358416,0.4982650302,0.4982650302
0.64646465,1.66666667,0.0025638503,0,0.0018094118,0.4980689924,0.4980689924
0.65656566,1.66666667,0.0022558246,0,0.0015916842,0.4978553041,0.4978553041
0.66666667,1.66666667,0.0019572582,0,0.0013806946,0.4976213589,0.4976213589
0.67676768,1.66666667,0.0016651882,0,0.0011743582,0.4973641459,0.4973641459
0.68686869,1.66666667,0.0013763934,0,0.0009704112,0.4970801653,0.4970801653
0.69696970,1.66666667,0.0010872917,0,0.0007663404,0.4967653264,0.4967653264
0.70707071,1.66666667,0.0007938111,0,0.0005592932,0.4964148177,0.4964148177
0.71717172,1.66666667,0.0004912242,0,0.0003459638,0.4960229473,0.4960229473
0.72727273,1.66666667,0.0001739336,0,0.0001224452,0.4955829383,0.4955829383
0.73737374,1.66666667,-0.0001648113,0,-0.0001159652,0.4950866706,0.4950866706
0.74747475,1.66666667,-0.0005332916,0,-0.0003750236,0.4945243482,0.4945243482
0.75757576,1.66666667,-0.0009418288,0,-0.0006618880,0.4938840688,0.4938840688
0.76767677,1.66666667,-0.0014034828,0,-0.0009855920,0.4931512607,0.4931512607
0.77777778,1.66666667,-0.0019350194,0,-0.0013576998,0.4923079395,0.4923079395
0.78787879,1.66666667,-0.0025582711,0,-0.0017932216,0.4913317162,0.4913317162
0.79797980,1.66666667,-0.0033020777,0,-0.0023119130,0.4901944578,0.4901944578
0.80808081,1.66666667,-0.0042050983,0,-0.0029401441,0.4888604569,0.4888604569
0.81818182,1.66666667,-0.0053199570,0,-0.0037136344,0.4872838999,0.4872838999
0.82828283,1.66666667,-0.0067194630,0,-0.0046815194,0.4854053124,0.4854053124
0.83838384,1.66666667,-0.0085061366,0,-0.0059125084,0.4831465019,0.4831465019
0.84848485,1.66666667,-0.0108271135,0,-0.0075043945,0.4804032532,0.4804032532
0.85858586,1.66666667,-0.0138980223,0,-0.0095990434,0.4770346220,0.4770346220
0.86868687,1.66666667,-0.0180422329,0,-0.0124065382,0.4728470324,0.4728470324
0.87878788,1.66666667,-0.0237571601,0,-0.0162449371,0.4675704064,0.4675704064
0.88888889,1.66666667,-0.0318295380,0,-0.0216071282,0.4608222362,0.4608222362
0.89898990,1.66666667,-0.0435415642,0,-0.0292751634,0.4520542969,0.4520542969
0.90909091,1.66666667,-0.0610483464,0,-0.0405168878,0.4404781288,0.4404781288
0.91919192,1.66666667,-0.0880747484,0,-0.0574163396,0.4249796970,0.4249796970
0.92929293,1.66666667,-0.1311556958,0,-0.0833738140,0.4040964424,0.4040964424
0.93939394,1.66666667,-0.2014668589,0,-0.1235930718,0.3763405558,0.3763405558
0.94949495,1.66666667,-0.3154767021,0,-0.1843899015,0.3416171618,0.3416171618
0.95959596,1.66666667,-0.4857532380,0,-0.2679703277,0.3043280661,0.3043280661
0.96969697,1.66666667,-0.6908611752,0,-0.3617774973,0.2742215152,0.2742215152
0.97979798,1.66666667,-0.8664008732,0,-0.4398060312,0.2576823062,0.2576823062
0.98989899,1.66666667,-0.9686668704,0,-0.4857109975,0.2514241443,0.2514241443
1.00000000,1.66666667,-1.0000000000,0,-0.5000000000,0.2500000000,0.2500000000
0.00000000,1.72727273,1.0000000000,0,1.0000000000,1.0000000000,1.0000000000
0.01010101,1.72727273,0.9994668165,0,0.9962131025,0.9934996985,0.9934996985
0.02020202,1.72727273,0.9955552459,0,0.9823658725,0.9736789991,0.9736789991
0.03030303,1.72727273,0.9844305650,0,0.9547071433,0.9405246131,0.9405246131
0.04040404,1.72727273,0.9619615718,0,0.9100985353,0.8950790335,0.8950790335
0.05050505,1.72727273,0.9243382428,0,0.8472276855,0.8401144122,0.8401144122
0.06060606,1.72727273,0.8693122675,0,0.7679771656,0.7804498434,0.7804498434
0.07070707,1.72727273,0.7977434028,0,0.6779074645,0.7221283402,0.7221283402
0.08080808,1.72727273,0.7142868017,0,0.5848748596,0.6704720172,0.6704720172
0.09090909,1.72727273,0.6261403505,0,0.4963436792,0.6283789194,0.6283789194
0.10101010,1.72727273,0.5404463501,0,0.4172689231,0.5961106839,0.5961106839
0.11111111,1.72727273,0.4622180450,0,0.3496648451,0.5722820833,0.5722820833
0.12121212,1.72727273,0.3938282231,0,0.2933916107,0.5549855948,0.5549855948
0.13131313,1.72727273,0.3356232549,0,0.2471931667,0.5424613900,0.5424613900
0.14141414,1.72727273,0.2868081994,0,0.2094542141,0.5333288524,0.5333288524
0.15151515,1.72727273,0.2461280955,0,0.1786059364,0.5265861067,0.5265861067
0.16161616,1.72727273,0.2122618669,0,0.1532895289,0.5215320711,0.5215320711
0.17171717,1.72727273,0.1840047341,0,0.1323917174,0.5176826842,0.5176826842
0.18181818,1.72727273,0.1603298732,0,0.1150252421,0.5147038463,0.5147038463
0.19191919,1.72727273,0.1403918082,0,0.1004918381,0.5123633354,0.5123633354
0.20202020,1.72727273,0.1235063381,0,0.0882442148,0.5104979422,0.5104979422
0.21212121,1.72727273,0.1091239965,0,0.0778530272,0.5089914442,0.5089914442
0.22222222,1.72727273,0.0968043933,0,0.0689801719,0.5077599122,0.5077599122
0.23232323,1.72727273,0.0861940623,0,0.0613579366,0.5067418751,0.5067418751
0.24242424,1.72727273,0.0770083254,0,0.0547729899,0.5058916815,0.5058916815
0.25252525,1.72727273,0.0690168412,0,0.0490541768,0.5051749735,0.5051749735
0.26262626,1.72727273,0.0620322446,0,0.0440632269,0.5045655612,0.5045655612
0.27272727,1.72727273,0.0559012709,0,0.0396876677,0.5040432391,0.5040432391
0.28282828,1.72727273,0.0504978298,0,0.0358353977,0.5035922403,0.5035922403
0.29292929,1.72727273,0.0457175960,0,0.0324305085,0.5032001292,0.5032001292
0.30303030,1.72727273,0.0414737695,0,0.0294100497,0.5028569975,0.5028569975
0.31313131,1.72727273,0.0376937403,0,0.0267215090,0.5025548755,0.5025548755
0.32323232,1.72727273,0.0343164517,0,0.0243208344,0.5022872940,0.5022872940
0.33333333,1.72727273,0.0312903047,0,0.0221708747,0.5020489569,0.5020489569
0.34343434,1.72727273,0.0285714850,0,0.0202401395,0.5018354924,0.5018354924
0.35353535,1.72727273,0.0261226180,0,0.0185018089,0.5016432628,0.5016432628
0.36363636,1.72727273,0.0239116835,0,0.0169329370,0.5014692180,0.5014692180
0.37373737,1.72727273,0.0219111351,0,0.0155138075,0.5013107807,0.5013107807
0.38383838,1.72727273,0.0200971809,0,0.0142274097,0.5011657568,0.5011657568
0.39393939,1.72727273,0.0184491945,0,0.0130590100,0.5010322641,0.5010322641
0.40404040,1.72727273,0.0169492288,0,0.0119958001,0.5009086751,0.5009086751
0.41414141,1.72727273,0.0155816146,0,0.0110266054,0.5007935711,0.5007935711
0.42424242,1.72727273,0.0143326257,0,0.0101416438,0.5006857050,0.5006857050
0.43434343,1.72727273,0.0131901997,0,0.0093323247,0.5005839706,0.5005839706
0.44444444,1.72727273,0.0121437039,0,0.0085910794,0.5004873769,0.5004873769
0.45454545,1.72727273,0.0111837377,0,0.0079112200,0.5003950271,0.5003950271
0.46464646,1.72727273,0.0103019655,0,0.0072868191,0.5003061004,0.5003061004
0.47474747,1.72727273,0.0094909750,0,0.0067126080,0.5002198364,0.5002198364
0.48484848,1.72727273,0.0087441563,0,0.0061838901,0.5001355216,0.5001355216
0.49494949,1.72727273,0.0080555980,0,0.0056964669,0.5000524772,0.5000524772
0.50505051,1.72727273,0.0074199982,0,0.0052465739,0.4999700484,0.4999700484
0.51515152,1.72727273,0.0068325875,0,0.0048308259,0.4998875938,0.4998875938
0.52525253,1.72727273,0.0062890621,0,0.0044461689,0.4998044763,0.4998044763
0.53535354,1.72727273,0.0057855251,0,0.0040898386,0.4997200527,0.4997200527
0.54545455,1.72727273,0.0053184355,0,0.0037593239,0.4996336649,0.4996336649
0.55555556,1.72727273,0.0048845623,0,0.0034523339,0.4995446301,0.4995446301
0.56565657,1.72727273,0.0044809439,0,0.0031667697,0.4994522295,0.4994522295
0.57575758,1.72727273,0.0041048514,0,0.0029006975,0.4993556981,0.4993556981
0.58585859,1.72727273,0.0037537545,0,0.0026523249,0.4992542117,0.4992542117
0.59595960,1.72727273,0.0034252900,0,0.0024199786,0.4991468727,0.4991468727
0.60606061,1.72727273,0.0031172318,0,0.0022020826,0.4990326948,0.4990326948
0.61616162,1.72727273,0.0028274614,0,0.0019971378,0.4989105840,0.4989105840
0.62626263,1.72727273,0.0025539381,0,0.0018037012,0.4987793174,0.4987793174
0.63636364,1.72727273,0.0022946687,0,0.0016203636,0.4986375174,0.4986375174
0.64646465,1.72727273,0.0020476743,0,0.0014457271,0.4984836216,0.4984836216
0.65656566,1.72727273,0.0018109539,0,0.0012783794,0.4983158464,0.4983158464
0.66666667,1.72727273,0.0015824434,0,0.0011168645,0.4981321427,0.4981321427
0.67676768,1.72727273,0.0013599663,0,0.0009596489,0.4979301424,0.4979301424
0.68686869,1.72727273,0.0011411753,0,0.0008050805,0.4977070923,0.4977070923
0.69696970,1.72727273,0.0009234800,0,0.0006513381,0.4974597725,0.4974597725
0.70707071,1.72727273,0.0007039562,0,0.0004963687,0.4971843950,0.4971843950
0.71717172,1.72727273,0.0004792296,0,0.0003378064,0.4968764760,0.4968764760
0.72727273,1.72727273,0.0002453258,0,0.0001728686,0.4965306753,0.4965306753
0.73737374,1.72727273,-0.0000025282,0,-0.0000017808,0.4961405907,0.4961405907
0.74747475,1.72727273,-0.0002701675,0,-0.0001902137,0.4956984943,0.4956984943
0.75757576,1.72727273,-0.0005648464,0,-0.0003974830,0.4951949903,0.4951949903
0.76767677,1.72727273,-0.0008957268,0,-0.0006299568,0.4946185671,0.4946185671
0.77777778,1.72727273,-0.0012745551,0,-0.0008957819,0.4939550043,0.4939550043
0.78787879,1.72727273,-0.0017166153,0,-0.0012055316,0.4931865799,0.4931865799
0.79797980,1.72727273,-0.0022420905,0,-0.0015731281,0.4922909967,0.4922909967
0.80808081,1.72727273,-0.0028780367,0,-0.0020171730,0.4912399106,0.4912399106
0.81818182,1.72727273,-0.0036612978,0,-0.0025629003,0.4899968853,0.4899968853
0.82828283,1.72727273,-0.0046428899,0,-0.0032450928,0.4885145063,0.4885145063
0.83838384,1.72727273,-0.0058947323,0,-0.0041125222,0.4867302454,0.4867302454
0.84848485,1.72727273,-0.0075202165,0,-0.0052348509,0.4845604332,0.4845604332
0.85858586,1.72727273,-0.0096712210,0,-0.0067136061,0.4818913137,0.4818913137
0.86868687,1.72727273,-0.0125762604,0,-0.0087000596,0.4785655253,0.4785655253
0.87878788,1.72727273,-0.0165884831,0,-0.0114251338,0.4743612920,0.4743612920
0.88888889,1.72727273,-0.0222702511,0,-0.0152508118,0.4689598822,0.4689598822
0.89898990,1.72727273,-0.0305475418,0,-0.0207609650,0.4618942291,0.4618942291
0.90909091,1.72727273,-0.0430021384,0,-0.0289257194,0.4524683764,0.4524683764
0.91919192,1.72727273,-0.0624425607,0,-0.0414026455,0.4396375451,0.4396375451
0.92929293,1.72727273,-0.0940361846,0,-0.0610773767,0.4218623351,0.4218623351
0.93939394,1.72727273,-0.1474582903,0,-0.0929199696,0.3970815695,0.3970815695
0.94949495,1.72727273,-0.2399924766,0,-0.1446829468,0.3634456173,0.3634456173
0.95959596,1.72727273,-0.3950478560,0,-0.2243292279,0.3224573680,0.3224573680
0.96969697,1.72727273,-0.6138730194,0,-0.3271412476,0.2839968475,0.2839968475
0.97979798,1.72727273,-0.8283703174,0,-0.4229008671,0.2606322144,0.2606322144
0.98989899,1.72727273,-0.9598650689,0,-0.4817207294,0.2518664355,0.2518664355
1.00000000,1.72727273,-1.0000000000,0,-0.5000000000,0.2500000000,0.2500000000
0.00000000,1.78787879,1.0000000000,0,1.0000000000,1.0000000000,1.0000000000
0.01010101,1.78787879,0.9992318346,0,0.9950875620,0.9917222844,0.9917222844
0.02020202,1.78787879,0.9935931034,0,0.9768426559,0.9665672918,0.9665672918
0.03030303,1.78787879,0.9775886353,0,0.9401583221,0.9248891847,0.9248891847
0.04040404,1.78787879,0.9455381910,0,0.8814172690,0.8689703539,0.8689703539
0.05050505,1.78787879,0.8929988009,0,0.8007338154,0.8040343208,0.8040343208
0.06060606,1.78787879,0.8191997528,0,0.7037233096,0.7379454306,0.7379454306
0.07070707,1.78787879,0.7289656228,0,0.6004988415,0.6785943697,0.6785943697
0.08080808,1.78787879,0.6316246644,0,0.5016179666,0.6307075151,0.6307075151
0.09090909,1.78787879,0.5369871259,0,0.4141964113,0.5949560922,0.5949560922
0.10101010,1.78787879,0.4517810460,0,0.3409221494,0.5694484596,0.5694484596
0.11111111,1.78787879,0.3788267243,0,0.2813487582,0.5515803524,0.5515803524
0.12121212,1.78787879,0.3181437408,0,0.2335832507,0.5390594078,0.5390594078
0.13131313,1.78787879,0.2683680642,0,0.1954088472,0.5301841964,0.5301841964
0.14141414,1.78787879,0.2277180233,0,0.1648062417,0.5237843291,0.5237843291
0.15151515,1.78787879,0.1944761935,0,0.1401145302,0.5190789999,0.5190789999
0.16161616,1.78787879,0.1671685619,0,0.1200301473,0.5155508006,0.5155508006
0.17171717,1.78787879,0.1445961648,0,0.1035509242,0.5128547832,0.5128547832
0.18181818,1.78787879,0.1258081517,0,0.0899117364,0.5107580332,0.5107580332
0.19191919,1.78787879,0.1100584189,0,0.0785281093,0.5091007580,0.5091007580
0.20202020,1.78787879,0.0967630109,0,0.0689514660,0.5077714310,0.5077714310
0.21212121,1.78787879,0.0854639568,0,0.0608351421,0.5066908512,0.5066908512
0.22222222,1.78787879,0.0758004339,0,0.0539090755,0.5058018159,0.5058018159
0.23232323,1.78787879,0.0674864459,0,0.0479610906,0.5050623395,0.5050623395
0.24242424,1.78787879,0.0602937767,0,0.0428230637,0.5044411329,0.5044411329
0.25252525,1.78787879,0.0540390363,0,0.0383606575,0.5039145440,0.5039145440
0.26262626,1.78787879,0.0485738157,0,0.0344656622,0.5034644540,0.5034644540
0.27272727,1.78787879,0.0437771822,0,0.0310502394,0.5030768103,0.5030768103
0.28282828,1.78787879,0.0395499311,0,0.0280425630,0.5027405866,0.5027405866
0.29292929,1.78787879,0.0358101578,0,0.0253834927,0.5024470380,0.5024470380
0.30303030,1.78787879,0.0324898255,0,0.0230240142,0.5021891583,0.5021891583
0.31313131,1.78787879,0.0295320866,0,0.0209232548,0.5019612811,0.5019612811
0.32323232,1.78787879,0.0268891795,0,0.0190469324,0.5017587825,0.5017587825
0.33333333,1.78787879,0.0245207654,0,0.0173661361,0.5015778569,0.5015778569
0.34343434,1.78787879,0.0223926054,0,0.0158563579,0.5014153471,0.5014153471
0.35353535,1.78787879,0.0204755010,0,0.0144967214,0.5012686133,0.5012686133
0.36363636,1.78787879,0.0187444408,0,0.0132693620,0.5011354313,0.5011354313
0.37373737,1.78787879,0.0171779095,0,0.0121589257,0.5010139132,0.5010139132
0.38383838,1.78787879,0.0157573248,0,0.0111521618,0.5009024444,0.5009024444
0.39393939,1.78787879,0.0144665760,0,0.0102375905,0.5007996340,0.5007996340
0.40404040,1.78787879,0.0132916445,0,0.0094052288,0.5007042742,0.5007042742
0.41414141,1.78787879,0.0122202899,0,0.0086463651,0.5006153077,0.5006153077
0.42424242,1.78787879,0.0112417889,0,0.0079533714,0.5005318014,0.5005318014
0.43434343,1.78787879,0.0103467169,0,0.0073195466,0.5004529245,0.5004529245
0.44444444,1.78787879,0.0095267659,0,0.0067389862,0.5003779297,0.5003779297
0.45454545,1.78787879,0.0087745900,0,0.0062064713,0.5003061381,0.5003061381
0.46464646,1.78787879,0.0080836754,0,0.0057173758,0.5002369263,0.5002369263
0.47474747,1.78787879,0.0074482297,0,0.0052675875,0.5001697145,0.5001697145
0.48484848,1.78787879,0.0068630877,0,0.0048534403,0.5001039569,0.5001039569
0.49494949,1.78787879,0.0063236306,0,0.0044716571,0.5000391325,0.5000391325
0.50505051,1.78787879,0.0058257166,0,0.0041192996,0.4999747371,0.4999747371
0.51515152,1.78787879,0.0053656208,0,0.0037937264,0.4999102755,0.4999102755
0.52525253,1.78787879,0.0049399832,0,0.0034925551,0.4998452544,0.4998452544
0.53535354,1.78787879,0.0045457635,0,0.0032136303,0.4997791746,0.4997791746
0.54545455,1.78787879,0.0041802006,0,0.0029549954,0.4997115245,0.4997115245
0.55555556,1.78787879,0.0038407780,0,0.0027148671,0.4996417718,0.4996417718
0.56565657,1.78787879,0.0035251919,0,0.0024916134,0.4995693558,0.4995693558
0.57575758,1.78787879,0.0032313229,0,0.0022837332,0.4994936785,0.4994936785
0.58585859,1.78787879,0.0029572102,0,0.0020898378,0.4994140951,0.4994140951
0.59595960,1.78787879,0.0027010270,0,0.0019086343,0.4993299027,0.4993299027
0.60606061,1.78787879,0.0024610584,0,0.0017389086,0.4992403284,0.4992403284
0.61616162,1.78787879,0.0022356788,0,0.0015795106,0.4991445143,0.4991445143
0.62626263,1.78787879,0.0020233298,0,0.0014293382,0.4990415006,0.4990415006
0.63636364,1.78787879,0.0018224977,0,0.0012873211,0.4989302061,0.4989302061
0.64646465,1.78787879,0.0016316898,0,0.0011524044,0.4988094037,0.4988094037
0.65656566,1.78787879,0.0014494072,0,0.0010235295,0.4986776922,0.4986776922
0.66666667,1.78787879,0.0012741160,0,0.0008996138,0.4985334616,0.4985334616
0.67676768,1.78787879,0.0011042118,0,0.0007795257,0.4983748501,0.4983748501
0.68686869,1.78787879,0.0009379786,0,0.0006620559,0.4981996931,0.4981996931
0.69696970,1.78787879,0.0007735374,0,0.0005458815,0.4980054580,0.4980054580
0.70707071,1.78787879,0.0006087829,0,0.0004295218,0.4977891646,0.4977891646
0.71717172,1.78787879,0.0004413016,0,0.0003112810,0.4975472844,0.4975472844
0.72727273,1.78787879,0.0002682667,0,0.0001891757,0.4972756133,0.4972756133
0.73737374,1.78787879,0.0000862997,0,0.0000608379,0.4969691091,0.4969691091
0.74747475,1.78787879,-0.0001087142,0,-0.0000766124,0.4966216832,0.4966216832
0.75757576,1.78787879,-0.0003218755,0,-0.0002267398,0.4962259292,0.4962259292
0.76767677,1.78787879,-0.0005596113,0,-0.0003940286,0.4957727680,0.4957727680
0.77777778,1.78787879,-0.0008301487,0,-0.0005842095,0.4952509766,0.4952509766
0.78787879,1.78787879,-0.0011441816,0,-0.0008047157,0.4946465576,0.4946465576
0.79797980,1.78787879,-0.0015158222,0,-0.0010653350,0.4939418841,0.4939418841
0.80808081,1.78787879,-0.0019639837,0,-0.0013791508,0.4931145240,0.4931145240
0.81818182,1.78787879,-0.0025144237,0,-0.0017639280,0.4921356015,0.4921356015
0.82828283,1.78787879,-0.0032028216,0,-0.0022441874,0.4909674774,0.4909674774
0.83838384,1.78787879,-0.0040795120,0,-0.0028543771,0.4895604098,0.4895604098
0.84848485,1.78787879,-0.0052169349,0,-0.0036438251,0.4878476566,0.4878476566
0.85858586,1.78787879,-0.0067216669,0,-0.0046846602,0.4857381517,0.4857381517
0.86868687,1.78787879,-0.0087544098,0,-0.0060848206,0.4831053144,0.4831053144
0.87878788,1.78787879,-0.0115642755,0,-0.0080100416,0.4797695607,0.4797695607
0.88888889,1.78787879,-0.0155497154,0,-0.0107222062,0.4754703327,0.4754703327
0.89898990,1.78787879,-0.0213711684,0,-0.0146485349,0.4698203717,0.4698203717
0.90909091,1.78787879,-0.0301685235,0,-0.0205108187,0.4622297369,0.4622297369
0.91919192,1.78787879,-0.0440003762,0,-0.0295746568,0.4517796332,0.4517796332
0.92929293,1.78787879,-0.0667689416,0,-0.0441394385,0.4370233314,0.4370233314
0.93939394,1.78787879,-0.1062052770,0,-0.0684789078,0.4157396616,0.4157396616
0.94949495,1.78787879,-0.1778434743,0,-0.1103475970,0.3849903928,0.3849903928
0.95959596,1.78787879,-0.3096926490,0,-0.1814162359,0.3431551410,0.3431551410
0.96969697,1.78787879,-0.5274089442,0,-0.2874767470,0.2971053433,0.2971053433
0.97979798,1.78787879,-0.7802179865,0,-0.4015351238,0.2648592626,0.2648592626
0.98989899,1.78787879,-0.9485370241,0,-0.4765986787,0.2524626250,0.2524626250
1.00000000,1.78787879,-1.0000000000,0,-0.5000000000,0.2500000000,0.2500000000
0.00000000,1.84848485,1.0000000000,0,1.0000000000,1.0000000000,1.0000000000
0.01010101,1.84848485,0.9988931481,0,0.9936155303,0.9894609832,0.9894609832
0.02020202,1.84848485,0.9907657787,0,0.9695236894,0.9575795333,0.9575795333
0.03030303,1.84848485,0.9677846779,0,0.9209049750,0.9054660145,0.9054660145
0.04040404,1.84848485,0.9224124115,0,0.8442464387,0.8376993890,0.8376993890
0.05050505,1.84848485,0.8505006467,0,0.7431343403,0.7634583772,0.7634583772
0.06060606,1.84848485,0.7553372247,0,0.6293118867,0.6941448301,0.6941448301
0.07070707,1.84848485,0.6481649372,0,0.5176970396,0.6379406772,0.6379406772
0.08080808,1.84848485,0.5426524340,0,0.4192347729,0.5968580894,0.5968580894
0.09090909,1.84848485,0.4484619720,0,0.3381545677,0.5685638870,0.5685638870
0.10101010,1.84848485,0.3693912386,0,0.2738244996,0.5495047167,0.5495047167
0.11111111,1.84848485,0.3051614815,0,0.2235466038,0.5366321939,0.5366321939
0.12121212,1.84848485,0.2537049401,0,0.1843153192,0.5277946915,0.5277946915
0.13131313,1.84848485,0.2125823497,0,0.1535293664,0.5215891029,0.5215891029
0.14141414,1.84848485,0.1795918656,0,0.1291469450,0.5171243055,0.5171243055
0.15151515,1.84848485,0.1529386138,0,0.1096298409,0.5138345103,0.5138345103
0.16161616,1.84848485,0.1312228946,0,0.0938363829,0.5113559233,0.5113559233
0.17171717,1.84848485,0.1133728331,0,0.0809207464,0.5094502280,0.5094502280
0.18181818,1.84848485,0.0985716735,0,0.0702531868,0.5079579938,0.5079579938
0.19191919,1.84848485,0.0861958236,0,0.0613609087,0.5067702560,0.5067702560
0.20202020,1.84848485,0.0757664647,0,0.0538854045,0.5058109746,0.5058109746
0.21212121,1.84848485,0.0669131530,0,0.0475519549,0.5050260283,0.5050260283
0.22222222,1.84848485,0.0593468671,0,0.0421478166,0.5043761790,0.5043761790
0.23232323,1.84848485,0.0528401409,0,0.0375065442,0.5038324881,0.5038324881
0.24242424,1.84848485,0.0472124001,0,0.0334966330,0.5033732728,0.5033732728
0.25252525,1.84848485,0.0423190860,0,0.0300132152,0.5029820484,0.5029820484
0.26262626,1.84848485,0.0380435372,0,0.0269719319,0.5026461124,0.5026461124
0.27272727,1.84848485,0.0342908818,0,0.0243043638,0.5023555549,0.5023555549
0.28282828,1.84848485,0.0309834067,0,0.0219545927,0.5021025549,0.5021025549
0.29292929,1.84848485,0.0280570181,0,0.0198765880,0.5018808745,0.5018808745
0.30303030,1.84848485,0.0254585125,0,0.0180322033,0.5016854884,0.5016854884
0.31313131,1.84848485,0.0231434586,0,0.0163896267,0.5015123109,0.5015123109
0.32323232,1.84848485,0.0210745383,0,0.0149221719,0.5013579908,0.5013579908
0.33333333,1.84848485,0.0192202390,0,0.0136073286,0.5012197567,0.5012197567
0.34343434,1.84848485,0.0175538157,0,0.0124260100,0.5010952987,0.5010952987
0.35353535,1.84848485,0.0160524609,0,0.0113619526,0.5009826766,0.5009826766
0.36363636,1.84848485,0.0146966370,0,0.0104012353,0.5008802487,0.5008802487
0.37373737,1.84848485,0.0134695362,0,0.0095318895,0.5007866160,0.5007866160
0.38383838,1.84848485,0.0123566402,0,0.0087435832,0.5007005772,0.5007005772
0.39393939,1.84848485,0.0113453603,0,0.0080273623,0.5006210934,0.5006210934
0.40404040,1.84848485,0.0104247415,0,0.0073754384,0.5005472593,0.5005472593
0.41414141,1.84848485,0.0095852167,0,0.0067810126,0.5004782795,0.5004782795
0.42424242,1.84848485,0.0088184038,0,0.0062381307,0.5004134499,0.5004134499
0.43434343,1.84848485,0.0081169349,0,0.0057415605,0.5003521411,0.5003521411
0.44444444,1.84848485,0.0074743145,0,0.0052866909,0.5002937854,0.5002937854
0.45454545,1.84848485,0.0068847987,0,0.0048694457,0.5002378654,0.5002378654
0.46464646,1.84848485,0.0063432941,0,0.0044862111,0.5001839044,0.5001839044
0.47474747,1.84848485,0.0058452713,0,0.0041337743,0.5001314578,0.5001314578
0.48484848,1.84848485,0.0053866914,0,0.0038092712,0.5000801061,0.5000801061
0.49494949,1.84848485,0.0049639433,0,0.0035101414,0.5000294476,0.5000294476
0.50505051,1.84848485,0.0045737891,0,0.0032340897,0.4999790924,0.4999790924
0.51515152,1.84848485,0.0042133176,0,0.0029790529,0.4999286571,0.4999286571
0.52525253,1.84848485,0.0038799038,0,0.0027431709,0.4998777585,0.4998777585
0.53535354,1.84848485,0.0035711735,0,0.0025247616,0.4998260085,0.4998260085
0.54545455,1.84848485,0.0032849723,0,0.0023222989,0.4997730083,0.4997730083
0.55555556,1.84848485,0.0030193380,0,0.0021343929,0.4997183425,0.4997183425
0.56565657,1.84848485,0.0027724766,0,0.0019597734,0.4996615732,0.4996615732
0.57575758,1.84848485,0.0025427401,0,0.0017972734,0.4996022325,0.4996022325
0.58585859,1.84848485,0.0023286066,0,0.0016458156,0.4995398157,0.4995398157
0.59595960,1.84848485,0.0021286620,0,0.0015043990,0.4994737721,0.4994737721
0.60606061,1.84848485,0.0019415825,0,0.0013720869,0.4994034958,0.4994034958
0.61616162,1.84848485,0.0017661178,0,0.0012479948,0.4993283138,0.4993283138
0.62626263,1.84848485,0.0016010750,0,0.0011312787,0.4992474731,0.4992474731
0.63636364,1.84848485,0.0014453015,0,0.0010211238,0.4991601251,0.4991601251
0.64646465,1.84848485,0.0012976672,0,0.0009167312,0.4990653062,0.4990653062
0.65656566,1.84848485,0.0011570459,0,0.0008173053,0.4989619160,0.4989619160
0.66666667,1.84848485,0.0010222936,0,0.0007220380,0.4988486894,0.4988486894
0.67676768,1.84848485,0.0008922233,0,0.0006300917,0.4987241639,0.4987241639
0.68686869,1.84848485,0.0007655763,0,0.0005405785,0.4985866381,0.4985866381
0.69696970,1.84848485,0.0006409854,0,0.0004525348,0.4984341210,0.4984341210
0.70707071,1.84848485,0.0005169303,0,0.0003648899,0.4982642696,0.4982642696
0.71717172,1.84848485,0.0003916807,0,0.0002764262,0.4980743087,0.4980743087
0.72727273,1.84848485,0.0002632223,0,0.0001857277,0.4978609310,0.4978609310
0.73737374,1.84848485,0.0001291601,0,0.0000911124,0.4976201690,0.4976201690
0.74747475,1.84848485,-0.0000134106,0,-0.0000094575,0.4973472302,0.4973472302
0.75757576,1.84848485,-0.0001680779,0,-0.0001184962,0.4970362826,0.4970362826
0.76767677,1.84848485,-0.0003393520,0,-0.0002391602,0.4966801741,0.4966801741
0.77777778,1.84848485,-0.0005329953,0,-0.0003754762,0.4962700595,0.4962700595
0.78787879,1.84848485,-0.0007564875,0,-0.0005326633,0.4957949011,0.4957949011
0.79797980,1.84848485,-0.0010196911,0,-0.0007175908,0.4952407893,0.4952407893
0.80808081,1.84848485,-0.0013358173,0,-0.0009394415,0.4945900088,0.4945900088
0.81818182,1.84848485,-0.0017228552,0,-0.0012106901,0.4938197333,0.4938197333
0.82828283,1.84848485,-0.0022057262,0,-0.0015485709,0.4929001732,0.4929001732
0.83838384,1.84848485,-0.0028196020,0,-0.0019773270,0.4917919013,0.4917919013
0.84848485,1.84848485,-0.0036151351,0,-0.0025317355,0.4904419146,0.4904419146
0.85858586,1.84848485,-0.0046669233,0,-0.0032627692,0.4887777146,0.4887777146
0.86868687,1.84848485,-0.0060876114,0,-0.0042469465,0.4866981983,0.4866981983
0.87878788,1.84848485,-0.0080521731,0,-0.0056022486,0.4840592849,0.4840592849
0.88888889,1.84848485,-0.0108412981,0,-0.0075161603,0.4806506068,0.4806506068
0.89898990,1.84848485,-0.0149222542,0,-0.0102969674,0.4761566015,0.4761566015
0.90909091,1.84848485,-0.0211069278,0,-0.0144715612,0.4700896872,0.4700896872
0.91919192,1.84848485,-0.0308775546,0,-0.0209802195,0.4616727718,0.4616727718
0.92929293,1.84848485,-0.0470972761,0,-0.0315808845,0.4496317800,0.4496317800
0.93939394,1.84848485,-0.0756434703,0,-0.0497093763,0.4318508097,0.4318508097
0.94949495,1.84848485,-0.1292285119,0,-0.0822376909,0.4049721224,0.4049721224
0.95959596,1.84848485,-0.2350957623,0,-0.1420365730,0.3650150479,0.3650150479
0.96969697,1.84848485,-0.4365145412,0,-0.2445000202,0.3137331195,0.3137331195
0.97979798,1.84848485,-0.7204143926,0,-0.3749615441,0.2708998076,0.2708998076
0.98989899,1.84848485,-0.9339391247,0,-0.4700186216,0.2532753886,0.2532753886
1.00000000,1.84848485,-1.0000000000,0,-0.5000000000,0.2500000000,0.2500000000
0.00000000,1.90909091,1.0000000000,0,1.0000000000,1.0000000000,1.0000000000
0.01010101,1.90909091,0.9984049303,0,0.9916857618,0.9865854852,0.9865854852
0.02020202,1.90909091,0.9866946509,0,0.9598136353,0.9462552084,0.9462552084
0.03030303,1.90909091,0.9538019891,0,0.8955578242,0.8815984492,0.8815984492
0.04040404,1.90909091,0.8903517981,0,0.7969828575,0.8012622460,0.8012622460
0.05050505,1.90909091,0.7948493785,0,0.6744939461,0.7200894267,0.7200894267
0.06060606,1.90909091,0.6784899215,0,0.5478978793,0.6520973527,0.6520973527
0.07070707,1.90909091,0.5599134912,0,0.4347263513,0.6028233529,0.6028233529
0.08080808,1.90909091,0.4538961880,0,0.3426902571,0.5700204594,0.5700204594
0.09090909,1.90909091,0.3664032824,0,0.2714498451,0.5488586146,0.5488586146
0.10101010,1.90909091,0.2970514303,0,0.2173064926,0.5351581069,0.5351581069
0.11111111,1.90909091,0.2428920175,0,0.1761752829,0.5260941478,0.5260941478
0.12121212,1.90909091,0.2006248431,0,0.1446618229,0.5199223016,0.5199223016
0.13131313,1.90909091,0.1674219224,0,0.1202167731,0.5155911856,0.5155911856
0.14141414,1.90909091,0.1410828452,0,0.1009963330,0.5124633275,0.5124633275
0.15151515,1.90909091,0.1199593005,0,0.0856802165,0.5101445618,0.5101445618
0.16161616,1.90909091,0.1028315816,0,0.0733200697,0.5083849756,0.5083849756
0.17171717,1.90909091,0.0887970137,0,0.0632283287,0.5070218597,0.5070218597
0.18181818,1.90909091,0.0771833602,0,0.0549004590,0.5059464901,0.5059464901
0.19191919,1.90909091,0.0674853756,0,0.0479613778,0.5050844099,0.5050844099
0.20202020,1.90909091,0.0593193362,0,0.0421285681,0.5043834533,0.5043834533
0.21212121,1.90909091,0.0523906494,0,0.0371865234,0.5038062992,0.5038062992
0.22222222,1.90909091,0.0464707250,0,0.0329688664,0.5033257306,0.5033257306
0.23232323,1.90909091,0.0413803563,0,0.0293456916,0.5029215504,0.5029215504
0.24242424,1.90909091,0.0369776728,0,0.0262144978,0.5025785295,0.5025785295
0.25252525,1.90909091,0.0331493229,0,0.0234936110,0.5022850172,0.5022850172
0.26262626,1.90909091,0.0298039556,0,0.0211173588,0.5020319807,0.5020319807
0.27272727,1.90909091,0.0268673528,0,0.0190324870,0.5018123311,0.5018123311
0.28282828,1.90909091,0.0242787588,0,0.0171954717,0.5016204421,0.5016204421
0.29292929,1.90909091,0.0219880857,0,0.0155704807,0.5014518016,0.5014518016
0.30303030,1.90909091,0.0199537666,0,0.0141278129,0.5013027559,0.5013027559
0.31313131,1.90909091,0.0181410920,0,0.0128426929,0.5011703199,0.5011703199
0.32323232,1.90909091,0.0165209101,0,0.0116943310,0.5010520338,0.5010520338
0.33333333,1.90909091,0.0150686034,0,0.0106651851,0.5009458543,0.5009458543
0.34343434,1.90909091,0.0137632772,0,0.0097403761,0.5008500713,0.5008500713
0.35353535,1.90909091,0.0125871108,0,0.0089072220,0.5007632428,0.5007632428
0.36363636,1.90909091,0.0115248365,0,0.0081548634,0.5006841442,0.5006841442
0.37373737,1.90909091,0.0105633179,0,0.0074739616,0.5006117279,0.5006117279
0.38383838,1.90909091,0.0096912062,0,0.0068564519,0.5005450915,0.5005450915
0.39393939,1.90909091,0.0088986595,0,0.0062953438,0.5004834521,0.5004834521
0.40404040,1.90909091,0.0081771118,0,0.0057845546,0.5004261253,0.5004261253
0.41414141,1.90909091,0.0075190814,0,0.0053187736,0.5003725081,0.5003725081
0.42424242,1.90909091,0.0069180121,0,0.0048933485,0.5003220648,0.5003220648
0.43434343,1.90909091,0.0063681408,0,0.0045041906,0.5002743157,0.5002743157
0.44444444,1.90909091,0.0058643859,0,0.0041476958,0.5002288266,0.5002288266
0.45454545,1.90909091,0.0054022536,0,0.0038206776,0.5001852010,0.5001852010
0.46464646,1.90909091,0.0049777589,0,0.0035203106,0.5001430724,0.5001430724
0.47474747,1.90909091,0.0045873578,0,0.0032440830,0.5001020986,0.5001020986
0.48484848,1.90909091,0.0042278906,0,0.0029897553,0.5000619554,0.5000619554
0.49494949,1.90909091,0.0038965320,0,0.0027553257,0.5000223321,0.5000223321
0.50505051,1.90909091,0.0035907493,0,0.0025389999,0.4999829264,0.4999829264
0.51515152,1.90909091,0.0033082661,0,0.0023391651,0.4999434404,0.4999434404
0.52525253,1.90909091,0.0030470300,0,0.0021543678,0.4999035761,0.4999035761
0.53535354,1.90909091,0.0028051858,0,0.0019832942,0.4998630308,0.4998630308
0.54545455,1.90909091,0.0025810510,0,0.0018247528,0.4998214935,0.4998214935
0.55555556,1.90909091,0.0023730946,0,0.0016776598,0.4997786396,0.4997786396
0.56565657,1.90909091,0.0021799181,0,0.0015410250,0.4997341266,0.4997341266
0.57575758,1.90909091,0.0020002386,0,0.0014139404,0.4996875884,0.4996875884
0.58585859,1.90909091,0.0018328737,0,0.0012955690,0.4996386295,0.4996386295
0.59595960,1.90909091,0.0016767267,0,0.0011851348,0.4995868184,0.4995868184
0.60606061,1.90909091,0.0015307740,0,0.0010819136,0.4995316800,0.4995316800
0.61616162,1.90909091,0.0013940523,0,0.0009852239,0.4994726864,0.4994726864
0.62626263,1.90909091,0.0012656460,0,0.0008944180,0.4994092469,0.4994092469
0.63636364,1.90909091,0.0011446751,0,0.0008088737,0.4993406951,0.4993406951
0.64646465,1.90909091,0.0010302818,0,0.0007279845,0.4992662748,0.4992662748
0.65656566,1.90909091,0.0009216167,0,0.0006511502,0.4991851217,0.4991851217
0.66666667,1.90909091,0.0008178238,0,0.0005777659,0.4990962425,0.4990962425
0.67676768,1.90909091,0.0007180219,0,0.0005072094,0.4989984881,0.4989984881
0.68686869,1.90909091,0.0006212842,0,0.0004388266,0.4988905217,0.4988905217
0.69696970,1.90909091,0.0005266126,0,0.0003719133,0.4987707792,0.4987707792
0.70707071,1.90909091,0.0004329060,0,0.0003056934,0.4986374188,0.4986374188
0.71717172,1.90909091,0.0003389207,0,0.0002392906,0.4984882592,0.4984882592
0.72727273,1.90909091,0.0002432183,0,0.0001716922,0.4983207001,0.4983207001
0.73737374,1.90909091,0.0001440979,0,0.0001017020,0.4981316215,0.4981316215
0.74747475,1.90909091,0.0000395066,0,0.0000278771,0.4979172537,0.4979172537
0.75757576,1.90909091,-0.0000730821,0,-0.0000515565,0.4976730082,0.4976730082
0.76767677,1.90909091,-0.0001968349,0,-0.0001388200,0.4973932559,0.4973932559
0.77777778,1.90909091,-0.0003357884,0,-0.0002367418,0.4970710330,0.4970710330
0.78787879,1.90909091,-0.0004951745,0,-0.0003489831,0.4966976455,0.4966976455
0.79797980,1.90909091,-0.0006818838,0,-0.0004803590,0.4962621323,0.4962621323
0.80808081,1.90909091,-0.0009051401,0,-0.0006373051,0.4957505246,0.4957505246
0.81818182,1.90909091,-0.0011774989,0,-0.0008285651,0.4951448111,0.4951448111
0.82828283,1.90909091,-0.0015163520,0,-0.0010662246,0.4944214656,0.4944214656
0.83838384,1.90909091,-0.0019462488,0,-0.0013672995,0.4935493167,0.4935493167
0.84848485,1.90909091,-0.0025025582,0,-0.0017562296,0.4924864036,0.4924864036
0.85858586,1.90909091,-0.0032374029,0,-0.0022688981,0.4911752314,0.4911752314
0.86868687,1.90909091,-0.0042295666,0,-0.0029592928,0.4895354374,0.4895354374
0.87878788,1.90909091,-0.0056015937,0,-0.0039109080,0.4874521451,0.4874521451
0.88888889,1.90909091,-0.0075504563,0,-0.0052569664,0.4847569090,0.4847569090
0.89898990,1.90909091,-0.0104050039,0,-0.0072177698,0.4811954924,0.4811954924
0.90909091,1.90909091,-0.0147391334,0,-0.0101729004,0.4763714024,0.4763714024
0.91919192,1.90909091,-0.0216079874,0,-0.0148080672,0.4696432826,0.4696432826
0.92929293,1.90909091,-0.0330744311,0,-0.0224305258,0.4599325479,0.4599325479
0.93939394,1.90909091,-0.0534692378,0,-0.0356828678,0.4453603151,0.4453603151
0.94949495,1.90909091,-0.0926050494,0,-0.0602019915,0.4226222720,0.4226222720
0.95959596,1.90909091,-0.1739318754,0,-0.1081299325,0.3864857664,0.3864857664
0.96969697,1.90909091,-0.3478909036,0,-0.2008742427,0.3333975148,0.3333975148
0.97979798,1.90909091,-0.6484052977,0,-0.3427397240,0.2794060312,0.2794060312
0.98989899,1.90909091,-0.9151131514,0,-0.4615628939,0.2543971149,0.2543971149
1.00000000,1.90909091,-1.0000000000,0,-0.5000000000,0.2500000000,0.2500000000
0.00000000,1.96969697,1.0000000000,0,1.0000000000,1.0000000000,1.0000000000
0.01010101,1.96969697,0.9977010966,0,0.9891497551,0.9829313719,0.9829313719
0.02020202,1.96969697,0.9808400165,0,0.9469291013,0.9320486363,0.9320486363
0.03030303,1.96969697,0.9340133032,0,0.8625017732,0.8527345691,0.8527345691
0.04040404,1.96969697,0.8469662556,0,0.7385699040,0.7604155645,0.7604155645
0.05050505,1.96969697,0.7254486391,0,0.5967305233,0.6766174052,0.6766174052
0.06060606,1.96969697,0.5922464973,0,0.4643542448,0.6147433481,0.6147433481
0.07070707,1.96969697,0.4706076399,0,0.3567392029,0.5746239572,0.5746239572
0.08080808,1.96969697,0.3712943698,0,0.2753398124,0.5499222564,0.5499222564
0.09090909,1.96969697,0.2944912013,0,0.2153413393,0.5346999856,0.5346999856
0.10101010,1.96969697,0.2361689537,0,0.1711309068,0.5250628510,0.5250628510
0.11111111,1.96969697,0.1918484607,0,0.1381756775,0.5187362131,0.5187362131
0.12121212,1.96969697,0.1578467117,0,0.1132131208,0.5144254505,0.5144254505
0.13131313,1.96969697,0.1314214370,0,0.0939810168,0.5113848467,0.5113848467
0.14141414,1.96969697,0.1105993886,0,0.0789196954,0.5091729789,0.5091729789
0.15151515,1.96969697,0.0939707677,0,0.0669451839,0.5075199612,0.5075199612
0.16161616,1.96969697,0.0805232490,0,0.0572935955,0.5062552915,0.5062552915
0.17171717,1.96969697,0.0695222343,0,0.0494179302,0.5052678468,0.5052678468
0.18181818,1.96969697,0.0604278101,0,0.0429200445,0.5044830910,0.5044830910
0.19191919,1.96969697,0.0528377947,0,0.0375055196,0.5038497028,0.5038497028
0.20202020,1.96969697,0.0464486067,0,0.0329533633,0.5033314989,0.5033314989
0.21212121,1.96969697,0.0410281639,0,0.0290953740,0.5029024191,0.5029024191
0.22222222,1.96969697,0.0363969070,0,0.0258018731,0.5025433290,0.5025433290
0.23232323,1.96969697,0.0324143501,0,0.0229716896,0.5022399332,0.5022399332
0.24242424,1.96969697,0.0289694284,0,0.0205250267,0.5019813826,0.5019813826
0.25252525,1.96969697,0.0259734841,0,0.0183983102,0.5017593251,0.5017593251
0.26262626,1.96969697,0.0233551091,0,0.0165404182,0.5015672465,0.5015672465
0.27272727,1.96969697,0.0210563085,0,0.0149098887,0.5014000057,0.5014000057
0.28282828,1.96969697,0.0190296159,0,0.0134728270,0.5012535007,0.5012535007
0.29292929,1.96969697,0.0172359020,0,0.0122013195,0.5011244254,0.5011244254
0.30303030,1.96969697,0.0156426936,0,0.0110722218,0.5010100901,0.5010100901
0.31313131,1.96969697,0.0142228729,0,0.0100662205,0.5009082876,0.5009082876
0.32323232,1.96969697,0.0129536616,0,0.0091671041,0.5008171916,0.5008171916
0.33333333,1.96969697,0.0118158215,0,0.0083611886,0.5007352794,0.5007352794
0.34343434,1.96969697,0.0107930212,0,0.0076368635,0.5006612718,0.5006612718
0.35353535,1.96969697,0.0098713298,0,0.0069842298,0.5005940865,0.5005940865
0.36363636,1.96969697,0.0090388098,0,0.0063948082,0.5005328015,0.5005328015
0.37373737,1.96969697,0.0082851886,0,0.0058613047,0.5004766256,0.5004766256
0.38383838,1.96969697,0.0076015901,0,0.0053774192,0.5004248754,0.5004248754
0.39393939,1.96969697,0.0069803155,0,0.0049376886,0.5003769562,0.5003769562
0.40404040,1.96969697,0.0064146629,0,0.0045373588,0.5003323471,0.5003323471
0.41414141,1.96969697,0.0058987781,0,0.0041722779,0.5002905876,0.5002905876
0.42424242,1.96969697,0.0054275307,0,0.0038388079,0.5002512680,0.5002512680
0.43434343,1.96969697,0.0049964099,0,0.0035337514,0.5002140203,0.5002140203
0.44444444,1.96969697,0.0046014384,0,0.0032542891,0.5001785109,0.5001785109
0.45454545,1.96969697,0.0042390986,0,0.0029979282,0.5001444344,0.5001444344
0.46464646,1.96969697,0.0039062709,0,0.0027624586,0.5001115080,0.5001115080
0.47474747,1.96969697,0.0036001813,0,0.0025459149,0.5000794670,0.5000794670
0.48484848,1.96969697,0.0033183562,0,0.0023465450,0.5000480602,0.5000480602
0.49494949,1.96969697,0.0030585844,0,0.0021627826,0.5000170466,0.5000170466
0.50505051,1.96969697,0.0028188837,0,0.0019932242,0.4999861913,0.4999861913
0.51515152,1.96969697,0.0025974728,0,0.0018366084,0.4999552622,0.4999552622
0.52525253,1.96969697,0.0023927464,0,0.0016917987,0.4999240271,0.4999240271
0.53535354,1.96969697,0.0022032541,0,0.0015577680,0.4998922498,0.4998922498
0.54545455,1.96969697,0.0020276808,0,0.0014335857,0.4998596873,0.4998596873
0.55555556,1.96969697,0.0018648312,0,0.0013184054,0.4998260857,0.4998260857
0.56565657,1.96969697,0.0017136140,0,0.0012114550,0.4997911770,0.4997911770
0.57575758,1.96969697,0.0015730299,0,0.0011120272,0.4997546744,0.4997546744
0.58585859,1.96969697,0.0014421588,0,0.0010194709,0.4997162682,0.4997162682
0.59595960,1.96969697,0.0013201493,0,0.0009331836,0.4996756200,0.4996756200
0.60606061,1.96969697,0.0012062087,0,0.0008526047,0.4996323573,0.4996323573
0.61616162,1.96969697,0.0010995932,0,0.0007772079,0.4995860658,0.4995860658
0.62626263,1.96969697,0.0009995988,0,0.0007064953,0.4995362821,0.4995362821
0.63636364,1.96969697,0.0009055518,0,0.0006399903,0.4994824832,0.4994824832
0.64646465,1.96969697,0.0008167991,0,0.0005772314,0.4994240754,0.4994240754
0.65656566,1.96969697,0.0007326983,0,0.0005177645,0.4993603803,0.4993603803
0.66666667,1.96969697,0.0006526065,0,0.0004611350,0.4992906176,0.4992906176
0.67676768,1.96969697,0.0005758672,0,0.0004068793,0.4992138852,0.4992138852
0.68686869,1.96969697,0.0005017955,0,0.0003545139,0.4991291329,0.4991291329
0.69696970,1.96969697,0.0004296603,0,0.0003035225,0.4990351321,0.4990351321
0.70707071,1.96969697,0.0003586617,0,0.0002533407,0.4989304357,0.4989304357
0.71717172,1.96969697,0.0002879030,0,0.0002033365,0.4988133299,0.4988133299
0.72727273,1.96969697,0.0002163545,0,0.0001527839,0.4986817709,0.4986817709
0.73737374,1.96969697,0.0001428061,0,0.0001008310,0.4985333067,0.4985333067
0.74747475,1.96969697,0.0000658048,0,0.0000464549,0.4983649734,0.4983649734
0.75757576,1.96969697,-0.0000164306,0,-0.0000115969,0.4981731631,0.4981731631
0.76767677,1.96969697,-0.0001061247,0,-0.0000748878,0.4979534487,0.4979534487
0.77777778,1.96969697,-0.0002061068,0,-0.0001454040,0.4977003514,0.4977003514
0.78787879,1.96969697,-0.0003200368,0,-0.0002257127,0.4974070294,0.4974070294
0.79797980,1.96969697,-0.0004527287,0,-0.0003191865,0.4970648537,0.4970648537
0.80808081,1.96969697,-0.0006106211,0,-0.0004303310,0.4966628224,0.4966628224
0.81818182,1.96969697,-0.0008024729,0,-0.0005652661,0.4961867423,0.4961867423
0.82828283,1.96969697,-0.0010404146,0,-0.0007324534,0.4956180627,0.4956180627
0.83838384,1.96969697,-0.0013415681,0,-0.0009438122,0.4949321852,0.4949321852
0.84848485,1.96969697,-0.0017306061,0,-0.0012164770,0.4940959647,0.4940959647
0.85858586,1.96969697,-0.0022439034,0,-0.0015756356,0.4930639289,0.4930639289
0.86868687,1.96969697,-0.0029364756,0,-0.0020592472,0.4917724166,0.4917724166
0.87878788,1.96969697,-0.0038939774,0,-0.0027261464,0.4901302296,0.4901302296
0.88888889,1.96969697,-0.0052542709,0,-0.0036704881,0.4880032475,0.4880032475
0.89898990,1.96969697,-0.0072479712,0,-0.0050486071,0.4851881897,0.4851881897
0.90909091,1.96969697,-0.0102787234,0,-0.0071314347,0.4813660542,0.4813660542
0.91919192,1.96969697,-0.0150921022,0,-0.0104126294,0.4760157779,0.4760157779
0.92929293,1.96969697,-0.0231571892,0,-0.0158461285,0.4682466288,0.4682466288
0.93939394,1.96969697,-0.0376027702,0,-0.0254051089,0.4564597022,0.4564597022
0.94949495,1.96969697,-0.0657298315,0,-0.0434842857,0.4376628086,0.4376628086
0.95959596,1.96969697,-0.1262377106,0,-0.0804680151,0.4063201473,0.4063201473
0.96969697,1.96969697,-0.2678313523,0,-0.1595608578,0.3549195292,0.3549195292
0.97979798,1.96969697,-0.5655477058,0,-0.3050950634,0.2910260542,0.2910260542
0.98989899,1.96969697,-0.8908433371,0,-0.4507042041,0.2559649769,0.2559649769
1.00000000,1.96969697,-1.0000000000,0,-0.5000000000,0.2500000000,0.2500000000
0.00000000,2.03030303,1.0000000000,0,1.0000000000,1.0000000000,1.0000000000
0.01010101,2.03030303,0.9966863777,0,0.9858089432,0.9782919105,0.9782919105
0.02020202,2.03030303,0.9724391655,0,0.9298562634,0.9143379751,0.9143379751
0.03030303,2.03030303,0.9063574373,0,0.8200567461,0.8186321670,0.8186321670
0.04040404,2.03030303,0.7903242644,0,0.6691854541,0.7169392430,0.7169392430
0.05050505,2.03030303,0.6441767724,0,0.5137963677,0.6361681722,0.6361681722
0.06060606,2.03030303,0.5025483203,0,0.3840408863,0.5839817499,0.5839817499
0.07070707,2.03030303,0.3864504127,0,0.2874582450,0.5533016800,0.5533016800
0.08080808,2.03030303,0.2986813193,0,0.2185592396,0.5354540650,0.5354540650
0.09090909,2.03030303,0.2340510717,0,0.1695445227,0.5247425241,0.5247425241
0.10101010,2.03030303,0.1864083430,0,0.1341643904,0.5180167838,0.5180167838
0.11111111,2.03030303,0.1508393554,0,0.1080998118,0.5135947084,0.5135947084
0.12121212,2.03030303,0.1238384972,0,0.0884871417,0.5105625875,0.5105625875
0.13131313,2.03030303,0.1029864772,0,0.0734320272,0.5084059568,0.5084059568
0.14141414,2.03030303,0.0866180788,0,0.0616647161,0.5068230751,0.5068230751
0.15151515,2.03030303,0.0735756177,0,0.0523178898,0.5056297317,0.5056297317
0.16161616,2.03030303,0.0630420854,0,0.0447869189,0.5047092113,0.5047092113
0.17171717,2.03030303,0.0544312488,0,0.0386417797,0.5039850378,0.5039850378
0.18181818,2.03030303,0.0473154227,0,0.0335708033,0.5034055728,0.5034055728
0.19191919,2.03030303,0.0413775913,0,0.0293441232,0.5029350039,0.5029350039
0.20202020,2.03030303,0.0363792459,0,0.0257894703,0.5025478952,0.5025478952
0.21212121,2.03030303,0.0321384495,0,0.0227758413,0.5022257933,0.5022257933
0.22222222,2.03030303,0.0285146423,0,0.0202022780,0.5019550534,0.5019550534
0.23232323,2.03030303,0.0253979527,0,0.0179900247,0.5017254134,0.5017254134
0.24242424,2.03030303,0.0227015680,0,0.0160769587,0.5015290356,0.5015290356
0.25252525,2.03030303,0.0203562124,0,0.0144135762,0.5013598505,0.5013598505
0.26262626,2.03030303,0.0183060967,0,0.0129600584,0.5012130982,0.5012130982
0.27272727,2.03030303,0.0165059125,0,0.0116840994,0.5010850025,0.5010850025
0.28282828,2.03030303,0.0149185752,0,0.0105592800,0.5009725362,0.5009725362
0.29292929,2.03030303,0.0135135103,0,0.0095638355,0.5008732485,0.5008732485
0.30303030,2.03030303,0.0122653409,0,0.0086797125,0.5007851375,0.5007851375
0.31313131,2.03030303,0.0111528715,0,0.0078918411,0.5007065540,0.5007065540
0.32323232,2.03030303,0.0101582952,0,0.0071875673,0.5006361286,0.5006361286
0.33333333,2.03030303,0.0092665702,0,0.0065562062,0.5005727157,0.5005727157
0.34343434,2.03030303,0.0084649248,0,0.0059886896,0.5005153500,0.5005153500
0.35353535,2.03030303,0.0077424628,0,0.0054772834,0.5004632124,0.5004632124
0.36363636,2.03030303,0.0070898456,0,0.0050153610,0.5004156033,0.5004156033
0.37373737,2.03030303,0.0064990355,0,0.0045972209,0.5003719208,0.5003719208
0.38383838,2.03030303,0.0059630865,0,0.0042179370,0.5003316437,0.5003316437
0.39393939,2.03030303,0.0054759729,0,0.0038732371,0.5002943176,0.5002943176
0.40404040,2.03030303,0.0050324489,0,0.0035594022,0.5002595432,0.5002595432
0.41414141,2.03030303,0.0046279314,0,0.0032731843,0.5002269674,0.5002269674
0.42424242,2.03030303,0.0042584034,0,0.0030117369,0.5001962750,0.5001962750
0.43434343,2.03030303,0.0039203330,0,0.0027725575,0.5001671826,0.5001671826
0.44444444,2.03030303,0.0036106057,0,0.0025534397,0.5001394326,0.5001394326
0.45454545,2.03030303,0.0033264666,0,0.0023524324,0.5001127889,0.5001127889
0.46464646,2.03030303,0.0030654728,0,0.0021678053,0.5000870325,0.5000870325
0.47474747,2.03030303,0.0028254519,0,0.0019980200,0.5000619581,0.5000619581
0.48484848,2.03030303,0.0026044666,0,0.0018417048,0.5000373707,0.5000373707
0.49494949,2.03030303,0.0024007856,0,0.0016976340,0.5000130827,0.5000130827
0.50505051,2.03030303,0.0022128568,0,0.0015647087,0.4999889111,0.4999889111
0.51515152,2.03030303,0.0020392858,0,0.0014419419,0.4999646752,0.4999646752
0.52525253,2.03030303,0.0018788165,0,0.0013284445,0.4999401934,0.4999401934
0.53535354,2.03030303,0.0017303140,0,0.0012234131,0.4999152813,0.4999152813
0.54545455,2.03030303,0.0015927503,0,0.0011261203,0.4998897489,0.4998897489
0.55555556,2.03030303,0.0014651910,0,0.0010359050,0.4998633975,0.4998633975
0.56565657,2.03030303,0.0013467846,0,0.0009521643,0.4998360172,0.4998360172
0.57575758,2.03030303,0.0012367514,0,0.0008743468,0.4998073833,0.4998073833
0.58585859,2.03030303,0.0011343749,0,0.0008019455,0.4997772530,0.4997772530
0.59595960,2.03030303,0.0010389936,0,0.0007344923,0.4997453611,0.4997453611
0.60606061,2.03030303,0.0009499924,0,0.0006715522,0.4997114153,0.4997114153
0.61616162,2.03030303,0.0008667964,0,0.0006127184,0.4996750907,0.4996750907
0.62626263,2.03030303,0.0007888628,0,0.0005576071,0.4996360235,0.4996360235
0.63636364,2.03030303,0.0007156747,0,0.0005058528,0.4995938033,0.4995938033
0.64646465,2.03030303,0.0006467337,0,0.0004571030,0.4995479642,0.4995479642
0.65656566,2.03030303,0.0005815524,0,0.0004110132,0.4994979735,0.4994979735
0.66666667,2.03030303,0.0005196464,0,0.0003672408,0.4994432187,0.4994432187
0.67676768,2.03030303,0.0004605246,0,0.0003254391,0.4993829913,0.4993829913
0.68686869,2.03030303,0.0004036795,0,0.0002852493,0.4993164667,0.4993164667
0.69696970,2.03030303,0.0003485733,0,0.0002462918,0.4992426799,0.4992426799
0.70707071,2.03030303,0.0002946230,0,0.0002081550,0.4991604945,0.4991604945
0.71717172,2.03030303,0.0002411802,0,0.0001703812,0.4990685639,0.4990685639
0.72727273,2.03030303,0.0001875059,0,0.0001324494,0.4989652828,0.4989652828
0.73737374,2.03030303,0.0001327373,0,0.0000937513,0.4988487244,0.4988487244
0.74747475,2.03030303,0.0000758440,0,0.0000535609,0.4987165597,0.4987165597
0.75757576,2.03030303,0.0000155691,0,0.0000109932,0.4985659529,0.4985659529
0.76767677,2.03030303,-0.0000496521,0,-0.0000350529,0.4983934240,0.4983934240
0.77777778,2.03030303,-0.0001218035,0,-0.0000859725,0.4981946652,0.4981946652
0.78787879,2.03030303,-0.0002034463,0,-0.0001435651,0.4979642959,0.4979642959
0.79797980,2.03030303,-0.0002979441,0,-0.0002101922,0.4976955278,0.4976955278
0.80808081,2.03030303,-0.0004097907,0,-0.0002890055,0.4973797034,0.4973797034
0.81818182,2.03030303,-0.0005450955,0,-0.0003842848,0.4970056492,0.4970056492
0.82828283,2.03030303,-0.0007123157,0,-0.0005019470,0.4965587546,0.4965587546
0.83838384,2.03030303,-0.0009233867,0,-0.0006503289,0.4960196346,0.4960196346
0.84848485,2.03030303,-0.0011955081,0,-0.0008414221,0.4953621498,0.4953621498
0.85858586,2.03030303,-0.0015540426,0,-0.0010928692,0.4945504070,0.4945504070
0.86868687,2.03030303,-0.0020373665,0,-0.0014312903,0.4935340969,0.4935340969
0.87878788,2.03030303,-0.0027052662,0,-0.0018980118,0.4922410380,0.4922410380
0.88888889,2.03030303,-0.0036540580,0,-0.0025593145,0.4905648558,0.4905648558
0.89898990,2.03030303,-0.0050450757,0,-0.0035255798,0.4883438529,0.4883438529
0.90909091,2.03030303,-0.0071612673,0,-0.0049889071,0.4853232017,0.4853232017
0.91919192,2.03030303,-0.0105268960,0,-0.0073014776,0.4810839312,0.4810839312
0.92929293,2.03030303,-0.0161803096,0,-0.0111503594,0.4749020856,0.4749020856
0.93939394,2.03030303,-0.0263536028,0,-0.0179795090,0.4654528145,0.4654528145
0.94949495,2.03030303,-0.0463541803,0,-0.0311008048,0.4501584868,0.4501584868
0.95959596,2.03030303,-0.0903881954,0,-0.0588418028,0.4237878575,0.4237878575
0.96969697,2.03030303,-0.2003405437,0,-0.1229691634,0.3767512835,0.3767512835
0.97979798,2.03030303,-0.4757942225,0,-0.2632625992,0.3061540446,0.3061540446
0.98989899,2.03030303,-0.8596340257,0,-0.4367943989,0.2581825744,0.2581825744
1.00000000,2.03030303,-1.0000000000,0,-0.5000000000,0.2500000000,0.2500000000
0.00000000,2.09090909,1.0000000000,0,1.0000000000,1.0000000000,1.0000000000
0.01010101,2.09090909,0.9952235136,0,0.9813975980,0.9724084514,0.9724084514
0.02020202,2.09090909,0.9604298742,0,0.9073197565,0.8924613445,0.8924613445
0.03030303,2.09090909,0.8684660417,0,0.7668398287,0.7796571031,0.7796571031
0.04040404,2.09090909,0.7199744113,0,0.5908966552,0.6735796232,0.6735796232
0.05050505,2.09090909,0.5557250621,0,0.4309477449,0.6013526912,0.6013526912
0.06060606,2.09090909,0.4159118925,0,0.3113109827,0.5602556015,0.5602556015
0.07070707,2.09090909,0.3117391930,0,0.2286255920,0.5378570586,0.5378570586
0.08080808,2.09090909,0.2375165335,0,0.1721412873,0.5252697618,0.5252697618
0.09090909,2.09090909,0.1846969062,0,0.1329039322,0.5177932913,0.5177932913
0.10101010,2.09090909,0.1465039564,0,0.1049412473,0.5130902203,0.5130902203
0.11111111,2.09090909,0.1182986723,0,0.0844801001,0.5099752490,0.5099752490
0.12121212,2.09090909,0.0970195712,0,0.0691375398,0.5078192283,0.5078192283
0.13131313,2.09090909,0.0806438755,0,0.0573802967,0.5062707041,0.5062707041
0.14141414,2.09090909,0.0678146224,0,0.0481972361,0.5051234977,0.5051234977
0.15151515,2.09090909,0.0576031457,0,0.0409043652,0.5042511674,0.5042511674
0.16161616,2.09090909,0.0493604847,0,0.0350276224,0.5035730608,0.5035730608
0.17171717,2.09090909,0.0426238951,0,0.0302310084,0.5030359220,0.5030359220
0.18181818,2.09090909,0.0370571359,0,0.0262714840,0.5026035021,0.5026035021
0.19191919,2.09090909,0.0324116134,0,0.0229699908,0.5022504609,0.5022504609
0.20202020,2.09090909,0.0285006016,0,0.0201924029,0.5019586624,0.5019586624
0.21212121,2.09090909,0.0251818078,0,0.0178367360,0.5017148536,0.5017148536
0.22222222,2.09090909,0.0223453651,0,0.0158243870,0.5015091683,0.5015091683
0.23232323,2.09090909,0.0199054214,0,0.0140940243,0.5013341393,0.5013341393
0.24242424,2.09090909,0.0177941509,0,0.0125972539,0.5011840305,0.5011840305
0.25252525,2.09090909,0.0159574294,0,0.0112954974,0.5010543756,0.5010543756
0.26262626,2.09090909,0.0143516664,0,0.0101577122,0.5009416548,0.5009416548
0.27272727,2.09090909,0.0129414561,0,0.0091587029,0.5008430632,0.5008430632
0.28282828,2.09090909,0.0116978137,0,0.0082778572,0.5007563424,0.5007563424
0.29292929,2.09090909,0.0105968390,0,0.0074981877,0.5006796573,0.5006796573
0.30303030,2.09090909,0.0096186906,0,0.0068055992,0.5006115035,0.5006115035
0.31313131,2.09090909,0.0087467932,0,0.0061883215,0.5005506376,0.5005506376
0.32323232,2.09090909,0.0079672191,0,0.0056364684,0.5004960242,0.5004960242
0.33333333,2.09090909,0.0072682008,0,0.0051416898,0.5004467944,0.5004467944
0.34343434,2.09090909,0.0066397451,0,0.0046968968,0.5004022144,0.5004022144
0.35353535,2.09090909,0.0060733248,0,0.0042960420,0.5003616600,0.5003616600
0.36363636,2.09090909,0.0055616306,0,0.0039339430,0.5003245967,0.5003245967
0.37373737,2.09090909,0.0050983703,0,0.0036061395,0.5002905640,0.5002905640
0.38383838,2.09090909,0.0046781055,0,0.0033087773,0.5002591620,0.5002591620
0.39393939,2.09090909,0.0042961183,0,0.0030385131,0.5002300417,0.5002300417
0.40404040,2.09090909,0.0039483001,0,0.0027924362,0.5002028959,0.5002028959
0.41414141,2.09090909,0.0036310617,0,0.0025680039,0.5001774521,0.5001774521
0.42424242,2.09090909,0.0033412566,0,0.0023629877,0.5001534672,0.5001534672
0.43434343,2.09090909,0.0030761181,0,0.0021754283,0.5001307217,0.5001307217
0.44444444,2.09090909,0.0028332063,0,0.0020035978,0.5001090164,0.5001090164
0.45454545,2.09090909,0.0026103632,0,0.0018459682,0.5000881681,0.5000881681
0.46464646,2.09090909,0.0024056748,0,0.0017011846,0.5000680068,0.5000680068
0.47474747,2.09090909,0.0022174391,0,0.0015680421,0.5000483728,0.5000483728
0.48484848,2.09090909,0.0020441387,0,0.0014454664,0.5000291143,0.5000291143
0.49494949,2.09090909,0.0018844171,0,0.0013324976,0.5000100851,0.5000100851
0.50505051,2.09090909,0.0017370589,0,0.0012282753,0.4999911426,0.4999911426
0.51515152,2.09090909,0.0016009721,0,0.0011320267,0.4999721455,0.4999721455
0.52525253,2.09090909,0.0014751732,0,0.0010430559,0.4999529520,0.4999529520
0.53535354,2.09090909,0.0013587740,0,0.0009607344,0.4999334179,0.4999334179
0.54545455,2.09090909,0.0012509703,0,0.0008844930,0.4999133945,0.4999133945
0.55555556,2.09090909,0.0011510317,0,0.0008138150,0.4998927261,0.4998927261
0.56565657,2.09090909,0.0010582928,0,0.0007482297,0.4998712483,0.4998712483
0.57575758,2.09090909,0.0009721452,0,0.0006873065,0.4998487852,0.4998487852
0.58585859,2.09090909,0.0008920305,0,0.0006306505,0.4998251461,0.4998251461
0.59595960,2.09090909,0.0008174337,0,0.0005778974,0.4998001233,0.4998001233
0.60606061,2.09090909,0.0007478775,0,0.0005287094,0.4997734873,0.4997734873
0.61616162,2.09090909,0.0006829163,0,0.0004827716,0.4997449834,0.4997449834
0.62626263,2.09090909,0.0006221312,0,0.0004397875,0.4997143260,0.4997143260
0.63636364,2.09090909,0.0005651248,0,0.0003994762,0.4996811931,0.4996811931
0.64646465,2.09090909,0.0005115156,0,0.0003615678,0.4996452190,0.4996452190
0.65656566,2.09090909,0.0004609327,0,0.0003258002,0.4996059854,0.4996059854
0.66666667,2.09090909,0.0004130100,0,0.0002919145,0.4995630116,0.4995630116
0.67676768,2.09090909,0.0003673791,0,0.0002596504,0.4995157413,0.4995157413
0.68686869,2.09090909,0.0003236622,0,0.0002287409,0.4994635272,0.4994635272
0.69696970,2.09090909,0.0002814625,0,0.0001989057,0.4994056114,0.4994056114
0.70707071,2.09090909,0.0002403536,0,0.0001698437,0.4993411015,0.4993411015
0.71717172,2.09090909,0.0001998651,0,0.0001412226,0.4992689401,0.4992689401
0.72727273,2.09090909,0.0001594651,0,0.0001126672,0.4991878662,0.4991878662
0.73737374,2.09090909,0.0001185370,0,0.0000837425,0.4990963663,0.4990963663
0.74747475,2.09090909,0.0000763489,0,0.0000539324,0.4989926109,0.4989926109
0.75757576,2.09090909,0.0000320121,0,0.0000226105,0.4988743719,0.4988743719
0.76767677,2.09090909,-0.0000155746,0,-0.0000109990,0.4987389147,0.4987389147
0.77777778,2.09090909,-0.0000678038,0,-0.0000478765,0.4985828539,0.4985828539
0.78787879,2.09090909,-0.0001264684,0,-0.0000892836,0.4984019600,0.4984019600
0.79797980,2.09090909,-0.0001939192,0,-0.0001368733,0.4981908958,0.4981908958
0.80808081,2.09090909,-0.0002732929,0,-0.0001928493,0.4979428530,0.4979428530
0.81818182,2.09090909,-0.0003688504,0,-0.0002602027,0.4976490420,0.4976490420
0.82828283,2.09090909,-0.0004864866,0,-0.0003430672,0.4972979652,0.4972979652
0.83838384,2.09090909,-0.0006345185,0,-0.0004472677,0.4968743614,0.4968743614
0.84848485,2.09090909,-0.0008249303,0,-0.0005811853,0.4963576409,0.4963576409
0.85858586,2.09090909,-0.0010753958,0,-0.0007571577,0.4957195119,0.4957195119
0.86868687,2.09090909,-0.0014126634,0,-0.0009938168,0.4949202860,0.4949202860
0.87878788,2.09090909,-0.0018784225,0,-0.0013201221,0.4939029566,0.4939029566
0.88888889,2.09090909,-0.0025398780,0,-0.0017825952,0.4925833872,0.4925833872
0.89898990,2.09090909,-0.0035097061,0,-0.0024588827,0.4908334205,0.4908334205
0.90909091,2.09090909,-0.0049857927,0,-0.0034845323,0.4884504873,0.4884504873
0.91919192,2.09090909,-0.0073355729,0,-0.0051091622,0.4851000411,0.4851000411
0.92929293,2.09090909,-0.0112893063,0,-0.0078230886,0.4801998162,0.4801998162
0.93939394,2.09090909,-0.0184264444,0,-0.0126683738,0.4726706712,0.4726706712
0.94949495,2.09090909,-0.0325484371,0,-0.0220840621,0.4603600633,0.4603600633
0.95959596,2.09090909,-0.0641210414,0,-0.0424673531,0.4386410291,0.4386410291
0.96969697,2.09090909,-0.1465784112,0,-0.0924097492,0.3974619541,0.3974619541
0.97979798,2.09090909,-0.3853418655,0,-0.2195497500,0.3246186767,0.3246186767
0.98989899,2.09090909,-0.8197510418,0,-0.4190750693,0.2613483102,0.2613483102
1.00000000,2.09090909,-1.0000000000,0,-0.5000000000,0.2500000000,0.2500000000
0.00000000,2.15151515,1.0000000000,0,1.0000000000,1.0000000000,1.0000000000
0.01010101,2.15151515,0.9931149655,0,0.9755602989,0.9649597160,0.9649597160
0.02020202,2.15151515,0.9433691433,0,0.8777908550,0.8658023702,0.8658023702
0.03030303,2.15151515,0.8180918154,0,0.7023686813,0.7370996087,0.7370996087
0.04040404,2.15151515,0.6380002569,0,0.5077854056,0.6334593078,0.6334593078
0.05050505,2.15151515,0.4665292551,0,0.3532965276,0.5734835600,0.5734835600
0.06060606,2.15151515,0.3374501239,0,0.2486248648,0.5428376179,0.5428376179
0.07070707,2.15151515,0.2483586588,0,0.1802871285,0.5269517260,0.5269517260
0.08080808,2.15151515,0.1874967224,0,0.1349665369,0.5181611505,0.5181611505
0.09090909,2.15151515,0.1451411369,0,0.1039491669,0.5129334070,0.5129334070
0.10101010,2.15151515,0.1148749732,0,0.0820064070,0.5096179567,0.5096179567
0.11111111,2.15151515,0.0926645149,0,0.0660067358,0.5073989915,0.5073989915
0.12121212,2.15151515,0.0759647300,0,0.0540283203,0.5058467147,0.5058467147
0.13131313,2.15151515,0.0631359964,0,0.0448541450,0.5047206646,0.5047206646
0.14141414,2.15151515,0.0530945162,0,0.0376888398,0.5038789349,0.5038789349
0.15151515,2.15151515,0.0451051224,0,0.0319971111,0.5032338046,0.5032338046
0.16161616,2.15151515,0.0386568480,0,0.0274090092,0.5027288310,0.5027288310
0.17171717,2.15151515,0.0333865539,0,0.0236627166,0.5023264169,0.5023264169
0.18181818,2.15151515,0.0290309083,0,0.0205689825,0.5020007546,0.5020007546
0.19191919,2.15151515,0.0253954566,0,0.0179884044,0.5017336586,0.5017336586
0.20202020,2.15151515,0.0223342379,0,0.0158165519,0.5015120168,0.5015120168
0.21212121,2.15151515,0.0197360629,0,0.0139739992,0.5013261820,0.5013261820
0.22222222,2.15151515,0.0175150913,0,0.0123995086,0.5011689274,0.5011689274
0.23232323,2.15151515,0.0156042454,0,0.0110452791,0.5010347519,0.5010347519
0.24242424,2.15151515,0.0139505264,0,0.0098735772,0.5009194078,0.5009194078
0.25252525,2.15151515,0.0125116357,0,0.0088543103,0.5008195722,0.5008195722
0.26262626,2.15151515,0.0112535007,0,0.0079632543,0.5007326148,0.5007326148
0.27272727,2.15151515,0.0101484406,0,0.0071807402,0.5006564313,0.5006564313
0.28282828,2.15151515,0.0091737904,0,0.0064906711,0.5005893216,0.5005893216
0.29292929,2.15151515,0.0083108570,0,0.0058797765,0.5005298994,0.5005298994
0.30303030,2.15151515,0.0075441186,0,0.0053370415,0.5004770252,0.5004770252
0.31313131,2.15151515,0.0068606063,0,0.0048532656,0.5004297541,0.5004297541
0.32323232,2.15151515,0.0062494204,0,0.0044207187,0.5003872978,0.5003872978
0.33333333,2.15151515,0.0057013503,0,0.0040328702,0.5003489929,0.5003489929
0.34343434,2.15151515,0.0052085731,0,0.0036841747,0.5003142781,0.5003142781
0.35353535,2.15151515,0.0047644122,0,0.0033699004,0.5002826749,0.5002826749
0.36363636,2.15151515,0.0043631439,0,0.0030859915,0.5002537730,0.5002537730
0.37373737,2.15151515,0.0039998403,0,0.0028289568,0.5002272179,0.5002272179
0.38383838,2.15151515,0.0036702419,0,0.0025957789,0.5002027019,0.5002027019
0.39393939,2.15151515,0.0033706525,0,0.0023838401,0.5001799553,0.5001799553
0.40404040,2.15151515,0.0030978538,0,0.0021908611,0.5001587409,0.5001587409
0.41414141,2.15151515,0.0028490333,0,0.0020148505,0.5001388480,0.5001388480
0.42424242,2.15151515,0.0026217258,0,0.0018540627,0.5001200880,0.5001200880
0.43434343,2.15151515,0.0024137632,0,0.0017069629,0.5001022908,0.5001022908
0.44444444,2.15151515,0.0022232335,0,0.0015721976,0.5000853017,0.5000853017
0.45454545,2.15151515,0.0020484456,0,0.0014485697,0.5000689783,0.5000689783
0.46464646,2.15151515,0.0018878996,0,0.0013350176,0.5000531882,0.5000531882
0.47474747,2.15151515,0.0017402618,0,0.0012305974,0.5000378070,0.5000378070
0.48484848,2.15151515,0.0016043429,0,0.0011344675,0.5000227165,0.5000227165
0.49494949,2.15151515,0.0014790802,0,0.0010458758,0.5000078025,0.5000078025
0.50505051,2.15151515,0.0013635213,0,0.0009641484,0.4999929535,0.4999929535
0.51515152,2.15151515,0.0012568109,0,0.0008886800,0.4999780592,0.4999780592
0.52525253,2.15151515,0.0011581786,0,0.0008189257,0.4999630087,0.4999630087
0.53535354,2.15151515,0.0010669292,0,0.0007543934,0.4999476891,0.4999476891
0.54545455,2.15151515,0.0009824332,0,0.0006946379,0.4999319838,0.4999319838
0.55555556,2.15151515,0.0009041193,0,0.0006392550,0.4999157712,0.4999157712
0.56565657,2.15151515,0.0008314673,0,0.0005878768,0.4998989221,0.4998989221
0.57575758,2.15151515,0.0007640023,0,0.0005401671,0.4998812988,0.4998812988
0.58585859,2.15151515,0.0007012885,0,0.0004958178,0.4998627517,0.4998627517
0.59595960,2.15151515,0.0006429249,0,0.0004545452,0.4998431178,0.4998431178
0.60606061,2.15151515,0.0005885403,0,0.0004160868,0.4998222173,0.4998222173
0.61616162,2.15151515,0.0005377892,0,0.0003801983,0.4997998501,0.4997998501
0.62626263,2.15151515,0.0004903477,0,0.0003466505,0.4997757923,0.4997757923
0.63636364,2.15151515,0.0004459095,0,0.0003152267,0.4997497910,0.4997497910
0.64646465,2.15151515,0.0004041820,0,0.0002857203,0.4997215593,0.4997215593
0.65656566,2.15151515,0.0003648823,0,0.0002579310,0.4996907689,0.4996907689
0.66666667,2.15151515,0.0003277327,0,0.0002316625,0.4996570425,0.4996570425
0.67676768,2.15151515,0.0002924559,0,0.0002067190,0.4996199432,0.4996199432
0.68686869,2.15151515,0.0002587698,0,0.0001829008,0.4995789630,0.4995789630
0.69696970,2.15151515,0.0002263805,0,0.0001600005,0.4995335067,0.4995335067
0.70707071,2.15151515,0.0001949749,0,0.0001377968,0.4994828739,0.4994828739
0.71717172,2.15151515,0.0001642108,0,0.0001160479,0.4994262340,0.4994262340
0.72727273,2.15151515,0.0001337041,0,0.0000944828,0.4993625969,0.4993625969
0.73737374,2.15151515,0.0001030130,0,0.0000727895,0.4992907741,0.4992907741
0.74747475,2.15151515,0.0000716165,0,0.0000506004,0.4992093286,0.4992093286
0.75757576,2.15151515,0.0000388854,0,0.0000274719,0.4991165105,0.4991165105
0.76767677,2.15151515,0.0000040435,0,0.0000028563,0.4990101714,0.4990101714
0.77777778,2.15151515,-0.0000338874,0,-0.0000239354,0.4988876516,0.4988876516
0.78787879,2.15151515,-0.0000761634,0,-0.0000537880,0.4987456278,0.4987456278
0.79797980,2.15151515,-0.0001244278,0,-0.0000878587,0.4985799057,0.4985799057
0.80808081,2.15151515,-0.0001808707,0,-0.0001276882,0.4983851336,0.4983851336
0.81818182,2.15151515,-0.0002484634,0,-0.0001753656,0.4981544012,0.4981544012
0.82828283,2.15151515,-0.0003313147,0,-0.0002337774,0.4978786664,0.4978786664
0.83838384,2.15151515,-0.0004352188,0,-0.0003069900,0.4975459236,0.4975459236
0.84848485,2.15151515,-0.0005685232,0,-0.0004008552,0.4971399689,0.4971399689
0.85858586,2.15151515,-0.0007435384,0,-0.0005239907,0.4966385258,0.4966385258
0.86868687,2.15151515,-0.0009788976,0,-0.0006894180,0.4960103245,0.4960103245
0.87878788,2.15151515,-0.0013036506,0,-0.0009173944,0.4952104137,0.4952104137
0.88888889,2.15151515,-0.0017646468,0,-0.0012405007,0.4941723776,0.4941723776
0.89898990,2.15151515,-0.0024404863,0,-0.0017132056,0.4927949014,0.4927949014
0.90909091,2.15151515,-0.0034693435,0,-0.0024308131,0.4909175066,0.4909175066
0.91919192,2.15151515,-0.0051081600,0,-0.0035694100,0.4882743306,0.4882743306
0.92929293,2.15151515,-0.0078688044,0,-0.0054765994,0.4844003541,0.4844003541
0.93939394,2.15151515,-0.0128629303,0,-0.0088970796,0.4784263851,0.4784263851
0.94949495,2.15151515,-0.0227874637,0,-0.0155988501,0.4685901912,0.4685901912
0.95959596,2.15151515,-0.0452030210,0,-0.0303555251,0.4509626553,0.4509626553
0.96969697,2.15151515,-0.1055437996,0,-0.0680798597,0.4160752232,0.4160752232
0.97979798,2.15151515,-0.3009372180,0,-0.1768938084,0.3455202142,0.3455202142
0.98989899,2.15151515,-0.7694061966,0,-0.3967373473,0.2658855962,0.2658855962
1.00000000,2.15151515,-1.0000000000,0,-0.5000000000,0.2500000000,0.2500000000
0.00000000,2.21212121,1.0000000000,0,1.0000000000,1.0000000000,1.0000000000
0.01010101,2.21212121,0.9900769957,0,0.9678228751,0.9555508997,0.9555508997
0.02020202,2.21212121,0.9193788360,0,0.8395866259,0.8339538530,0.8339538530
0.03030303,2.21212121,0.7539584947,0,0.6277811139,0.6933006624,0.6933006624
0.04040404,2.21212121,0.5492712664,0,0.4251501844,0.5991160884,0.5991160884
0.05050505,2.21212121,0.3827342144,0,0.2844778022,0.5524617223,0.5524617223
0.06060606,2.21212121,0.2698997025,0,0.1965730647,0.5304484757,0.5304484757
0.07070707,2.21212121,0.1962787562,0,0.1414480095,0.5193343950,0.5193343950
0.08080808,2.21212121,0.1473701806,0,0.1055721478,0.5131915331,0.5131915331
0.09090909,2.21212121,0.1137992070,0,0.0812295843,0.5095068060,0.5095068060
0.10101010,2.21212121,0.0899746221,0,0.0640744942,0.5071428539,0.5071428539
0.11111111,2.21212121,0.0725512179,0,0.0515849975,0.5055421987,0.5055421987
0.12121212,2.21212121,0.0594727743,0,0.0422386694,0.5044104347,0.5044104347
0.13131313,2.21212121,0.0494336323,0,0.0350798296,0.5035816581,0.5035816581
0.14141414,2.21212121,0.0415778642,0,0.0294867992,0.5029570644,0.5029570644
0.15151515,2.21212121,0.0353276610,0,0.0250421785,0.5024749849,0.5024749849
0.16161616,2.21212121,0.0302825492,0,0.0214578170,0.5020953636,0.5020953636
0.17171717,2.21212121,0.0261583737,0,0.0185298667,0.5017912800,0.5017912800
0.18181818,2.21212121,0.0227492599,0,0.0161109754,0.5015441017,0.5015441017
0.19191919,2.21212121,0.0199032481,0,0.0140925763,0.5013406006,0.5013406006
0.20202020,2.21212121,0.0175062935,0,0.0123933081,0.5011711731,0.5011711731
0.21212121,2.21212121,0.0154715189,0,0.0109512643,0.5010287098,0.5010287098
0.22222222,2.21212121,0.0137318465,0,0.0097186930,0.5009078553,0.5009078553
0.23232323,2.21212121,0.0122348509,0,0.0086583034,0.5008045123,0.5008045123
0.24242424,2.21212121,0.0109391024,0,0.0077406460,0.5007155029,0.5007155029
0.25252525,2.21212121,0.0098115281,0,0.0069422253,0.5006383307,0.5006383307
0.26262626,2.21212121,0.0088254815,0,0.0062441203,0.5005710127,0.5005710127
0.27272727,2.21212121,0.0079593101,0,0.0056309627,0.5005119568,0.5005119568
0.28282828,2.21212121,0.0071952810,0,0.0050901712,0.5004598731,0.5004598731
0.29292929,2.21212121,0.0065187660,0,0.0046113702,0.5004137068,0.5004137068
0.30303030,2.21212121,0.0059176164,0,0.0041859455,0.5003725885,0.5003725885
0.31313131,2.21212121,0.0053816799,0,0.0038067000,0.5003357962,0.5003357962
0.32323232,2.21212121,0.0049024224,0,0.0034675854,0.5003027257,0.5003027257
0.33333333,2.21212121,0.0044726315,0,0.0031634909,0.5002728679,0.5002728679
0.34343434,2.21212121,0.0040861801,0,0.0028900757,0.5002457913,0.5002457913
0.35353535,2.21212121,0.0037378386,0,0.0026436354,0.5002211274,0.5002211274
0.36363636,2.21212121,0.0034231232,0,0.0024209942,0.5001985596,0.5001985596
0.37373737,2.21212121,0.0031381731,0,0.0022194180,0.5001778143,0.5001778143
0.38383838,2.21212121,0.0028796506,0,0.0020365435,0.5001586534,0.5001586534
0.39393939,2.21212121,0.0026446596,0,0.0018703201,0.5001408681,0.5001408681
0.40404040,2.21212121,0.0024306777,0,0.0017189623,0.5001242746,0.5001242746
0.41414141,2.21212121,0.0022355008,0,0.0015809096,0.5001087093,0.5001087093
0.42424242,2.21212121,0.0020571967,0,0.0014547945,0.5000940257,0.5000940257
0.43434343,2.21212121,0.0018940660,0,0.0013394142,0.5000800918,0.5000800918
0.44444444,2.21212121,0.0017446100,0,0.0012337080,0.5000667868,0.5000667868
0.45454545,2.21212121,0.0016075032,0,0.0011367378,0.5000540000,0.5000540000
0.46464646,2.21212121,0.0014815698,0,0.0010476717,0.5000416282,0.5000416282
0.47474747,2.21212121,0.0013657643,0,0.0009657698,0.5000295743,0.5000295743
0.48484848,2.21212121,0.0012591547,0,0.0008903726,0.5000177460,0.5000177460
0.49494949,2.21212121,0.0011609079,0,0.0008208908,0.5000060541,0.5000060541
0.50505051,2.21212121,0.0010702777,0,0.0007567964,0.4999944114,0.4999944114
0.51515152,2.21212121,0.0009865938,0,0.0006976151,0.4999827316,0.4999827316
0.52525253,2.21212121,0.0009092528,0,0.0006429201,0.4999709280,0.4999709280
0.53535354,2.21212121,0.0008377100,0,0.0005923261,0.4999589120,0.4999589120
0.54545455,2.21212121,0.0007714728,0,0.0005454845,0.4999465924,0.4999465924
0.55555556,2.21212121,0.0007100940,0,0.0005020791,0.4999338738,0.4999338738
0.56565657,2.21212121,0.0006531669,0,0.0004618221,0.4999206551,0.4999206551
0.57575758,2.21212121,0.0006003203,0,0.0004244510,0.4999068281,0.4999068281
0.58585859,2.21212121,0.0005512141,0,0.0003897252,0.4998922756,0.4998922756
0.59595960,2.21212121,0.0005055357,0,0.0003574237,0.4998768698,0.4998768698
0.60606061,2.21212121,0.0004629961,0,0.0003273420,0.4998604695,0.4998604695
0.61616162,2.21212121,0.0004233272,0,0.0002992905,0.4998429178,0.4998429178
0.62626263,2.21212121,0.0003862780,0,0.0002730917,0.4998240389,0.4998240389
0.63636364,2.21212121,0.0003516120,0,0.0002485784,0.4998036344,0.4998036344
0.64646465,2.21212121,0.0003191045,0,0.0002255916,0.4997814791,0.4997814791
0.65656566,2.21212121,0.0002885389,0,0.0002039783,0.4997573154,0.4997573154
0.66666667,2.21212121,0.0002597041,0,0.0001835891,0.4997308471,0.4997308471
0.67676768,2.21212121,0.0002323908,0,0.0001642761,0.4997017312,0.4997017312
0.68686869,2.21212121,0.0002063873,0,0.0001458896,0.4996695690,0.4996695690
0.69696970,2.21212121,0.0001814754,0,0.0001282755,0.4996338933,0.4996338933
0.70707071,2.21212121,0.0001574244,0,0.0001112706,0.4995941541,0.4995941541
0.71717172,2.21212121,0.0001339842,0,0.0000946984,0.4995496994,0.4995496994
0.72727273,2.21212121,0.0001108768,0,0.0000783625,0.4994997518,0.4994997518
0.73737374,2.21212121,0.0000877847,0,0.0000620386,0.4994433781,0.4994433781
0.74747475,2.21212121,0.0000643362,0,0.0000454643,0.4993794498,0.4993794498
0.75757576,2.21212121,0.0000400850,0,0.0000283247,0.4993065928,0.4993065928
0.76767677,2.21212121,0.0000144832,0,0.0000102332,0.4992231198,0.4992231198
0.77777778,2.21212121,-0.0000131571,0,-0.0000092954,0.4991269418,0.4991269418
0.78787879,2.21212121,-0.0000437164,0,-0.0000308817,0.4990154483,0.4990154483
0.79797980,2.21212121,-0.0000783442,0,-0.0000553359,0.4988853440,0.4988853440
0.80808081,2.21212121,-0.0001185698,0,-0.0000837351,0.4987324241,0.4987324241
0.81818182,2.21212121,-0.0001664657,0,-0.0001175384,0.4985512577,0.4985512577
0.82828283,2.21212121,-0.0002248956,0,-0.0001587602,0.4983347376,0.4983347376
0.83838384,2.21212121,-0.0002978956,0,-0.0002102378,0.4980734247,0.4980734247
0.84848485,2.21212121,-0.0003912791,0,-0.0002760541,0.4977545750,0.4977545750
0.85858586,2.21212121,-0.0005136177,0,-0.0003622227,0.4973606622,0.4973606622
0.86868687,2.21212121,-0.0006778868,0,-0.0004778343,0.4968670727,0.4968670727
0.87878788,2.21212121,-0.0009043179,0,-0.0006370394,0.4962384024,0.4962384024
0.88888889,2.21212121,-0.0012255490,0,-0.0008626179,0.4954222994,0.4954222994
0.89898990,2.21212121,-0.0016963629,0,-0.0011926997,0.4943388166,0.4943388166
0.90909091,2.21212121,-0.0024131306,0,-0.0016941159,0.4928611290,0.4928611290
0.91919192,2.21212121,-0.0035552453,0,-0.0024906483,0.4907786598,0.4907786598
0.92929293,2.21212121,-0.0054806760,0,-0.0038275443,0.4877218152,0.4877218152
0.93939394,2.21212121,-0.0089690230,0,-0.0062332822,0.4829957469,0.4829957469
0.94949495,2.21212121,-0.0159216975,0,-0.0109753090,0.4751763070,0.4751763070
0.95959596,2.21212121,-0.0317323889,0,-0.0215456117,0.4610118843,0.4610118843
0.96969697,2.21212121,-0.0751593225,0,-0.0494075518,0.4321365056,0.4321365056
0.97979798,2.21212121,-0.2277292723,0,-0.1380369522,0.3674117208,0.3674117208
0.98989899,2.21212121,-0.7071959113,0,-0.3690707059,0.2723577067,0.2723577067
1.00000000,2.21212121,-1.0000000000,0,-0.5000000000,0.2500000000,0.2500000000
0.00000000,2.27272727,1.0000000000,0,1.0000000000,1.0000000000,1.0000000000
0.01010101,2.27272727,0.9857034108,0,0.9575563360,0.9437047692,0.9437047692
0.02020202,2.27272727,0.8861918370,0,0.7911360368,0.7969789378,0.7969789378
0.03030303,2.27272727,0.6768820993,0,0.5462723557,0.6513169628,0.6513169628
0.04040404,2.27272727,0.4602740618,0,0.3480341575,0.5717560070,0.5717560070
0.05050505,2.27272727,0.3085261503,0,0.2261432784,0.5372586385,0.5372586385
0.06060606,2.27272727,0.2138300752,0,0.1544577866,0.5217735225,0.5217735225
0.07070707,2.27272727,0.1543729960,0,0.1106773547,0.5140139143,0.5140139143
0.08080808,2.27272727,0.1155584116,0,0.0825001105,0.5096897889,0.5096897889
0.09090909,2.27272727,0.0891296021,0,0.0634677308,0.5070630999,0.5070630999
0.10101010,2.27272727,0.0704434838,0,0.0500771540,0.5053562326,0.5053562326
0.11111111,2.27272727,0.0568009476,0,0.0403321543,0.5041870408,0.5041870408
0.12121212,2.27272727,0.0465675691,0,0.0330384359,0.5033520297,0.5033520297
0.13131313,2.27272727,0.0387138707,0,0.0274496179,0.5027353399,0.5027353399
0.14141414,2.27272727,0.0325679627,0,0.0230811805,0.5022672362,0.5022672362
0.15151515,2.27272727,0.0276773755,0,0.0196080826,0.5019037498,0.5019037498
0.16161616,2.27272727,0.0237289121,0,0.0168059683,0.5016160520,0.5016160520
0.17171717,2.27272727,0.0205004851,0,0.0145160894,0.5013846020,0.5013846020
0.18181818,2.27272727,0.0178312285,0,0.0126236506,0.5011957712,0.5011957712
0.19191919,2.27272727,0.0156024075,0,0.0110440340,0.5010398172,0.5010398172
0.20202020,2.27272727,0.0137249024,0,0.0097137954,0.5009096241,0.5009096241
0.21212121,2.27272727,0.0121308115,0,0.0085846377,0.5007998952,0.5007998952
0.22222222,2.27272727,0.0107676966,0,0.0076192895,0.5007066211,0.5007066211
0.23232323,2.27272727,0.0095945644,0,0.0067886322,0.5006267213,0.5006267213
0.24242424,2.27272727,0.0085790120,0,0.0060696604,0.5005577971,0.5005577971
0.25252525,2.27272727,0.0076951668,0,0.0054440135,0.5004979578,0.5004979578
0.26262626,2.27272727,0.0069221787,0,0.0048969005,0.5004456967,0.5004456967
0.27272727,2.27272727,0.0062431016,0,0.0044163041,0.5003998010,0.5003998010
0.28282828,2.27272727,0.0056440548,0,0.0039923830,0.5003592855,0.5003592855
0.29292929,2.27272727,0.0051135854,0,0.0036170199,0.5003233427,0.5003233427
0.30303030,2.27272727,0.0046421805,0,0.0032834734,0.5002913059,0.5002913059
0.31313131,2.27272727,0.0042218889,0,0.0029861102,0.5002626200,0.5002626200
0.32323232,2.27272727,0.0038460261,0,0.0027201951,0.5002368201,0.5002368201
0.33333333,2.27272727,0.0035089418,0,0.0024817263,0.5002135136,0.5002135136
0.34343434,2.27272727,0.0032058358,0,0.0022673043,0.5001923674,0.5001923674
0.35353535,2.27272727,0.0029326104,0,0.0020740276,0.5001730966,0.5001730966
0.36363636,2.27272727,0.0026857516,0,0.0018994084,0.5001554562,0.5001554562
0.37373737,2.27272727,0.0024622339,0,0.0017413047,0.5001392341,0.5001392341
0.38383838,2.27272727,0.0022594412,0,0.0015978647,0.5001242457,0.5001242457
0.39393939,2.27272727,0.0020751034,0,0.0014674816,0.5001103289,0.5001103289
0.40404040,2.27272727,0.0019072433,0,0.0013487559,0.5000973407,0.5000973407
0.41414141,2.27272727,0.0017541330,0,0.0012404650,0.5000851540,0.5000851540
0.42424242,2.27272727,0.0016142577,0,0.0011415366,0.5000736549,0.5000736549
0.43434343,2.27272727,0.0014862852,0,0.0010510283,0.5000627401,0.5000627401
0.44444444,2.27272727,0.0013690404,0,0.0009681084,0.5000523159,0.5000523159
0.45454545,2.27272727,0.0012614840,0,0.0008920416,0.5000422957,0.5000422957
0.46464646,2.27272727,0.0011626943,0,0.0008221758,0.5000325990,0.5000325990
0.47474747,2.27272727,0.0010718516,0,0.0007579311,0.5000231500,0.5000231500
0.48484848,2.27272727,0.0009882252,0,0.0006987905,0.5000138764,0.5000138764
0.49494949,2.27272727,0.0009111621,0,0.0006442919,0.5000047085,0.5000047085
0.50505051,2.27272727,0.0008400773,0,0.0005940217,0.4999955782,0.4999955782
0.51515152,2.27272727,0.0007744454,0,0.0005476082,0.4999864178,0.4999864178
0.52525253,2.27272727,0.0007137937,0,0.0005047168,0.4999771593,0.4999771593
0.53535354,2.27272727,0.0006576955,0,0.0004650459,0.4999677336,0.4999677336
0.54545455,2.27272727,0.0006057649,0,0.0004283225,0.4999580691,0.4999580691
0.55555556,2.27272727,0.0005576519,0,0.0003942990,0.4999480908,0.4999480908
0.56565657,2.27272727,0.0005130384,0,0.0003627503,0.4999377197,0.4999377197
0.57575758,2.27272727,0.0004716340,0,0.0003334712,0.4999268709,0.4999268709
0.58585859,2.27272727,0.0004331732,0,0.0003062738,0.4999154524,0.4999154524
0.59595960,2.27272727,0.0003974121,0,0.0002809857,0.4999033639,0.4999033639
0.60606061,2.27272727,0.0003641257,0,0.0002574476,0.4998904947,0.4998904947
0.61616162,2.27272727,0.0003331053,0,0.0002355120,0.4998767216,0.4998767216
0.62626263,2.27272727,0.0003041565,0,0.0002150414,0.4998619068,0.4998619068
0.63636364,2.27272727,0.0002770963,0,0.0001959065,0.4998458946,0.4998458946
0.64646465,2.27272727,0.0002517516,0,0.0001779848,0.4998285081,0.4998285081
0.65656566,2.27272727,0.0002279565,0,0.0001611589,0.4998095451,0.4998095451
0.66666667,2.27272727,0.0002055498,0,0.0001453150,0.4997887733,0.4997887733
0.67676768,2.27272727,0.0001843731,0,0.0001303409,0.4997659235,0.4997659235
0.68686869,2.27272727,0.0001642672,0,0.0001161243,0.4997406826,0.4997406826
0.69696970,2.27272727,0.0001450692,0,0.0001025499,0.4997126839,0.4997126839
0.70707071,2.27272727,0.0001266086,0,0.0000894973,0.4996814956,0.4996814956
0.71717172,2.27272727,0.0001087021,0,0.0000768368,0.4996466060,0.4996466060
0.72727273,2.27272727,0.0000911477,0,0.0000644259,0.4996074048,0.4996074048
0.73737374,2.27272727,0.0000737167,0,0.0000521028,0.4995631592,0.4995631592
0.74747475,2.27272727,0.0000561431,0,0.0000396799,0.4995129833,0.4995129833
0.75757576,2.27272727,0.0000381098,0,0.0000269330,0.4994557981,0.4994557981
0.76767677,2.27272727,0.0000192292,0,0.0000135888,0.4993902789,0.4993902789
0.77777778,2.27272727,-0.0000009827,0,-0.0000006944,0.4993147850,0.4993147850
0.78787879,2.27272727,-0.0000231438,0,-0.0000163525,0.4992272663,0.4992272663
0.79797980,2.27272727,-0.0000480587,0,-0.0000339529,0.4991251347,0.4991251347
0.80808081,2.27272727,-0.0000767955,0,-0.0000542486,0.4990050872,0.4990050872
0.81818182,2.27272727,-0.0001108003,0,-0.0000782585,0.4988628573,0.4988628573
0.82828283,2.27272727,-0.0001520689,0,-0.0001073883,0.4986928605,0.4986928605
0.83838384,2.27272727,-0.0002034128,0,-0.0001436169,0.4984876787,0.4984876787
0.84848485,2.27272727,-0.0002688798,0,-0.0001897913,0.4982372942,0.4982372942
0.85858586,2.27272727,-0.0003544374,0,-0.0002501052,0.4979279264,0.4979279264
0.86868687,2.27272727,-0.0004691180,0,-0.0003308995,0.4975402146,0.4975402146
0.87878788,2.27272727,-0.0006270066,0,-0.0004420491,0.4970462982,0.4970462982
0.88888889,2.27272727,-0.0008508299,0,-0.0005994608,0.4964049552,0.4964049552
0.89898990,2.27272727,-0.0011787466,0,-0.0008297850,0.4955531846,0.4955531846
0.90909091,2.27272727,-0.0016779167,0,-0.0011797926,0.4943909332,0.4943909332
0.91919192,2.27272727,-0.0024734509,0,-0.0017362705,0.4927518083,0.4927518083
0.92929293,2.27272727,-0.0038152906,0,-0.0026716381,0.4903430483,0.4903430483
0.93939394,2.27272727,-0.0062488297,0,-0.0043590325,0.4866120213,0.4866120213
0.94949495,2.27272727,-0.0111090592,0,-0.0076999298,0.4804176657,0.4804176657
0.95959596,2.27272727,-0.0222125513,0,-0.0152137895,0.4691134847,0.4691134847
0.96969697,2.27272727,-0.0531212951,0,-0.0354601083,0.4455975625,0.4455975625
0.97979798,2.27272727,-0.1680753305,0,-0.1047954869,0.3887560961,0.3887560961
0.98989899,2.27272727,-0.6328663113,0,-0.3357351209,0.2814294834,0.2814294834
1.00000000,2.27272727,-1.0000000000,0,-0.5000000000,0.2500000000,0.2500000000
0.00000000,2.33333333,1.0000000000,0,1.0000000000,1.0000000000,1.0000000000
0.01010101,2.33333333,0.9794159914,0,0.9439351593,0.9288593226,0.9288593226
0.02020202,2.33333333,0.8414302602,0,0.7314816406,0.7557368650,0.7557368650
0.03030303,2.33333333,0.5905070096,0,0.4627393209,0.6140768074,0.6140768074
0.04040404,2.33333333,0.3770562215,0,0.2799354293,0.5511927700,0.5511927700
0.05050505,2.33333333,0.2456842342,0,0.1782747734,0.5265325324,0.5265325324
0.06060606,2.33333333,0.1684197474,0,0.1209483943,0.5157202578,0.5157202578
0.07070707,2.33333333,0.1210903367,0,0.0864988444,0.5102718819,0.5102718819
0.08080808,2.33333333,0.0905112354,0,0.0644599143,0.5071944145,0.5071944145
0.09090909,2.33333333,0.0697813979,0,0.0496036431,0.5052982765,0.5052982765
0.10101010,2.33333333,0.0551513717,0,0.0391555462,0.5040503672,0.5040503672
0.11111111,2.33333333,0.0444772723,0,0.0315502310,0.5031862871,0.5031862871
0.12121212,2.33333333,0.0364716506,0,0.0258553810,0.5025636180,0.5025636180
0.13131313,2.33333333,0.0303270435,0,0.0214894513,0.5021003266,0.5021003266
0.14141414,2.33333333,0.0255176099,0,0.0180751607,0.5017464953,0.5017464953
0.15151515,2.33333333,0.0216896089,0,0.0153594034,0.5014703375,0.5014703375
0.16161616,2.33333333,0.0185982919,0,0.0131674176,0.5012508273,0.5012508273
0.17171717,2.33333333,0.0160701259,0,0.0113754881,0.5010736007,0.5010736007
0.18181818,2.33333333,0.0139794045,0,0.0098941064,0.5009285712,0.5009285712
0.19191919,2.33333333,0.0122333269,0,0.0086572592,0.5008084843,0.5008084843
0.20202020,2.33333333,0.0107622228,0,0.0076154268,0.5007080132,0.5007080132
0.21212121,2.33333333,0.0095129961,0,0.0067308947,0.5006231745,0.5006231745
0.22222222,2.33333333,0.0084446322,0,0.0059745456,0.5005509403,0.5005509403
0.23232323,2.33333333,0.0075250602,0,0.0053236223,0.5004889757,0.5004889757
0.24242424,2.33333333,0.0067289240,0,0.0047601393,0.5004354567,0.5004354567
0.25252525,2.33333333,0.0060359733,0,0.0042697374,0.5003889416,0.5003889416
0.26262626,2.33333333,0.0054298855,0,0.0038408459,0.5003482783,0.5003482783
0.27272727,2.33333333,0.0048973919,0,0.0034640612,0.5003125377,0.5003125377
0.28282828,2.33333333,0.0044276221,0,0.0031316811,0.5002809629,0.5002809629
0.29292929,2.33333333,0.0040116054,0,0.0028373508,0.5002529331,0.5002529331
0.30303030,2.33333333,0.0036418899,0,0.0025757919,0.5002279342,0.5002279342
0.31313131,2.33333333,0.0033122459,0,0.0023425929,0.5002055381,0.5002055381
0.32323232,2.33333333,0.0030174359,0,0.0021340449,0.5001853854,0.5001853854
0.33333333,2.33333333,0.0027530320,0,0.0019470130,0.5001671723,0.5001671723
0.34343434,2.33333333,0.0025152720,0,0.0017788338,0.5001506408,0.5001506408
0.35353535,2.33333333,0.0023009443,0,0.0016272339,0.5001355700,0.5001355700
0.36363636,2.33333333,0.0021072946,0,0.0014902637,0.5001217696,0.5001217696
0.37373737,2.33333333,0.0019319508,0,0.0013662445,0.5001090750,0.5001090750
0.38383838,2.33333333,0.0017728622,0,0.0012537249,0.5000973425,0.5000973425
0.39393939,2.33333333,0.0016282489,0,0.0011514454,0.5000864461,0.5000864461
0.40404040,2.33333333,0.0014965607,0,0.0010583089,0.5000762745,0.5000762745
0.41414141,2.33333333,0.0013764429,0,0.0009733570,0.5000667284,0.5000667284
0.42424242,2.33333333,0.0012667075,0,0.0008957492,0.5000577190,0.5000577190
0.43434343,2.33333333,0.0011663101,0,0.0008247463,0.5000491661,0.5000491661
0.44444444,2.33333333,0.0010743291,0,0.0007596965,0.5000409961,0.5000409961
0.45454545,2.33333333,0.0009899496,0,0.0007000233,0.5000331416,0.5000331416
0.46464646,2.33333333,0.0009124488,0,0.0006452152,0.5000255396,0.5000255396
0.47474747,2.33333333,0.0008411840,0,0.0005948177,0.5000181308,0.5000181308
0.48484848,2.33333333,0.0007755822,0,0.0005484254,0.5000108587,0.5000108587
0.49494949,2.33333333,0.0007151314,0,0.0005056761,0.5000036688,0.5000036688
0.50505051,2.33333333,0.0006593730,0,0.0004662455,0.4999965077,0.4999965077
0.51515152,2.33333333,0.0006078952,0,0.0004298423,0.4999893224,0.4999893224
0.52525253,2.33333333,0.0005603275,0,0.0003962043,0.4999820597,0.4999820597
0.53535354,2.33333333,0.0005163355,0,0.0003650951,0.4999746652,0.4999746652
0.54545455,2.33333333,0.0004756169,0,0.0003363009,0.4999670830,0.4999670830
0.55555556,2.33333333,0.0004378977,0,0.0003096278,0.4999592544,0.4999592544
0.56565657,2.33333333,0.0004029288,0,0.0002848998,0.4999511171,0.4999511171
0.57575758,2.33333333,0.0003704833,0,0.0002619562,0.4999426047,0.4999426047
0.58585859,2.33333333,0.0003403536,0,0.0002406503,0.4999336450,0.4999336450
0.59595960,2.33333333,0.0003123492,0,0.0002208475,0.4999241594,0.4999241594
0.60606061,2.33333333,0.0002862947,0,0.0002024235,0.4999140609,0.4999140609
0.61616162,2.33333333,0.0002620279,0,0.0001852638,0.4999032530,0.4999032530
0.62626263,2.33333333,0.0002393976,0,0.0001692613,0.4998916274,0.4998916274
0.63636364,2.33333333,0.0002182622,0,0.0001543160,0.4998790620,0.4998790620
0.64646465,2.33333333,0.0001984882,0,0.0001403334,0.4998654179,0.4998654179
0.65656566,2.33333333,0.0001799479,0,0.0001272234,0.4998505366,0.4998505366
0.66666667,2.33333333,0.0001625183,0,0.0001148988,0.4998342356,0.4998342356
0.67676768,2.33333333,0.0001460789,0,0.0001032744,0.4998163036,0.4998163036
0.68686869,2.33333333,0.0001305096,0,0.0000922655,0.4997964949,0.4997964949
0.69696970,2.33333333,0.0001156886,0,0.0000817857,0.4997745218,0.4997745218
0.70707071,2.33333333,0.0001014892,0,0.0000717457,0.4997500452,0.4997500452
0.71717172,2.33333333,0.0000877766,0,0.0000620502,0.4997226634,0.4997226634
0.72727273,2.33333333,0.0000744036,0,0.0000525951,0.4996918975,0.4996918975
0.73737374,2.33333333,0.0000612048,0,0.0000432635,0.4996571721,0.4996571721
0.74747475,2.33333333,0.0000479895,0,0.0000339207,0.4996177919,0.4996177919
0.75757576,2.33333333,0.0000345317,0,0.0000244072,0.4995729096,0.4995729096
0.76767677,2.33333333,0.0000205570,0,0.0000145291,0.4995214853,0.4995214853
0.77777778,2.33333333,0.0000057242,0,0.0000040455,0.4994622307,0.4994622307
0.78787879,2.33333333,-0.0000104007,0,-0.0000073499,0.4993935361,0.4993935361
0.79797980,2.33333333,-0.0000283811,0,-0.0000200547,0.4993133692,0.4993133692
0.80808081,2.33333333,-0.0000489637,0,-0.0000345955,0.4992191358,0.4992191358
0.81818182,2.33333333,-0.0000731575,0,-0.0000516840,0.4991074852,0.4991074852
0.82828283,2.33333333,-0.0001023537,0,-0.0000723007,0.4989740306,0.4989740306
0.83838384,2.33333333,-0.0001385107,0,-0.0000978256,0.4988129440,0.4988129440
0.84848485,2.33333333,-0.0001844470,0,-0.0001302431,0.4986163541,0.4986163541
0.85858586,2.33333333,-0.0002443162,0,-0.0001724764,0.4983734299,0.4983734299
0.86868687,2.33333333,-0.0003244051,0,-0.0002289456,0.4980689513,0.4980689513
0.87878788,2.33333333,-0.0004345166,0,-0.0003065363,0.4976810078,0.4976810078
0.88888889,2.33333333,-0.0005904703,0,-0.0004163453,0.4971771669,0.4971771669
0.89898990,2.33333333,-0.0008188333,0,-0.0005769771,0.4965078314,0.4965078314
0.90909091,2.33333333,-0.0011663811,0,-0.0008211142,0.4955941700,0.4955941700
0.91919192,2.33333333,-0.0017202968,0,-0.0012094860,0.4943049285,0.4943049285
0.92929293,2.33333333,-0.0026548977,0,-0.0018629906,0.4924087603,0.4924087603
0.93939394,2.33333333,-0.0043510816,0,-0.0030441024,0.4894677094,0.4894677094
0.94949495,2.33333333,-0.0077435185,0,-0.0053903613,0.4845728525,0.4845728525
0.95959596,2.33333333,-0.0155183526,0,-0.0107019681,0.4755936770,0.4755936770
0.96969697,2.33333333,-0.0373557996,0,-0.0252436046,0.4566533658,0.4566533658
0.97979798,2.33333333,-0.1217750364,0,-0.0778177342,0.4083575849,0.4083575849
0.98989899,2.33333333,-0.5482527512,0,-0.2971320928,0.2937226813,0.2937226813
1.00000000,2.33333333,-1.0000000000,0,-0.5000000000,0.2500000000,0.2500000000
0.00000000,2.39393939,1.0000000000,0,1.0000000000,1.0000000000,1.0000000000
0.01010101,2.39393939,0.9703994754,0,0.9258957602,0.9103807892,0.9103807892
0.02020202,2.39393939,0.7832691974,0,0.6609812244,0.7121248657,0.7121248657
0.03030303,2.39393939,0.5008062637,0,0.3825360857,0.5834522448,0.5834522448
0.04040404,2.39393939,0.3036310221,0,0.2223682219,0.5363560251,0.5363560251
0.05050505,2.39393939,0.1941089453,0,0.1398449536,0.5190419963,0.5190419963
0.06060606,2.39393939,0.1322105351,0,0.0945537342,0.5114759812,0.5114759812
0.07070707,2.39393939,0.0948581291,0,0.0675834340,0.5076114392,0.5076114392
0.08080808,2.39393939,0.0708637723,0,0.0503777986,0.5053937158,0.5053937158
0.09090909,2.39393939,0.0546332063,0,0.0387860266,0.5040077381,0.5040077381
0.10101010,2.39393939,0.0431867555,0,0.0306317029,0.5030847197,0.5030847197
0.11111111,2.39393939,0.0348362936,0,0.0246929964,0.5024394173,0.5024394173
0.12121212,2.39393939,0.0285725021,0,0.0202435878,0.5019707652,0.5019707652
0.13131313,2.39393939,0.0237636627,0,0.0168306442,0.5016198583,0.5016198583
0.14141414,2.39393939,0.0199987546,0,0.0141603395,0.5013504738,0.5013504738
0.15151515,2.39393939,0.0170013614,0,0.0120354670,0.5011393327,0.5011393327
0.16161616,2.39393939,0.0145802326,0,0.0103197864,0.5009709131,0.5009709131
0.17171717,2.39393939,0.0125997443,0,0.0089167968,0.5008345376,0.5008345376
0.18181818,2.39393939,0.0109616277,0,0.0077566406,0.5007226632,0.5007226632
0.19191919,2.39393939,0.0095933177,0,0.0067877712,0.5006298365,0.5006298365
0.20202020,2.39393939,0.0084403215,0,0.0059715023,0.5005520353,0.5005520353
0.21212121,2.39393939,0.0074610987,0,0.0052783581,0.5004862394,0.5004862394
0.22222222,2.39393939,0.0066235529,0,0.0046855733,0.5004301455,0.5004301455
0.23232323,2.39393939,0.0059025810,0,0.0041753490,0.5003819719,0.5003819719
0.24242424,2.39393939,0.0052783319,0,0.0037336142,0.5003403231,0.5003403231
0.25252525,2.39393939,0.0047349481,0,0.0033491319,0.5003040935,0.5003040935
0.26262626,2.39393939,0.0042596461,0,0.0030128450,0.5002723976,0.5002723976
0.27272727,2.39393939,0.0038420322,0,0.0027173912,0.5002445200,0.5002445200
0.28282828,2.39393939,0.0034735901,0,0.0024567391,0.5002198771,0.5002198771
0.29292929,2.39393939,0.0031472911,0,0.0022259115,0.5001979893,0.5001979893
0.30303030,2.39393939,0.0028572955,0,0.0020207736,0.5001784590,0.5001784590
0.31313131,2.39393939,0.0025987213,0,0.0018378692,0.5001609546,0.5001609546
0.32323232,2.39393939,0.0023674630,0,0.0016742922,0.5001451975,0.5001451975
0.33333333,2.39393939,0.0021600500,0,0.0015275860,0.5001309521,0.5001309521
0.34343434,2.39393939,0.0019735330,0,0.0013956633,0.5001180179,0.5001180179
0.35353535,2.39393939,0.0018053941,0,0.0012767420,0.5001062231,0.5001062231
0.36363636,2.39393939,0.0016534738,0,0.0011692941,0.5000954198,0.5000954198
0.37373737,2.39393939,0.0015159123,0,0.0010720035,0.5000854797,0.5000854797
0.38383838,2.39393939,0.0013911015,0,0.0009837324,0.5000762910,0.5000762910
0.39393939,2.39393939,0.0012776458,0,0.0009034932,0.5000677553,0.5000677553
0.40404040,2.39393939,0.0011743295,0,0.0008304260,0.5000597859,0.5000597859
0.41414141,2.39393939,0.0010800901,0,0.0007637790,0.5000523054,0.5000523054
0.42424242,2.39393939,0.0009939961,0,0.0007028932,0.5000452445,0.5000452445
0.43434343,2.39393939,0.0009152283,0,0.0006471891,0.5000385402,0.5000385402
0.44444444,2.39393939,0.0008430640,0,0.0005961554,0.5000321353,0.5000321353
0.45454545,2.39393939,0.0007768642,0,0.0005493402,0.5000259769,0.5000259769
0.46464646,2.39393939,0.0007160618,0,0.0005063423,0.5000200159,0.5000200159
0.47474747,2.39393939,0.0006601530,0,0.0004668053,0.5000142058,0.5000142058
0.48484848,2.39393939,0.0006086883,0,0.0004304113,0.5000085024,0.5000085024
0.49494949,2.39393939,0.0005612662,0,0.0003968763,0.5000028630,0.5000028630
0.50505051,2.39393939,0.0005175273,0,0.0003659461,0.4999972457,0.4999972457
0.51515152,2.39393939,0.0004771486,0,0.0003373922,0.4999916091,0.4999916091
0.52525253,2.39393939,0.0004398396,0,0.0003110092,0.4999859115,0.4999859115
0.53535354,2.39393939,0.0004053384,0,0.0002866118,0.4999801102,0.4999801102
0.54545455,2.39393939,0.0003734080,0,0.0002640325,0.4999741614,0.4999741614
0.55555556,2.39393939,0.0003438338,0,0.0002431195,0.4999680190,0.4999680190
0.56565657,2.39393939,0.0003164209,0,0.0002237348,0.4999616342,0.4999616342
0.57575758,2.39393939,0.0002909917,0,0.0002057529,0.4999549549,0.4999549549
0.58585859,2.39393939,0.0002673837,0,0.0001890590,0.4999479245,0.4999479245
0.59595960,2.39393939,0.0002454484,0,0.0001735479,0.4999404812,0.4999404812
0.60606061,2.39393939,0.0002250488,0,0.0001591228,0.4999325569,0.4999325569
0.61616162,2.39393939,0.0002060586,0,0.0001456943,0.4999240757,0.4999240757
0.62626263,2.39393939,0.0001883601,0,0.0001331794,0.4999149528,0.4999149528
0.63636364,2.39393939,0.0001718438,0,0.0001215004,0.4999050923,0.4999050923
0.64646465,2.39393939,0.0001564063,0,0.0001105843,0.4998943852,0.4998943852
0.65656566,2.39393939,0.0001419493,0,0.0001003615,0.4998827071,0.4998827071
0.66666667,2.39393939,0.0001283786,0,0.0000907655,0.4998699147,0.4998699147
0.67676768,2.39393939,0.0001156022,0,0.0000817313,0.4998558423,0.4998558423
0.68686869,2.39393939,0.0001035295,0,0.0000731947,0.4998402970,0.4998402970
0.69696970,2.39393939,0.0000920688,0,0.0000650909,0.4998230530,0.4998230530
0.70707071,2.39393939,0.0000811257,0,0.0000573533,0.4998038441,0.4998038441
0.71717172,2.39393939,0.0000706009,0,0.0000499115,0.4997823552,0.4997823552
0.72727273,2.39393939,0.0000603866,0,0.0000426894,0.4997582101,0.4997582101
0.73737374,2.39393939,0.0000503628,0,0.0000356023,0.4997309573,0.4997309573
0.74747475,2.39393939,0.0000403923,0,0.0000285531,0.4997000510,0.4997000510
0.75757576,2.39393939,0.0000303138,0,0.0000214279,0.4996648261,0.4996648261
0.76767677,2.39393939,0.0000199326,0,0.0000140892,0.4996244662,0.4996244662
0.77777778,2.39393939,0.0000090078,0,0.0000063668,0.4995779599,0.4995779599
0.78787879,2.39393939,-0.0000027657,0,-0.0000019547,0.4995240434,0.4995240434
0.79797980,2.39393939,-0.0000157830,0,-0.0000111542,0.4994611211,0.4994611211
0.80808081,2.39393939,-0.0000305660,0,-0.0000216002,0.4993871560,0.4993871560
0.81818182,2.39393939,-0.0000478191,0,-0.0000337895,0.4992995169,0.4992995169
0.82828283,2.39393939,-0.0000685123,0,-0.0000484065,0.4991947587,0.4991947587
0.83838384,2.39393939,-0.0000940100,0,-0.0000664131,0.4990683040,0.4990683040
0.84848485,2.39393939,-0.0001262744,0,-0.0000891924,0.4989139696,0.4989139696
0.85858586,2.39393939,-0.0001681966,0,-0.0001187810,0.4987232458,0.4987232458
0.86868687,2.39393939,-0.0002241515,0,-0.0001582586,0.4984841724,0.4984841724
0.87878788,2.39393939,-0.0003009607,0,-0.0002124236,0.4981795268,0.4981795268
0.88888889,2.39393939,-0.0004096329,0,-0.0002890115,0.4977838074,0.4977838074
0.89898990,2.39393939,-0.0005686586,0,-0.0004009983,0.4972579980,0.4972579980
0.90909091,2.39393939,-0.0008106016,0,-0.0005711953,0.4965400471,0.4965400471
0.91919192,2.39393939,-0.0011961796,0,-0.0008420345,0.4955265487,0.4955265487
0.92929293,2.39393939,-0.0018468680,0,-0.0012981196,0.4940350040,0.4940350040
0.93939394,2.39393939,-0.0030283622,0,-0.0021235692,0.4917192142,0.4917192142
0.94949495,2.39393939,-0.0053937847,0,-0.0037673881,0.4878580859,0.4878580859
0.95959596,2.39393939,-0.0108268876,0,-0.0075069384,0.4807490557,0.4807490557
0.96969697,2.39393939,-0.0261797949,0,-0.0178639277,0.4656090615,0.4656090615
0.97979798,2.39393939,-0.0870879575,0,-0.0568107114,0.4255437778,0.4255437778
0.98989899,2.39393939,-0.4578222261,0,-0.2547169769,0.3095437488,0.3095437488
1.00000000,2.39393939,-1.0000000000,0,-0.5000000000,0.2500000000,0.2500000000
0.00000000,2.45454545,1.0000000000,0,1.0000000000,1.0000000000,1.0000000000
0.01010101,2.45454545,0.9575228782,0,0.9021102700,0.8876074429,0.8876074429
0.02020202,2.45454545,0.7114899714,0,0.5819315516,0.6689693858,0.6689693858
0.03030303,2.45454545,0.4142863744,0,0.3099844216,0.5598587082,0.5598587082
0.04040404,2.45454545,0.2416179058,0,0.1752189112,0.5259006687,0.5259006687
0.05050505,2.45454545,0.1526409830,0,0.1094137839,0.5138090710,0.5138090710
0.06060606,2.45454545,0.1036065573,0,0.0738788907,0.5084710675,0.5084710675
0.07070707,2.45454545,0.0742700526,0,0.0528151623,0.5056962994,0.5056962994
0.08080808,2.45454545,0.0554801975,0,0.0393900787,0.5040779488,0.5040779488
0.09090909,2.45454545,0.0427813653,0,0.0303432097,0.5030530174,0.5030530174
0.10101010,2.45454545,0.0338266189,0,0.0239754904,0.5023631993,0.5023631993
0.11111111,2.45454545,0.0272927484,0,0.0193350755,0.5018768941,0.5018768941
0.12121212,2.45454545,0.0223902697,0,0.0158563800,0.5015213713,0.5015213713
0.13131313,2.45454545,0.0186254551,0,0.0131866875,0.5012537602,0.5012537602
0.14141414,2.45454545,0.0156771289,0,0.0110970094,0.5010474425,0.5010474425
0.15151515,2.45454545,0.0133292757,0,0.0094335605,0.5008851700,0.5008851700
0.16161616,2.45454545,0.0114324014,0,0.0080900325,0.5007553609,0.5007553609
0.17171717,2.45454545,0.0098804633,0,0.0069910824,0.5006500004,0.5006500004
0.18181818,2.45454545,0.0085966032,0,0.0060821402,0.5005633974,0.5005633974
0.19191919,2.45454545,0.0075240503,0,0.0053229209,0.5004914193,0.5004914193
0.20202020,2.45454545,0.0066201608,0,0.0046831778,0.5004310063,0.5004310063
0.21212121,2.45454545,0.0058524187,0,0.0041398566,0.5003798535,0.5003798535
0.22222222,2.45454545,0.0051956948,0,0.0036751460,0.5003361980,0.5003361980
0.23232323,2.45454545,0.0046303311,0,0.0032751163,0.5002986726,0.5002986726
0.24242424,2.45454545,0.0041407794,0,0.0029287525,0.5002662044,0.5002662044
0.25252525,2.45454545,0.0037146175,0,0.0026272562,0.5002379413,0.5002379413
0.26262626,2.45454545,0.0033418298,0,0.0023635342,0.5002132002,0.5002132002
0.27272727,2.45454545,0.0030142718,0,0.0021318200,0.5001914279,0.5001914279
0.28282828,2.45454545,0.0027252695,0,0.0019273883,0.5001721728,0.5001721728
0.29292929,2.45454545,0.0024693139,0,0.0017463394,0.5001550632,0.5001550632
0.30303030,2.45454545,0.0022418278,0,0.0015854332,0.5001397908,0.5001397908
0.31313131,2.45454545,0.0020389838,0,0.0014419610,0.5001260980,0.5001260980
0.32323232,2.45454545,0.0018575635,0,0.0013136452,0.5001137683,0.5001137683
0.33333333,2.45454545,0.0016948457,0,0.0011985599,0.5001026184,0.5001026184
0.34343434,2.45454545,0.0015485181,0,0.0010950689,0.5000924922,0.5000924922
0.35353535,2.45454545,0.0014166060,0,0.0010017751,0.5000832561,0.5000832561
0.36363636,2.45454545,0.0012974163,0,0.0009174805,0.5000747946,0.5000747946
0.37373737,2.45454545,0.0011894903,0,0.0008411530,0.5000670077,0.5000670077
0.38383838,2.45454545,0.0010915670,0,0.0007719006,0.5000598082,0.5000598082
0.39393939,2.45454545,0.0010025518,0,0.0007089489,0.5000531193,0.5000531193
0.40404040,2.45454545,0.0009214913,0,0.0006516233,0.5000468733,0.5000468733
0.41414141,2.45454545,0.0008475520,0,0.0005993344,0.5000410097,0.5000410097
0.42424242,2.45454545,0.0007800035,0,0.0005515654,0.5000354742,0.5000354742
0.43434343,2.45454545,0.0007182032,0,0.0005078617,0.5000302178,0.5000302178
0.44444444,2.45454545,0.0006615842,0,0.0004678224,0.5000251955,0.5000251955
0.45454545,2.45454545,0.0006096452,0,0.0004310930,0.5000203662,0.5000203662
0.46464646,2.45454545,0.0005619417,0,0.0003973590,0.5000156911,0.5000156911
0.47474747,2.45454545,0.0005180782,0,0.0003663407,0.5000111341,0.5000111341
0.48484848,2.45454545,0.0004777024,0,0.0003377889,0.5000066605,0.5000066605
0.49494949,2.45454545,0.0004404995,0,0.0003114809,0.5000022368,0.5000022368
0.50505051,2.45454545,0.0004061874,0,0.0002872172,0.4999978302,0.4999978302
0.51515152,2.45454545,0.0003745129,0,0.0002648189,0.4999934082,0.4999934082
0.52525253,2.45454545,0.0003452484,0,0.0002441248,0.4999889381,0.4999889381
0.53535354,2.45454545,0.0003181884,0,0.0002249897,0.4999843865,0.4999843865
0.54545455,2.45454545,0.0002931474,0,0.0002072823,0.4999797190,0.4999797190
0.55555556,2.45454545,0.0002699572,0,0.0001908838,0.4999748994,0.4999748994
0.56565657,2.45454545,0.0002484650,0,0.0001756860,0.4999698896,0.4999698896
0.57575758,2.45454545,0.0002285319,0,0.0001615907,0.4999646485,0.4999646485
0.58585859,2.45454545,0.0002100309,0,0.0001485082,0.4999591319,0.4999591319
0.59595960,2.45454545,0.0001928457,0,0.0001363561,0.4999532912,0.4999532912
0.60606061,2.45454545,0.0001768696,0,0.0001250591,0.4999470729,0.4999470729
0.61616162,2.45454545,0.0001620040,0,0.0001145473,0.4999404176,0.4999404176
0.62626263,2.45454545,0.0001481574,0,0.0001047561,0.4999332586,0.4999332586
0.63636364,2.45454545,0.0001352447,0,0.0000956253,0.4999255207,0.4999255207
0.64646465,2.45454545,0.0001231858,0,0.0000870983,0.4999171185,0.4999171185
0.65656566,2.45454545,0.0001119050,0,0.0000791215,0.4999079541,0.4999079541
0.66666667,2.45454545,0.0001013299,0,0.0000716438,0.4998979153,0.4998979153
0.67676768,2.45454545,0.0000913903,0,0.0000646154,0.4998868719,0.4998868719
0.68686869,2.45454545,0.0000820172,0,0.0000579877,0.4998746726,0.4998746726
0.69696970,2.45454545,0.0000731417,0,0.0000517118,0.4998611400,0.4998611400
0.70707071,2.45454545,0.0000646932,0,0.0000457380,0.4998460655,0.4998460655
0.71717172,2.45454545,0.0000565981,0,0.0000400141,0.4998292015,0.4998292015
0.72727273,2.45454545,0.0000487771,0,0.0000344841,0.4998102528,0.4998102528
0.73737374,2.45454545,0.0000411432,0,0.0000290865,0.4997888651,0.4997888651
0.74747475,2.45454545,0.0000335971,0,0.0000237512,0.4997646099,0.4997646099
0.75757576,2.45454545,0.0000260236,0,0.0000183966,0.4997369652,0.4997369652
0.76767677,2.45454545,0.0000182841,0,0.0000129250,0.4997052900,0.4997052900
0.77777778,2.45454545,0.0000102082,0,0.0000072159,0.4996687907,0.4996687907
0.78787879,2.45454545,0.0000015811,0,0.0000011176,0.4996264749,0.4996264749
0.79797980,2.45454545,-0.0000078741,0,-0.0000055655,0.4995770900,0.4995770900
0.80808081,2.45454545,-0.0000185229,0,-0.0000130914,0.4995190369,0.4995190369
0.81818182,2.45454545,-0.0000308571,0,-0.0000218073,0.4994502495,0.4994502495
0.82828283,2.45454545,-0.0000455531,0,-0.0000321906,0.4993680229,0.4993680229
0.83838384,2.45454545,-0.0000635617,0,-0.0000449120,0.4992687626,0.4992687626
0.84848485,2.45454545,-0.0000862489,0,-0.0000609352,0.4991476123,0.4991476123
0.85858586,2.45454545,-0.0001156271,0,-0.0000816787,0.4989978885,0.4989978885
0.86868687,2.45454545,-0.0001547405,0,-0.0001092878,0.4988101951,0.4988101951
0.87878788,2.45454545,-0.0002083352,0,-0.0001471045,0.4985709997,0.4985709997
0.88888889,2.45454545,-0.0002840707,0,-0.0002005185,0.4982602596,0.4982602596
0.89898990,2.45454545,-0.0003948131,0,-0.0002785734,0.4978472995,0.4978472995
0.90909091,2.45454545,-0.0005632249,0,-0.0003971767,0.4972833109,0.4972833109
0.91919192,2.45454545,-0.0008315740,0,-0.0005859422,0.4964869036,0.4964869036
0.92929293,2.45454545,-0.0012844616,0,-0.0009039857,0.4953142950,0.4953142950
0.93939394,2.45454545,-0.0021070636,0,-0.0014801913,0.4934923184,0.4934923184
0.94949495,2.45454545,-0.0037551423,0,-0.0026298078,0.4904505195,0.4904505195
0.95959596,2.45454545,-0.0075465099,0,-0.0052546428,0.4848351481,0.4848351481
0.96969697,2.45454545,-0.0183048638,0,-0.0125864505,0.4727957271,0.4727957271
0.97979798,2.45454545,-0.0617295755,0,-0.0409519462,0.4401112902,0.4401112902
0.98989899,2.45454545,-0.3680486037,0,-0.2109729829,0.3285816739,0.3285816739
1.00000000,2.45454545,-1.0000000000,0,-0.5000000000,0.2500000000,0.2500000000
0.00000000,2.51515152,1.0000000000,0,1.0000000000,1.0000000000,1.0000000000
0.01010101,2.51515152,0.9392600262,0,0.8710076818,0.8599481988,0.8599481988
0.02020202,2.51515152,0.6284927093,0,0.4986042566,0.6293778799,0.6293778799
0.03030303,2.51515152,0.3360188730,0,0.2475051766,0.5425518288,0.5425518288
0.04040404,2.51515152,0.1908142630,0,0.1374129342,0.5186012487,0.5186012487
0.05050505,2.51515152,0.1197212478,0,0.0855087180,0.5101270125,0.5101270125
0.06060606,2.51515152,0.0811295244,0,0.0577285350,0.5063178202,0.5063178202
0.07070707,2.51515152,0.0581460372,0,0.0412918833,0.5043001981,0.5043001981
0.08080808,2.51515152,0.0434439480,0,0.0308147540,0.5031052395,0.5031052395
0.09090909,2.51515152,0.0335094349,0,0.0237501153,0.5023393944,0.5023393944
0.10101010,2.51515152,0.0265025832,0,0.0187742178,0.5018192195,0.5018192195
0.11111111,2.51515152,0.0213884453,0,0.0151458272,0.5014499103,0.5014499103
0.12121212,2.51515152,0.0175500160,0,0.0124243507,0.5011784267,0.5011784267
0.13131313,2.51515152,0.0146014805,0,0.0103348489,0.5009731816,0.5009731816
0.14141414,2.51515152,0.0122918196,0,0.0086987045,0.5008143930,0.5008143930
0.15151515,2.51515152,0.0104521556,0,0.0073958817,0.5006891501,0.5006891501
0.16161616,2.51515152,0.0089655786,0,0.0063433527,0.5005887312,0.5005887312
0.17171717,2.51515152,0.0077491328,0,0.0054822421,0.5005070699,0.5005070699
0.18181818,2.51515152,0.0067426752,0,0.0047698879,0.5004398401,0.5004398401
0.19191919,2.51515152,0.0059017690,0,0.0041747826,0.5003838889,0.5003838889
0.20202020,2.51515152,0.0051930271,0,0.0036732615,0.5003368745,0.5003368745
0.21212121,2.51515152,0.0045909862,0,0.0032472816,0.5002970280,0.5002970280
0.22222222,2.51515152,0.0040759634,0,0.0028828993,0.5002629935,0.5002629935
0.23232323,2.51515152,0.0036325589,0,0.0025692073,0.5002337172,0.5002337172
0.24242424,2.51515152,0.0032485902,0,0.0022975788,0.5002083706,0.5002083706
0.25252525,2.51515152,0.0029143230,0,0.0020611215,0.5001862947,0.5001862947
0.26262626,2.51515152,0.0026219077,0,0.0018542782,0.5001669606,0.5001669606
0.27272727,2.51515152,0.0023649607,0,0.0016725304,0.5001499393,0.5001499393
0.28282828,2.51515152,0.0021382500,0,0.0015121750,0.5001348804,0.5001348804
0.29292929,2.51515152,0.0019374571,0,0.0013701555,0.5001214949,0.5001214949
0.30303030,2.51515152,0.0017589931,0,0.0012439322,0.5001095431,0.5001095431
0.31313131,2.51515152,0.0015998572,0,0.0011313817,0.5000988247,0.5000988247
0.32323232,2.51515152,0.0014575257,0,0.0010307182,0.5000891710,0.5000891710
0.33333333,2.51515152,0.0013298646,0,0.0009404319,0.5000804392,0.5000804392
0.34343434,2.51515152,0.0012150606,0,0.0008592399,0.5000725075,0.5000725075
0.35353535,2.51515152,0.0011115651,0,0.0007860466,0.5000652716,0.5000652716
0.36363636,2.51515152,0.0010180502,0,0.0007199124,0.5000586416,0.5000586416
0.37373737,2.51515152,0.0009333717,0,0.0006600282,0.5000525393,0.5000525393
0.38383838,2.51515152,0.0008565407,0,0.0006056942,0.5000468965,0.5000468965
0.39393939,2.51515152,0.0007866986,0,0.0005563031,0.5000416533,0.5000416533
0.40404040,2.51515152,0.0007230974,0,0.0005113259,0.5000367567,0.5000367567
0.41414141,2.51515152,0.0006650836,0,0.0004703003,0.5000321593,0.5000321593
0.42424242,2.51515152,0.0006120841,0,0.0004328208,0.5000278188,0.5000278188
0.43434343,2.51515152,0.0005635947,0,0.0003985311,0.5000236968,0.5000236968
0.44444444,2.51515152,0.0005191710,0,0.0003671166,0.5000197581,0.5000197581
0.45454545,2.51515152,0.0004784196,0,0.0003382991,0.5000159704,0.5000159704
0.46464646,2.51515152,0.0004409917,0,0.0003118321,0.5000123035,0.5000123035
0.47474747,2.51515152,0.0004065774,0,0.0002874962,0.5000087289,0.5000087289
0.48484848,2.51515152,0.0003749002,0,0.0002650959,0.5000052196,0.5000052196
0.49494949,2.51515152,0.0003457131,0,0.0002444565,0.5000017492,0.5000017492
0.50505051,2.51515152,0.0003187950,0,0.0002254217,0.4999982921,0.4999982921
0.51515152,2.51515152,0.0002939473,0,0.0002078510,0.4999948227,0.4999948227
0.52525253,2.51515152,0.0002709915,0,0.0001916182,0.4999913156,0.4999913156
0.53535354,2.51515152,0.0002497665,0,0.0001766094,0.4999877443,0.4999877443
0.54545455,2.51515152,0.0002301269,0,0.0001627217,0.4999840820,0.4999840820
0.55555556,2.51515152,0.0002119409,0,0.0001498619,0.4999803004,0.4999803004
0.56565657,2.51515152,0.0001950889,0,0.0001379454,0.4999763693,0.4999763693
0.57575758,2.51515152,0.0001794621,0,0.0001268953,0.4999722567,0.4999722567
0.58585859,2.51515152,0.0001649610,0,0.0001166413,0.4999679279,0.4999679279
0.59595960,2.51515152,0.0001514949,0,0.0001071192,0.4999633446,0.4999633446
0.60606061,2.51515152,0.0001389803,0,0.0000982698,0.4999584651,0.4999584651
0.61616162,2.51515152,0.0001273402,0,0.0000900389,0.4999532425,0.4999532425
0.62626263,2.51515152,0.0001165035,0,0.0000823761,0.4999476247,0.4999476247
0.63636364,2.51515152,0.0001064039,0,0.0000752345,0.4999415525,0.4999415525
0.64646465,2.51515152,0.0000969795,0,0.0000685704,0.4999349590,0.4999349590
0.65656566,2.51515152,0.0000881717,0,0.0000623423,0.4999277674,0.4999277674
0.66666667,2.51515152,0.0000799247,0,0.0000565108,0.4999198894,0.4999198894
0.67676768,2.51515152,0.0000721848,0,0.0000510378,0.4999112232,0.4999112232
0.68686869,2.51515152,0.0000648996,0,0.0000458864,0.4999016497,0.4999016497
0.69696970,2.51515152,0.0000580168,0,0.0000410196,0.4998910300,0.4998910300
0.70707071,2.51515152,0.0000514835,0,0.0000364000,0.4998792000,0.4998792000
0.71717172,2.51515152,0.0000452450,0,0.0000319888,0.4998659657,0.4998659657
0.72727273,2.51515152,0.0000392430,0,0.0000277449,0.4998510954,0.4998510954
0.73737374,2.51515152,0.0000334137,0,0.0000236231,0.4998343109,0.4998343109
0.74747475,2.51515152,0.0000276855,0,0.0000195730,0.4998152758,0.4998152758
0.75757576,2.51515152,0.0000219755,0,0.0000155358,0.4997935806,0.4997935806
0.76767677,2.51515152,0.0000161849,0,0.0000114418,0.4997687221,0.4997687221
0.77777778,2.51515152,0.0000101932,0,0.0000072058,0.4997400772,0.4997400772
0.78787879,2.51515152,0.0000038489,0,0.0000027208,0.4997068671,0.4997068671
0.79797980,2.51515152,-0.0000030427,0,-0.0000021508,0.4996681086,0.4996681086
0.80808081,2.51515152,-0.0000107372,0,-0.0000075895,0.4996225462,0.4996225462
0.81818182,2.51515152,-0.0000195784,0,-0.0000138380,0.4995685580,0.4995685580
0.82828283,2.51515152,-0.0000300381,0,-0.0000212296,0.4995040203,0.4995040203
0.83838384,2.51515152,-0.0000427788,0,-0.0000302318,0.4994261110,0.4994261110
0.84848485,2.51515152,-0.0000587519,0,-0.0000415161,0.4993310168,0.4993310168
0.85858586,2.51515152,-0.0000793579,0,-0.0000560704,0.4992134891,0.4992134891
0.86868687,2.51515152,-0.0001067149,0,-0.0000753884,0.4990661484,0.4990661484
0.87878788,2.51515152,-0.0001441249,0,-0.0001017974,0.4988783649,0.4988783649
0.88888889,2.51515152,-0.0001969163,0,-0.0001390506,0.4986343914,0.4986343914
0.89898990,2.51515152,-0.0002740400,0,-0.0001934478,0.4983101211,0.4983101211
0.90909091,2.51515152,-0.0003912637,0,-0.0002760745,0.4978671829,0.4978671829
0.91919192,2.51515152,-0.0005780024,0,-0.0004075804,0.4972415597,0.4972415597
0.92929293,2.51515152,-0.0008931503,0,-0.0006292243,0.4963200786,0.4963200786
0.93939394,2.51515152,-0.0014656841,0,-0.0010310830,0.4948874853,0.4948874853
0.94949495,2.51515152,-0.0026133343,0,-0.0018339825,0.4924934149,0.4924934149
0.95959596,2.51515152,-0.0052564320,0,-0.0036722309,0.4880652310,0.4880652310
0.96969697,2.51515152,-0.0127782627,0,-0.0088394358,0.4785259271,0.4785259271
0.97979798,2.51515152,-0.0434933691,0,-0.0292464819,0.4521693946,0.4521693946
0.98989899,2.51515152,-0.2855214283,0,-0.1688691673,0.3498028221,0.3498028221
1.00000000,2.51515152,-1.0000000000,0,-0.5000000000,0.2500000000,0.2500000000
0.00000000,2.57575758,1.0000000000,0,1.0000000000,1.0000000000,1.0000000000
0.01010101,2.57575758,0.9136474486,0,0.8308993328,0.8270647835,0.8270647835
0.02020202,2.57575758,0.5394068249,0,0.4163467679,0.5957684779,0.5957684779
0.03030303,2.57575758,0.2686929603,0,0.1956570618,0.5302473152,0.5302473152
0.04040404,2.57575758,0.1500132890,0,0.1074979113,0.5135001628,0.5135001628
0.05050505,2.57575758,0.0937819159,0,0.0668098414,0.5075077512,0.5075077512
0.06060606,2.57575758,0.0635157865,0,0.0451255051,0.5047551878,0.5047551878
0.07070707,2.57575758,0.0455294528,0,0.0322992983,0.5032703152,0.5032703152
0.08080808,2.57575758,0.0340278080,0,0.0241184584,0.5023786127,0.5023786127
0.09090909,2.57575758,0.0262543443,0,0.0185980334,0.5018011966,0.5018011966
0.10101010,2.57575758,0.0207698471,0,0.0147071338,0.5014059606,0.5014059606
0.11111111,2.57575758,0.0167654733,0,0.0118682938,0.5011236999,0.5011236999
0.12121212,2.57575758,0.0137590572,0,0.0097380233,0.5009152631,0.5009152631
0.13131313,2.57575758,0.0114490323,0,0.0081018155,0.5007571208,0.5007571208
0.14141414,2.57575758,0.0096391282,0,0.0068202157,0.5006344273,0.5006344273
0.15151515,2.57575758,0.0081972534,0,0.0057994478,0.5005374336,0.5005374336
0.16161616,2.57575758,0.0070319336,0,0.0049746123,0.5004595204,0.5004595204
0.17171717,2.57575758,0.0060782409,0,0.0042996673,0.5003960642,0.5003960642
0.18181818,2.57575758,0.0052890896,0,0.0037412365,0.5003437559,0.5003437559
0.19191919,2.57575758,0.0046296817,0,0.0032746618,0.5003001766,0.5003001766
0.20202020,2.57575758,0.0040738664,0,0.0028814176,0.5002635250,0.5002635250
0.21212121,2.57575758,0.0036016956,0,0.0025473753,0.5002324376,0.5002324376
0.22222222,2.57575758,0.0031977471,0,0.0022616141,0.5002058671,0.5002058671
0.23232323,2.57575758,0.0028499526,0,0.0020155895,0.5001829983,0.5001829983
0.24242424,2.57575758,0.0025487639,0,0.0018025423,0.5001631894,0.5001631894
0.25252525,2.57575758,0.0022865511,0,0.0016170717,0.5001459292,0.5001459292
0.26262626,2.57575758,0.0020571604,0,0.0014548223,0.5001308070,0.5001308070
0.27272727,2.57575758,0.0018555872,0,0.0013122524,0.5001174894,0.5001174894
0.28282828,2.57575758,0.0016777293,0,0.0011864592,0.5001057036,0.5001057036
0.29292929,2.57575758,0.0015202005,0,0.0010750464,0.5000952248,0.5000952248
0.30303030,2.57575758,0.0013801864,0,0.0009760230,0.5000858663,0.5000858663
0.31313131,2.57575758,0.0012553339,0,0.0008877239,0.5000774717,0.5000774717
0.32323232,2.57575758,0.0011436636,0,0.0008087488,0.5000699095,0.5000699095
0.33333333,2.57575758,0.0010435019,0,0.0007379138,0.5000630684,0.5000630684
0.34343434,2.57575758,0.0009534267,0,0.0006742128,0.5000568532,0.5000568532
0.35353535,2.57575758,0.0008722232,0,0.0006167865,0.5000511824,0.5000511824
0.36363636,2.57575758,0.0007988497,0,0.0005648981,0.5000459857,0.5000459857
0.37373737,2.57575758,0.0007324091,0,0.0005179128,0.5000412022,0.5000412022
0.38383838,2.57575758,0.0006721254,0,0.0004752819,0.5000367784,0.5000367784
0.39393939,2.57575758,0.0006173250,0,0.0004365290,0.5000326674,0.5000326674
0.40404040,2.57575758,0.0005674214,0,0.0004012391,0.5000288278,0.5000288278
0.41414141,2.57575758,0.0005219017,0,0.0003690496,0.5000252227,0.5000252227
0.42424242,2.57575758,0.0004803165,0,0.0003396424,0.5000218186,0.5000218186
0.43434343,2.57575758,0.0004422701,0,0.0003127380,0.5000185857,0.5000185857
0.44444444,2.57575758,0.0004074140,0,0.0002880897,0.5000154964,0.5000154964
0.45454545,2.57575758,0.0003754396,0,0.0002654792,0.5000125253,0.5000125253
0.46464646,2.57575758,0.0003460733,0,0.0002447131,0.5000096489,0.5000096489
0.47474747,2.57575758,0.0003190718,0,0.0002256194,0.5000068447,0.5000068447
0.48484848,2.57575758,0.0002942184,0,0.0002080447,0.5000040915,0.5000040915
0.49494949,2.57575758,0.0002713193,0,0.0001918520,0.5000013689,0.5000013689
0.50505051,2.57575758,0.0002502011,0,0.0001769186,0.4999986565,0.4999986565
0.51515152,2.57575758,0.0002307080,0,0.0001631345,0.4999959345,0.4999959345
0.52525253,2.57575758,0.0002127000,0,0.0001504006,0.4999931827,0.4999931827
0.53535354,2.57575758,0.0001960510,0,0.0001386276,0.4999903806,0.4999903806
0.54545455,2.57575758,0.0001806467,0,0.0001277349,0.4999875070,0.4999875070
0.55555556,2.57575758,0.0001663840,0,0.0001176494,0.4999845396,0.4999845396
0.56565657,2.57575758,0.0001531691,0,0.0001083049,0.4999814550,0.4999814550
0.57575758,2.57575758,0.0001409169,0,0.0000996411,0.4999782279,0.4999782279
0.58585859,2.57575758,0.0001295494,0,0.0000916030,0.4999748310,0.4999748310
0.59595960,2.57575758,0.0001189958,0,0.0000841403,0.4999712345,0.4999712345
0.60606061,2.57575758,0.0001091906,0,0.0000772069,0.4999674055,0.4999674055
0.61616162,2.57575758,0.0001000740,0,0.0000707604,0.4999633072,0.4999633072
0.62626263,2.57575758,0.0000915904,0,0.0000647615,0.4999588988,0.4999588988
0.63636364,2.57575758,0.0000836882,0,0.0000591738,0.4999541338,0.4999541338
0.64646465,2.57575758,0.0000763194,0,0.0000539632,0.4999489596,0.4999489596
0.65656566,2.57575758,0.0000694386,0,0.0000490977,0.4999433161,0.4999433161
0.66666667,2.57575758,0.0000630028,0,0.0000445469,0.4999371340,0.4999371340
0.67676768,2.57575758,0.0000569708,0,0.0000402817,0.4999303332,0.4999303332
0.68686869,2.57575758,0.0000513026,0,0.0000362736,0.4999228204,0.4999228204
0.69696970,2.57575758,0.0000459585,0,0.0000324948,0.4999144866,0.4999144866
0.70707071,2.57575758,0.0000408988,0,0.0000289171,0.4999052030,0.4999052030
0.71717172,2.57575758,0.0000360826,0,0.0000255115,0.4998948173,0.4998948173
0.72727273,2.57575758,0.0000314666,0,0.0000222477,0.4998831477,0.4998831477
0.73737374,2.57575758,0.0000270044,0,0.0000190925,0.4998699758,0.4998699758
0.74747475,2.57575758,0.0000226437,0,0.0000160092,0.4998550377,0.4998550377
0.75757576,2.57575758,0.0000183250,0,0.0000129556,0.4998380118,0.4998380118
0.76767677,2.57575758,0.0000139777,0,0.0000098819,0.4998185033,0.4998185033
0.77777778,2.57575758,0.0000095161,0,0.0000067276,0.4997960232,0.4997960232
0.78787879,2.57575758,0.0000048334,0,0.0000034170,0.4997699601,0.4997699601
0.79797980,2.57575758,-0.0000002073,0,-0.0000001465,0.4997395423,0.4997395423
0.80808081,2.57575758,-0.0000057852,0,-0.0000040895,0.4997037842,0.4997037842
0.81818182,2.57575758,-0.0000121405,0,-0.0000085817,0.4996614128,0.4996614128
0.82828283,2.57575758,-0.0000196027,0,-0.0000138558,0.4996107609,0.4996107609
0.83838384,2.57575758,-0.0000286333,0,-0.0000202377,0.4995496129,0.4995496129
0.84848485,2.57575758,-0.0000398951,0,-0.0000281953,0.4994749751,0.4994749751
0.85858586,2.57575758,-0.0000543627,0,-0.0000384165,0.4993827263,0.4993827263
0.86868687,2.57575758,-0.0000735100,0,-0.0000519413,0.4992670720,0.4992670720
0.87878788,2.57575758,-0.0000996341,0,-0.0000703899,0.4991196640,0.4991196640
0.88888889,2.57575758,-0.0001364412,0,-0.0000963751,0.4989281336,0.4989281336
0.89898990,2.57575758,-0.0001901577,0,-0.0001342833,0.4986735421,0.4986735421
0.90909091,2.57575758,-0.0002717522,0,-0.0001918358,0.4983257362,0.4983257362
0.91919192,2.57575758,-0.0004016900,0,-0.0002834220,0.4978343904,0.4978343904
0.92929293,2.57575758,-0.0006209564,0,-0.0004378119,0.4971104876,0.4971104876
0.93939394,2.57575758,-0.0010193428,0,-0.0007178841,0.4959845761,0.4959845761
0.94949495,2.57575758,-0.0018181957,0,-0.0012780527,0.4941016259,0.4941016259
0.95959596,2.57575758,-0.0036594817,0,-0.0025632413,0.4906138483,0.4906138483
0.96969697,2.57575758,-0.0089102665,0,-0.0061929536,0.4830746770,0.4830746770
0.97979798,2.57575758,-0.0305210421,0,-0.0207450817,0.4619889454,0.4619889454
0.98989899,2.57575758,-0.2148871894,0,-0.1310111278,0.3717023602,0.3717023602
1.00000000,2.57575758,-1.0000000000,0,-0.5000000000,0.2500000000,0.2500000000
0.00000000,2.63636364,1.0000000000,0,1.0000000000,1.0000000000,1.0000000000
0.01010101,2.63636364,0.8783640407,0,0.7802874034,0.7891509723,0.7891509723
0.02020202,2.63636364,0.4507748204,0,0.3400838409,0.5691840162,0.5691840162
0.03030303,2.63636364,0.2128426579,0,0.1537238526,0.5216331379,0.5216331379
0.04040404,2.63636364,0.1176452318,0,0.0840079548,0.5099083968,0.5099083968
0.05050505,2.63636364,0.0734265370,0,0.0522114383,0.5056211390,0.5056211390
0.06060606,2.63636364,0.0497304990,0,0.0352913931,0.5036072467,0.5036072467
0.07070707,2.63636364,0.0356593952,0,0.0252780202,0.5025024329,0.5025024329
0.08080808,2.63636364,0.0266600134,0,0.0188859598,0.5018308927,0.5018308927
0.09090909,2.63636364,0.0205754985,0,0.0145693160,0.5013922207,0.5013922207
0.10101010,2.63636364,0.0162810127,0,0.0115249564,0.5010900143,0.5010900143
0.11111111,2.63636364,0.0131444575,0,0.0093026470,0.5008731461,0.5008731461
0.12121212,2.63636364,0.0107889275,0,0.0076343568,0.5007124058,0.5007124058
0.13131313,2.63636364,0.0089786024,0,0.0063525760,0.5005900998,0.5005900998
0.14141414,2.63636364,0.0075599423,0,0.0053483319,0.5004949936,0.5004949936
0.15151515,2.63636364,0.0064295769,0,0.0045483050,0.5004196714,0.5004196714
0.16161616,2.63636364,0.0055158984,0,0.0039017294,0.5003590768,0.5003590768
0.17171717,2.63636364,0.0047680659,0,0.0033725756,0.5003096657,0.5003096657
0.18181818,2.63636364,0.0041492005,0,0.0029347166,0.5002688939,0.5002688939
0.19191919,2.63636364,0.0036320417,0,0.0025688445,0.5002348972,0.5002348972
0.20202020,2.63636364,0.0031960992,0,0.0022604496,0.5002062845,0.5002062845
0.21212121,2.63636364,0.0028257406,0,0.0019984640,0.5001820009,0.5001820009
0.22222222,2.63636364,0.0025088782,0,0.0017743308,0.5001612348,0.5001612348
0.23232323,2.63636364,0.0022360521,0,0.0015813543,0.5001433538,0.5001433538
0.24242424,2.63636364,0.0019997772,0,0.0014142368,0.5001278592,0.5001278592
0.25252525,2.63636364,0.0017940712,0,0.0012687450,0.5001143537,0.5001143537
0.26262626,2.63636364,0.0016141091,0,0.0011414645,0.5001025175,0.5001025175
0.27272727,2.63636364,0.0014559665,0,0.0010296186,0.5000920911,0.5000920911
0.28282828,2.63636364,0.0013164266,0,0.0009309313,0.5000828618,0.5000828618
0.29292929,2.63636364,0.0011928336,0,0.0008435237,0.5000746543,0.5000746543
0.30303030,2.63636364,0.0010829804,0,0.0007658344,0.5000673229,0.5000673229
0.31313131,2.63636364,0.0009850212,0,0.0006965575,0.5000607456,0.5000607456
0.32323232,2.63636364,0.0008974037,0,0.0006345950,0.5000548196,0.5000548196
0.33333333,2.63636364,0.0008188151,0,0.0005790183,0.5000494579,0.5000494579
0.34343434,2.63636364,0.0007481397,0,0.0005290382,0.5000445862,0.5000445862
0.35353535,2.63636364,0.0006844247,0,0.0004839808,0.5000401408,0.5000401408
0.36363636,2.63636364,0.0006268531,0,0.0004432681,0.5000360666,0.5000360666
0.37373737,2.63636364,0.0005747209,0,0.0004064022,0.5000323159,0.5000323159
0.38383838,2.63636364,0.0005274195,0,0.0003729526,0.5000288470,0.5000288470
0.39393939,2.63636364,0.0004844204,0,0.0003425457,0.5000256232,0.5000256232
0.40404040,2.63636364,0.0004452635,0,0.0003148559,0.5000226120,0.5000226120
0.41414141,2.63636364,0.0004095464,0,0.0002895988,0.5000197845,0.5000197845
0.42424242,2.63636364,0.0003769165,0,0.0002665248,0.5000171145,0.5000171145
0.43434343,2.63636364,0.0003470635,0,0.0002454146,0.5000145787,0.5000145787
0.44444444,2.63636364,0.0003197139,0,0.0002260746,0.5000121553,0.5000121553
0.45454545,2.63636364,0.0002946256,0,0.0002083338,0.5000098246,0.5000098246
0.46464646,2.63636364,0.0002715840,0,0.0001920403,0.5000075680,0.5000075680
0.47474747,2.63636364,0.0002503981,0,0.0001770592,0.5000053680,0.5000053680
0.48484848,2.63636364,0.0002308981,0,0.0001632701,0.5000032080,0.5000032080
0.49494949,2.63636364,0.0002129318,0,0.0001505657,0.5000010719,0.5000010719
0.50505051,2.63636364,0.0001963633,0,0.0001388497,0.4999989438,0.4999989438
0.51515152,2.63636364,0.0001810704,0,0.0001280357,0.4999968080,0.4999968080
0.52525253,2.63636364,0.0001669432,0,0.0001180461,0.4999946488,0.4999946488
0.53535354,2.63636364,0.0001538829,0,0.0001088108,0.4999924501,0.4999924501
0.54545455,2.63636364,0.0001417999,0,0.0001002667,0.4999901953,0.4999901953
0.55555556,2.63636364,0.0001306134,0,0.0000923565,0.4999878669,0.4999878669
0.56565657,2.63636364,0.0001202498,0,0.0000850282,0.4999854464,0.4999854464
0.57575758,2.63636364,0.0001106424,0,0.0000782347,0.4999829141,0.4999829141
0.58585859,2.63636364,0.0001017304,0,0.0000719328,0.4999802486,0.4999802486
0.59595960,2.63636364,0.0000934581,0,0.0000660833,0.4999774264,0.4999774264
0.60606061,2.63636364,0.0000857745,0,0.0000606501,0.4999744216,0.4999744216
0.61616162,2.63636364,0.0000786326,0,0.0000556001,0.4999712057,0.4999712057
0.62626263,2.63636364,0.0000719894,0,0.0000509025,0.4999677463,0.4999677463
0.63636364,2.63636364,0.0000658045,0,0.0000465291,0.4999640070,0.4999640070
0.64646465,2.63636364,0.0000600406,0,0.0000424534,0.4999599467,0.4999599467
0.65656566,2.63636364,0.0000546625,0,0.0000386505,0.4999555180,0.4999555180
0.66666667,2.63636364,0.0000496371,0,0.0000350970,0.4999506667,0.4999506667
0.67676768,2.63636364,0.0000449327,0,0.0000317705,0.4999453298,0.4999453298
0.68686869,2.63636364,0.0000405185,0,0.0000286492,0.4999394343,0.4999394343
0.69696970,2.63636364,0.0000363646,0,0.0000257119,0.4999328944,0.4999328944
0.70707071,2.63636364,0.0000324407,0,0.0000229374,0.4999256091,0.4999256091
0.71717172,2.63636364,0.0000287164,0,0.0000203039,0.4999174589,0.4999174589
0.72727273,2.63636364,0.0000251595,0,0.0000177888,0.4999083012,0.4999083012
0.73737374,2.63636364,0.0000217358,0,0.0000153680,0.4998979644,0.4998979644
0.74747475,2.63636364,0.0000184074,0,0.0000130145,0.4998862416,0.4998862416
0.75757576,2.63636364,0.0000151310,0,0.0000106979,0.4998728804,0.4998728804
0.76767677,2.63636364,0.0000118563,0,0.0000083825,0.4998575707,0.4998575707
0.77777778,2.63636364,0.0000085223,0,0.0000060252,0.4998399289,0.4998399289
0.78787879,2.63636364,0.0000050534,0,0.0000035726,0.4998194752,0.4998194752
0.79797980,2.63636364,0.0000013532,0,0.0000009566,0.4997956036,0.4997956036
0.80808081,2.63636364,-0.0000027040,0,-0.0000019116,0.4997675409,0.4997675409
0.81818182,2.63636364,-0.0000072862,0,-0.0000051507,0.4997342876,0.4997342876
0.82828283,2.63636364,-0.0000126233,0,-0.0000089233,0.4996945352,0.4996945352
0.83838384,2.63636364,-0.0000190373,0,-0.0000134567,0.4996465443,0.4996465443
0.84848485,2.63636364,-0.0000269897,0,-0.0000190767,0.4995879649,0.4995879649
0.85858586,2.63636364,-0.0000371589,0,-0.0000262626,0.4995155616,0.4995155616
0.86868687,2.63636364,-0.0000505706,0,-0.0000357382,0.4994247849,0.4994247849
0.87878788,2.63636364,-0.0000688225,0,-0.0000486313,0.4993090798,0.4993090798
0.88888889,2.63636364,-0.0000944928,0,-0.0000667602,0.4991587332,0.4991587332
0.89898990,2.63636364,-0.0001319117,0,-0.0000931785,0.4989588702,0.4989588702
0.90909091,2.63636364,-0.0001887087,0,-0.0001332617,0.4986858030,0.4986858030
0.91919192,2.63636364,-0.0002791196,0,-0.0001970316,0.4982999852,0.4982999852
0.92929293,2.63636364,-0.0004316596,0,-0.0003045362,0.4977314373,0.4977314373
0.93939394,2.63636364,-0.0007088182,0,-0.0004996273,0.4968468623,0.4968468623
0.94949495,2.63636364,-0.0012647164,0,-0.0008901363,0.4953666903,0.4953666903
0.95959596,2.63636364,-0.0025467638,0,-0.0017874981,0.4926220454,0.4926220454
0.96969697,2.63636364,-0.0062081725,0,-0.0043309487,0.4866744382,0.4866744382
0.97979798,2.63636364,-0.0213593438,0,-0.0146416285,0.4698973013,0.4698973013
0.98989899,2.63636364,-0.1579430174,0,-0.0989866125,0.3927824395,0.3927824395
1.00000000,2.63636364,-1.0000000000,0,-0.5000000000,0.2500000000,0.2500000000
0.00000000,2.69696970,1.0000000000,0,1.0000000000,1.0000000000,1.0000000000
0.01010101,2.69696970,0.8310742236,0,0.7184145726,0.7472581170,0.7472581170
0.02020202,2.69696970,0.3684791394,0,0.2731000885,0.5493104600,0.5493104600
0.03030303,2.69696970,0.1676273478,0,0.1203678909,0.5156221374,0.5156221374
0.04040404,2.69696970,0.0921504973,0,0.0656374969,0.5073511575,0.5073511575
0.05050505,2.69696970,0.0574858041,0,0.0408207923,0.5042450431,0.5042450431
0.06060606,2.69696970,0.0389459392,0,0.0276146895,0.5027544997,0.5027544997
0.07070707,2.69696970,0.0279368266,0,0.0197923012,0.5019245528,0.5019245528
0.08080808,2.69696970,0.0208930837,0,0.0147945291,0.5014148622,0.5014148622
0.09090909,2.69696970,0.0161288004,0,0.0114170887,0.5010794795,0.5010794795
0.10101010,2.69696970,0.0127649183,0,0.0090338040,0.5008472050,0.5008472050
0.11111111,2.69696970,0.0103073101,0,0.0072933223,0.5006798643,0.5006798643
0.12121212,2.69696970,0.0084612166,0,0.0059863060,0.5005554624,0.5005554624
0.13131313,2.69696970,0.0070421368,0,0.0049818357,0.5004605868,0.5004605868
0.14141414,2.69696970,0.0059298988,0,0.0041946927,0.5003866763,0.5003866763
0.15151515,2.69696970,0.0050435702,0,0.0035675125,0.5003280555,0.5003280555
0.16161616,2.69696970,0.0043270708,0,0.0030605603,0.5002808411,0.5002808411
0.17171717,2.69696970,0.0037405743,0,0.0026456262,0.5002423035,0.5002423035
0.18181818,2.69696970,0.0032551855,0,0.0023022482,0.5002104785,0.5002104785
0.19191919,2.69696970,0.0028495419,0,0.0020153009,0.5001839242,0.5001839242
0.20202020,2.69696970,0.0025075837,0,0.0017734159,0.5001615626,0.5001615626
0.21212121,2.69696970,0.0022170569,0,0.0015679195,0.5001425752,0.5001425752
0.22222222,2.69696970,0.0019684854,0,0.0013921052,0.5001263315,0.5001263315
0.23232323,2.69696970,0.0017544522,0,0.0012407244,0.5001123396,0.5001123396
0.24242424,2.69696970,0.0015690881,0,0.0011096240,0.5001002114,0.5001002114
0.25252525,2.69696970,0.0014077020,0,0.0009954849,0.5000896373,0.5000896373
0.26262626,2.69696970,0.0012665102,0,0.0008956299,0.5000803680,0.5000803680
0.27272727,2.69696970,0.0011424346,0,0.0008078816,0.5000722010,0.5000722010
0.28282828,2.69696970,0.0010329525,0,0.0007304552,0.5000649705,0.5000649705
0.29292929,2.69696970,0.0009359808,0,0.0006618771,0.5000585394,0.5000585394
0.30303030,2.69696970,0.0008497882,0,0.0006009228,0.5000527939,0.5000527939
0.31313131,2.69696970,0.0007729270,0,0.0005465680,0.5000476388,0.5000476388
0.32323232,2.69696970,0.0007041794,0,0.0004979514,0.5000429936,0.5000429936
0.33333333,2.69696970,0.0006425156,0,0.0004543448,0.5000387903,0.5000387903
0.34343434,2.69696970,0.0005870604,0,0.0004151289,0.5000349707,0.5000349707
0.35353535,2.69696970,0.0005370664,0,0.0003797752,0.5000314851,0.5000314851
0.36363636,2.69696970,0.0004918925,0,0.0003478304,0.5000282903,0.5000282903
0.37373737,2.69696970,0.0004509865,0,0.0003189037,0.5000253490,0.5000253490
0.38383838,2.69696970,0.0004138708,0,0.0002926575,0.5000226284,0.5000226284
0.39393939,2.69696970,0.0003801310,0,0.0002687986,0.5000201000,0.5000201000
0.40404040,2.69696970,0.0003494059,0,0.0002470717,0.5000177381,0.5000177381
0.41414141,2.69696970,0.0003213800,0,0.0002272535,0.5000155202,0.5000155202
0.42424242,2.69696970,0.0002957765,0,0.0002091484,0.5000134258,0.5000134258
0.43434343,2.69696970,0.0002723521,0,0.0001925842,0.5000114365,0.5000114365
0.44444444,2.69696970,0.0002508920,0,0.0001774092,0.5000095354,0.5000095354
0.45454545,2.69696970,0.0002312065,0,0.0001634889,0.5000077069,0.5000077069
0.46464646,2.69696970,0.0002131270,0,0.0001507045,0.5000059365,0.5000059365
0.47474747,2.69696970,0.0001965040,0,0.0001389499,0.5000042105,0.5000042105
0.48484848,2.69696970,0.0001812038,0,0.0001281308,0.5000025158,0.5000025158
0.49494949,2.69696970,0.0001671075,0,0.0001181629,0.5000008397,0.5000008397
0.50505051,2.69696970,0.0001541081,0,0.0001089708,0.4999991699,0.4999991699
0.51515152,2.69696970,0.0001421100,0,0.0001004867,0.4999974941,0.4999974941
0.52525253,2.69696970,0.0001310269,0,0.0000926497,0.4999957999,0.4999957999
0.53535354,2.69696970,0.0001207813,0,0.0000854048,0.4999940747,0.4999940747
0.54545455,2.69696970,0.0001113031,0,0.0000787026,0.4999923053,0.4999923053
0.55555556,2.69696970,0.0001025287,0,0.0000724981,0.4999904782,0.4999904782
0.56565657,2.69696970,0.0000944006,0,0.0000667506,0.4999885789,0.4999885789
0.57575758,2.69696970,0.0000868666,0,0.0000614231,0.4999865918,0.4999865918
0.58585859,2.69696970,0.0000798788,0,0.0000564820,0.4999845001,0.4999845001
0.59595960,2.69696970,0.0000733938,0,0.0000518964,0.4999822855,0.4999822855
0.60606061,2.69696970,0.0000673718,0,0.0000476381,0.4999799276,0.4999799276
0.61616162,2.69696970,0.0000617759,0,0.0000436812,0.4999774040,0.4999774040
0.62626263,2.69696970,0.0000565725,0,0.0000400018,0.4999746893,0.4999746893
0.63636364,2.69696970,0.0000517303,0,0.0000365778,0.4999717550,0.4999717550
0.64646465,2.69696970,0.0000472201,0,0.0000333886,0.4999685688,0.4999685688
0.65656566,2.69696970,0.0000430148,0,0.0000304150,0.4999650935,0.4999650935
0.66666667,2.69696970,0.0000390886,0,0.0000276387,0.4999612865,0.4999612865
0.67676768,2.69696970,0.0000354170,0,0.0000250426,0.4999570984,0.4999570984
0.68686869,2.69696970,0.0000319767,0,0.0000226098,0.4999524720,0.4999524720
0.69696970,2.69696970,0.0000287445,0,0.0000203244,0.4999473398,0.4999473398
0.70707071,2.69696970,0.0000256978,0,0.0000181700,0.4999416228,0.4999416228
0.71717172,2.69696970,0.0000228135,0,0.0000161306,0.4999352270,0.4999352270
0.72727273,2.69696970,0.0000200678,0,0.0000141891,0.4999280405,0.4999280405
0.73737374,2.69696970,0.0000174353,0,0.0000123277,0.4999199288,0.4999199288
0.74747475,2.69696970,0.0000148884,0,0.0000105267,0.4999107293,0.4999107293
0.75757576,2.69696970,0.0000123957,0,0.0000087642,0.4999002440,0.4999002440
0.76767677,2.69696970,0.0000099210,0,0.0000070144,0.4998882296,0.4998882296
0.77777778,2.69696970,0.0000074209,0,0.0000052467,0.4998743850,0.4998743850
0.78787879,2.69696970,0.0000048417,0,0.0000034231,0.4998583335,0.4998583335
0.79797980,2.69696970,0.0000021156,0,0.0000014957,0.4998395998,0.4998395998
0.80808081,2.69696970,-0.0000008457,0,-0.0000005979,0.4998175768,0.4998175768
0.81818182,2.69696970,-0.0000041598,0,-0.0000029408,0.4997914800,0.4997914800
0.82828283,2.69696970,-0.0000079874,0,-0.0000056466,0.4997602824,0.4997602824
0.83838384,2.69696970,-0.0000125530,0,-0.0000088739,0.4997226188,0.4997226188
0.84848485,2.69696970,-0.0000181781,0,-0.0000128497,0.4996766445,0.4996766445
0.85858586,2.69696970,-0.0000253350,0,-0.0000179077,0.4996198196,0.4996198196
0.86868687,2.69696970,-0.0000347373,0,-0.0000245519,0.4995485726,0.4995485726
0.87878788,2.69696970,-0.0000474966,0,-0.0000335669,0.4994577574,0.4994577574
0.88888889,2.69696970,-0.0000654059,0,-0.0000462184,0.4993397473,0.4993397473
0.89898990,2.69696970,-0.0000914769,0,-0.0000646310,0.4991828616,0.4991828616
0.90909091,2.69696970,-0.0001310156,0,-0.0000925464,0.4989684962,0.4989684962
0.91919192,2.69696970,-0.0001939234,0,-0.0001369414,0.4986655847,0.4986655847
0.92929293,2.69696970,-0.0003000356,0,-0.0002117790,0.4982191359,0.4982191359
0.93939394,2.69696970,-0.0004928300,0,-0.0003476196,0.4975243522,0.4975243522
0.94949495,2.69696970,-0.0008795775,0,-0.0006196880,0.4963612642,0.4963612642
0.95959596,2.69696970,-0.0017718983,0,-0.0012456368,0.4942028424,0.4942028424
0.96969697,2.69696970,-0.0043230207,0,-0.0030246226,0.4895169719,0.4895169719
0.97979798,2.69696970,-0.0149197817,0,-0.0102959306,0.4762185129,0.4762185129
0.98989899,2.69696970,-0.1140962408,0,-0.0732303166,0.4119449205,0.4119449205
1.00000000,2.69696970,-1.0000000000,0,-0.5000000000,0.2500000000,0.2500000000
0.00000000,2.75757576,1.0000000000,0,1.0000000000,1.0000000000,1.0000000000
0.01010101,2.75757576,0.7701777084,0,0.6459817073,0.7034910083,0.7034910083
0.02020202,2.75757576,0.2962657174,0,0.2167037204,0.5350198994,0.5350198994
0.03030303,2.75757576,0.1315821833,0,0.0940979935,0.5114068595,0.5114068595
0.04040404,2.75757576,0.0721480807,0,0.0512966024,0.5055075384,0.5055075384
0.05050505,2.75757576,0.0450129180,0,0.0319315619,0.5032293827,0.5032293827
0.06060606,2.75757576,0.0305085216,0,0.0216183565,0.5021147986,0.5021147986
0.07070707,2.75757576,0.0218926231,0,0.0155034123,0.5014862113,0.5014862113
0.08080808,2.75757576,0.0163775201,0,0.0115933507,0.5010968410,0.5010968410
0.09090909,2.75757576,0.0126456667,0,0.0089493365,0.5008390897,0.5008390897
0.10101010,2.75757576,0.0100098794,0,0.0070827222,0.5006598101,0.5006598101
0.11111111,2.75757576,0.0080837079,0,0.0057190748,0.5005302388,0.5005302388
0.12121212,2.75757576,0.0066365198,0,0.0046947629,0.5004336834,0.5004336834
0.13131313,2.75757576,0.0055238946,0,0.0039073889,0.5003599090,0.5003599090
0.14141414,2.75757576,0.0046517337,0,0.0032902668,0.5003023533,0.5003023533
0.15151515,2.75757576,0.0039566459,0,0.0027984891,0.5002566512,0.5002566512
0.16161616,2.75757576,0.0033946948,0,0.0024009393,0.5002198073,0.5002198073
0.17171717,2.75757576,0.0029346721,0,0.0020755202,0.5001897114,0.5001897114
0.18181818,2.75757576,0.0025539313,0,0.0018061998,0.5001648419,0.5001648419
0.19191919,2.75757576,0.0022357269,0,0.0015811254,0.5001440802,0.5001440802
0.20202020,2.75757576,0.0019674686,0,0.0013913865,0.5001265889,0.5001265889
0.21212121,2.75757576,0.0017395489,0,0.0012301843,0.5001117312,0.5001117312
0.22222222,2.75757576,0.0015445373,0,0.0010922609,0.5000990163,0.5000990163
0.23232323,2.75757576,0.0013766175,0,0.0009735013,0.5000880610,0.5000880610
0.24242424,2.75757576,0.0012311866,0,0.0008706488,0.5000785627,0.5000785627
0.25252525,2.75757576,0.0011045656,0,0.0007811007,0.5000702797,0.5000702797
0.26262626,2.75757576,0.0009937867,0,0.0007027576,0.5000630174,0.5000630174
0.27272727,2.75757576,0.0008964358,0,0.0006339117,0.5000566178,0.5000566178
0.28282828,2.75757576,0.0008105338,0,0.0005731631,0.5000509511,0.5000509511
0.29292929,2.75757576,0.0007344468,0,0.0005193562,0.5000459104,0.5000459104
0.30303030,2.75757576,0.0006668168,0,0.0004715302,0.5000414065,0.5000414065
0.31313131,2.75757576,0.0006065080,0,0.0004288819,0.5000373650,0.5000373650
0.32323232,2.75757576,0.0005525650,0,0.0003907357,0.5000337229,0.5000337229
0.33333333,2.75757576,0.0005041801,0,0.0003565200,0.5000304270,0.5000304270
0.34343434,2.75757576,0.0004606665,0,0.0003257493,0.5000274318,0.5000274318
0.35353535,2.75757576,0.0004214378,0,0.0002980089,0.5000246982,0.5000246982
0.36363636,2.75757576,0.0003859912,0,0.0002729431,0.5000221926,0.5000221926
0.37373737,2.75757576,0.0003538934,0,0.0002502454,0.5000198857,0.5000198857
0.38383838,2.75757576,0.0003247697,0,0.0002296510,0.5000177518,0.5000177518
0.39393939,2.75757576,0.0002982949,0,0.0002109297,0.5000157685,0.5000157685
0.40404040,2.75757576,0.0002741857,0,0.0001938813,0.5000139158,0.5000139158
0.41414141,2.75757576,0.0002521945,0,0.0001783306,0.5000121759,0.5000121759
0.42424242,2.75757576,0.0002321041,0,0.0001641241,0.5000105329,0.5000105329
0.43434343,2.75757576,0.0002137237,0,0.0001511268,0.5000089722,0.5000089722
0.44444444,2.75757576,0.0001968846,0,0.0001392195,0.5000074807,0.5000074807
0.45454545,2.75757576,0.0001814381,0,0.0001282969,0.5000060462,0.5000060462
0.46464646,2.75757576,0.0001672520,0,0.0001182656,0.5000046571,0.5000046571
0.47474747,2.75757576,0.0001542088,0,0.0001090425,0.5000033029,0.5000033029
0.48484848,2.75757576,0.0001422038,0,0.0001005535,0.5000019732,0.5000019732
0.49494949,2.75757576,0.0001311436,0,0.0000927326,0.5000006581,0.5000006581
0.50505051,2.75757576,0.0001209443,0,0.0000855205,0.4999993479,0.4999993479
0.51515152,2.75757576,0.0001115309,0,0.0000788641,0.4999980329,0.4999980329
0.52525253,2.75757576,0.0001028357,0,0.0000727156,0.4999967035,0.4999967035
0.53535354,2.75757576,0.0000947979,0,0.0000670320,0.4999953498,0.4999953498
0.54545455,2.75757576,0.0000873626,0,0.0000617743,0.4999939614,0.4999939614
0.55555556,2.75757576,0.0000804799,0,0.0000569074,0.4999925277,0.4999925277
0.56565657,2.75757576,0.0000741047,0,0.0000523994,0.4999910373,0.4999910373
0.57575758,2.75757576,0.0000681960,0,0.0000482214,0.4999894780,0.4999894780
0.58585859,2.75757576,0.0000627165,0,0.0000443467,0.4999878366,0.4999878366
0.59595960,2.75757576,0.0000576321,0,0.0000407515,0.4999860988,0.4999860988
0.60606061,2.75757576,0.0000529116,0,0.0000374136,0.4999842485,0.4999842485
0.61616162,2.75757576,0.0000485264,0,0.0000343127,0.4999822681,0.4999822681
0.62626263,2.75757576,0.0000444499,0,0.0000314302,0.4999801379,0.4999801379
0.63636364,2.75757576,0.0000406579,0,0.0000287488,0.4999778353,0.4999778353
0.64646465,2.75757576,0.0000371276,0,0.0000262526,0.4999753349,0.4999753349
0.65656566,2.75757576,0.0000338380,0,0.0000239264,0.4999726077,0.4999726077
0.66666667,2.75757576,0.0000307690,0,0.0000217563,0.4999696203,0.4999696203
0.67676768,2.75757576,0.0000279019,0,0.0000197290,0.4999663338,0.4999663338
0.68686869,2.75757576,0.0000252185,0,0.0000178315,0.4999627032,0.4999627032
0.69696970,2.75757576,0.0000227013,0,0.0000160516,0.4999586759,0.4999586759
0.70707071,2.75757576,0.0000203330,0,0.0000143770,0.4999541895,0.4999541895
0.71717172,2.75757576,0.0000180963,0,0.0000127954,0.4999491705,0.4999491705
0.72727273,2.75757576,0.0000159733,0,0.0000112942,0.4999435309,0.4999435309
0.73737374,2.75757576,0.0000139452,0,0.0000098601,0.4999371653,0.4999371653
0.74747475,2.75757576,0.0000119917,0,0.0000084788,0.4999299460,0.4999299460
0.75757576,2.75757576,0.0000100901,0,0.0000071342,0.4999217177,0.4999217177
0.76767677,2.75757576,0.0000082142,0,0.0000058078,0.4999122894,0.4999122894
0.77777778,2.75757576,0.0000063331,0,0.0000044777,0.4999014248,0.4999014248
0.78787879,2.75757576,0.0000044085,0,0.0000031170,0.4998888283,0.4998888283
0.79797980,2.75757576,0.0000023927,0,0.0000016917,0.4998741268,0.4998741268
0.80808081,2.75757576,0.0000002236,0,0.0000001581,0.4998568438,0.4998568438
0.81818182,2.75757576,-0.0000021813,0,-0.0000015422,0.4998363638,0.4998363638
0.82828283,2.75757576,-0.0000049343,0,-0.0000034884,0.4998118805,0.4998118805
0.83838384,2.75757576,-0.0000081919,0,-0.0000057913,0.4997823225,0.4997823225
0.84848485,2.75757576,-0.0000121781,0,-0.0000086091,0.4997462418,0.4997462418
0.85858586,2.75757576,-0.0000172220,0,-0.0000121742,0.4997016449,0.4997016449
0.86868687,2.75757576,-0.0000238200,0,-0.0000168373,0.4996457282,0.4996457282
0.87878788,2.75757576,-0.0000327453,0,-0.0000231446,0.4995744518,0.4995744518
0.88888889,2.75757576,-0.0000452451,0,-0.0000319765,0.4994818283,0.4994818283
0.89898990,2.75757576,-0.0000634138,0,-0.0000448115,0.4993586867,0.4993586867
0.90909091,2.75757576,-0.0000909413,0,-0.0000642531,0.4991904181,0.4991904181
0.91919192,2.75757576,-0.0001347134,0,-0.0000951570,0.4989526237,0.4989526237
0.92929293,2.75757576,-0.0002085259,0,-0.0001472438,0.4986021038,0.4986021038
0.93939394,2.75757576,-0.0003426228,0,-0.0002417996,0.4980565020,0.4980565020
0.94949495,2.75757576,-0.0006116451,0,-0.0004312609,0.4971428493,0.4971428493
0.95959596,2.75757576,-0.0012325348,0,-0.0008675559,0.4954462841,0.4954462841
0.96969697,2.75757576,-0.0030090421,0,-0.0021101047,0.4917580398,0.4917580398
0.97979798,2.75757576,-0.0104080915,0,-0.0072202829,0.4812449935,0.4812449935
0.98989899,2.75757576,-0.0814304284,0,-0.0533117064,0.4286193054,0.4286193054
1.00000000,2.75757576,-1.0000000000,0,-0.5000000000,0.2500000000,0.2500000000
0.00000000,2.81818182,1.0000000000,0,1.0000000000,1.0000000000,1.0000000000
0.01010101,2.81818182,0.6959064289,0,0.5656992939,0.6607993030,0.6607993030
0.02020202,2.81818182,0.2355163164,0,0.1706422670,0.5249660571,0.5249660571
0.03030303,2.81818182,0.1031117388,0,0.0735224892,0.5084218230,0.5084218230
0.04040404,2.81818182,0.0564852267,0,0.0401069619,0.5041616168,0.5041616168
0.05050505,2.81818182,0.0352552762,0,0.0249907878,0.5024717523,0.5024717523
0.06060606,2.81818182,0.0239056435,0,0.0169313882,0.5016308700,0.5016308700
0.07070707,2.81818182,0.0171602890,0,0.0121481213,0.5011515130,0.5011515130
0.08080808,2.81818182,0.0128405209,0,0.0090873561,0.5008524647,0.5008524647
0.09090909,2.81818182,0.0099164234,0,0.0070165513,0.5006535351,0.5006535351
0.10101010,2.81818182,0.0078505625,0,0.0055540424,0.5005146876,0.5005146876
0.11111111,2.81818182,0.0063405497,0,0.0044853018,0.5004140819,0.5004140819
0.12121212,2.81818182,0.0052058409,0,0.0036823329,0.5003389678,0.5003389678
0.13131313,2.81818182,0.0043333391,0,0.0030649959,0.5002814913,0.5002814913
0.14141414,2.81818182,0.0036493327,0,0.0025810783,0.5002365988,0.5002365988
0.15151515,2.81818182,0.0031041520,0,0.0021954079,0.5002009192,0.5002009192
0.16161616,2.81818182,0.0026633642,0,0.0018836070,0.5001721339,0.5001721339
0.17171717,2.81818182,0.0023025071,0,0.0016283603,0.5001486064,0.5001486064
0.18181818,2.81818182,0.0020038271,0,0.0014171027,0.5001291550,0.5001291550
0.19191919,2.81818182,0.0017541951,0,0.0012405433,0.5001129096,0.5001129096
0.20202020,2.81818182,0.0015437388,0,0.0010916965,0.5000992184,0.5000992184
0.21212121,2.81818182,0.0013649242,0,0.0009652317,0.5000875852,0.5000875852
0.22222222,2.81818182,0.0012119238,0,0.0008570261,0.5000776272,0.5000776272
0.23232323,2.81818182,0.0010801761,0,0.0007638526,0.5000690454,0.5000690454
0.24242424,2.81818182,0.0009660708,0,0.0006831573,0.5000616034,0.5000616034
0.25252525,2.81818182,0.0008667222,0,0.0006128989,0.5000551127,0.5000551127
0.26262626,2.81818182,0.0007798023,0,0.0005514308,0.5000494210,0.5000494210
0.27272727,2.81818182,0.0007034175,0,0.0004974133,0.5000444047,0.5000444047
0.28282828,2.81818182,0.0006360151,0,0.0004497486,0.5000399624,0.5000399624
0.29292929,2.81818182,0.0005763135,0,0.0004075298,0.5000360104,0.5000360104
0.30303030,2.81818182,0.0005232472,0,0.0003700036,0.5000324790,0.5000324790
0.31313131,2.81818182,0.0004759251,0,0.0003365397,0.5000293099,0.5000293099
0.32323232,2.81818182,0.0004335978,0,0.0003066081,0.5000264538,0.5000264538
0.33333333,2.81818182,0.0003956315,0,0.0002797604,0.5000238690,0.5000238690
0.34343434,2.81818182,0.0003614875,0,0.0002556158,0.5000215199,0.5000215199
0.35353535,2.81818182,0.0003307057,0,0.0002338487,0.5000193759,0.5000193759
0.36363636,2.81818182,0.0003028914,0,0.0002141803,0.5000174105,0.5000174105
0.37373737,2.81818182,0.0002777048,0,0.0001963700,0.5000156010,0.5000156010
0.38383838,2.81818182,0.0002548519,0,0.0001802100,0.5000139271,0.5000139271
0.39393939,2.81818182,0.0002340776,0,0.0001655199,0.5000123712,0.5000123712
0.40404040,2.81818182,0.0002151595,0,0.0001521424,0.5000109178,0.5000109178
0.41414141,2.81818182,0.0001979033,0,0.0001399401,0.5000095528,0.5000095528
0.42424242,2.81818182,0.0001821387,0,0.0001287926,0.5000082638,0.5000082638
0.43434343,2.81818182,0.0001677160,0,0.0001185939,0.5000070393,0.5000070393
0.44444444,2.81818182,0.0001545028,0,0.0001092506,0.5000058691,0.5000058691
0.45454545,2.81818182,0.0001423824,0,0.0001006800,0.5000047436,0.5000047436
0.46464646,2.81818182,0.0001312510,0,0.0000928088,0.5000036537,0.5000036537
0.47474747,2.81818182,0.0001210166,0,0.0000855719,0.5000025911,0.5000025911
0.48484848,2.81818182,0.0001115970,0,0.0000789111,0.5000015478,0.5000015478
0.49494949,2.81818182,0.0001029187,0,0.0000727746,0.5000005159,0.5000005159
0.50505051,2.81818182,0.0000949162,0,0.0000671159,0.4999994878,0.4999994878
0.51515152,2.81818182,0.0000875305,0,0.0000618933,0.4999984560,0.4999984560
0.52525253,2.81818182,0.0000807086,0,0.0000570694,0.4999974128,0.4999974128
0.53535354,2.81818182,0.0000744027,0,0.0000526104,0.4999963505,0.4999963505
0.54545455,2.81818182,0.0000685697,0,0.0000484858,0.4999952611,0.4999952611
0.55555556,2.81818182,0.0000631705,0,0.0000446681,0.4999941361,0.4999941361
0.56565657,2.81818182,0.0000581699,0,0.0000411321,0.4999929665,0.4999929665
0.57575758,2.81818182,0.0000535357,0,0.0000378551,0.4999917429,0.4999917429
0.58585859,2.81818182,0.0000492386,0,0.0000348166,0.4999904549,0.4999904549
0.59595960,2.81818182,0.0000452519,0,0.0000319976,0.4999890912,0.4999890912
0.60606061,2.81818182,0.0000415512,0,0.0000293808,0.4999876393,0.4999876393
0.61616162,2.81818182,0.0000381141,0,0.0000269503,0.4999860852,0.4999860852
0.62626263,2.81818182,0.0000349199,0,0.0000246917,0.4999844136,0.4999844136
0.63636364,2.81818182,0.0000319496,0,0.0000225914,0.4999826067,0.4999826067
0.64646465,2.81818182,0.0000291856,0,0.0000206369,0.4999806446,0.4999806446
0.65656566,2.81818182,0.0000266113,0,0.0000188166,0.4999785045,0.4999785045
0.66666667,2.81818182,0.0000242114,0,0.0000171196,0.4999761601,0.4999761601
0.67676768,2.81818182,0.0000219712,0,0.0000155356,0.4999735811,0.4999735811
0.68686869,2.81818182,0.0000198769,0,0.0000140547,0.4999707321,0.4999707321
0.69696970,2.81818182,0.0000179149,0,0.0000126674,0.4999675717,0.4999675717
0.70707071,2.81818182,0.0000160721,0,0.0000113643,0.4999640511,0.4999640511
0.71717172,2.81818182,0.0000143354,0,0.0000101363,0.4999601125,0.4999601125
0.72727273,2.81818182,0.0000126914,0,0.0000089738,0.4999556869,0.4999556869
0.73737374,2.81818182,0.0000111261,0,0.0000078669,0.4999506915,0.4999506915
0.74747475,2.81818182,0.0000096245,0,0.0000068052,0.4999450263,0.4999450263
0.75757576,2.81818182,0.0000081702,0,0.0000057768,0.4999385692,0.4999385692
0.76767677,2.81818182,0.0000067441,0,0.0000047685,0.4999311704,0.4999311704
0.77777778,2.81818182,0.0000053240,0,0.0000037644,0.4999226444,0.4999226444
0.78787879,2.81818182,0.0000038829,0,0.0000027454,0.4999127593,0.4999127593
0.79797980,2.81818182,0.0000023869,0,0.0000016876,0.4999012222,0.4999012222
0.80808081,2.81818182,0.0000007922,0,0.0000005601,0.4998876593,0.4998876593
0.81818182,2.81818182,-0.0000009589,0,-0.0000006780,0.4998715873,0.4998715873
0.82828283,2.81818182,-0.0000029449,0,-0.0000020821,0.4998523736,0.4998523736
0.83838384,2.81818182,-0.0000052752,0,-0.0000037295,0.4998291773,0.4998291773
0.84848485,2.81818182,-0.0000081058,0,-0.0000057306,0.4998008617,0.4998008617
0.85858586,2.81818182,-0.0000116659,0,-0.0000082471,0.4997658624,0.4997658624
0.86868687,2.81818182,-0.0000163010,0,-0.0000115234,0.4997219786,0.4997219786
0.87878788,2.81818182,-0.0000225490,0,-0.0000159393,0.4996660392,0.4996660392
0.88888889,2.81818182,-0.0000312773,0,-0.0000221074,0.4995933442,0.4995933442
0.89898990,2.81818182,-0.0000439423,0,-0.0000310563,0.4994966939,0.4994966939
0.90909091,2.81818182,-0.0000631100,0,-0.0000445972,0.4993646182,0.4993646182
0.91919192,2.81818182,-0.0000935688,0,-0.0000661087,0.4991779585,0.4991779585
0.92929293,2.81818182,-0.0001449126,0,-0.0001023562,0.4989027864,0.4989027864
0.93939394,2.81818182,-0.0002381766,0,-0.0001681592,0.4984744021,0.4984744021
0.94949495,2.81818182,-0.0004252860,0,-0.0003000473,0.4977568581,0.4977568581
0.95959596,2.81818182,-0.0008572179,0,-0.0006039730,0.4964238243,0.4964238243
0.96969697,2.81818182,-0.0020937939,0,-0.0014709150,0.4935228863,0.4935228863
0.97979798,2.81818182,-0.0072540434,0,-0.0050530418,0.4852275828,0.4852275828
0.98989899,2.81818182,-0.0576399899,0,-0.0383501799,0.4426770632,0.4426770632
1.00000000,2.81818182,-1.0000000000,0,-0.5000000000,0.2500000000,0.2500000000
0.00000000,2.87878788,1.0000000000,0,1.0000000000,1.0000000000,1.0000000000
0.01010101,2.87878788,0.6112328066,0,0.4821507638,0.6222320918,0.6222320918
0.02020202,2.87878788,0.1858792861,0,0.1337748867,0.5179492305,0.5179492305
0.03030303,2.87878788,0.0807413326,0,0.0574502975,0.5062822933,0.5062822933
0.04040404,2.87878788,0.0442301479,0,0.0313743438,0.5031674272,0.5031674272
0.05050505,2.87878788,0.0276205778,0,0.0195677975,0.5019013596,0.5019013596
0.06060606,2.87878788,0.0187365870,0,0.0132654796,0.5012621901,0.5012621901
0.07070707,2.87878788,0.0134537432,0,0.0095217394,0.5008945587,0.5008945587
0.08080808,2.87878788,0.0100691240,0,0.0071246711,0.5006638778,0.5006638778
0.09090909,2.87878788,0.0077773038,0,0.0055021872,0.5005098206,0.5005098206
0.10101010,2.87878788,0.0061577559,0,0.0043559410,0.5004019927,0.5004019927
0.11111111,2.87878788,0.0049737554,0,0.0035181144,0.5003237041,0.5003237041
0.12121212,2.87878788,0.0040839070,0,0.0028885240,0.5002651631,0.5002651631
0.13131313,2.87878788,0.0033996096,0,0.0024044166,0.5002203158,0.5002203158
0.14141414,2.87878788,0.0028631020,0,0.0020248938,0.5001852554,0.5001852554
0.15151515,2.87878788,0.0024354544,0,0.0017223973,0.5001573700,0.5001573700
0.16161616,2.87878788,0.0020896748,0,0.0014778225,0.5001348596,0.5001348596
0.17171717,2.87878788,0.0018065846,0,0.0012775970,0.5001164521,0.5001164521
0.18181818,2.87878788,0.0015722630,0,0.0011118704,0.5001012276,0.5001012276
0.19191919,2.87878788,0.0013764145,0,0.0009733582,0.5000885083,0.5000885083
0.20202020,2.87878788,0.0012112969,0,0.0008565829,0.5000777858,0.5000777858
0.21212121,2.87878788,0.0010710011,0,0.0007573642,0.5000686729,0.5000686729
0.22222222,2.87878788,0.0009509566,0,0.0006724688,0.5000608708,0.5000608708
0.23232323,2.87878788,0.0008475852,0,0.0005993657,0.5000541457,0.5000541457
0.24242424,2.87878788,0.0007580551,0,0.0005360518,0.5000483130,0.5000483130
0.25252525,2.87878788,0.0006801025,0,0.0004809259,0.5000432251,0.5000432251
0.26262626,2.87878788,0.0006119012,0,0.0004326963,0.5000387631,0.5000387631
0.27272727,2.87878788,0.0005519655,0,0.0003903122,0.5000348302,0.5000348302
0.28282828,2.87878788,0.0004990776,0,0.0003529122,0.5000313470,0.5000313470
0.29292929,2.87878788,0.0004522318,0,0.0003197852,0.5000282480,0.5000282480
0.30303030,2.87878788,0.0004105922,0,0.0002903399,0.5000254787,0.5000254787
0.31313131,2.87878788,0.0003734598,0,0.0002640820,0.5000229932,0.5000229932
0.32323232,2.87878788,0.0003402465,0,0.0002405956,0.5000207531,0.5000207531
0.33333333,2.87878788,0.0003104550,0,0.0002195289,0.5000187258,0.5000187258
0.34343434,2.87878788,0.0002836627,0,0.0002005832,0.5000168831,0.5000168831
0.35353535,2.87878788,0.0002595086,0,0.0001835031,0.5000152013,0.5000152013
0.36363636,2.87878788,0.0002376830,0,0.0001680696,0.5000136596,0.5000136596
0.37373737,2.87878788,0.0002179194,0,0.0001540941,0.5000122401,0.5000122401
0.38383838,2.87878788,0.0001999869,0,0.0001414136,0.5000109269,0.5000109269
0.39393939,2.87878788,0.0001836854,0,0.0001298865,0.5000097063,0.5000097063
0.40404040,2.87878788,0.0001688405,0,0.0001193893,0.5000085660,0.5000085660
0.41414141,2.87878788,0.0001552998,0,0.0001098144,0.5000074951,0.5000074951
0.42424242,2.87878788,0.0001429295,0,0.0001010671,0.5000064838,0.5000064838
0.43434343,2.87878788,0.0001316122,0,0.0000930644,0.5000055231,0.5000055231
0.44444444,2.87878788,0.0001212440,0,0.0000857329,0.5000046049,0.5000046049
0.45454545,2.87878788,0.0001117334,0,0.0000790077,0.5000037218,0.5000037218
0.46464646,2.87878788,0.0001029989,0,0.0000728315,0.5000028666,0.5000028666
0.47474747,2.87878788,0.0000949683,0,0.0000671529,0.5000020328,0.5000020328
0.48484848,2.87878788,0.0000875772,0,0.0000619265,0.5000012142,0.5000012142
0.49494949,2.87878788,0.0000807679,0,0.0000571115,0.5000004045,0.5000004045
0.50505051,2.87878788,0.0000744889,0,0.0000526716,0.4999995978,0.4999995978
0.51515152,2.87878788,0.0000686940,0,0.0000485739,0.4999987881,0.4999987881
0.52525253,2.87878788,0.0000633416,0,0.0000447892,0.4999979696,0.4999979696
0.53535354,2.87878788,0.0000583942,0,0.0000412908,0.4999971360,0.4999971360
0.54545455,2.87878788,0.0000538181,0,0.0000380550,0.4999962811,0.4999962811
0.55555556,2.87878788,0.0000495826,0,0.0000350600,0.4999953983,0.4999953983
0.56565657,2.87878788,0.0000456600,0,0.0000322863,0.4999944805,0.4999944805
0.57575758,2.87878788,0.0000420251,0,0.0000297160,0.4999935204,0.4999935204
0.58585859,2.87878788,0.0000386550,0,0.0000273330,0.4999925097,0.4999925097
0.59595960,2.87878788,0.0000355287,0,0.0000251224,0.4999914395,0.4999914395
0.60606061,2.87878788,0.0000326272,0,0.0000230707,0.4999903002,0.4999903002
0.61616162,2.87878788,0.0000299328,0,0.0000211655,0.4999890807,0.4999890807
0.62626263,2.87878788,0.0000274295,0,0.0000193954,0.4999877689,0.4999877689
0.63636364,2.87878788,0.0000251025,0,0.0000177499,0.4999863509,0.4999863509
0.64646465,2.87878788,0.0000229378,0,0.0000162192,0.4999848112,0.4999848112
0.65656566,2.87878788,0.0000209227,0,0.0000147944,0.4999831318,0.4999831318
0.66666667,2.87878788,0.0000190453,0,0.0000134668,0.4999812922,0.4999812922
0.67676768,2.87878788,0.0000172942,0,0.0000122286,0.4999792683,0.4999792683
0.68686869,2.87878788,0.0000156586,0,0.0000110720,0.4999770326,0.4999770326
0.69696970,2.87878788,0.0000141282,0,0.0000099899,0.4999745526,0.4999745526
0.70707071,2.87878788,0.0000126930,0,0.0000089751,0.4999717898,0.4999717898
0.71717172,2.87878788,0.0000113431,0,0.0000080205,0.4999686991,0.4999686991
0.72727273,2.87878788,0.0000100682,0,0.0000071191,0.4999652262,0.4999652262
0.73737374,2.87878788,0.0000088581,0,0.0000062634,0.4999613061,0.4999613061
0.74747475,2.87878788,0.0000077016,0,0.0000054456,0.4999568604,0.4999568604
0.75757576,2.87878788,0.0000065867,0,0.0000046573,0.4999517933,0.4999517933
0.76767677,2.87878788,0.0000054995,0,0.0000038885,0.4999459872,0.4999459872
0.77777778,2.87878788,0.0000044242,0,0.0000031282,0.4999392965,0.4999392965
0.78787879,2.87878788,0.0000033414,0,0.0000023625,0.4999315392,0.4999315392
0.79797980,2.87878788,0.0000022270,0,0.0000015746,0.4999224855,0.4999224855
0.80808081,2.87878788,0.0000010504,0,0.0000007427,0.4999118420,0.4999118420
0.81818182,2.87878788,-0.0000002291,0,-0.0000001620,0.4998992294,0.4998992294
0.82828283,2.87878788,-0.0000016664,0,-0.0000011782,0.4998841513,0.4998841513
0.83838384,2.87878788,-0.0000033379,0,-0.0000023599,0.4998659476,0.4998659476
0.84848485,2.87878788,-0.0000053524,0,-0.0000037841,0.4998437264,0.4998437264
0.85858586,2.87878788,-0.0000078694,0,-0.0000055635,0.4998162597,0.4998162597
0.86868687,2.87878788,-0.0000111295,0,-0.0000078680,0.4997818202,0.4997818202
0.87878788,2.87878788,-0.0000155069,0,-0.0000109622,0.4997379189,0.4997379189
0.88888889,2.87878788,-0.0000216048,0,-0.0000152720,0.4996808666,0.4996808666
0.89898990,2.87878788,-0.0000304361,0,-0.0000215131,0.4996050116,0.4996050116
0.90909091,2.87878788,-0.0000437851,0,-0.0000309453,0.4995013495,0.4995013495
0.91919192,2.87878788,-0.0000649812,0,-0.0000459190,0.4993548383,0.4993548383
0.92929293,2.87878788,-0.0001006960,0,-0.0000711415,0.4991388363,0.4991388363
0.93939394,2.87878788,-0.0001655581,0,-0.0001169270,0.4988025276,0.4988025276
0.94949495,2.87878788,-0.0002956838,0,-0.0002087115,0.4982390999,0.4982390999
0.95959596,2.87878788,-0.0005961159,0,-0.0004203323,0.4971920030,0.4971920030
0.96969697,2.87878788,-0.0014565933,0,-0.0010247126,0.4949115333,0.4949115333
0.97979798,2.87878788,-0.0050524581,0,-0.0035308517,0.4883750948,0.4883750948
0.98989899,2.87878788,-0.0405743505,0,-0.0273469316,0.4542700001,0.4542700001
1.00000000,2.87878788,-1.0000000000,0,-0.5000000000,0.2500000000,0.2500000000
0.00000000,2.93939394,1.0000000000,0,1.0000000000,1.0000000000,1.0000000000
0.01010101,2.93939394,0.5217101803,0,0.4007234055,0.5899711792,0.5899711792
0.02020202,2.93939394,0.1460816445,0,0.1046339136,0.5130428515,0.5130428515
0.03030303,2.93939394,0.0632118124,0,0.0449083887,0.5047292344,0.5047292344
0.04040404,2.93939394,0.0346428740,0,0.0245555496,0.5024252868,0.5024252868
0.05050505,2.93939394,0.0216450520,0,0.0153278233,0.5014685521,0.5014685521
0.06060606,2.93939394,0.0146885042,0,0.0103965111,0.5009796673,0.5009796673
0.07070707,2.93939394,0.0105496708,0,0.0074649370,0.5006964137,0.5006964137
0.08080808,2.93939394,0.0078970009,0,0.0055869138,0.5005178429,0.5005178429
0.09090909,2.93939394,0.0061003175,0,0.0043152932,0.5003982087,0.5003982087
0.10101010,2.93939394,0.0048304137,0,0.0034166916,0.5003142876,0.5003142876
0.11111111,2.93939394,0.0039018898,0,0.0027597514,0.5002532579,0.5002532579
0.12121212,2.93939394,0.0032039692,0,0.0022660186,0.5002075672,0.5002075672
0.13131313,2.93939394,0.0026672185,0,0.0018863336,0.5001725318,0.5001725318
0.14141414,2.93939394,0.0022463625,0,0.0015886486,0.5001451224,0.5001451224
0.15151515,2.93939394,0.0019108819,0,0.0013513642,0.5001233097,0.5001233097
0.16161616,2.93939394,0.0016396130,0,0.0011595040,0.5001056934,0.5001056934
0.17171717,2.93939394,0.0014175167,0,0.0010024272,0.5000912824,0.5000912824
0.18181818,2.93939394,0.0012336760,0,0.0008724099,0.5000793598,0.5000793598
0.19191919,2.93939394,0.0010800160,0,0.0007637397,0.5000693964,0.5000693964
0.20202020,2.93939394,0.0009504644,0,0.0006721208,0.5000609953,0.5000609953
0.21212121,2.93939394,0.0008403860,0,0.0005942747,0.5000538540,0.5000538540
0.22222222,2.93939394,0.0007461957,0,0.0005276652,0.5000477390,0.5000477390
0.23232323,2.93939394,0.0006650865,0,0.0004703071,0.5000424674,0.5000424674
0.24242424,2.93939394,0.0005948369,0,0.0004206291,0.5000378947,0.5000378947
0.25252525,2.93939394,0.0005336710,0,0.0003773751,0.5000339056,0.5000339056
0.26262626,2.93939394,0.0004801560,0,0.0003395319,0.5000304068,0.5000304068
0.27272727,2.93939394,0.0004331264,0,0.0003062749,0.5000273227,0.5000273227
0.28282828,2.93939394,0.0003916266,0,0.0002769286,0.5000245911,0.5000245911
0.29292929,2.93939394,0.0003548677,0,0.0002509349,0.5000221606,0.5000221606
0.30303030,2.93939394,0.0003221939,0,0.0002278301,0.5000199885,0.5000199885
0.31313131,2.93939394,0.0002930566,0,0.0002072261,0.5000180390,0.5000180390
0.32323232,2.93939394,0.0002669945,0,0.0001887967,0.5000162819,0.5000162819
0.33333333,2.93939394,0.0002436175,0,0.0001722661,0.5000146916,0.5000146916
0.34343434,2.93939394,0.0002225937,0,0.0001573996,0.5000132461,0.5000132461
0.35353535,2.93939394,0.0002036401,0,0.0001439970,0.5000119268,0.5000119268
0.36363636,2.93939394,0.0001865137,0,0.0001318865,0.5000107173,0.5000107173
0.37373737,2.93939394,0.0001710052,0,0.0001209201,0.5000096036,0.5000096036
0.38383838,2.93939394,0.0001569336,0,0.0001109698,0.5000085734,0.5000085734
0.39393939,2.93939394,0.0001441419,0,0.0001019245,0.5000076157,0.5000076157
0.40404040,2.93939394,0.0001324932,0,0.0000936875,0.5000067211,0.5000067211
0.41414141,2.93939394,0.0001218678,0,0.0000861741,0.5000058808,0.5000058808
0.42424242,2.93939394,0.0001121609,0,0.0000793102,0.5000050873,0.5000050873
0.43434343,2.93939394,0.0001032803,0,0.0000730305,0.5000043336,0.5000043336
0.44444444,2.93939394,0.0000951445,0,0.0000672776,0.5000036131,0.5000036131
0.45454545,2.93939394,0.0000876817,0,0.0000620005,0.5000029202,0.5000029202
0.46464646,2.93939394,0.0000808279,0,0.0000571541,0.5000022492,0.5000022492
0.47474747,2.93939394,0.0000745265,0,0.0000526983,0.5000015949,0.5000015949
0.48484848,2.93939394,0.0000687269,0,0.0000485973,0.5000009526,0.5000009526
0.49494949,2.93939394,0.0000633840,0,0.0000448193,0.5000003172,0.5000003172
0.50505051,2.93939394,0.0000584573,0,0.0000413355,0.4999996842,0.4999996842
0.51515152,2.93939394,0.0000539104,0,0.0000381204,0.4999990489,0.4999990489
0.52525253,2.93939394,0.0000497109,0,0.0000351509,0.4999984065,0.4999984065
0.53535354,2.93939394,0.0000458294,0,0.0000324062,0.4999977524,0.4999977524
0.54545455,2.93939394,0.0000422392,0,0.0000298675,0.4999970816,0.4999970816
0.55555556,2.93939394,0.0000389164,0,0.0000275180,0.4999963888,0.4999963888
0.56565657,2.93939394,0.0000358393,0,0.0000253421,0.4999956687,0.4999956687
0.57575758,2.93939394,0.0000329881,0,0.0000233260,0.4999949152,0.4999949152
0.58585859,2.93939394,0.0000303448,0,0.0000214569,0.4999941221,0.4999941221
0.59595960,2.93939394,0.0000278930,0,0.0000197232,0.4999932823,0.4999932823
0.60606061,2.93939394,0.0000256179,0,0.0000181144,0.4999923882,0.4999923882
0.61616162,2.93939394,0.0000235055,0,0.0000166208,0.4999914313,0.4999914313
0.62626263,2.93939394,0.0000215434,0,0.0000152334,0.4999904019,0.4999904019
0.63636364,2.93939394,0.0000197199,0,0.0000139439,0.4999892892,0.4999892892
0.64646465,2.93939394,0.0000180243,0,0.0000127449,0.4999880810,0.4999880810
0.65656566,2.93939394,0.0000164465,0,0.0000116293,0.4999867631,0.4999867631
0.66666667,2.93939394,0.0000149773,0,0.0000105904,0.4999853194,0.4999853194
0.67676768,2.93939394,0.0000136078,0,0.0000096220,0.4999837313,0.4999837313
0.68686869,2.93939394,0.0000123298,0,0.0000087184,0.4999819769,0.4999819769
0.69696970,2.93939394,0.0000111354,0,0.0000078737,0.4999800307,0.4999800307
0.70707071,2.93939394,0.0000100167,0,0.0000070827,0.4999778627,0.4999778627
0.71717172,2.93939394,0.0000089663,0,0.0000063400,0.4999754373,0.4999754373
0.72727273,2.93939394,0.0000079765,0,0.0000056401,0.4999727120,0.4999727120
0.73737374,2.93939394,0.0000070396,0,0.0000049776,0.4999696358,0.4999696358
0.74747475,2.93939394,0.0000061472,0,0.0000043466,0.4999661471,0.4999661471
0.75757576,2.93939394,0.0000052906,0,0.0000037409,0.4999621707,0.4999621707
0.76767677,2.93939394,0.0000044597,0,0.0000031533,0.4999576145,0.4999576145
0.77777778,2.93939394,0.0000036430,0,0.0000025759,0.4999523640,0.4999523640
0.78787879,2.93939394,0.0000028267,0,0.0000019986,0.4999462766,0.4999462766
0.79797980,2.93939394,0.0000019937,0,0.0000014097,0.4999391718,0.4999391718
0.80808081,2.93939394,0.0000011223,0,0.0000007935,0.4999308193,0.4999308193
0.81818182,2.93939394,0.0000001840,0,0.0000001301,0.4999209217,0.4999209217
0.82828283,2.93939394,-0.0000008596,0,-0.0000006078,0.4999090891,0.4999090891
0.83838384,2.93939394,-0.0000020620,0,-0.0000014579,0.4998948037,0.4998948037
0.84848485,2.93939394,-0.0000034991,0,-0.0000024739,0.4998773654,0.4998773654
0.85858586,2.93939394,-0.0000052819,0,-0.0000037343,0.4998558104,0.4998558104
0.86868687,2.93939394,-0.0000075780,0,-0.0000053575,0.4998287831,0.4998287831
0.87878788,2.93939394,-0.0000106476,0,-0.0000075274,0.4997943301,0.4997943301
0.88888889,2.93939394,-0.0000149104,0,-0.0000105406,0.4997495556,0.4997495556
0.89898990,2.93939394,-0.0000210707,0,-0.0000148946,0.4996900234,0.4996900234
0.90909091,2.93939394,-0.0000303691,0,-0.0000214658,0.4996086656,0.4996086656
0.91919192,2.93939394,-0.0000451208,0,-0.0000318890,0.4994936734,0.4994936734
0.92929293,2.93939394,-0.0000699646,0,-0.0000494390,0.4993241299,0.4993241299
0.93939394,2.93939394,-0.0001150729,0,-0.0000812923,0.4990601312,0.4990601312
0.94949495,2.93939394,-0.0002055632,0,-0.0001451540,0.4986177797,0.4986177797
0.95959596,2.93939394,-0.0004145046,0,-0.0002924521,0.4977954674,0.4977954674
0.96969697,2.93939394,-0.0010131321,0,-0.0007135238,0.4960034837,0.4960034837
0.97979798,2.93939394,-0.0035173611,0,-0.0024643078,0.4908581354,0.4908581354
0.98989899,2.93939394,-0.0284548624,0,-0.0193762116,0.4636868254,0.4636868254
1.00000000,2.93939394,-1.0000000000,0,-0.5000000000,0.2500000000,0.2500000000
0.00000000,3.00000000,1.0000000000,0,1.0000000000,1.0000000000,1.0000000000
0.01010101,3.00000000,0.4339147186,0,0.3260914851,0.5647680940,0.5647680940
0.02020202,3.00000000,0.1145409909,0,0.0817652950,0.5095844225,0.5095844225
0.03030303,3.00000000,0.0494926504,0,0.0351219343,0.5035880641,0.5035880641
0.04040404,3.00000000,0.0271413350,0,0.0192276048,0.5018662162,0.5018662162
0.05050505,3.00000000,0.0169664103,0,0.0120107085,0.5011379872,0.5011379872
0.06060606,3.00000000,0.0115172039,0,0.0081500973,0.5007621308,0.5007621308
0.07070707,3.00000000,0.0082736764,0,0.0058535490,0.5005430697,0.5005430697
0.08080808,3.00000000,0.0061941644,0,0.0043817067,0.5004044462,0.5004044462
0.09090909,3.00000000,0.0047853713,0,0.0033848218,0.5003113398,0.5003113398
0.10101010,3.00000000,0.0037894691,0,0.0026802182,0.5002459118,0.5002459118
0.11111111,3.00000000,0.0030612018,0,0.0021650257,0.5001982695,0.5001982695
0.12121212,3.00000000,0.0025137538,0,0.0017777813,0.5001625674,0.5001625674
0.13131313,3.00000000,0.0020926978,0,0.0014799608,0.5001351712,0.5001351712
0.14141414,3.00000000,0.0017625378,0,0.0012464442,0.5001137259,0.5001137259
0.15151515,3.00000000,0.0014993431,0,0.0010602981,0.5000966518,0.5000966518
0.16161616,3.00000000,0.0012865169,0,0.0009097802,0.5000828575,0.5000828575
0.17171717,3.00000000,0.0011122644,0,0.0007865460,0.5000715697,0.5000715697
0.18181818,3.00000000,0.0009680231,0,0.0006845383,0.5000622287,0.5000622287
0.19191919,3.00000000,0.0008474592,0,0.0005992767,0.5000544211,0.5000544211
0.20202020,3.00000000,0.0007458093,0,0.0005273920,0.5000478367,0.5000478367
0.21212121,3.00000000,0.0006594375,0,0.0004663124,0.5000422388,0.5000422388
0.22222222,3.00000000,0.0005855312,0,0.0004140486,0.5000374448,0.5000374448
0.23232323,3.00000000,0.0005218883,0,0.0003690430,0.5000333115,0.5000333115
0.24242424,3.00000000,0.0004667660,0,0.0003300632,0.5000297260,0.5000297260
0.25252525,3.00000000,0.0004187709,0,0.0002961236,0.5000265978,0.5000265978
0.26262626,3.00000000,0.0003767790,0,0.0002664293,0.5000238539,0.5000238539
0.27272727,3.00000000,0.0003398758,0,0.0002403336,0.5000214350,0.5000214350
0.28282828,3.00000000,0.0003073116,0,0.0002173063,0.5000192925,0.5000192925
0.29292929,3.00000000,0.0002784674,0,0.0001969096,0.5000173861,0.5000173861
0.30303030,3.00000000,0.0002528285,0,0.0001787796,0.5000156823,0.5000156823
0.31313131,3.00000000,0.0002299647,0,0.0001626119,0.5000141530,0.5000141530
0.32323232,3.00000000,0.0002095139,0,0.0001481506,0.5000127746,0.5000127746
0.33333333,3.00000000,0.0001911700,0,0.0001351791,0.5000115270,0.5000115270
0.34343434,3.00000000,0.0001746727,0,0.0001235135,0.5000103930,0.5000103930
0.35353535,3.00000000,0.0001597998,0,0.0001129966,0.5000093580,0.5000093580
0.36363636,3.00000000,0.0001463606,0,0.0001034935,0.5000084091,0.5000084091
0.37373737,3.00000000,0.0001341911,0,0.0000948881,0.5000075353,0.5000075353
0.38383838,3.00000000,0.0001231491,0,0.0000870802,0.5000067270,0.5000067270
0.39393939,3.00000000,0.0001131114,0,0.0000799823,0.5000059756,0.5000059756
0.40404040,3.00000000,0.0001039706,0,0.0000735187,0.5000052736,0.5000052736
0.41414141,3.00000000,0.0000956329,0,0.0000676230,0.5000046144,0.5000046144
0.42424242,3.00000000,0.0000880159,0,0.0000622369,0.5000039918,0.5000039918
0.43434343,3.00000000,0.0000810473,0,0.0000573093,0.5000034003,0.5000034003
0.44444444,3.00000000,0.0000746632,0,0.0000527950,0.5000028350,0.5000028350
0.45454545,3.00000000,0.0000688072,0,0.0000486541,0.5000022913,0.5000022913
0.46464646,3.00000000,0.0000634291,0,0.0000448513,0.5000017648,0.5000017648
0.47474747,3.00000000,0.0000584846,0,0.0000413549,0.5000012514,0.5000012514
0.48484848,3.00000000,0.0000539338,0,0.0000381370,0.5000007473,0.5000007473
0.49494949,3.00000000,0.0000497414,0,0.0000351725,0.5000002488,0.5000002488
0.50505051,3.00000000,0.0000458756,0,0.0000324390,0.4999997521,0.4999997521
0.51515152,3.00000000,0.0000423081,0,0.0000299163,0.4999992535,0.4999992535
0.52525253,3.00000000,0.0000390131,0,0.0000275864,0.4999987495,0.4999987495
0.53535354,3.00000000,0.0000359676,0,0.0000254329,0.4999982362,0.4999982362
0.54545455,3.00000000,0.0000331509,0,0.0000234411,0.4999977098,0.4999977098
0.55555556,3.00000000,0.0000305440,0,0.0000215978,0.4999971662,0.4999971662
0.56565657,3.00000000,0.0000281301,0,0.0000198909,0.4999966011,0.4999966011
0.57575758,3.00000000,0.0000258935,0,0.0000183094,0.4999960098,0.4999960098
0.58585859,3.00000000,0.0000238201,0,0.0000168433,0.4999953874,0.4999953874
0.59595960,3.00000000,0.0000218972,0,0.0000154836,0.4999947284,0.4999947284
0.60606061,3.00000000,0.0000201131,0,0.0000142220,0.4999940268,0.4999940268
0.61616162,3.00000000,0.0000184569,0,0.0000130509,0.4999932759,0.4999932759
0.62626263,3.00000000,0.0000169187,0,0.0000119633,0.4999924681,0.4999924681
0.63636364,3.00000000,0.0000154896,0,0.0000109527,0.4999915950,0.4999915950
0.64646465,3.00000000,0.0000141611,0,0.0000100133,0.4999906468,0.4999906468
0.65656566,3.00000000,0.0000129254,0,0.0000091395,0.4999896126,0.4999896126
0.66666667,3.00000000,0.0000117753,0,0.0000083263,0.4999884798,0.4999884798
0.67676768,3.00000000,0.0000107039,0,0.0000075687,0.4999872335,0.4999872335
0.68686869,3.00000000,0.0000097048,0,0.0000068623,0.4999858568,0.4999858568
0.69696970,3.00000000,0.0000087720,0,0.0000062026,0.4999843296,0.4999843296
0.70707071,3.00000000,0.0000078994,0,0.0000055856,0.4999826283,0.4999826283
0.71717172,3.00000000,0.0000070814,0,0.0000050072,0.4999807250,0.4999807250
0.72727273,3.00000000,0.0000063120,0,0.0000044632,0.4999785863,0.4999785863
0.73737374,3.00000000,0.0000055856,0,0.0000039495,0.4999761724,0.4999761724
0.74747475,3.00000000,0.0000048959,0,0.0000034618,0.4999734347,0.4999734347
0.75757576,3.00000000,0.0000042364,0,0.0000029955,0.4999703143,0.4999703143
0.76767677,3.00000000,0.0000035998,0,0.0000025453,0.4999667388,0.4999667388
0.77777778,3.00000000,0.0000029777,0,0.0000021055,0.4999626186,0.4999626186
0.78787879,3.00000000,0.0000023604,0,0.0000016690,0.4999578416,0.4999578416
0.79797980,3.00000000,0.0000017356,0,0.0000012272,0.4999522662,0.4999522662
0.80808081,3.00000000,0.0000010879,0,0.0000007692,0.4999457117,0.4999457117
0.81818182,3.00000000,0.0000003973,0,0.0000002809,0.4999379446,0.4999379446
0.82828283,3.00000000,-0.0000003631,0,-0.0000002567,0.4999286590,0.4999286590
0.83838384,3.00000000,-0.0000012307,0,-0.0000008702,0.4999174485,0.4999174485
0.84848485,3.00000000,-0.0000022584,0,-0.0000015968,0.4999037638,0.4999037638
0.85858586,3.00000000,-0.0000035238,0,-0.0000024914,0.4998868484,0.4998868484
0.86868687,3.00000000,-0.0000051432,0,-0.0000036363,0.4998656384,0.4998656384
0.87878788,3.00000000,-0.0000072980,0,-0.0000051596,0.4998386006,0.4998386006
0.88888889,3.00000000,-0.0000102799,0,-0.0000072676,0.4998034624,0.4998034624
0.89898990,3.00000000,-0.0000145788,0,-0.0000103062,0.4997567419,0.4997567419
0.90909091,3.00000000,-0.0000210572,0,-0.0000148851,0.4996928912,0.4996928912
0.91919192,3.00000000,-0.0000313250,0,-0.0000221413,0.4996026410,0.4996026410
0.92929293,3.00000000,-0.0000486075,0,-0.0000343524,0.4994695706,0.4994695706
0.93939394,3.00000000,-0.0000799778,0,-0.0000565111,0.4992623499,0.4992623499
0.94949495,3.00000000,-0.0001429023,0,-0.0001009375,0.4989150936,0.4989150936
0.95959596,3.00000000,-0.0002882013,0,-0.0002034361,0.4982694204,0.4982694204
0.96969697,3.00000000,-0.0007045884,0,-0.0004966532,0.4968617218,0.4968617218
0.97979798,3.00000000,-0.0024478100,0,-0.0017183808,0.4928144159,0.4928144159
0.98989899,3.00000000,-0.0199049007,0,-0.0136643594,0.4712577724,0.4712577724
1.00000000,3.00000000,-1.0000000000,0,-0.5000000000,0.2500000000,0.2500000000
